Review,Rating,Date,Helpful Count,source,raw_text,cleaned_text
good,5,2026-07-31 12:02:07 UTC,0,play_store,good,good
very good service and very goid quality,5,2026-07-31 12:02:04 UTC,0,play_store,very good service and very goid quality,good service goid quality
Good Wark,4,2026-07-31 12:01:51 UTC,0,play_store,Good Wark,good wark
CHAKKI AATA MANGWAYA KALL HI..AESA HAI JAISE SHISHA PISA GAYA HO KOI COUSTOMER SUPPORT NHI HAI...NA KAHI SE BADLNE KA OPTION AA RAHA HAI...MERE PAISE BARBAD HO GAYE.BINA BAAT.....,1,2026-07-31 12:00:48 UTC,0,play_store,CHAKKI AATA MANGWAYA KALL HI..AESA HAI JAISE SHISHA PISA GAYA HO KOI COUSTOMER SUPPORT NHI HAI...NA KAHI SE BADLNE KA OPTION AA RAHA HAI...MERE PAISE BARBAD HO GAYE.BINA BAAT.....,chakki aata mangwaya kall hiaesa hai jaise shisha pisa gaya ho koi coustomer support nhi haina kahi se badlne ka option aa raha haimere paise barbad ho gayebina baat
v good,5,2026-07-31 12:00:46 UTC,0,play_store,v good,v good
very good 👍 refund,5,2026-07-31 12:00:19 UTC,0,play_store,very good 👍 refund,good refund
ok,5,2026-07-31 11:59:43 UTC,0,play_store,ok,ok
Nice,5,2026-07-31 11:58:05 UTC,0,play_store,Nice,nice
good app,5,2026-07-31 11:57:38 UTC,0,play_store,good app,good app
good and affordable,5,2026-07-31 11:55:27 UTC,0,play_store,good and affordable,good affordable
delivery partner's location isn't showing in this application,1,2026-07-31 11:55:22 UTC,0,play_store,delivery partner's location isn't showing in this application,delivery partner location isnt showing application
very good service,5,2026-07-31 11:54:33 UTC,0,play_store,very good service,good service
gud to use,5,2026-07-31 11:54:13 UTC,0,play_store,gud to use,gud use
"very good service, fast delivery every time",5,2026-07-31 11:52:42 UTC,0,play_store,"very good service, fast delivery every time",good service fast delivery every time
very good,5,2026-07-31 11:52:30 UTC,0,play_store,very good,good
good delivery app,4,2026-07-31 11:52:24 UTC,0,play_store,good delivery app,good delivery app
good onee,4,2026-07-31 11:50:23 UTC,0,play_store,good onee,good onee
The Dilivery Is on time I like it 👍,4,2026-07-31 11:46:22 UTC,0,play_store,The Dilivery Is on time I like it 👍,dilivery time like
best on best 10/10,5,2026-07-31 11:44:44 UTC,0,play_store,best on best 10/10,best best 1010
Minimum Order too Hight ₹149/-,1,2026-07-31 11:41:42 UTC,0,play_store,Minimum Order too Hight ₹149/-,minimum order hight
very very poor packing items was dirty In three items also they don't gave hand bag.,1,2026-07-31 11:38:30 UTC,1,play_store,very very poor packing items was dirty In three items also they don't gave hand bag.,poor pack item dirty three item also dont give hand bag
best delivery aap,5,2026-07-31 11:37:56 UTC,0,play_store,best delivery aap,best delivery aap
very nice,5,2026-07-31 11:35:48 UTC,1,play_store,very nice,nice
fast service i love it,5,2026-07-31 11:33:41 UTC,0,play_store,fast service i love it,fast service love
gode,1,2026-07-31 11:32:25 UTC,0,play_store,gode,gode
100 ki shopping pe hi free delivery laga do yaar,2,2026-07-31 11:31:58 UTC,0,play_store,100 ki shopping pe hi free delivery laga do yaar,100 ki shopping pe hi free delivery laga yaar
nic,5,2026-07-31 11:30:19 UTC,0,play_store,nic,nic
best,5,2026-07-31 11:29:56 UTC,0,play_store,best,best
blinkit application are totally froud and fake kuch ordar kro assistant bhi batmeez hai miss prachi do not buy any product blinkit price kuch dikhate hai milta kuch or hai support se contact kro to koi help nhi policy bhi hai 7 day's Replacement but do not follow the policy,1,2026-07-31 11:28:15 UTC,0,play_store,blinkit application are totally froud and fake kuch ordar kro assistant bhi batmeez hai miss prachi do not buy any product blinkit price kuch dikhate hai milta kuch or hai support se contact kro to koi help nhi policy bhi hai 7 day's Replacement but do not follow the policy,blinkit application totally froud fake kuch ordar kro assistant bhi batmeez hai miss prachi buy product blinkit price kuch dikhate hai milta kuch hai support se contact kro koi help nhi policy bhi hai 7 day replacement follow policy
soooper staaaar services. kudos,5,2026-07-31 11:24:17 UTC,1,play_store,soooper staaaar services. kudos,soooper staaaar service kudos
Great 👍🏻,5,2026-07-31 11:22:54 UTC,0,play_store,Great 👍🏻,great
best best best I don't have words ❤️,5,2026-07-31 11:22:19 UTC,0,play_store,best best best I don't have words ❤️,best best best dont word
Missing order but support team is too busy even to have a conversation. either support hours are closed or support executives are too busy to handle all requests.,1,2026-07-31 11:18:33 UTC,0,play_store,Missing order but support team is too busy even to have a conversation. either support hours are closed or support executives are too busy to handle all requests.,miss order support team busy even conversation either support hour close support executive busy handle request
good appp for lazy person like mee 🤣🤣,5,2026-07-31 11:17:07 UTC,0,play_store,good appp for lazy person like mee 🤣🤣,good appp lazy person like mee
Good quick service,5,2026-07-31 11:17:01 UTC,0,play_store,Good quick service,good quick service
"same market price, expecting some discount from market price",5,2026-07-31 11:16:13 UTC,0,play_store,"same market price, expecting some discount from market price",market price expect discount market price
this is best aap,5,2026-07-31 11:15:04 UTC,0,play_store,this is best aap,best aap
1st delivery 👍,5,2026-07-31 11:12:23 UTC,0,play_store,1st delivery 👍,1st delivery
"I didn't thought that this popular app would turn out to be a total disappointment I had ordered few items one of them was this cake ice cream , I opened it and saw it was half eaten and when I called to ask for a refund they refused saying it wasn't their fault and blah blah blah....really blinkit!? I had no issues with it what so ever until this happened sorry (not sorry) but I am uninstalling this app",2,2026-07-31 11:08:56 UTC,0,play_store,"I didn't thought that this popular app would turn out to be a total disappointment I had ordered few items one of them was this cake ice cream , I opened it and saw it was half eaten and when I called to ask for a refund they refused saying it wasn't their fault and blah blah blah....really blinkit!? I had no issues with it what so ever until this happened sorry (not sorry) but I am uninstalling this app",didnt think popular app would turn total disappointment order item one cake ice cream open saw half eat call ask refund refuse say wasnt fault blah blah blahreally blinkit issue ever happen sorry sorry uninstalling app
price is high a little bit,4,2026-07-31 11:06:33 UTC,1,play_store,price is high a little bit,price high little bit
good and fast,5,2026-07-31 11:06:12 UTC,0,play_store,good and fast,good fast
nice aap,5,2026-07-31 11:05:50 UTC,0,play_store,nice aap,nice aap
Thanks to all the delivery partners who travel everyday and bring us our products.,5,2026-07-31 11:04:30 UTC,0,play_store,Thanks to all the delivery partners who travel everyday and bring us our products.,thanks delivery partner travel everyday bring u product
i like it,5,2026-07-31 11:03:46 UTC,0,play_store,i like it,like
fast service,5,2026-07-31 11:01:12 UTC,0,play_store,fast service,fast service
very poor. we can not cancel the order after placing once.,1,2026-07-31 11:01:06 UTC,0,play_store,very poor. we can not cancel the order after placing once.,poor cancel order placing
Charges are high as compared to zepto,2,2026-07-31 11:00:29 UTC,0,play_store,Charges are high as compared to zepto,charge high compare zepto
So helful for me toh getting various items from market🥰🥰,5,2026-07-31 10:58:35 UTC,0,play_store,So helful for me toh getting various items from market🥰🥰,helful toh get various item market
fabulous treatment,5,2026-07-31 10:57:52 UTC,0,play_store,fabulous treatment,fabulous treatment
amazing app i like it,5,2026-07-31 10:55:23 UTC,1,play_store,amazing app i like it,amaze app like
500 above delivery free,4,2026-07-31 10:53:40 UTC,0,play_store,500 above delivery free,500 delivery free
delivery so fast,5,2026-07-31 10:53:21 UTC,0,play_store,delivery so fast,delivery fast
niche,5,2026-07-31 10:53:11 UTC,0,play_store,niche,niche
super,5,2026-07-31 10:53:04 UTC,0,play_store,super,super
very good Blinkit,5,2026-07-31 10:52:23 UTC,0,play_store,very good Blinkit,good blinkit
best h fast delivery aati h,5,2026-07-31 10:51:17 UTC,0,play_store,best h fast delivery aati h,best h fast delivery aati h
Use this app,5,2026-07-31 10:48:49 UTC,0,play_store,Use this app,use app
Absolute Gem! Saves your day although delivery charges are a bit pricier.,5,2026-07-31 10:44:52 UTC,0,play_store,Absolute Gem! Saves your day although delivery charges are a bit pricier.,absolute gem save day although delivery charge bite pricy
useful,5,2026-07-31 10:43:26 UTC,0,play_store,useful,useful
bahut Piyara,5,2026-07-31 10:42:26 UTC,0,play_store,bahut Piyara,bahut piyara
Very Poor service. Maximum days service not available cheating. pls notice the customer service,1,2026-07-31 10:41:25 UTC,0,play_store,Very Poor service. Maximum days service not available cheating. pls notice the customer service,poor service maximum day service available cheat pls notice customer service
Prices are higher than other platforms and charging extra for various reasons.,1,2026-07-31 10:40:40 UTC,0,play_store,Prices are higher than other platforms and charging extra for various reasons.,price high platform charge extra various reason
good and fastest delivery,5,2026-07-31 10:40:00 UTC,0,play_store,good and fastest delivery,good fast delivery
way too much time to address location 😕,1,2026-07-31 10:38:29 UTC,0,play_store,way too much time to address location 😕,way much time address location
some time it's give product expiry,4,2026-07-31 10:38:20 UTC,0,play_store,some time it's give product expiry,time give product expiry
IT IS VERY HIGH LEVEL APP 👌,5,2026-07-31 10:35:19 UTC,0,play_store,IT IS VERY HIGH LEVEL APP 👌,high level app
"Twice, blinkit has not sent the printouts i had ordered.",1,2026-07-31 10:32:42 UTC,0,play_store,"Twice, blinkit has not sent the printouts i had ordered.",twice blinkit send printout order
Good service,5,2026-07-31 10:32:37 UTC,0,play_store,Good service,good service
very good survice,5,2026-07-31 10:32:35 UTC,0,play_store,very good survice,good survice
too much good i can't explain,5,2026-07-31 10:18:16 UTC,0,play_store,too much good i can't explain,much good cant explain
fast service good app,5,2026-07-31 10:18:10 UTC,0,play_store,fast service good app,fast service good app
not free delivery option,1,2026-07-31 10:18:01 UTC,0,play_store,not free delivery option,free delivery option
every time asking for change never bring some changes,4,2026-07-31 10:15:24 UTC,0,play_store,every time asking for change never bring some changes,every time ask change never bring change
not so good,2,2026-07-31 10:15:16 UTC,0,play_store,not so good,good
blinkit is very fast app and very convenient,4,2026-07-31 10:14:43 UTC,0,play_store,blinkit is very fast app and very convenient,blinkit fast app convenient
hooo,5,2026-07-31 10:14:18 UTC,0,play_store,hooo,hooo
best for fastly delivery,5,2026-07-31 10:12:21 UTC,0,play_store,best for fastly delivery,best fastly delivery
not good because delevery charge more,5,2026-07-31 10:11:40 UTC,0,play_store,not good because delevery charge more,good delevery charge
awesome,5,2026-07-31 10:11:29 UTC,0,play_store,awesome,awesome
Cool,5,2026-07-31 10:10:01 UTC,0,play_store,Cool,cool
it's good,5,2026-07-31 10:08:28 UTC,0,play_store,it's good,good
superb app 👌,5,2026-07-31 10:07:58 UTC,0,play_store,superb app 👌,superb app
gud,5,2026-07-31 10:06:14 UTC,0,play_store,gud,gud
delivery partner not pick up my phone,1,2026-07-31 10:06:02 UTC,0,play_store,delivery partner not pick up my phone,delivery partner pick phone
I love Blinkit,5,2026-07-31 10:05:17 UTC,0,play_store,I love Blinkit,love blinkit
nice app user friendly quick service,5,2026-07-31 10:04:46 UTC,0,play_store,nice app user friendly quick service,nice app user friendly quick service
best app,5,2026-07-31 10:04:42 UTC,0,play_store,best app,best app
very fast Wow,5,2026-07-31 09:59:52 UTC,0,play_store,very fast Wow,fast wow
best app for delivery service,5,2026-07-31 09:58:24 UTC,0,play_store,best app for delivery service,best app delivery service
very convenient. ❣️❣️,5,2026-07-31 09:58:01 UTC,0,play_store,very convenient. ❣️❣️,convenient
"Fast delivery, reliable service, and very useful during emergencies. Blinkit has made getting essential items quick and convenient.",5,2026-07-31 09:57:16 UTC,0,play_store,"Fast delivery, reliable service, and very useful during emergencies. Blinkit has made getting essential items quick and convenient.",fast delivery reliable service useful emergency blinkit make get essential item quick convenient
very good option,5,2026-07-31 09:55:52 UTC,0,play_store,very good option,good option
ok it's good,5,2026-07-31 09:55:33 UTC,0,play_store,ok it's good,ok good
worst app totally fraud amount debited order not placed and refund also not issued,1,2026-07-31 09:52:07 UTC,0,play_store,worst app totally fraud amount debited order not placed and refund also not issued,bad app totally fraud amount debit order place refund also issue
I ordered fish in this app after eating our health became very bad condition we got fever the company say the return policy expires we can't help and we can't refund money back it was not in chilled condition please don't use this app it's scam the support executives also not responding,1,2026-07-31 09:51:02 UTC,0,play_store,I ordered fish in this app after eating our health became very bad condition we got fever the company say the return policy expires we can't help and we can't refund money back it was not in chilled condition please don't use this app it's scam the support executives also not responding,ordered fish app eat health become bad condition get fever company say return policy expire cant help cant refund money back chill condition please dont use app scam support executive also respond
vere good 👍,5,2026-07-31 09:50:56 UTC,0,play_store,vere good 👍,vere good
"it was the best app for urgent delivery and stuff but now it doesn't have COD available and as a non online payment user, this is so not it. it keeps showing ""This payment method is not available for the moment"" and that moment has been going on since the last 3 months (╯°□°）╯",1,2026-07-31 09:49:16 UTC,0,play_store,"it was the best app for urgent delivery and stuff but now it doesn't have COD available and as a non online payment user, this is so not it. it keeps showing ""This payment method is not available for the moment"" and that moment has been going on since the last 3 months (╯°□°）╯",best app urgent delivery stuff doesnt cod available non online payment user keep show payment method available moment moment go since last 3 month
really good blinkit 🙂,4,2026-07-31 09:48:38 UTC,0,play_store,really good blinkit 🙂,really good blinkit
fake time of arrival is shown in customers display display time and actual time is difference. may I know how many seconds are there in one minute as standard time and display time having lots of difference.,1,2026-07-31 09:48:23 UTC,0,play_store,fake time of arrival is shown in customers display display time and actual time is difference. may I know how many seconds are there in one minute as standard time and display time having lots of difference.,fake time arrival show customer display display time actual time difference may know many second one minute standard time display time lot difference
"disgusting, support executive,",1,2026-07-31 09:47:15 UTC,0,play_store,"disgusting, support executive,",disgust support executive
boo yeah,5,2026-07-31 09:46:08 UTC,0,play_store,boo yeah,boo yeah
nice app 👍,5,2026-07-31 09:43:20 UTC,0,play_store,nice app 👍,nice app
"very helpful app in emergency , fast and good service 😃😃😃😃😃😃😃😃😃😃😃😃😃😃😃😃😃✨✨✨✨",5,2026-07-31 09:38:59 UTC,0,play_store,"very helpful app in emergency , fast and good service 😃😃😃😃😃😃😃😃😃😃😃😃😃😃😃😃😃✨✨✨✨",helpful app emergency fast good service
best quality products delivers in 10 minutes,5,2026-07-31 09:38:33 UTC,0,play_store,best quality products delivers in 10 minutes,best quality product deliver 10 minute
thank u,5,2026-07-31 09:36:09 UTC,0,play_store,thank u,thank u
blinking is very fast service,3,2026-07-31 09:33:58 UTC,0,play_store,blinking is very fast service,blink fast service
please alwayss make cash on delivery 😅😅,5,2026-07-31 09:30:49 UTC,0,play_store,please alwayss make cash on delivery 😅😅,please alwayss make cash delivery
delay in delivery and show us that unable to fetch delivery boys location 🤬🤬🤬,1,2026-07-31 09:30:08 UTC,0,play_store,delay in delivery and show us that unable to fetch delivery boys location 🤬🤬🤬,delay delivery show u unable fetch delivery boys location
great I mean it literally saved me from a huge event in my home we needed emergency first aid and thanks a lot you guys and the team 🤍,5,2026-07-31 09:29:42 UTC,0,play_store,great I mean it literally saved me from a huge event in my home we needed emergency first aid and thanks a lot you guys and the team 🤍,great mean literally save huge event home need emergency first aid thanks lot guy team
Very much helpful for getting household items. Especially for elderly peoples. Thankyou Blinkit.,5,2026-07-31 09:27:26 UTC,0,play_store,Very much helpful for getting household items. Especially for elderly peoples. Thankyou Blinkit.,much helpful get household item especially elderly people thankyou blinkit
very nice service,5,2026-07-31 09:27:17 UTC,0,play_store,very nice service,nice service
bad platform,1,2026-07-31 09:25:41 UTC,0,play_store,bad platform,bad platform
well app,5,2026-07-31 09:24:42 UTC,0,play_store,well app,well app
best app for home grocery,5,2026-07-31 09:23:57 UTC,0,play_store,best app for home grocery,best app home grocery
The work of the delivery persons is great and I really appreciate their efforts. Thanks blinkit for this much help🙂,5,2026-07-31 09:23:44 UTC,0,play_store,The work of the delivery persons is great and I really appreciate their efforts. Thanks blinkit for this much help🙂,work delivery person great really appreciate effort thanks blinkit much help
good in emargency,5,2026-07-31 09:22:49 UTC,0,play_store,good in emargency,good emargency
Cool drink is not chilled while getting,1,2026-07-31 09:21:31 UTC,0,play_store,Cool drink is not chilled while getting,cool drink chill get
bahut sunder,5,2026-07-31 09:20:54 UTC,0,play_store,bahut sunder,bahut sunder
the delivery charges are so much 🙄,3,2026-07-31 09:19:00 UTC,0,play_store,the delivery charges are so much 🙄,delivery charge much
i love this app ✨,5,2026-07-31 09:18:33 UTC,0,play_store,i love this app ✨,love app
Good app.. Very fast delivery...,5,2026-07-31 09:16:10 UTC,0,play_store,Good app.. Very fast delivery...,good app fast delivery
excellent work,5,2026-07-31 09:14:38 UTC,0,play_store,excellent work,excellent work
perfect app 💯 can order the items easily and is affordable too .,5,2026-07-31 09:14:11 UTC,0,play_store,perfect app 💯 can order the items easily and is affordable too .,perfect app order item easily affordable
best hai,5,2026-07-31 09:09:43 UTC,0,play_store,best hai,best hai
"I ordered two items a long time ago, but the delivery person handed over only one item while charging me the price for both.No money was refunded even after I informed them about the matter.Perhaps they(#blinkit) thought of it as a minor incident.",1,2026-07-31 09:07:52 UTC,0,play_store,"I ordered two items a long time ago, but the delivery person handed over only one item while charging me the price for both.No money was refunded even after I informed them about the matter.Perhaps they(#blinkit) thought of it as a minor incident.",order two item long time ago delivery person hand one item charge price bothno money refund even inform matterperhaps theyblinkit think minor incident
communication skills poor,4,2026-07-31 09:04:06 UTC,0,play_store,communication skills poor,communication skill poor
very poor system. not update location in app properly.. I am so survive lot of my valuable time for just add my location in app. also delivary man are very ugly behave ....,1,2026-07-31 09:02:13 UTC,0,play_store,very poor system. not update location in app properly.. I am so survive lot of my valuable time for just add my location in app. also delivary man are very ugly behave ....,poor system update location app properly survive lot valuable time add location app also delivary man ugly behave
why do you not provide in my area that's annoying 😭,1,2026-07-31 09:01:40 UTC,0,play_store,why do you not provide in my area that's annoying 😭,provide area thats annoy
Superb,5,2026-07-31 08:58:55 UTC,0,play_store,Superb,superb
luvvv this app..!!,5,2026-07-31 08:57:28 UTC,0,play_store,luvvv this app..!!,luvvv app
good very well,5,2026-07-31 08:56:52 UTC,0,play_store,good very well,good well
Too much surge charge and taxes,5,2026-07-31 08:55:57 UTC,0,play_store,Too much surge charge and taxes,much surge charge tax
I like it and the services given are superb,5,2026-07-31 08:55:45 UTC,0,play_store,I like it and the services given are superb,like service give superb
Try to increase the delivery distance. Not just in srinagar but other parts too for eg pampore,3,2026-07-31 08:52:19 UTC,0,play_store,Try to increase the delivery distance. Not just in srinagar but other parts too for eg pampore,try increase delivery distance srinagar part eg pampore
love blinkit as always delivers on time and never disaapoint. vast variety of products and excellent service.,5,2026-07-31 08:51:26 UTC,0,play_store,love blinkit as always delivers on time and never disaapoint. vast variety of products and excellent service.,love blinkit always delivers time never disaapoint vast variety product excellent service
very good app,5,2026-07-31 08:44:26 UTC,0,play_store,very good app,good app
I ordered first time through blinkit but the delivered without blikit bag... very dirty hand was of the delievery boy.,1,2026-07-31 08:43:41 UTC,0,play_store,I ordered first time through blinkit but the delivered without blikit bag... very dirty hand was of the delievery boy.,order first time blinkit deliver without blikit bag dirty hand delievery boy
"Thankyou so much, just please keep the app same forever 💓",5,2026-07-31 08:39:21 UTC,0,play_store,"Thankyou so much, just please keep the app same forever 💓",thankyou much please keep app forever
⭐⭐⭐⭐⭐Delivered on time and handled the order with care. Great service🌸,5,2026-07-31 08:38:40 UTC,0,play_store,⭐⭐⭐⭐⭐Delivered on time and handled the order with care. Great service🌸,delivered time handle order care great service
doesn't carry any sort of balance while given cash on delivery...eveytime I face this issue...why then don't carry a little Change??!! for example...my order was 458 and for that I have given 500 rupees..Still they want 458 change...how am I supposed to give this much change?! Ridiculous!! And How they expect that everyone will have cash online?,1,2026-07-31 08:37:38 UTC,0,play_store,doesn't carry any sort of balance while given cash on delivery...eveytime I face this issue...why then don't carry a little Change??!! for example...my order was 458 and for that I have given 500 rupees..Still they want 458 change...how am I supposed to give this much change?! Ridiculous!! And How they expect that everyone will have cash online?,doesnt carry sort balance give cash deliveryeveytime face issuewhy dont carry little change examplemy order 458 give 500 rupeesstill want 458 changehow suppose give much change ridiculous expect everyone cash online
acha hai,5,2026-07-31 08:37:15 UTC,0,play_store,acha hai,acha hai
Every time they charge high demand charges and handling charges upto 40-50 rs. I rarely use this.to deliver in 35 minutes.,1,2026-07-31 08:36:48 UTC,0,play_store,Every time they charge high demand charges and handling charges upto 40-50 rs. I rarely use this.to deliver in 35 minutes.,every time charge high demand charge handle charge upto 4050 r rarely use thisto deliver 35 minute
cash on delivery is not able under certain amount,3,2026-07-31 08:35:38 UTC,0,play_store,cash on delivery is not able under certain amount,cash delivery able certain amount
exellent,5,2026-07-31 08:33:39 UTC,0,play_store,exellent,exellent
It is a very fast delivery aap and I like the service by blinkit,5,2026-07-31 08:29:33 UTC,0,play_store,It is a very fast delivery aap and I like the service by blinkit,fast delivery aap like service blinkit
aalu anda,4,2026-07-31 08:28:11 UTC,0,play_store,aalu anda,aalu anda
bad delevery,1,2026-07-31 08:25:56 UTC,0,play_store,bad delevery,bad delevery
quick service sometimes products came damaged but refunded as well if noted,5,2026-07-31 08:24:07 UTC,0,play_store,quick service sometimes products came damaged but refunded as well if noted,quick service sometimes product come damage refund well noted
fix time no delay anytime service no 1 any some time u got offers,5,2026-07-31 08:23:45 UTC,0,play_store,fix time no delay anytime service no 1 any some time u got offers,fix time delay anytime service 1 time u get offer
legendary app,4,2026-07-31 08:22:45 UTC,0,play_store,legendary app,legendary app
amazing service,5,2026-07-31 08:19:39 UTC,1,play_store,amazing service,amazing service
Really easy to purchase,5,2026-07-31 08:14:57 UTC,0,play_store,Really easy to purchase,really easy purchase
not bad,1,2026-07-31 08:14:29 UTC,0,play_store,not bad,bad
excellent 👍,5,2026-07-31 08:12:52 UTC,0,play_store,excellent 👍,excellent
nice taking,5,2026-07-31 08:11:43 UTC,0,play_store,nice taking,nice take
nice service,5,2026-07-31 08:08:57 UTC,0,play_store,nice service,nice service
good to help people,5,2026-07-31 08:08:51 UTC,0,play_store,good to help people,good help people
Best service,5,2026-07-31 08:06:11 UTC,0,play_store,Best service,best service
I am happy..as I receive my order in few minutes ❤️. thank you Blinkit,5,2026-07-31 08:04:42 UTC,0,play_store,I am happy..as I receive my order in few minutes ❤️. thank you Blinkit,happyas receive order minute thank blinkit
I forgot to buy gift for my friend but then blinkit saved me. Thank you for your quick service.,4,2026-07-31 08:02:42 UTC,0,play_store,I forgot to buy gift for my friend but then blinkit saved me. Thank you for your quick service.,forgot buy gift friend blinkit save thank quick service
Very good app for quick delivery but when you try to cancel any order instead of returning money they give blinkit coins instead.,4,2026-07-31 07:56:54 UTC,0,play_store,Very good app for quick delivery but when you try to cancel any order instead of returning money they give blinkit coins instead.,good app quick delivery try cancel order instead return money give blinkit coin instead
very fast delivery and resembles price,5,2026-07-31 07:56:01 UTC,0,play_store,very fast delivery and resembles price,fast delivery resembles price
v.v good for Blinkit,5,2026-07-31 07:47:17 UTC,0,play_store,v.v good for Blinkit,vv good blinkit
very good sarvice,5,2026-07-31 07:42:55 UTC,0,play_store,very good sarvice,good sarvice
most useful app,5,2026-07-31 07:38:44 UTC,0,play_store,most useful app,useful app
by mistake i had entered the wrong adress they are not cancelling the order and making frustrating chats and message theese app ate not for oerson convenience they are a burden,1,2026-07-31 07:38:26 UTC,0,play_store,by mistake i had entered the wrong adress they are not cancelling the order and making frustrating chats and message theese app ate not for oerson convenience they are a burden,mistake enter wrong adress cancel order make frustrating chat message theese app ate oerson convenience burden
yes sure... it's very useful.,5,2026-07-31 07:36:31 UTC,0,play_store,yes sure... it's very useful.,yes sure useful
good delivery,5,2026-07-31 07:35:24 UTC,0,play_store,good delivery,good delivery
very fast and good service provider,5,2026-07-31 07:30:59 UTC,0,play_store,very fast and good service provider,fast good service provider
incredible,5,2026-07-31 07:29:04 UTC,0,play_store,incredible,incredible
This is a very good app and fast delivery,5,2026-07-31 07:25:42 UTC,0,play_store,This is a very good app and fast delivery,good app fast delivery
this app is very very good 👍,5,2026-07-31 07:25:06 UTC,0,play_store,this app is very very good 👍,app good
Not Delivering Products on Time Always late,2,2026-07-31 07:24:52 UTC,0,play_store,Not Delivering Products on Time Always late,deliver product time always late
super app immediate reached,5,2026-07-31 07:23:58 UTC,0,play_store,super app immediate reached,super app immediate reach
Thank you so much for opening blinkit I can order anything without hesitation and with reasonable prices... I thank the owner and the team .,5,2026-07-31 07:22:07 UTC,0,play_store,Thank you so much for opening blinkit I can order anything without hesitation and with reasonable prices... I thank the owner and the team .,thank much opening blinkit order anything without hesitation reasonable price thank owner team
the delivery person handed my items on 2nd floor instead of 4th floor,1,2026-07-31 07:18:34 UTC,0,play_store,the delivery person handed my items on 2nd floor instead of 4th floor,delivery person hand item 2nd floor instead 4th floor
slow service,1,2026-07-31 07:17:55 UTC,0,play_store,slow service,slow service
Brilliant Services,5,2026-07-31 07:15:56 UTC,0,play_store,Brilliant Services,brilliant service
accha hai,4,2026-07-31 07:15:40 UTC,0,play_store,accha hai,accha hai
thank you,5,2026-07-31 07:15:01 UTC,0,play_store,thank you,thank
often changing my location. didn't get my refund,1,2026-07-31 07:14:50 UTC,0,play_store,often changing my location. didn't get my refund,often change location didnt get refund
order time is very late,5,2026-07-31 07:14:47 UTC,1,play_store,order time is very late,order time late
"⭐️⭐️⭐️⭐️⭐️ Excellent App & Super Convenient! Blinkit is one of the most convenient apps for getting everyday essentials delivered quickly. The app is smooth, user-friendly, well-organized, and easy to navigate. Finding products, adding them to the cart, making payments, and tracking orders is all very simple. I really like the wide product selection, quick delivery, attractive offers, and hassle-free ordering experience.",5,2026-07-31 07:14:21 UTC,0,play_store,"⭐️⭐️⭐️⭐️⭐️ Excellent App & Super Convenient! Blinkit is one of the most convenient apps for getting everyday essentials delivered quickly. The app is smooth, user-friendly, well-organized, and easy to navigate. Finding products, adding them to the cart, making payments, and tracking orders is all very simple. I really like the wide product selection, quick delivery, attractive offers, and hassle-free ordering experience.",excellent app super convenient blinkit one convenient apps get everyday essential deliver quickly app smooth userfriendly wellorganized easy navigate finding product add cart make payment track order simple really like wide product selection quick delivery attractive offer hasslefree order experience
great experience,5,2026-07-31 07:11:44 UTC,0,play_store,great experience,great experience
very fast and,5,2026-07-31 07:11:34 UTC,0,play_store,very fast and,fast
awesome service,5,2026-07-31 07:09:18 UTC,0,play_store,awesome service,awesome service
bad service and delivery guy doesn't even come to the location and also the delivery guy number doesn't work to connect with them and the post paid order gets cancelled due to their own mistake and they charge ₹20 for the order cancellation. Meaning loss of money and time without getting the product.,1,2026-07-31 07:08:49 UTC,0,play_store,bad service and delivery guy doesn't even come to the location and also the delivery guy number doesn't work to connect with them and the post paid order gets cancelled due to their own mistake and they charge ₹20 for the order cancellation. Meaning loss of money and time without getting the product.,bad service delivery guy doesnt even come location also delivery guy number doesnt work connect post pay order get cancel due mistake charge order cancellation meaning loss money time without get product
very convenient for Ladies like me who are working and no time for market.,5,2026-07-31 07:08:08 UTC,0,play_store,very convenient for Ladies like me who are working and no time for market.,convenient lady like work time market
fast service and original same product thanks for blinkit app,5,2026-07-31 07:06:12 UTC,0,play_store,fast service and original same product thanks for blinkit app,fast service original product thanks blinkit app
made my life so easy,5,2026-07-31 07:01:51 UTC,0,play_store,made my life so easy,make life easy
scam app they don't resolve the issue when you recieve bad item use Instamart insted,1,2026-07-31 07:01:49 UTC,0,play_store,scam app they don't resolve the issue when you recieve bad item use Instamart insted,scam app dont resolve issue recieve bad item use instamart insted
cheap service in Ch Sambhaji Nagar always had address issues,1,2026-07-31 06:59:20 UTC,0,play_store,cheap service in Ch Sambhaji Nagar always had address issues,cheap service ch sambhaji nagar always address issue
very convenient service. God bless quick commerce,5,2026-07-31 06:55:25 UTC,0,play_store,very convenient service. God bless quick commerce,convenient service god bless quick commerce
too good,5,2026-07-31 06:54:38 UTC,0,play_store,too good,good
on time delivery,5,2026-07-31 06:54:09 UTC,0,play_store,on time delivery,time delivery
lot of love,5,2026-07-31 06:53:34 UTC,0,play_store,lot of love,lot love
Blinkit is a very good app but please give us the option of cash on delivery blinkit don't give cod option please blinkit ... overall blinkit is nice ..,5,2026-07-31 06:52:21 UTC,0,play_store,Blinkit is a very good app but please give us the option of cash on delivery blinkit don't give cod option please blinkit ... overall blinkit is nice ..,blinkit good app please give u option cash delivery blinkit dont give cod option please blinkit overall blinkit nice
It's a good alternative to get the groceries delivered so fast in 8 mins.Especially when you are not able to go out to the market.,5,2026-07-31 06:52:15 UTC,0,play_store,It's a good alternative to get the groceries delivered so fast in 8 mins.Especially when you are not able to go out to the market.,good alternative get grocery deliver fast 8 minsespecially able go market
"very good, quick too.",5,2026-07-31 06:50:41 UTC,0,play_store,"very good, quick too.",good quick
super services,5,2026-07-31 06:49:53 UTC,0,play_store,super services,super service
worst app,1,2026-07-31 06:48:18 UTC,0,play_store,worst app,bad app
"The price seems a bit high, but it is okay.",5,2026-07-31 06:47:09 UTC,0,play_store,"The price seems a bit high, but it is okay.",price seem bit high okay
thanks but will arrived at time ..it to urgent,5,2026-07-31 06:46:05 UTC,0,play_store,thanks but will arrived at time ..it to urgent,thanks arrive time urgent
Excellent. My suggestion despatch dry and wet items separately and check properly before despatch about fruits and vegetables,5,2026-07-31 06:45:53 UTC,0,play_store,Excellent. My suggestion despatch dry and wet items separately and check properly before despatch about fruits and vegetables,excellent suggestion despatch dry wet item separately check properly despatch fruit vegetable
very goooooodddddd,5,2026-07-31 06:45:18 UTC,0,play_store,very goooooodddddd,goooooodddddd
very supportive and helpful for any time any were,5,2026-07-31 06:44:42 UTC,0,play_store,very supportive and helpful for any time any were,supportive helpful time
"good, This service useful in emergency situations. thankyou for providing this delivery service 💐👍",5,2026-07-31 06:40:24 UTC,0,play_store,"good, This service useful in emergency situations. thankyou for providing this delivery service 💐👍",good service useful emergency situation thankyou provide delivery service
valo,5,2026-07-31 06:39:44 UTC,0,play_store,valo,valo
very good experience,5,2026-07-31 06:39:35 UTC,0,play_store,very good experience,good experience
surcharges is very high and given coupon code not able to ppy,1,2026-07-31 06:38:32 UTC,0,play_store,surcharges is very high and given coupon code not able to ppy,surcharge high give coupon code able ppy
Orders frequently arrive in 10 to 15 minutes.,5,2026-07-31 06:35:09 UTC,0,play_store,Orders frequently arrive in 10 to 15 minutes.,order frequently arrive 10 15 minute
helpful,5,2026-07-31 06:34:46 UTC,0,play_store,helpful,helpful
यहां से यहां सामान बहुत महंगा मिलता है जिसकी कीमत मार्केट में 70 रुपए है यहां पर 90-100 रुपए में मिलती है,1,2026-07-31 06:33:43 UTC,0,play_store,यहां से यहां सामान बहुत महंगा मिलता है जिसकी कीमत मार्केट में 70 रुपए है यहां पर 90-100 रुपए में मिलती है,70 पर 90100
very frustrated the delivery agent vishal is rude not calling when reached even using angry using language and all stuff I am not using app again in my life ...,1,2026-07-31 06:32:39 UTC,0,play_store,very frustrated the delivery agent vishal is rude not calling when reached even using angry using language and all stuff I am not using app again in my life ...,frustrate delivery agent vishal rude call reach even use angry use language stuff use app life
beneficial for houselady,5,2026-07-31 06:31:45 UTC,0,play_store,beneficial for houselady,beneficial houselady
"the delivery partners don't even wait 2 seconds for approval via My gate, they start calling immediately!! very irritating",1,2026-07-31 06:31:03 UTC,0,play_store,"the delivery partners don't even wait 2 seconds for approval via My gate, they start calling immediately!! very irritating",delivery partner dont even wait 2 second approval via gate start call immediately irritate
"it's a nice app every grocery things is available in this app along with electronics, sports and more",5,2026-07-31 06:28:28 UTC,0,play_store,"it's a nice app every grocery things is available in this app along with electronics, sports and more",nice app every grocery thing available app along electronics sport
excelent,5,2026-07-31 06:26:40 UTC,0,play_store,excelent,excelent
"have ordered items and payment got failed in the app. but amount deducted from my account. which is not refund back to my account even after 5 days. there is no customer care number for these issue. they have only email assistance, been sending issue in email they keep on asking same thing which does not happen in the app which is most success order# . have tried multiple times the order is failing and amount deduct from my account LOL",1,2026-07-31 06:26:23 UTC,0,play_store,"have ordered items and payment got failed in the app. but amount deducted from my account. which is not refund back to my account even after 5 days. there is no customer care number for these issue. they have only email assistance, been sending issue in email they keep on asking same thing which does not happen in the app which is most success order# . have tried multiple times the order is failing and amount deduct from my account LOL",order item payment get failed app amount deduct account refund back account even 5 day customer care number issue email assistance send issue email keep ask thing happen app success order try multiple time order fail amount deduct account lol
make it user friendly and more offers may given to customer,1,2026-07-31 06:24:10 UTC,0,play_store,make it user friendly and more offers may given to customer,make user friendly offer may give customer
this app is sooo good,5,2026-07-31 06:23:37 UTC,0,play_store,this app is sooo good,app sooo good
"blinkit please solve my problem and it is,that i don't need my order in 10 mintes it can be deliverd late but please available on my location and it is a request",5,2026-07-31 06:23:30 UTC,0,play_store,"blinkit please solve my problem and it is,that i don't need my order in 10 mintes it can be deliverd late but please available on my location and it is a request",blinkit please solve problem isthat dont need order 10 mintes deliverd late please available location request
wonderful 😊,5,2026-07-31 06:23:07 UTC,0,play_store,wonderful 😊,wonderful
it is very fast and good,5,2026-07-31 06:21:08 UTC,0,play_store,it is very fast and good,fast good
great app for all products no any queries on time all Products delivered to your home,5,2026-07-31 06:18:19 UTC,0,play_store,great app for all products no any queries on time all Products delivered to your home,great app product query time product deliver home
I mean good but can be better because of some features I can't give full,4,2026-07-31 06:16:35 UTC,0,play_store,I mean good but can be better because of some features I can't give full,mean good good feature cant give full
good to purchase.. quick delivery good delivery boys too,5,2026-07-31 06:15:30 UTC,0,play_store,good to purchase.. quick delivery good delivery boys too,good purchase quick delivery good delivery boy
service is excellent,5,2026-07-31 06:15:02 UTC,0,play_store,service is excellent,service excellent
"They manipulate the time i don't like this gesture , service is good!",3,2026-07-31 06:14:46 UTC,0,play_store,"They manipulate the time i don't like this gesture , service is good!",manipulate time dont like gesture service good
thank you blinkit,5,2026-07-31 06:13:39 UTC,0,play_store,thank you blinkit,thank blinkit
To Much Helpfull app.,4,2026-07-31 06:13:26 UTC,0,play_store,To Much Helpfull app.,much helpfull app
"""A very good alternative when you are unable to reach local marketplace or you have to purchase something urgently and you have less time. Packaging is satisfactory. Products are mostly good with rare exceptions in the electronics category. However, it is no doubt expensive and majority products are overpriced. All in all, a savior when it comes to ordering things within time constraints or when you are just feeling lazy to go out.""",5,2026-07-31 06:13:05 UTC,0,play_store,"""A very good alternative when you are unable to reach local marketplace or you have to purchase something urgently and you have less time. Packaging is satisfactory. Products are mostly good with rare exceptions in the electronics category. However, it is no doubt expensive and majority products are overpriced. All in all, a savior when it comes to ordering things within time constraints or when you are just feeling lazy to go out.""",good alternative unable reach local marketplace purchase something urgently less time package satisfactory product mostly good rare exception electronics category however doubt expensive majority product overprice savior come order thing within time constraint feel lazy go
very helpful and time saving,5,2026-07-31 06:09:43 UTC,0,play_store,very helpful and time saving,helpful time save
really like this app,5,2026-07-31 06:08:50 UTC,0,play_store,really like this app,really like app
ok nice,1,2026-07-31 06:08:34 UTC,0,play_store,ok nice,ok nice
good experience,5,2026-07-31 06:05:23 UTC,0,play_store,good experience,good experience
give more options when the cart is applying delivery charges for 1 or 2 rs difference amount,4,2026-07-31 06:01:02 UTC,0,play_store,give more options when the cart is applying delivery charges for 1 or 2 rs difference amount,give option cart apply delivery charge 1 2 r difference amount
fast delivery,4,2026-07-31 06:00:38 UTC,0,play_store,fast delivery,fast delivery
I am very have to be honest It have many option of payment and have a good and very variation and availability So thank you,5,2026-07-31 05:59:16 UTC,0,play_store,I am very have to be honest It have many option of payment and have a good and very variation and availability So thank you,honest many option payment good variation availability thank
vey helpful in emergency situations.,5,2026-07-31 05:58:19 UTC,0,play_store,vey helpful in emergency situations.,vey helpful emergency situation
service is good.Brands are standard brands. vegetables quantity is less compared to price.complaints menu is set according to company convenience.refund is not instant or sure.customer money is at risk.because it is through msgs only and the resolution provided by msg and closed with no option for customer.VERY VERY BAD SERVICE AND GARBAGE QUALITY DELIVERED TO DISPOSE OFF DAMAGED FOOD ITEMS.VERY RISKY PLATFORM,4,2026-07-31 05:56:15 UTC,0,play_store,service is good.Brands are standard brands. vegetables quantity is less compared to price.complaints menu is set according to company convenience.refund is not instant or sure.customer money is at risk.because it is through msgs only and the resolution provided by msg and closed with no option for customer.VERY VERY BAD SERVICE AND GARBAGE QUALITY DELIVERED TO DISPOSE OFF DAMAGED FOOD ITEMS.VERY RISKY PLATFORM,service goodbrands standard brand vegetable quantity less compare pricecomplaints menu set accord company conveniencerefund instant surecustomer money riskbecause msg resolution provide msg close option customervery bad service garbage quality deliver dispose damage food itemsvery risky platform
very nice blinkit aplikesan,5,2026-07-31 05:55:01 UTC,0,play_store,very nice blinkit aplikesan,nice blinkit aplikesan
one time use only,1,2026-07-31 05:54:12 UTC,0,play_store,one time use only,one time use
super good 👍,5,2026-07-31 05:54:10 UTC,0,play_store,super good 👍,super good
very nice product and fresh,5,2026-07-31 05:54:03 UTC,0,play_store,very nice product and fresh,nice product fresh
Delivery is very good.product are fresh and good.,4,2026-07-31 05:52:59 UTC,0,play_store,Delivery is very good.product are fresh and good.,delivery goodproduct fresh good
Extremely disappointing service My order was cancelled after waiting for almost an hour If you couldn’t fulfil the order you should have cancelled it immediately instead of wasting my time This is completely unacceptable and shows very poor customer service I will definitely think twice before ordering again this things I am not facing one time finally I am coming here to give you review worst app I'm never use again,1,2026-07-31 05:51:00 UTC,0,play_store,Extremely disappointing service My order was cancelled after waiting for almost an hour If you couldn’t fulfil the order you should have cancelled it immediately instead of wasting my time This is completely unacceptable and shows very poor customer service I will definitely think twice before ordering again this things I am not facing one time finally I am coming here to give you review worst app I'm never use again,extremely disappointing service order cancel wait almost hour fulfil order cancel immediately instead waste time completely unacceptable show poor customer service definitely think twice order thing face one time finally come give review bad app im never use
thankyou blinkit good service,4,2026-07-31 05:50:06 UTC,0,play_store,thankyou blinkit good service,thankyou blinkit good service
very good sarvice and fast delivery,5,2026-07-31 05:49:58 UTC,0,play_store,very good sarvice and fast delivery,good sarvice fast delivery
improve adresss change. it is confusing,4,2026-07-31 05:49:13 UTC,0,play_store,improve adresss change. it is confusing,improve adresss change confuse
delivered seal opened product,1,2026-07-31 05:48:30 UTC,0,play_store,delivered seal opened product,deliver seal open product
"return policy is not customer friendly, the customer care doesn't understand the issue",1,2026-07-31 05:45:02 UTC,0,play_store,"return policy is not customer friendly, the customer care doesn't understand the issue",return policy customer friendly customer care doesnt understand issue
for payment there should be direct barcode to pay from other phone,3,2026-07-31 05:45:00 UTC,0,play_store,for payment there should be direct barcode to pay from other phone,payment direct barcode pay phone
"Handling charges, not acceptable.",3,2026-07-31 05:44:30 UTC,0,play_store,"Handling charges, not acceptable.",handling charge acceptable
so good for lazy,5,2026-07-31 05:40:45 UTC,0,play_store,so good for lazy,good lazy
mast hai yaar ye app,1,2026-07-31 05:39:55 UTC,0,play_store,mast hai yaar ye app,mast hai yaar ye app
Ramprasad Banshal good 😊😊,4,2026-07-31 05:39:50 UTC,0,play_store,Ramprasad Banshal good 😊😊,ramprasad banshal good
Charges extra,1,2026-07-31 05:35:09 UTC,0,play_store,Charges extra,charge extra
scammer,1,2026-07-31 05:34:41 UTC,0,play_store,scammer,scammer
good profile 🙂,5,2026-07-31 05:34:40 UTC,0,play_store,good profile 🙂,good profile
i jst love it,5,2026-07-31 05:34:00 UTC,0,play_store,i jst love it,jst love
same market price no discount,3,2026-07-31 05:33:15 UTC,0,play_store,same market price no discount,market price discount
Pahli bar istemal kar rahe hain,5,2026-07-31 05:30:52 UTC,0,play_store,Pahli bar istemal kar rahe hain,pahli bar istemal kar rahe hain
one order being delivered in multiple parts is frustrating,4,2026-07-31 05:27:46 UTC,0,play_store,one order being delivered in multiple parts is frustrating,one order deliver multiple part frustrate
vry fast service,4,2026-07-31 05:17:53 UTC,0,play_store,vry fast service,vry fast service
5 star service,4,2026-07-31 05:16:44 UTC,0,play_store,5 star service,5 star service
late service,1,2026-07-31 05:13:27 UTC,0,play_store,late service,late service
fast delivery super,5,2026-07-31 05:11:11 UTC,0,play_store,fast delivery super,fast delivery super
wonderful reason Immediately it comes!!,5,2026-07-31 05:11:06 UTC,0,play_store,wonderful reason Immediately it comes!!,wonderful reason immediately come
very niceee 💗,5,2026-07-31 05:09:33 UTC,0,play_store,very niceee 💗,niceee
super but improve in any cashback offers,4,2026-07-31 05:06:57 UTC,0,play_store,super but improve in any cashback offers,super improve cashback offer
"easy option, & fastest order♥️",5,2026-07-31 05:06:09 UTC,0,play_store,"easy option, & fastest order♥️",easy option fast order
bestt app,5,2026-07-31 05:04:53 UTC,0,play_store,bestt app,bestt app
thanks blinkit And delivery partner 👍,5,2026-07-31 05:04:02 UTC,0,play_store,thanks blinkit And delivery partner 👍,thanks blinkit delivery partner
like this,4,2026-07-31 05:03:50 UTC,0,play_store,like this,like
next level blinkit,5,2026-07-31 04:57:11 UTC,0,play_store,next level blinkit,next level blinkit
very good but products is very close coltly 😃😃😃😘😍😇😊😎🥰😘🥰😛🥰😗🥰😛😍,5,2026-07-31 04:53:44 UTC,0,play_store,very good but products is very close coltly 😃😃😃😘😍😇😊😎🥰😘🥰😛🥰😗🥰😛😍,good product close coltly
Excellent service.,5,2026-07-31 04:52:08 UTC,0,play_store,Excellent service.,excellent service
Many a times milk packets delivered are damaged.,1,2026-07-31 04:51:38 UTC,0,play_store,Many a times milk packets delivered are damaged.,many time milk packet deliver damage
"Unfair refund policy, poor quality compare to Zepto and no responsibility of the delivered products.",1,2026-07-31 04:48:55 UTC,0,play_store,"Unfair refund policy, poor quality compare to Zepto and no responsibility of the delivered products.",unfair refund policy poor quality compare zepto responsibility deliver product
great service,5,2026-07-31 04:48:07 UTC,0,play_store,great service,great service
better experience,5,2026-07-31 04:44:31 UTC,0,play_store,better experience,good experience
amazing experience,5,2026-07-31 04:43:02 UTC,0,play_store,amazing experience,amazing experience
This app is best for ordering something in hurry and always a best service give to the customer,5,2026-07-31 04:41:04 UTC,0,play_store,This app is best for ordering something in hurry and always a best service give to the customer,app best order something hurry always best service give customer
blinkit is loosing its standard... guys don't order from this app,1,2026-07-31 04:40:46 UTC,0,play_store,blinkit is loosing its standard... guys don't order from this app,blinkit loose standard guy dont order app
very happy.,5,2026-07-31 04:35:06 UTC,0,play_store,very happy.,happy
"Great service, Amezing experience 👍",5,2026-07-31 04:34:51 UTC,0,play_store,"Great service, Amezing experience 👍",great service amezing experience
The app is good but the minimum order value for free delivery is a little extra.,4,2026-07-31 04:33:54 UTC,0,play_store,The app is good but the minimum order value for free delivery is a little extra.,app good minimum order value free delivery little extra
fast,5,2026-07-31 04:32:52 UTC,0,play_store,fast,fast
poor quality product sell.,1,2026-07-31 04:32:40 UTC,0,play_store,poor quality product sell.,poor quality product sell
"Blinkit is very good. Extraordinary app. But the price and handling charges , Delivering charges are the same but they are taking both.",3,2026-07-31 04:31:01 UTC,0,play_store,"Blinkit is very good. Extraordinary app. But the price and handling charges , Delivering charges are the same but they are taking both.",blinkit good extraordinary app price handling charge deliver charge take
it's too fresh veggies. so thank full for fresh veggies 👍,4,2026-07-31 04:30:24 UTC,0,play_store,it's too fresh veggies. so thank full for fresh veggies 👍,fresh veggie thank full fresh veggie
good very good 💯,5,2026-07-31 04:28:12 UTC,0,play_store,good very good 💯,good good
extreme level of delivery,3,2026-07-31 04:23:46 UTC,0,play_store,extreme level of delivery,extreme level delivery
good product....,5,2026-07-31 04:21:20 UTC,0,play_store,good product....,good product
no support for anything,1,2026-07-31 04:21:07 UTC,0,play_store,no support for anything,support anything
raised complaint that received pasta packet that was torn by mice. still neither got exchange not refund.,1,2026-07-31 04:20:31 UTC,0,play_store,raised complaint that received pasta packet that was torn by mice. still neither got exchange not refund.,raise complaint receive pasta packet torn mouse still neither get exchange refund
प्लिज हिन्दी ऑप्शन भी रखे हमे अंग्रेजी थोड़ा कम समझ मे आता है,5,2026-07-31 04:20:27 UTC,0,play_store,प्लिज हिन्दी ऑप्शन भी रखे हमे अंग्रेजी थोड़ा कम समझ मे आता है,कम समझ
I love way to diliver to blinkit,5,2026-07-31 04:20:08 UTC,0,play_store,I love way to diliver to blinkit,love way diliver blinkit
1 star isliye karte hain kyunki itni chijen mangane ke bad bhi Ham Koi discount coupon nahin milta,4,2026-07-31 04:17:01 UTC,0,play_store,1 star isliye karte hain kyunki itni chijen mangane ke bad bhi Ham Koi discount coupon nahin milta,1 star isliye karte hain kyunki itni chijen mangane ke bad bhi ham koi discount coupon nahin milta
this app does not have a save/favourites items option every time waste time searching for products.,2,2026-07-31 04:09:46 UTC,2,play_store,this app does not have a save/favourites items option every time waste time searching for products.,app savefavourites item option every time waste time search product
good job,5,2026-07-31 04:07:46 UTC,0,play_store,good job,good job
everything is good,5,2026-07-31 04:05:27 UTC,0,play_store,everything is good,everything good
fasting dilivery. Good 👍,5,2026-07-31 04:04:12 UTC,0,play_store,fasting dilivery. Good 👍,fast dilivery good
suddenly you change your free delivery value 99 to 199 t,1,2026-07-31 03:59:01 UTC,0,play_store,suddenly you change your free delivery value 99 to 199 t,suddenly change free delivery value 99 199
best delivery app ever,5,2026-07-31 03:58:33 UTC,0,play_store,best delivery app ever,best delivery app ever
nice i shiuld get my delivery on time,5,2026-07-31 03:57:12 UTC,0,play_store,nice i shiuld get my delivery on time,nice shiuld get delivery time
less snacks findss still verities needed,3,2026-07-31 03:56:02 UTC,0,play_store,less snacks findss still verities needed,less snack findss still verity need
best app hai,5,2026-07-31 03:52:10 UTC,0,play_store,best app hai,best app hai
old machine recived,1,2026-07-31 03:50:20 UTC,0,play_store,old machine recived,old machine recived
it nice the best app in the world 🌎 even if some times the bag broke and all the things got damaged and after some days I ordered and then I opened the bag then the soap bottle was leaking and all the items were of soap I will 6/10 is like the blinkit,5,2026-07-31 03:48:35 UTC,0,play_store,it nice the best app in the world 🌎 even if some times the bag broke and all the things got damaged and after some days I ordered and then I opened the bag then the soap bottle was leaking and all the items were of soap I will 6/10 is like the blinkit,nice best app world even time bag break thing get damaged day order opened bag soap bottle leak item soap 610 like blinkit
It's very Good 👍,5,2026-07-31 03:48:12 UTC,0,play_store,It's very Good 👍,good
"pathetic service, I have recieved faulty product and they are following the replacement policy mentioned in the product page, instead they are saying go to the service center. please uninstall this app and do not order anything from them. cheaters.",1,2026-07-31 03:46:20 UTC,0,play_store,"pathetic service, I have recieved faulty product and they are following the replacement policy mentioned in the product page, instead they are saying go to the service center. please uninstall this app and do not order anything from them. cheaters.",pathetic service recieved faulty product follow replacement policy mention product page instead say go service center please uninstall app order anything cheater
superrrrrrrrrrr....,5,2026-07-31 03:45:40 UTC,0,play_store,superrrrrrrrrrr....,superrrrrrrrrrr
good service and polyatomic very good experience with Blinkit...,5,2026-07-31 03:45:34 UTC,0,play_store,good service and polyatomic very good experience with Blinkit...,good service polyatomic good experience blinkit
my best shopping aap,5,2026-07-31 03:43:23 UTC,0,play_store,my best shopping aap,best shopping aap
nicee,5,2026-07-31 03:42:38 UTC,0,play_store,nicee,nicee
"Not good,I have ordered some items on 23rd July 26.Itms not delivered nor money refunded",2,2026-07-31 03:41:55 UTC,0,play_store,"Not good,I have ordered some items on 23rd July 26.Itms not delivered nor money refunded",goodi order item 23rd july 26itms delivered money refund
very helpful and good,5,2026-07-31 03:40:10 UTC,0,play_store,very helpful and good,helpful good
good experience every time,5,2026-07-31 03:40:08 UTC,0,play_store,good experience every time,good experience every time
i need to order heat protector spray but by mistake I hv ordered hair spray. it has 72 hrs replacement policy and I am requesting them but now they are denying that there is no provision of replacement.... this is very bad on their part.... i will never recommend blinkit to anyone.... these people are not helpful.... bad experience,1,2026-07-31 03:38:04 UTC,0,play_store,i need to order heat protector spray but by mistake I hv ordered hair spray. it has 72 hrs replacement policy and I am requesting them but now they are denying that there is no provision of replacement.... this is very bad on their part.... i will never recommend blinkit to anyone.... these people are not helpful.... bad experience,need order heat protector spray mistake hv order hair spray 72 hrs replacement policy request deny provision replacement bad part never recommend blinkit anyone people helpful bad experience
Best offers,5,2026-07-31 03:33:35 UTC,0,play_store,Best offers,best offer
very fast and reasonable,5,2026-07-31 03:32:12 UTC,0,play_store,very fast and reasonable,fast reasonable
Best product,5,2026-07-31 03:31:30 UTC,0,play_store,Best product,best product
arrived at my home at just 5 minutes,5,2026-07-31 03:31:26 UTC,0,play_store,arrived at my home at just 5 minutes,arrive home 5 minute
Very good app to purchase Everything and deliver all household items to the door steps with a smile within minutes.I am so happy with the service provided,5,2026-07-31 03:25:14 UTC,0,play_store,Very good app to purchase Everything and deliver all household items to the door steps with a smile within minutes.I am so happy with the service provided,good app purchase everything deliver household item door step smile within minutesi happy service provide
fast and quick delivery,4,2026-07-31 03:13:06 UTC,0,play_store,fast and quick delivery,fast quick delivery
please fast delivery,5,2026-07-31 03:09:31 UTC,0,play_store,please fast delivery,please fast delivery
worst app I was ordered a product and that product was damaged and the I returned back but amount have been debited to blinkit account only in promocode formate I have many times called them they didn't respond to my request also please don't install this app,1,2026-07-31 03:09:02 UTC,0,play_store,worst app I was ordered a product and that product was damaged and the I returned back but amount have been debited to blinkit account only in promocode formate I have many times called them they didn't respond to my request also please don't install this app,bad app order product product damage return back amount debit blinkit account promocode formate many time call didnt respond request also please dont install app
we r unable to call the delivery partner,1,2026-07-31 03:07:13 UTC,0,play_store,we r unable to call the delivery partner,r unable call delivery partner
too costly but majboori hai....lot of charges,1,2026-07-31 03:06:37 UTC,0,play_store,too costly but majboori hai....lot of charges,costly majboori hailot charge
"If you go to see this, if a person is alone then this app will prove to be very helpful for him because this app makes quick arrangements for buying goods from the market.",5,2026-07-31 03:04:05 UTC,0,play_store,"If you go to see this, if a person is alone then this app will prove to be very helpful for him because this app makes quick arrangements for buying goods from the market.",go see person alone app prove helpful app make quick arrangement buy good market
very nice app for short time minutes delivery,5,2026-07-31 03:02:57 UTC,0,play_store,very nice app for short time minutes delivery,nice app short time minute delivery
it good it easy to order but the charges are to much after ordering like if I will order ₹17 milk and ₹50 coffee so it will take ₹122 - ₹150 !,4,2026-07-31 03:00:28 UTC,0,play_store,it good it easy to order but the charges are to much after ordering like if I will order ₹17 milk and ₹50 coffee so it will take ₹122 - ₹150 !,good easy order charge much order like order milk coffee take
the service is very good 👍,5,2026-07-31 02:58:57 UTC,0,play_store,the service is very good 👍,service good
goof,5,2026-07-31 02:55:20 UTC,0,play_store,goof,goof
it was too good and easy with blinkit,5,2026-07-31 02:52:45 UTC,0,play_store,it was too good and easy with blinkit,good easy blinkit
the best delivery,5,2026-07-31 02:52:34 UTC,0,play_store,the best delivery,best delivery
mast,4,2026-07-31 02:50:33 UTC,0,play_store,mast,mast
voice commands are so easy instead of typing for senior citizens like me. I am 82 years young. My hand shakes while typing. Hence I prefer voice commands to typing.,5,2026-07-31 02:46:46 UTC,0,play_store,voice commands are so easy instead of typing for senior citizens like me. I am 82 years young. My hand shakes while typing. Hence I prefer voice commands to typing.,voice command easy instead type senior citizen like 82 year young hand shake type hence prefer voice command type
wait,3,2026-07-31 02:46:04 UTC,0,play_store,wait,wait
It's instant and good but some time it disappoints,4,2026-07-31 02:43:14 UTC,0,play_store,It's instant and good but some time it disappoints,instant good time disappoints
free delivery not available,2,2026-07-31 02:42:21 UTC,0,play_store,free delivery not available,free delivery available
"Best service, really fast and delivery person's are polite",5,2026-07-31 02:36:10 UTC,0,play_store,"Best service, really fast and delivery person's are polite",best service really fast delivery person polite
quality of Vegetables and electronics products could improve,4,2026-07-31 02:36:02 UTC,0,play_store,quality of Vegetables and electronics products could improve,quality vegetable electronics product could improve
Very nice app,5,2026-07-31 02:33:49 UTC,0,play_store,Very nice app,nice app
Nice 🙂 facility 👍🏻,5,2026-07-31 02:31:07 UTC,0,play_store,Nice 🙂 facility 👍🏻,nice facility
vari good,5,2026-07-31 02:29:52 UTC,0,play_store,vari good,vari good
bast aap,5,2026-07-31 02:28:07 UTC,0,play_store,bast aap,bast aap
very bad app,1,2026-07-31 02:25:51 UTC,0,play_store,very bad app,bad app
very bad not good waste of money,1,2026-07-31 02:25:21 UTC,0,play_store,very bad not good waste of money,bad good waste money
Today I ordered Kamal kakadi and it's very bad and extremely dirty,1,2026-07-31 02:25:06 UTC,0,play_store,Today I ordered Kamal kakadi and it's very bad and extremely dirty,today order kamal kakadi bad extremely dirty
very very work full app,1,2026-07-31 02:24:31 UTC,0,play_store,very very work full app,work full app
ret bhut mahgi h discount kijiye,5,2026-07-31 02:15:24 UTC,0,play_store,ret bhut mahgi h discount kijiye,ret bhut mahgi h discount kijiye
"very bad experience and most of the items missing, even though the products are out of stock, showing in the customer App, very ridiculous",1,2026-07-31 02:13:28 UTC,0,play_store,"very bad experience and most of the items missing, even though the products are out of stock, showing in the customer App, very ridiculous",bad experience item miss even though product stock show customer app ridiculous
Would love more product options added later. Otherwise the app is very user-friendly and smooth.,4,2026-07-31 02:11:10 UTC,0,play_store,Would love more product options added later. Otherwise the app is very user-friendly and smooth.,would love product option add later otherwise app userfriendly smooth
add an option for expected expiry date I faced this problem from past 1 year,1,2026-07-31 02:03:31 UTC,0,play_store,add an option for expected expiry date I faced this problem from past 1 year,add option expect expiry date face problem past 1 year
"product sahi me jaldi ate hai, or delivery man ka behaviour bhi bohot acha hota hai .. ❤️❤️❤️",5,2026-07-31 02:00:31 UTC,0,play_store,"product sahi me jaldi ate hai, or delivery man ka behaviour bhi bohot acha hota hai .. ❤️❤️❤️",product sahi jaldi ate hai delivery man ka behaviour bhi bohot acha hota hai
very good home survice,5,2026-07-31 02:00:10 UTC,0,play_store,very good home survice,good home survice
okay,5,2026-07-31 01:56:29 UTC,0,play_store,okay,okay
its prompt and quick service I enjoy ordering,5,2026-07-31 01:56:09 UTC,0,play_store,its prompt and quick service I enjoy ordering,prompt quick service enjoy order
truly India's last minute app. thank you blinkit!!,5,2026-07-31 01:53:12 UTC,0,play_store,truly India's last minute app. thank you blinkit!!,truly indias last minute app thank blinkit
Great but could have more variety,4,2026-07-31 01:46:39 UTC,1,play_store,Great but could have more variety,great could variety
"The fastest service you can get from them. Blinkit will come to your immense relief in the early morning when your local kirana shops are closed. Their commitment to timely service is a real thing, and most importantly, their service is rapidly spreading all over India. It's a great help for me, as I come from a very small town too.....👍",5,2026-07-31 01:40:39 UTC,0,play_store,"The fastest service you can get from them. Blinkit will come to your immense relief in the early morning when your local kirana shops are closed. Their commitment to timely service is a real thing, and most importantly, their service is rapidly spreading all over India. It's a great help for me, as I come from a very small town too.....👍",fast service get blinkit come immense relief early morning local kirana shop close commitment timely service real thing importantly service rapidly spread india great help come small town
"Amazing experience when all shops close or having distance , blinkit is available.",5,2026-07-31 01:36:17 UTC,0,play_store,"Amazing experience when all shops close or having distance , blinkit is available.",amaze experience shop close distance blinkit available
Day by day facing worst experience with blinkeit. Seriously if I face the delay again I'll uninstall Blinked and download zepto.,1,2026-07-31 01:34:16 UTC,0,play_store,Day by day facing worst experience with blinkeit. Seriously if I face the delay again I'll uninstall Blinked and download zepto.,day day face bad experience blinkeit seriously face delay ill uninstall blink download zepto
Apne aap order cancel karne wale,1,2026-07-31 01:30:47 UTC,0,play_store,Apne aap order cancel karne wale,apne aap order cancel karne wale
waw super,1,2026-07-31 01:30:39 UTC,0,play_store,waw super,waw super
The blinkit don't even follow the instructions.,2,2026-07-31 01:18:56 UTC,0,play_store,The blinkit don't even follow the instructions.,blinkit dont even follow instruction
i stay in a small city. and i was not getting many items here. many good brands. now after blink it has come everything is available. and best part is it delivers in 8mins or early. so happy with the service,5,2026-07-31 01:11:08 UTC,0,play_store,i stay in a small city. and i was not getting many items here. many good brands. now after blink it has come everything is available. and best part is it delivers in 8mins or early. so happy with the service,stay small city get many item many good brand blink come everything available best part deliver 8mins early happy service
best & fast service thanks.,5,2026-07-31 01:00:52 UTC,0,play_store,best & fast service thanks.,best fast service thanks
it's the greatest delivery app by far,5,2026-07-31 00:49:53 UTC,0,play_store,it's the greatest delivery app by far,great delivery app far
good sarvice,5,2026-07-31 00:49:03 UTC,0,play_store,good sarvice,good sarvice
super superb.,5,2026-07-31 00:43:45 UTC,0,play_store,super superb.,super superb
medicine and dr instant call with prescription is highly appreciable on 31st july 26,5,2026-07-31 00:37:20 UTC,0,play_store,medicine and dr instant call with prescription is highly appreciable on 31st july 26,medicine dr instant call prescription highly appreciable 31st july 26
best service this app,5,2026-07-30 21:29:54 UTC,0,play_store,best service this app,best service app
Worst,1,2026-07-30 21:26:23 UTC,0,play_store,Worst,bad
this is a best platform for helping at night 3 to 4 am,5,2026-07-30 21:16:17 UTC,0,play_store,this is a best platform for helping at night 3 to 4 am,best platform help night 3 4
Delivery very fast 😚😚,5,2026-07-30 21:11:22 UTC,0,play_store,Delivery very fast 😚😚,delivery fast
There is no offer in blinkit & extra charges in handling & newly added late fees charges.in my thought Instamart far better than blinkit.,1,2026-07-30 21:06:51 UTC,0,play_store,There is no offer in blinkit & extra charges in handling & newly added late fees charges.in my thought Instamart far better than blinkit.,offer blinkit extra charge handle newly add late fee chargesin think instamart far well blinkit
add too much extra charges zepto is best 👌 🩷,3,2026-07-30 21:06:51 UTC,0,play_store,add too much extra charges zepto is best 👌 🩷,add much extra charge zepto best
I wanna experience blinkit myself ....kindly avail the service in the town Goalpara of Assam,1,2026-07-30 21:00:25 UTC,0,play_store,I wanna experience blinkit myself ....kindly avail the service in the town Goalpara of Assam,wan na experience blinkit kindly avail service town goalpara assam
worst service I have ever seen in my life,1,2026-07-30 20:59:31 UTC,0,play_store,worst service I have ever seen in my life,bad service ever see life
please add amazon pay later for payment so that I can order more nearly 2000 plus am ordering from zepto last month so it's taking little bit more charge please integrate amazon pay later,4,2026-07-30 20:31:49 UTC,0,play_store,please add amazon pay later for payment so that I can order more nearly 2000 plus am ordering from zepto last month so it's taking little bit more charge please integrate amazon pay later,please add amazon pay later payment order nearly 2000 plus order zepto last month take little bit charge please integrate amazon pay later
i don't liked blinkit service,1,2026-07-30 20:25:38 UTC,0,play_store,i don't liked blinkit service,dont like blinkit service
Items were missing from my order and customer support didn't even try to help me or address my issue they were just ending the chat saying customer support is hampered and the delivery partner had blocked my number. Very poor service won't advise anyone to use this app. They didn't even try. Worst service Blinkit.,1,2026-07-30 20:16:08 UTC,1,play_store,Items were missing from my order and customer support didn't even try to help me or address my issue they were just ending the chat saying customer support is hampered and the delivery partner had blocked my number. Very poor service won't advise anyone to use this app. They didn't even try. Worst service Blinkit.,item miss order customer support didnt even try help address issue end chat say customer support hamper delivery partner block number poor service wont advise anyone use app didnt even try bad service blinkit
not getting response feedback is zero 100%,1,2026-07-30 20:05:09 UTC,0,play_store,not getting response feedback is zero 100%,get response feedback zero 100
Every time I was receive unfresh items in bakery products specially bread,1,2026-07-30 19:54:44 UTC,0,play_store,Every time I was receive unfresh items in bakery products specially bread,every time receive unfresh item bakery product specially bread
ree bhai correct time bhejta hai bhai i love you ree😘,5,2026-07-30 19:51:04 UTC,0,play_store,ree bhai correct time bhejta hai bhai i love you ree😘,ree bhai correct time bhejta hai bhai love ree
it's very useful app 👍 and fast delivery and save the time😊,5,2026-07-30 19:48:58 UTC,0,play_store,it's very useful app 👍 and fast delivery and save the time😊,useful app fast delivery save time
well packed and late night support also awesome.. thanks to the blinkit team,5,2026-07-30 19:48:57 UTC,0,play_store,well packed and late night support also awesome.. thanks to the blinkit team,well pack late night support also awesome thanks blinkit team
mega deta hai bohot,1,2026-07-30 19:48:50 UTC,0,play_store,mega deta hai bohot,mega deta hai bohot
"ordered chest mount and it was supposed to be universal size but the straps on the one I received is very tiny, aqsa from customer service wasn't helpful at all. blinkit couldn't resolve the issue, didn't value my time and money?!",2,2026-07-30 19:42:23 UTC,0,play_store,"ordered chest mount and it was supposed to be universal size but the straps on the one I received is very tiny, aqsa from customer service wasn't helpful at all. blinkit couldn't resolve the issue, didn't value my time and money?!",ordered chest mount suppose universal size strap one receive tiny aqsa customer service wasnt helpful blinkit couldnt resolve issue didnt value time money
it was nice to work fast delivery u can purchase everything to be easy and fast 👍👍👍,5,2026-07-30 19:34:35 UTC,0,play_store,it was nice to work fast delivery u can purchase everything to be easy and fast 👍👍👍,nice work fast delivery u purchase everything easy fast
very worst payment method I try to 50 times ordering but payment method is nit working,1,2026-07-30 19:33:19 UTC,0,play_store,very worst payment method I try to 50 times ordering but payment method is nit working,bad payment method try 50 time ordering payment method nit work
removed the ordered items and added delivery charge and late night fee and convince charge to show same billing amount,1,2026-07-30 19:32:41 UTC,0,play_store,removed the ordered items and added delivery charge and late night fee and convince charge to show same billing amount,remove ordered item add delivery charge late night fee convince charge show billing amount
"No doubt this app provides snacks, grocery, electronic and many other item in the time of 15 to 20 minutes. But,I heard the 5 star ambulance service of blinkit in zero fees! for that i wrote this review. Guys support and try this app.",5,2026-07-30 19:17:43 UTC,0,play_store,"No doubt this app provides snacks, grocery, electronic and many other item in the time of 15 to 20 minutes. But,I heard the 5 star ambulance service of blinkit in zero fees! for that i wrote this review. Guys support and try this app.",doubt app provide snack grocery electronic many item time 15 20 minute buti hear 5 star ambulance service blinkit zero fee write review guy support try app
nise,5,2026-07-30 19:16:36 UTC,0,play_store,nise,nise
no order received,1,2026-07-30 19:10:47 UTC,0,play_store,no order received,order receive
First it delivers damaged product and then it doesn't do the exchange even in urgency,1,2026-07-30 19:08:32 UTC,0,play_store,First it delivers damaged product and then it doesn't do the exchange even in urgency,first delivers damage product doesnt exchange even urgency
exilent,5,2026-07-30 19:08:15 UTC,0,play_store,exilent,exilent
this app is not interested because this app delevery charges is very high and bill is also high...😞,4,2026-07-30 19:05:33 UTC,0,play_store,this app is not interested because this app delevery charges is very high and bill is also high...😞,app interested app delevery charge high bill also high
not satisfied,1,2026-07-30 19:02:10 UTC,0,play_store,not satisfied,satisfied
agar koi online pement na chalata ho to koi order nhi kar sakta 12 bje ke bad ya online na ho to 😡😡😡😡,1,2026-07-30 19:00:40 UTC,0,play_store,agar koi online pement na chalata ho to koi order nhi kar sakta 12 bje ke bad ya online na ho to 😡😡😡😡,agar koi online pement na chalata ho koi order nhi kar sakta 12 bje ke bad ya online na ho
dilivery wasted products,1,2026-07-30 18:59:38 UTC,0,play_store,dilivery wasted products,dilivery waste product
good product quality and service is very fast,5,2026-07-30 18:59:30 UTC,0,play_store,good product quality and service is very fast,good product quality service fast
worst app i recommend not to use because money wasted customer service worst experience,1,2026-07-30 18:53:05 UTC,0,play_store,worst app i recommend not to use because money wasted customer service worst experience,bad app recommend use money waste customer service worst experience
"Har problem ka solution, Blinkit.",5,2026-07-30 18:52:14 UTC,0,play_store,"Har problem ka solution, Blinkit.",har problem ka solution blinkit
Experiencing bad service and quality of food products from the last few months and all you guys are doing is giving fake empathy. Blinkit is becoming pathetic day by day.,1,2026-07-30 18:45:59 UTC,0,play_store,Experiencing bad service and quality of food products from the last few months and all you guys are doing is giving fake empathy. Blinkit is becoming pathetic day by day.,experience bad service quality food product last month guy give fake empathy blinkit become pathetic day day
my order was not samene kux or order Kiya or mere pass aaya kux or h,1,2026-07-30 18:41:02 UTC,0,play_store,my order was not samene kux or order Kiya or mere pass aaya kux or h,order samene kux order kiya mere pas aaya kux h
"Terrible experience! Placed an order at 11:06 PM, only for them to cancel it at 11:50 PM stating they couldn't complete it. This is completely ridiculous. If an order cannot be fulfilled, they should have the basic courtesy to inform the customer within 15 minutes instead of wasting nearly an hour. What were they even doing for 44 minutes? Completely unreliable service!",1,2026-07-30 18:37:25 UTC,0,play_store,"Terrible experience! Placed an order at 11:06 PM, only for them to cancel it at 11:50 PM stating they couldn't complete it. This is completely ridiculous. If an order cannot be fulfilled, they should have the basic courtesy to inform the customer within 15 minutes instead of wasting nearly an hour. What were they even doing for 44 minutes? Completely unreliable service!",terrible experience place order 1106 pm cancel 1150 pm state couldnt complete completely ridiculous order fulfil basic courtesy inform customer within 15 minute instead waste nearly hour even 44 minute completely unreliable service
Veer good AAP,5,2026-07-30 18:35:11 UTC,0,play_store,Veer good AAP,veer good aap
Great and fast service,5,2026-07-30 18:33:21 UTC,0,play_store,Great and fast service,great fast service
best use and easy app face,4,2026-07-30 18:33:00 UTC,0,play_store,best use and easy app face,best use easy app face
very bad service wrong product delever,1,2026-07-30 18:32:04 UTC,0,play_store,very bad service wrong product delever,bad service wrong product delever
bad delivery,1,2026-07-30 18:25:13 UTC,0,play_store,bad delivery,bad delivery
"firstly I want to thank, saravanan delivery sir , thank you so much for for kind at Tiruppur railway station saravanan sir in emergency sichwation I need ORS , fastly they delivered my order. thank you much . DATE- 30/07/2026",5,2026-07-30 18:20:51 UTC,0,play_store,"firstly I want to thank, saravanan delivery sir , thank you so much for for kind at Tiruppur railway station saravanan sir in emergency sichwation I need ORS , fastly they delivered my order. thank you much . DATE- 30/07/2026",firstly want thank saravanan delivery sir thank much kind tiruppur railway station saravanan sir emergency sichwation need or fastly deliver order thank much date 30072026
printing ka kaam bhi chalu karo himmatnagar me,5,2026-07-30 18:20:01 UTC,0,play_store,printing ka kaam bhi chalu karo himmatnagar me,print ka kaam bhi chalu karo himmatnagar
very good and fast service,5,2026-07-30 18:12:35 UTC,0,play_store,very good and fast service,good fast service
just waste,1,2026-07-30 18:12:13 UTC,0,play_store,just waste,waste
"Good service, add more products and also price must me as low as your competitors like jio mart and dmart",4,2026-07-30 18:10:46 UTC,0,play_store,"Good service, add more products and also price must me as low as your competitors like jio mart and dmart",good service add product also price must low competitor like jio mart dmart
nice delivery but mid night in Near biharsharif delivery late,5,2026-07-30 18:10:39 UTC,0,play_store,nice delivery but mid night in Near biharsharif delivery late,nice delivery mid night near biharsharif delivery late
best they do work hard,5,2026-07-30 18:09:09 UTC,0,play_store,best they do work hard,best work hard
"highly satisfied and best thing which I like in blinkit that,when ever I ordered medicines doctor called up immediately and ask for what you ordered tha medicine.. thankyou blinkit",5,2026-07-30 18:07:03 UTC,0,play_store,"highly satisfied and best thing which I like in blinkit that,when ever I ordered medicines doctor called up immediately and ask for what you ordered tha medicine.. thankyou blinkit",highly satisfied best thing like blinkit thatwhen ever order medicine doctor call immediately ask ordered tha medicine thankyou blinkit
super fast delivery im happy,5,2026-07-30 18:07:02 UTC,0,play_store,super fast delivery im happy,super fast delivery im happy
very fast delivery,5,2026-07-30 18:05:09 UTC,0,play_store,very fast delivery,fast delivery
now is because of cash on delivery,5,2026-07-30 18:00:39 UTC,0,play_store,now is because of cash on delivery,cash delivery
delivery is very quick,5,2026-07-30 17:58:50 UTC,0,play_store,delivery is very quick,delivery quick
always 2-3% higher price than local or nearest shop,2,2026-07-30 17:55:13 UTC,0,play_store,always 2-3% higher price than local or nearest shop,always 23 high price local nearest shop
"bad deliver executives, bad customer service, the reason for two star is availability in my area",2,2026-07-30 17:55:03 UTC,0,play_store,"bad deliver executives, bad customer service, the reason for two star is availability in my area",bad deliver executive bad customer service reason two star availability area
calculation mistake Free delivery above 150,2,2026-07-30 17:54:00 UTC,0,play_store,calculation mistake Free delivery above 150,calculation mistake free delivery 150
Everything is perfect,5,2026-07-30 17:52:05 UTC,0,play_store,Everything is perfect,everything perfect
super app,4,2026-07-30 17:47:48 UTC,0,play_store,super app,super app
it should always be cost effecient compare to store but nowadays blinkit is even taking surge charges aswell 🥲,4,2026-07-30 17:45:39 UTC,0,play_store,it should always be cost effecient compare to store but nowadays blinkit is even taking surge charges aswell 🥲,always cost effecient compare store nowadays blinkit even take surge charge aswell
nice delivery,4,2026-07-30 17:43:29 UTC,0,play_store,nice delivery,nice delivery
They All are scammers If you are searching a electroinc product the highly i un recommended the blink it I have ordered the blue tooth speaker worth of 1200Rs once I have opened The box the product is not at all Power on tried lot of methods the speaker is workless the have Sent the repair speaker twice I have connected with CC They are telling we can't on this issue Don't waste your money by ordering the electronic products in blink it waste of money waste of time worst customer care,1,2026-07-30 17:41:35 UTC,0,play_store,They All are scammers If you are searching a electroinc product the highly i un recommended the blink it I have ordered the blue tooth speaker worth of 1200Rs once I have opened The box the product is not at all Power on tried lot of methods the speaker is workless the have Sent the repair speaker twice I have connected with CC They are telling we can't on this issue Don't waste your money by ordering the electronic products in blink it waste of money waste of time worst customer care,scammer search electroinc product highly un recommend blink order blue tooth speaker worth 1200rs opened box product power try lot method speaker workless send repair speaker twice connect cc tell cant issue dont waste money order electronic product blink waste money waste time worst customer care
poor customer service,1,2026-07-30 17:40:09 UTC,0,play_store,poor customer service,poor customer service
best app forever 🤩,5,2026-07-30 17:38:13 UTC,0,play_store,best app forever 🤩,best app forever
thanku for your wishlist,5,2026-07-30 17:37:36 UTC,0,play_store,thanku for your wishlist,thanku wishlist
worst platform for purchase they charge more compared to other don't trust this blinkit,1,2026-07-30 17:36:00 UTC,0,play_store,worst platform for purchase they charge more compared to other don't trust this blinkit,bad platform purchase charge compare dont trust blinkit
"many time it's showing completely wrong timing, if it takes time then fine but don't show false timing.",3,2026-07-30 17:35:25 UTC,0,play_store,"many time it's showing completely wrong timing, if it takes time then fine but don't show false timing.",many time show completely wrong time take time fine dont show false timing
super fast delivered,5,2026-07-30 17:33:48 UTC,0,play_store,super fast delivered,super fast deliver
pahli bar Manga rahe hain aaega tab rating denge,2,2026-07-30 17:32:42 UTC,0,play_store,pahli bar Manga rahe hain aaega tab rating denge,pahli bar manga rahe hain aaega tab rating denge
best experience in blinkit,5,2026-07-30 17:30:18 UTC,0,play_store,best experience in blinkit,best experience blinkit
Service is very good but one has to add too many things for getting free delivery .,5,2026-07-30 17:30:14 UTC,0,play_store,Service is very good but one has to add too many things for getting free delivery .,service good one add many thing get free delivery
i have good experience but I wondered that recently I got expired material along with damage ... i loss my money...I will never use it.. I don't know why blink it charge for handling while not fulfill it,1,2026-07-30 17:29:59 UTC,0,play_store,i have good experience but I wondered that recently I got expired material along with damage ... i loss my money...I will never use it.. I don't know why blink it charge for handling while not fulfill it,good experience wonder recently get expired material along damage loss moneyi never use dont know blink charge handling fulfill
please bring the new harry Potter kinderjoy in stock my son wants it so badly and is talking about it day and night,5,2026-07-30 17:26:45 UTC,0,play_store,please bring the new harry Potter kinderjoy in stock my son wants it so badly and is talking about it day and night,please bring new harry potter kinderjoy stock son want badly talk day night
"Very helpful app, thanks",5,2026-07-30 17:24:08 UTC,0,play_store,"Very helpful app, thanks",helpful app thanks
Very helpful,4,2026-07-30 17:22:42 UTC,0,play_store,Very helpful,helpful
order not taking,2,2026-07-30 17:17:47 UTC,0,play_store,order not taking,order take
bro I like this app to much and I love this app ❤️❤️😍 but when the cod (cash on delivery )got off soo i got sooo angry start to hate this app but when I ordered something soo this app win my heart,5,2026-07-30 17:17:38 UTC,0,play_store,bro I like this app to much and I love this app ❤️❤️😍 but when the cod (cash on delivery )got off soo i got sooo angry start to hate this app but when I ordered something soo this app win my heart,bro like app much love app cod cash delivery get soo get sooo angry start hate app order something soo app win heart
DELIVER WILL SO FASTEST I LIKE IT THIS APP,5,2026-07-30 17:17:23 UTC,0,play_store,DELIVER WILL SO FASTEST I LIKE IT THIS APP,deliver fast like app
good time delivery,4,2026-07-30 17:17:17 UTC,0,play_store,good time delivery,good time delivery
blinkit delivery app install h toh kya hum blinkit se kuch nhi manga sakte kya very bad service,1,2026-07-30 17:15:36 UTC,0,play_store,blinkit delivery app install h toh kya hum blinkit se kuch nhi manga sakte kya very bad service,blinkit delivery app install h toh kya hum blinkit se kuch nhi manga sakte kya bad service
super fast delivery with careful hand's 😊😊,5,2026-07-30 17:14:43 UTC,0,play_store,super fast delivery with careful hand's 😊😊,super fast delivery careful hand
mast ha yaar,5,2026-07-30 17:11:32 UTC,0,play_store,mast ha yaar,mast ha yaar
really a great initiative getting groceries delivered in 10 minutes is a blessing,5,2026-07-30 17:10:35 UTC,0,play_store,really a great initiative getting groceries delivered in 10 minutes is a blessing,really great initiative get grocery deliver 10 minute bless
ok ok,5,2026-07-30 17:08:40 UTC,0,play_store,ok ok,ok ok
it's good for daily life uses,4,2026-07-30 17:08:14 UTC,0,play_store,it's good for daily life uses,good daily life us
"very bad service, received my order tear, adulteration most of the food items, fssi should check, fine heavy money",1,2026-07-30 17:07:50 UTC,0,play_store,"very bad service, received my order tear, adulteration most of the food items, fssi should check, fine heavy money",bad service receive order tear adulteration food item fssi check fine heavy money
refund nhi milta product bhi acha nhi ata hai mere paise 2400 refund nhi kare hai pls ya se order na kare,1,2026-07-30 17:06:22 UTC,0,play_store,refund nhi milta product bhi acha nhi ata hai mere paise 2400 refund nhi kare hai pls ya se order na kare,refund nhi milta product bhi acha nhi ata hai mere paise 2400 refund nhi kare hai pls ya se order na kare
nice and commitment to its time. I ordered in mid night and got delivered within time frame.. for me its very useful.. it always full fill my last minute need.. great service 👏,5,2026-07-30 17:05:22 UTC,0,play_store,nice and commitment to its time. I ordered in mid night and got delivered within time frame.. for me its very useful.. it always full fill my last minute need.. great service 👏,nice commitment time order mid night get deliver within time frame useful always full fill last minute need great service
phle mera order nhi laya koi pata nhi kon tha vo,3,2026-07-30 17:02:22 UTC,0,play_store,phle mera order nhi laya koi pata nhi kon tha vo,phle mera order nhi laya koi pata nhi kon tha vo
nise app,4,2026-07-30 17:01:30 UTC,0,play_store,nise app,nise app
Late delivery less amount they will show u currently unavailable delivery or like hing demand,1,2026-07-30 17:00:30 UTC,0,play_store,Late delivery less amount they will show u currently unavailable delivery or like hing demand,late delivery less amount show u currently unavailable delivery like hing demand
any time delivery when we need,4,2026-07-30 17:00:26 UTC,0,play_store,any time delivery when we need,time delivery need
it's time sever and we can get whatever we want at our door step,5,2026-07-30 17:00:14 UTC,0,play_store,it's time sever and we can get whatever we want at our door step,time sever get whatever want door step
Convenience and quality,5,2026-07-30 16:57:56 UTC,0,play_store,Convenience and quality,convenience quality
cancellation should be allowed some times it's said payment failed so I ordered again now I have 2 same products,1,2026-07-30 16:57:34 UTC,0,play_store,cancellation should be allowed some times it's said payment failed so I ordered again now I have 2 same products,cancellation allow time say payment fail order 2 product
thik thak hai,2,2026-07-30 16:54:28 UTC,0,play_store,thik thak hai,thik thak hai
good work,5,2026-07-30 16:54:15 UTC,0,play_store,good work,good work
need some improvement,3,2026-07-30 16:53:58 UTC,0,play_store,need some improvement,need improvement
good app but it does not have certain products this app is definitely better than others,4,2026-07-30 16:52:55 UTC,0,play_store,good app but it does not have certain products this app is definitely better than others,good app certain product app definitely good others
"Blinkit is a really good app but it takes a lot of money like if an object is of ₹50 but when you order with all the extra fees it will approximately become over ₹90. So, this the thing I don't like about blinkit but otherwise everything is very good.",3,2026-07-30 16:52:54 UTC,0,play_store,"Blinkit is a really good app but it takes a lot of money like if an object is of ₹50 but when you order with all the extra fees it will approximately become over ₹90. So, this the thing I don't like about blinkit but otherwise everything is very good.",blinkit really good app take lot money like object order extra fee approximately become thing dont like blinkit otherwise everything good
daily life made easy,4,2026-07-30 16:49:34 UTC,0,play_store,daily life made easy,daily life make easy
"speedy delivery app,like it.",5,2026-07-30 16:48:58 UTC,0,play_store,"speedy delivery app,like it.",speedy delivery applike
first time order kiya hai dekhte hai kaisa ata hai,5,2026-07-30 16:47:31 UTC,0,play_store,first time order kiya hai dekhte hai kaisa ata hai,first time order kiya hai dekhte hai kaisa ata hai
very good and fast service but please maintain privacy on some product,5,2026-07-30 16:47:03 UTC,0,play_store,very good and fast service but please maintain privacy on some product,good fast service please maintain privacy product
"I'm using this app and it really good and time saving if u can't reach supermarket... but from my few orders experience it's made me to write this review....is there a shortage of bags , coz spacially my products are coming fully wet in rain ... please blinkit fix this problem, if there no bags available please no need to accept orders",2,2026-07-30 16:43:24 UTC,0,play_store,"I'm using this app and it really good and time saving if u can't reach supermarket... but from my few orders experience it's made me to write this review....is there a shortage of bags , coz spacially my products are coming fully wet in rain ... please blinkit fix this problem, if there no bags available please no need to accept orders",im use app really good time save u cant reach supermarket order experience make write reviewis shortage bag coz spacially product come fully wet rain please blinkit fix problem bag available please need accept order
choosing items are very easy and also delivered fast,4,2026-07-30 16:41:36 UTC,0,play_store,choosing items are very easy and also delivered fast,choose item easy also deliver fast
osm 🙂,5,2026-07-30 16:40:31 UTC,0,play_store,osm 🙂,osm
everything is nice but I think you should start accepting cash over 2000,5,2026-07-30 16:39:24 UTC,0,play_store,everything is nice but I think you should start accepting cash over 2000,everything nice think start accept cash 2000
sometimes they just play smart. i ordered two items . they sent both of them separately and charged handling charges .,2,2026-07-30 16:37:33 UTC,0,play_store,sometimes they just play smart. i ordered two items . they sent both of them separately and charged handling charges .,sometimes play smart order two item send separately charge handling charge
thik ha par mahngha ha,1,2026-07-30 16:36:42 UTC,0,play_store,thik ha par mahngha ha,thik ha par mahngha ha
whatever I want I get from blinkit,5,2026-07-30 16:36:20 UTC,0,play_store,whatever I want I get from blinkit,whatever want get blinkit
too expensive,2,2026-07-30 16:36:11 UTC,0,play_store,too expensive,expensive
osm work,5,2026-07-30 16:35:22 UTC,0,play_store,osm work,osm work
Good night fast service,4,2026-07-30 16:35:13 UTC,0,play_store,Good night fast service,good night fast service
very good & fast service,5,2026-07-30 16:34:42 UTC,0,play_store,very good & fast service,good fast service
worst app when u want to return a damaged item delivered,1,2026-07-30 16:34:26 UTC,0,play_store,worst app when u want to return a damaged item delivered,bad app u want return damage item deliver
thank,5,2026-07-30 16:34:20 UTC,0,play_store,thank,thank
this app is to good if you purchase below 150 it will take delivery charge but if you purchase above 150 delivery charge will not take and I am very happy with this app you only set at your home and itme will come at your door steps,5,2026-07-30 16:33:35 UTC,0,play_store,this app is to good if you purchase below 150 it will take delivery charge but if you purchase above 150 delivery charge will not take and I am very happy with this app you only set at your home and itme will come at your door steps,app good purchase 150 take delivery charge purchase 150 delivery charge take happy app set home itme come door step
everything was fine except for it didn't have things i expected and had unnecessary charges....,3,2026-07-30 16:33:06 UTC,0,play_store,everything was fine except for it didn't have things i expected and had unnecessary charges....,everything fine except didnt thing expect unnecessary charge
milk is useless,1,2026-07-30 16:31:39 UTC,0,play_store,milk is useless,milk useless
best seller in india cuz they take exchange and refund if you have the problem,4,2026-07-30 16:31:21 UTC,0,play_store,best seller in india cuz they take exchange and refund if you have the problem,best seller india cuz take exchange refund problem
I have better experience with blinket,4,2026-07-30 16:28:20 UTC,0,play_store,I have better experience with blinket,good experience blinket
"I am very disappointed with my experience using Blinkit. The delivery was delayed, and the items I received were not in the expected condition. It was frustrating to deal with the issue because customer support did not provide a satisfactory solution. The app has potential, but the inconsistent service, poor order handling, and lack of timely assistance made the overall experience unpleasant. I hope these issues are addressed so customers can rely on the service in the future.",1,2026-07-30 16:28:05 UTC,0,play_store,"I am very disappointed with my experience using Blinkit. The delivery was delayed, and the items I received were not in the expected condition. It was frustrating to deal with the issue because customer support did not provide a satisfactory solution. The app has potential, but the inconsistent service, poor order handling, and lack of timely assistance made the overall experience unpleasant. I hope these issues are addressed so customers can rely on the service in the future.",disappointed experience use blinkit delivery delay item receive expected condition frustrate deal issue customer support provide satisfactory solution app potential inconsistent service poor order handle lack timely assistance make overall experience unpleasant hope issue address customer rely service future
Pl Ensure in items rain protection ok,5,2026-07-30 16:27:10 UTC,0,play_store,Pl Ensure in items rain protection ok,pl ensure item rain protection ok
.ost of jewellery is out of stock in my area and many things are out of stock I don't when they will get in stock as I have also turned on notify me but still nothing. no doubt app is perfect about when the things are not there which are required makes me feel bad,3,2026-07-30 16:24:54 UTC,0,play_store,.ost of jewellery is out of stock in my area and many things are out of stock I don't when they will get in stock as I have also turned on notify me but still nothing. no doubt app is perfect about when the things are not there which are required makes me feel bad,ost jewellery stock area many thing stock dont get stock also turn notify still nothing doubt app perfect thing require make feel bad
very help ful aap,5,2026-07-30 16:24:08 UTC,0,play_store,very help ful aap,help ful aap
best service reliable products super fast delivery no regret so far,5,2026-07-30 16:24:05 UTC,0,play_store,best service reliable products super fast delivery no regret so far,best service reliable product super fast delivery regret far
love you 🤟,5,2026-07-30 16:22:41 UTC,0,play_store,love you 🤟,love
"For my case, almost every time, the delivery was very quick within 10 to 15min. super happy.",5,2026-07-30 16:21:39 UTC,0,play_store,"For my case, almost every time, the delivery was very quick within 10 to 15min. super happy.",case almost every time delivery quick within 10 15min super happy
best of delivery in aall,5,2026-07-30 16:21:31 UTC,0,play_store,best of delivery in aall,best delivery aall
super mast,5,2026-07-30 16:21:10 UTC,0,play_store,super mast,super mast
bad products poor quality and price so high,1,2026-07-30 16:18:59 UTC,0,play_store,bad products poor quality and price so high,bad product poor quality price high
supar,5,2026-07-30 16:17:39 UTC,0,play_store,supar,supar
today expr experience is very poor and dilivery boy is very rude and abused word dilivery boy ne aaj drink kri hui thi,1,2026-07-30 16:16:31 UTC,0,play_store,today expr experience is very poor and dilivery boy is very rude and abused word dilivery boy ne aaj drink kri hui thi,today expr experience poor dilivery boy rude abuse word dilivery boy ne aaj drink kri hui thi
well a very good experience 💯,5,2026-07-30 16:08:49 UTC,0,play_store,well a very good experience 💯,well good experience
very good app for me,5,2026-07-30 16:08:35 UTC,0,play_store,very good app for me,good app
first time use kr rhi abi to delevery hui nhi h but mne 5 star rating de di h i hope delivery achi ho,5,2026-07-30 16:06:09 UTC,0,play_store,first time use kr rhi abi to delevery hui nhi h but mne 5 star rating de di h i hope delivery achi ho,first time use kr rhi abi delevery hui nhi h mne 5 star rating de di h hope delivery achi ho
I have ordered for the first time I hope it should arrive well and I thanks Blinkit That they save a lot of people's time,5,2026-07-30 16:05:42 UTC,0,play_store,I have ordered for the first time I hope it should arrive well and I thanks Blinkit That they save a lot of people's time,order first time hope arrive well thanks blinkit save lot people time
woww,5,2026-07-30 16:04:46 UTC,0,play_store,woww,woww
amazing for last minute hustle,5,2026-07-30 16:04:23 UTC,0,play_store,amazing for last minute hustle,amaze last minute hustle
don't get a handle bag I got the items in my hands,2,2026-07-30 16:02:21 UTC,0,play_store,don't get a handle bag I got the items in my hands,dont get handle bag get item hand
theek h beta,5,2026-07-30 16:01:50 UTC,0,play_store,theek h beta,theek h beta
badia app h kya soch k banae h bhai any time any item just watch and order,5,2026-07-30 16:00:54 UTC,0,play_store,badia app h kya soch k banae h bhai any time any item just watch and order,badia app h kya soch k banae h bhai time item watch order
waww,5,2026-07-30 15:59:57 UTC,0,play_store,waww,waww
I am giving a three star because of a surge charge after 2 minutes they are saying that surge applicable so I don't like this policy remove this policy for rs 150 things we have to order more than 499 for removing the surge otherwise it is best I mean above the best,3,2026-07-30 15:58:46 UTC,0,play_store,I am giving a three star because of a surge charge after 2 minutes they are saying that surge applicable so I don't like this policy remove this policy for rs 150 things we have to order more than 499 for removing the surge otherwise it is best I mean above the best,give three star surge charge 2 minute say surge applicable dont like policy remove policy rs 150 thing order 499 remove surge otherwise best mean best
"Blinkit is good, but the worst thing is that they don't provide cash on delivery for many areas. It takes handling charges no matter how much you spent. it's a good but ok ok app",4,2026-07-30 15:58:15 UTC,0,play_store,"Blinkit is good, but the worst thing is that they don't provide cash on delivery for many areas. It takes handling charges no matter how much you spent. it's a good but ok ok app",blinkit good bad thing dont provide cash delivery many area take handling charge matter much spent good ok ok app
NOT RECEIVED ALL ITEMS,1,2026-07-30 15:56:04 UTC,0,play_store,NOT RECEIVED ALL ITEMS,receive item
very fast delivery i like it very much.,5,2026-07-30 15:55:51 UTC,0,play_store,very fast delivery i like it very much.,fast delivery like much
happy,5,2026-07-30 15:54:00 UTC,0,play_store,happy,happy
very good n fast,5,2026-07-30 15:53:13 UTC,0,play_store,very good n fast,good n fast
No response on several complaints and requests...this was the last order ....no customer care to resolve the issue.My hard-earned money still stuck,1,2026-07-30 15:52:54 UTC,0,play_store,No response on several complaints and requests...this was the last order ....no customer care to resolve the issue.My hard-earned money still stuck,response several complaint requeststhis last order customer care resolve issuemy hardearned money still stick
z some times at an important situation it's showing that it is currently unavailable to our location 😕 other than that it is a good app,1,2026-07-30 15:51:00 UTC,0,play_store,z some times at an important situation it's showing that it is currently unavailable to our location 😕 other than that it is a good app,z time important situation show currently unavailable location good app
Good service right time 😃😃,5,2026-07-30 15:49:40 UTC,0,play_store,Good service right time 😃😃,good service right time
bilkul hi kam time me delivery ho jata hai .thanks blinkit,5,2026-07-30 15:49:19 UTC,0,play_store,bilkul hi kam time me delivery ho jata hai .thanks blinkit,bilkul hi kam time delivery ho jata hai thanks blinkit
customer Support says You can Order Ciggerate from The Promo Code and Issued A Promo Code but After Giving Promocode He said Sorry Promo Code Was Not Used In Tabbacco Products. so why He issued a promo Code Then He says I can't do Anything Now. Such a unprofessional Behaviour to Treat Customer Who Pays For the Order. Your Agent don't even Know Your Policies How can they sit On Customer Support.,1,2026-07-30 15:45:45 UTC,0,play_store,customer Support says You can Order Ciggerate from The Promo Code and Issued A Promo Code but After Giving Promocode He said Sorry Promo Code Was Not Used In Tabbacco Products. so why He issued a promo Code Then He says I can't do Anything Now. Such a unprofessional Behaviour to Treat Customer Who Pays For the Order. Your Agent don't even Know Your Policies How can they sit On Customer Support.,customer support say order ciggerate promo code issue promo code give promocode say sorry promo code use tabbacco product issue promo code say cant anything unprofessional behaviour treat customer pay order agent dont even know policy sit customer support
"All the online groceries service have the same pattern. first they give the offer to make customers and then slowly once the customer starts relying on their service, all of sudden there is inlogical customer support for your concern. they don't bother if you have any issues with the order and in call or email simply you gets such a convenient reply - Thank you for getting in touch with us. We sincerely apologize for any inconvenience caused and so on... 😂",1,2026-07-30 15:45:45 UTC,0,play_store,"All the online groceries service have the same pattern. first they give the offer to make customers and then slowly once the customer starts relying on their service, all of sudden there is inlogical customer support for your concern. they don't bother if you have any issues with the order and in call or email simply you gets such a convenient reply - Thank you for getting in touch with us. We sincerely apologize for any inconvenience caused and so on... 😂",online grocery service pattern first give offer make customer slowly customer start rely service sudden inlogical customer support concern dont bother issue order call email simply get convenient reply thank get touch u sincerely apologize inconvenience cause
nice working,5,2026-07-30 15:45:10 UTC,0,play_store,nice working,nice work
very nice for good food,5,2026-07-30 15:44:32 UTC,0,play_store,very nice for good food,nice good food
Very good app .... thank you for all the time available for us,4,2026-07-30 15:44:15 UTC,0,play_store,Very good app .... thank you for all the time available for us,good app thank time available u
they don't come on the acctuall place,2,2026-07-30 15:44:05 UTC,0,play_store,they don't come on the acctuall place,dont come acctuall place
GOOD AND FAST SERVICE,5,2026-07-30 15:43:07 UTC,0,play_store,GOOD AND FAST SERVICE,good fast service
prices are a bit too high than usuals,4,2026-07-30 15:42:58 UTC,0,play_store,prices are a bit too high than usuals,price bit high usuals
super fast,5,2026-07-30 15:40:12 UTC,0,play_store,super fast,super fast
"very costly, also the service charge of ₹9 is very high in Rajkot Gujarat.",1,2026-07-30 15:40:06 UTC,0,play_store,"very costly, also the service charge of ₹9 is very high in Rajkot Gujarat.",costly also service charge high rajkot gujarat
BEST DELIVERY APP AND FAST DELIVERY AT ANY TIME,5,2026-07-30 15:39:15 UTC,0,play_store,BEST DELIVERY APP AND FAST DELIVERY AT ANY TIME,best delivery app fast delivery time
top good aap,4,2026-07-30 15:38:32 UTC,0,play_store,top good aap,top good aap
worst products dont buy i ordered i bang rice of 26 kgs its getting bad smell ofter cook old stock ofter reviews also no use dont use blinkit fruad selling product,1,2026-07-30 15:38:26 UTC,0,play_store,worst products dont buy i ordered i bang rice of 26 kgs its getting bad smell ofter cook old stock ofter reviews also no use dont use blinkit fruad selling product,bad product dont buy order bang rice 26 kg get bad smell ofter cook old stock ofter review also use dont use blinkit fruad sell product
super for ordering,5,2026-07-30 15:36:17 UTC,0,play_store,super for ordering,super order
stress-free quality services 👌,5,2026-07-30 15:36:07 UTC,0,play_store,stress-free quality services 👌,stressfree quality service
blink ittt kamal haiii ...,5,2026-07-30 15:35:03 UTC,0,play_store,blink ittt kamal haiii ...,blink ittt kamal haiii
fast delivery thank you blinkit thank you for the delivery person,5,2026-07-30 15:34:35 UTC,0,play_store,fast delivery thank you blinkit thank you for the delivery person,fast delivery thank blinkit thank delivery person
delay order delivery not following map guide 🦮,1,2026-07-30 15:33:56 UTC,0,play_store,delay order delivery not following map guide 🦮,delay order delivery follow map guide
very bad service not cancle policy,1,2026-07-30 15:33:35 UTC,0,play_store,very bad service not cancle policy,bad service cancle policy
"it's very good app , we can order anything and anytime",5,2026-07-30 15:33:32 UTC,0,play_store,"it's very good app , we can order anything and anytime",good app order anything anytime
toooooooooooo Quickkkkkkkkkkkkk💯,5,2026-07-30 15:32:37 UTC,0,play_store,toooooooooooo Quickkkkkkkkkkkkk💯,toooooooooooo quickkkkkkkkkkkkk
some of the items are costly here compare to zepto,4,2026-07-30 15:31:12 UTC,0,play_store,some of the items are costly here compare to zepto,item costly compare zepto
I love it because it came on time,5,2026-07-30 15:30:22 UTC,0,play_store,I love it because it came on time,love come time
bht achcha hai nice,5,2026-07-30 15:30:01 UTC,0,play_store,bht achcha hai nice,bht achcha hai nice
this Aap is amazing I'll order only three products in late night they delivered at just 10 to 12 minutes and give me a free moisturizer which is absolutely awesome 👌 👏 I love this aap for there fast delivery,5,2026-07-30 15:29:17 UTC,0,play_store,this Aap is amazing I'll order only three products in late night they delivered at just 10 to 12 minutes and give me a free moisturizer which is absolutely awesome 👌 👏 I love this aap for there fast delivery,aap amaze ill order three product late night deliver 10 12 minute give free moisturizer absolutely awesome love aap fast delivery
so good 😊😊,5,2026-07-30 15:29:12 UTC,0,play_store,so good 😊😊,good
All good,5,2026-07-30 15:28:58 UTC,0,play_store,All good,good
very good shop blinkit,5,2026-07-30 15:28:40 UTC,0,play_store,very good shop blinkit,good shop blinkit
best service best service 👍 plz this service start on my location Ipshit sweet home juna sathpati road near navodaya school road near bagicha from house palghar west,4,2026-07-30 15:25:36 UTC,0,play_store,best service best service 👍 plz this service start on my location Ipshit sweet home juna sathpati road near navodaya school road near bagicha from house palghar west,best service best service plz service start location ipshit sweet home juna sathpati road near navodaya school road near bagicha house palghar west
bad experience,1,2026-07-30 15:24:28 UTC,0,play_store,bad experience,bad experience
"very slow delivery, missing items, no proper response",1,2026-07-30 15:24:09 UTC,0,play_store,"very slow delivery, missing items, no proper response",slow delivery miss item proper response
very quick delivery,5,2026-07-30 15:22:52 UTC,0,play_store,very quick delivery,quick delivery
best service ever seen,5,2026-07-30 15:20:11 UTC,0,play_store,best service ever seen,best service ever see
This app is very good 😍😍 so iam giveing 5 star,5,2026-07-30 15:18:06 UTC,0,play_store,This app is very good 😍😍 so iam giveing 5 star,app good iam give 5 star
good working,5,2026-07-30 15:16:37 UTC,0,play_store,good working,good working
"I ordered Amul Rajbhog ice cream (1 liter) on July 21, 2026. The order was subsequently cancelled, and I was informed that the refund would be processed by the 28th.. however, it is now the 30th, and I still haven't received the refund. Meanwhile, Blinkit shows the refund as completed—how is that possible? To make matters worse, I cannot even find a helpline number to contact Blinkit for assistance. Other delivery apps are far better than this. very disappointed...",1,2026-07-30 15:15:32 UTC,0,play_store,"I ordered Amul Rajbhog ice cream (1 liter) on July 21, 2026. The order was subsequently cancelled, and I was informed that the refund would be processed by the 28th.. however, it is now the 30th, and I still haven't received the refund. Meanwhile, Blinkit shows the refund as completed—how is that possible? To make matters worse, I cannot even find a helpline number to contact Blinkit for assistance. Other delivery apps are far better than this. very disappointed...",order amul rajbhog ice cream 1 liter july 21 2026 order subsequently cancel inform refund would process 28th however 30th still havent receive refund meanwhile blinkit show refund complete possible make matter bad even find helpline number contact blinkit assistance delivery apps far well disappointed
very good delivery,5,2026-07-30 15:15:15 UTC,0,play_store,very good delivery,good delivery
"There is no cash on delivery in this app, if we do not have online payment then how can we order anything, I have to order a lot of things but I face a lot of problems in making the payment.",1,2026-07-30 15:15:10 UTC,0,play_store,"There is no cash on delivery in this app, if we do not have online payment then how can we order anything, I have to order a lot of things but I face a lot of problems in making the payment.",cash delivery app online payment order anything order lot thing face lot problem make payment
goooooooooooooooooood🫡🫡,5,2026-07-30 15:15:00 UTC,0,play_store,goooooooooooooooooood🫡🫡,goooooooooooooooooood
very happy 😊 😃 with blinket,5,2026-07-30 15:15:00 UTC,0,play_store,very happy 😊 😃 with blinket,happy blinket
Not deserve any star so I don't like this app,1,2026-07-30 15:14:34 UTC,0,play_store,Not deserve any star so I don't like this app,deserve star dont like app
Awesome hai boss,5,2026-07-30 15:12:40 UTC,0,play_store,Awesome hai boss,awesome hai bos
very good 👍. gives products at right time.,5,2026-07-30 15:12:31 UTC,0,play_store,very good 👍. gives products at right time.,good give product right time
soooooooooo convenient !!!!!!!!!,5,2026-07-30 15:10:47 UTC,0,play_store,soooooooooo convenient !!!!!!!!!,soooooooooo convenient
very low price,5,2026-07-30 15:06:11 UTC,0,play_store,very low price,low price
"blinkit store is 500 meter from my home no traffic nothing but takes 18 minute ever 20 minutes and will charge 50 rs and above ,blinkit is giving day by day bad service",1,2026-07-30 15:05:02 UTC,0,play_store,"blinkit store is 500 meter from my home no traffic nothing but takes 18 minute ever 20 minutes and will charge 50 rs and above ,blinkit is giving day by day bad service",blinkit store 500 meter home traffic nothing take 18 minute ever 20 minute charge 50 rs blinkit give day day bad service
loveeeeeee ittttttttt,5,2026-07-30 15:04:37 UTC,0,play_store,loveeeeeee ittttttttt,loveeeeeee ittttttttt
blinkit delivery is not good items are rotten or not packed properly. it happens frequently,1,2026-07-30 15:04:17 UTC,0,play_store,blinkit delivery is not good items are rotten or not packed properly. it happens frequently,blinkit delivery good item rotten pack properly happen frequently
very nice so much ✨☺️☺️☺️,5,2026-07-30 15:03:05 UTC,0,play_store,very nice so much ✨☺️☺️☺️,nice much
google map not recognised place easily,1,2026-07-30 15:02:12 UTC,0,play_store,google map not recognised place easily,google map recognise place easily
very good app you must try it 😊👍🏻👍🏻🥰,5,2026-07-30 15:02:01 UTC,0,play_store,very good app you must try it 😊👍🏻👍🏻🥰,good app must try
very very nice good 👍,5,2026-07-30 15:01:29 UTC,0,play_store,very very nice good 👍,nice good
you could give something free or complementary things or food items after ordering heavy things😀,4,2026-07-30 15:00:15 UTC,0,play_store,you could give something free or complementary things or food items after ordering heavy things😀,could give something free complementary thing food item order heavy thing
very fast and good service,5,2026-07-30 14:56:44 UTC,0,play_store,very fast and good service,fast good service
sabse accha ❤️ I'm loving itttt....,5,2026-07-30 14:56:03 UTC,0,play_store,sabse accha ❤️ I'm loving itttt....,sabse accha im love itttt
blinkit photocopy delivery is too late,2,2026-07-30 14:55:02 UTC,0,play_store,blinkit photocopy delivery is too late,blinkit photocopy delivery late
something order is delayed for a long period of time,4,2026-07-30 14:53:34 UTC,0,play_store,something order is delayed for a long period of time,something order delay long period time
good experience with blinkit,5,2026-07-30 14:53:21 UTC,0,play_store,good experience with blinkit,good experience blinkit
"बहोत ही अच्छी सर्विस है, डिलिवर करने वाले भाई भी बहोत अच्छे हैं, damage product तुरंत बदल जाता है, बहोत ही अच्छा लगा मुझे, बस थोड़ा डिस्काउंट कम है, लोकल मार्केट से तो ठीक ही है, लेकिन और सभी फायदे भी है घर बैठे सामन, फ्री डिलिवर, डिस्काउंट भी अच्छा लगा ❤️❤️",5,2026-07-30 14:53:03 UTC,0,play_store,"बहोत ही अच्छी सर्विस है, डिलिवर करने वाले भाई भी बहोत अच्छे हैं, damage product तुरंत बदल जाता है, बहोत ही अच्छा लगा मुझे, बस थोड़ा डिस्काउंट कम है, लोकल मार्केट से तो ठीक ही है, लेकिन और सभी फायदे भी है घर बैठे सामन, फ्री डिलिवर, डिस्काउंट भी अच्छा लगा ❤️❤️",damage product बदल बस कम और घर
"They sell completely used makeup. This is my first time buying makeup from here, and it was already used. Their customer service is the worst, and I've even been threatened by customer care staff on a call. they are not supported by the customer",1,2026-07-30 14:52:57 UTC,0,play_store,"They sell completely used makeup. This is my first time buying makeup from here, and it was already used. Their customer service is the worst, and I've even been threatened by customer care staff on a call. they are not supported by the customer",sell completely used makeup first time buy makeup already use customer service worst ive even threaten customer care staff call support customer
it is very helpful for every one I am happy or it's product are also like flipkart i am happy I ordered 11to15 times,5,2026-07-30 14:52:51 UTC,0,play_store,it is very helpful for every one I am happy or it's product are also like flipkart i am happy I ordered 11to15 times,helpful every one happy product also like flipkart happy order 11to15 time
Amazing experience with blinkit,5,2026-07-30 14:52:29 UTC,0,play_store,Amazing experience with blinkit,amaze experience blinkit
item deliver on time product in good condition,5,2026-07-30 14:51:48 UTC,0,play_store,item deliver on time product in good condition,item deliver time product good condition
best platform,5,2026-07-30 14:51:13 UTC,0,play_store,best platform,best platform
"सड़ा हुआ, बासी, और हर प्रोडक्ट वजन में कम । घटिया सर्विस है ।। कृपया कोई इस्तेमाल न करे ।",1,2026-07-30 14:50:37 UTC,0,play_store,"सड़ा हुआ, बासी, और हर प्रोडक्ट वजन में कम । घटिया सर्विस है ।। कृपया कोई इस्तेमाल न करे ।",और हर वजन कम न
very bad experience order cancel option on available after book order,1,2026-07-30 14:48:44 UTC,0,play_store,very bad experience order cancel option on available after book order,bad experience order cancel option available book order
👍 good website,5,2026-07-30 14:48:37 UTC,0,play_store,👍 good website,good website
made life much more easier .,5,2026-07-30 14:47:38 UTC,0,play_store,made life much more easier .,make life much easy
cod must be available below order 50 or 80 other' wise it will create problem if the bank surver is down,3,2026-07-30 14:47:29 UTC,0,play_store,cod must be available below order 50 or 80 other' wise it will create problem if the bank surver is down,cod must available order 50 80 wise create problem bank surver
It is very good app I used a timer it actually came in 10 min and have much more groceries I love this app,5,2026-07-30 14:46:29 UTC,0,play_store,It is very good app I used a timer it actually came in 10 min and have much more groceries I love this app,good app use timer actually come 10 min much grocery love app
very supportive team and coordination,5,2026-07-30 14:45:40 UTC,0,play_store,very supportive team and coordination,supportive team coordination
"first time I will be using this application, I am impressed that the selection required a customer choice",3,2026-07-30 14:45:06 UTC,0,play_store,"first time I will be using this application, I am impressed that the selection required a customer choice",first time use application impressed selection require customer choice
"Payment on in hand Delivery,Must be Better..",4,2026-07-30 14:44:26 UTC,0,play_store,"Payment on in hand Delivery,Must be Better..",payment hand deliverymust better
very low earning and no offer store closed 11pm offer time late night 2 pm but store closed 11pm,1,2026-07-30 14:43:16 UTC,1,play_store,very low earning and no offer store closed 11pm offer time late night 2 pm but store closed 11pm,low earn offer store close 11pm offer time late night 2 pm store close 11pm
last time sevier,5,2026-07-30 14:43:08 UTC,0,play_store,last time sevier,last time sevier
good apps,5,2026-07-30 14:42:34 UTC,0,play_store,good apps,good apps
very fast delivery...All products are very good...,5,2026-07-30 14:41:56 UTC,0,play_store,very fast delivery...All products are very good...,fast deliveryall product good
it's a great help when you are outside of your town...thnxxx blinkit,5,2026-07-30 14:41:52 UTC,0,play_store,it's a great help when you are outside of your town...thnxxx blinkit,great help outside townthnxxx blinkit
Too good to be true And very convenient,5,2026-07-30 14:41:26 UTC,0,play_store,Too good to be true And very convenient,good true convenient
just awesome,5,2026-07-30 14:40:46 UTC,0,play_store,just awesome,awesome
over all experience is good,4,2026-07-30 14:39:03 UTC,0,play_store,over all experience is good,experience good
your service is very good but price is more than jio mart,4,2026-07-30 14:37:03 UTC,0,play_store,your service is very good but price is more than jio mart,service good price jio mart
good delivery service,5,2026-07-30 14:36:14 UTC,0,play_store,good delivery service,good delivery service
very rude behaviour and delay in service,1,2026-07-30 14:35:41 UTC,0,play_store,very rude behaviour and delay in service,rude behaviour delay service
wows it's amazing 👏 😍,5,2026-07-30 14:34:11 UTC,0,play_store,wows it's amazing 👏 😍,wow amaze
bahut badiya he,5,2026-07-30 14:33:37 UTC,0,play_store,bahut badiya he,bahut badiya
Very nice product quality,5,2026-07-30 14:33:02 UTC,0,play_store,Very nice product quality,nice product quality
always delevering on time but some time it is delayed 👍,4,2026-07-30 14:31:58 UTC,0,play_store,always delevering on time but some time it is delayed 👍,always delevering time time delay
Awesome ness + Faster,5,2026-07-30 14:31:02 UTC,0,play_store,Awesome ness + Faster,awesome ness faster
cod not available in my number 😞,4,2026-07-30 14:30:51 UTC,0,play_store,cod not available in my number 😞,cod available number
"Thank you for demonstrating that ""customer support"" and ""customer resolution"" are apparently separate departments. My experience suggests that following policy has taken priority over applying basic judgment to solve a straightforward issue. If the current process prevents your support team from exercising common sense, it may be worth reviewing the policy rather than expecting customers to accept an avoidable poor experience. I hope this feedback reaches someone empowered to improve the system.",1,2026-07-30 14:29:51 UTC,0,play_store,"Thank you for demonstrating that ""customer support"" and ""customer resolution"" are apparently separate departments. My experience suggests that following policy has taken priority over applying basic judgment to solve a straightforward issue. If the current process prevents your support team from exercising common sense, it may be worth reviewing the policy rather than expecting customers to accept an avoidable poor experience. I hope this feedback reaches someone empowered to improve the system.",thank demonstrate customer support customer resolution apparently separate department experience suggest follow policy take priority apply basic judgment solve straightforward issue current process prevents support team exercise common sense may worth review policy rather expect customer accept avoidable poor experience hope feedback reach someone empower improve system
"Extremely disappointed with this app. Since yesterday, every time I try to place an order, it shows ""Currently unavailable. We can't accept your order right now due to high demand."" If you can't handle the demand, don't let customers spend time adding products to their cart. This is a terrible user experience. There is no proper explanation, no estimated time, and no solution provided. Please fix your servers or stop showing unavailable services. Very frustrating and a complete waste of time.",1,2026-07-30 14:27:44 UTC,0,play_store,"Extremely disappointed with this app. Since yesterday, every time I try to place an order, it shows ""Currently unavailable. We can't accept your order right now due to high demand."" If you can't handle the demand, don't let customers spend time adding products to their cart. This is a terrible user experience. There is no proper explanation, no estimated time, and no solution provided. Please fix your servers or stop showing unavailable services. Very frustrating and a complete waste of time.",extremely disappointed app since yesterday every time try place order show currently unavailable cant accept order right due high demand cant handle demand dont let customer spend time add product cart terrible user experience proper explanation estimate time solution provide please fix server stop show unavailable service frustrate complete waste time
Just getting additional 65 rupees charge from past few days anytime i try to order something,1,2026-07-30 14:27:41 UTC,0,play_store,Just getting additional 65 rupees charge from past few days anytime i try to order something,get additional 65 rupee charge past day anytime try order something
charging very high for delivery,1,2026-07-30 14:27:21 UTC,0,play_store,charging very high for delivery,charge high delivery
it is nice and comfortable in returning as well,5,2026-07-30 14:26:06 UTC,0,play_store,it is nice and comfortable in returning as well,nice comfortable return well
nice experience,5,2026-07-30 14:25:08 UTC,0,play_store,nice experience,nice experience
"Amazing app! Super fast delivery, easy to use, and the products always arrive in good condition. Highly recommended!😊🤩",5,2026-07-30 14:23:59 UTC,0,play_store,"Amazing app! Super fast delivery, easy to use, and the products always arrive in good condition. Highly recommended!😊🤩",amaze app super fast delivery easy use product always arrive good condition highly recommend
badhiya,5,2026-07-30 14:23:46 UTC,0,play_store,badhiya,badhiya
customer service is never customer friendly. no election of return policy is considered even if it is blink it mistake,1,2026-07-30 14:23:02 UTC,0,play_store,customer service is never customer friendly. no election of return policy is considered even if it is blink it mistake,customer service never customer friendly election return policy consider even blink mistake
good and simple,5,2026-07-30 14:22:58 UTC,0,play_store,good and simple,good simple
thank you for your quick service,5,2026-07-30 14:21:08 UTC,0,play_store,thank you for your quick service,thank quick service
"disgusting , cost showing 36 , at the time of checkout it's showing 94.",1,2026-07-30 14:19:36 UTC,0,play_store,"disgusting , cost showing 36 , at the time of checkout it's showing 94.",disgust cost show 36 time checkout show 94
the order was not cancel,1,2026-07-30 14:17:14 UTC,0,play_store,the order was not cancel,order cancel
wrost customer support. delivery of product made in an open pouch with dirty and part missing of an item......delivery boy not listens your complaint and not even customer support as it works only from 9 to 7 and if you need urgently some product.....don't rely on this app....go to any shop nearby......wrost experience i had today.,1,2026-07-30 14:16:38 UTC,0,play_store,wrost customer support. delivery of product made in an open pouch with dirty and part missing of an item......delivery boy not listens your complaint and not even customer support as it works only from 9 to 7 and if you need urgently some product.....don't rely on this app....go to any shop nearby......wrost experience i had today.,wrost customer support delivery product make open pouch dirty part miss itemdelivery boy listen complaint even customer support work 9 7 need urgently productdont rely appgo shop nearbywrost experience today
Absolutely excellent experience regarding quality of products and delivery.,5,2026-07-30 14:16:25 UTC,0,play_store,Absolutely excellent experience regarding quality of products and delivery.,absolutely excellent experience regard quality product delivery
delivery boy are very rude and unbearable,1,2026-07-30 14:16:04 UTC,0,play_store,delivery boy are very rude and unbearable,delivery boy rude unbearable
good service fast service,5,2026-07-30 14:13:24 UTC,0,play_store,good service fast service,good service fast service
"169 dikha rha tha price peanut ka , jab payment ki bari aayi to 171 , to rupay kis chij ka hai , delivery bhi free show kr rha h ,",1,2026-07-30 14:10:25 UTC,0,play_store,"169 dikha rha tha price peanut ka , jab payment ki bari aayi to 171 , to rupay kis chij ka hai , delivery bhi free show kr rha h ,",169 dikha rha tha price peanut ka jab payment ki bari aayi 171 rupay ki chij ka hai delivery bhi free show kr rha h
"handling Price is high. and no offers. also prices are high compare to Swiggy Instamart, flipkart minutes",1,2026-07-30 14:07:22 UTC,0,play_store,"handling Price is high. and no offers. also prices are high compare to Swiggy Instamart, flipkart minutes",handle price high offer also price high compare swiggy instamart flipkart minute
it's a good job,5,2026-07-30 14:07:16 UTC,0,play_store,it's a good job,good job
how to sell my product in blink it,4,2026-07-30 14:04:53 UTC,0,play_store,how to sell my product in blink it,sell product blink
osm service 👍👍👍,5,2026-07-30 14:04:32 UTC,0,play_store,osm service 👍👍👍,osm service
love this app,5,2026-07-30 14:04:28 UTC,0,play_store,love this app,love app
excellent service. Blinkit has made my life very easy,5,2026-07-30 14:03:38 UTC,0,play_store,excellent service. Blinkit has made my life very easy,excellent service blinkit make life easy
wow 😲,5,2026-07-30 14:03:20 UTC,0,play_store,wow 😲,wow
"just did the first order on the app so don't know how it will go, but the app's interface is good and easy to order",4,2026-07-30 14:03:07 UTC,0,play_store,"just did the first order on the app so don't know how it will go, but the app's interface is good and easy to order",first order app dont know go apps interface good easy order
best service provider,5,2026-07-30 14:03:04 UTC,0,play_store,best service provider,best service provider
good app for shopping,5,2026-07-30 14:02:56 UTC,0,play_store,good app for shopping,good app shopping
Love,5,2026-07-30 14:02:32 UTC,0,play_store,Love,love
Good price,5,2026-07-30 14:02:31 UTC,0,play_store,Good price,good price
very bad at silvassa,1,2026-07-30 14:00:04 UTC,0,play_store,very bad at silvassa,bad silvassa
very fast and superb app all items are fresh 💗❤️,5,2026-07-30 13:59:25 UTC,0,play_store,very fast and superb app all items are fresh 💗❤️,fast superb app item fresh
charge lete hai bhot or cash on bhi ni hai bhot bar to,1,2026-07-30 13:59:00 UTC,0,play_store,charge lete hai bhot or cash on bhi ni hai bhot bar to,charge lete hai bhot cash bhi ni hai bhot bar
achhha h bss price high kr deta h kvi kvi,5,2026-07-30 13:58:13 UTC,0,play_store,achhha h bss price high kr deta h kvi kvi,achhha h bss price high kr deta h kvi kvi
⏩ fast,5,2026-07-30 13:58:04 UTC,0,play_store,⏩ fast,fast
helpful and best services,5,2026-07-30 13:58:03 UTC,0,play_store,helpful and best services,helpful best service
Very nice platform,5,2026-07-30 13:57:28 UTC,0,play_store,Very nice platform,nice platform
nice app and delivery person also nice way of talking,5,2026-07-30 13:56:27 UTC,0,play_store,nice app and delivery person also nice way of talking,nice app delivery person also nice way talk
It's really helpful and i love the fast delivery but there are some products that are not available here and blinkit doesn't provides any service here in bihar so you all gotta do better!,5,2026-07-30 13:56:06 UTC,0,play_store,It's really helpful and i love the fast delivery but there are some products that are not available here and blinkit doesn't provides any service here in bihar so you all gotta do better!,really helpful love fast delivery product available blinkit doesnt provide service bihar get ta good
zero costomer assisting...,1,2026-07-30 13:56:03 UTC,0,play_store,zero costomer assisting...,zero costomer assist
thanks blinkit,5,2026-07-30 13:54:34 UTC,1,play_store,thanks blinkit,thanks blinkit
customer service is 1000/10 😍😍,5,2026-07-30 13:53:59 UTC,0,play_store,customer service is 1000/10 😍😍,customer service 100010
Fraud people,1,2026-07-30 13:50:02 UTC,0,play_store,Fraud people,fraud people
High demand charge of 30 rs is not acceptable,2,2026-07-30 13:49:15 UTC,0,play_store,High demand charge of 30 rs is not acceptable,high demand charge 30 r acceptable
my experience with blinkit has been exceptionally well.. thanks for the wonderful service!,5,2026-07-30 13:48:52 UTC,0,play_store,my experience with blinkit has been exceptionally well.. thanks for the wonderful service!,experience blinkit exceptionally well thanks wonderful service
its very nice and good application,5,2026-07-30 13:48:03 UTC,1,play_store,its very nice and good application,nice good application
delivery is good 😊,4,2026-07-30 13:46:33 UTC,0,play_store,delivery is good 😊,delivery good
amul milk was not fresh on warming the milk as soon as it was received it started curdling,1,2026-07-30 13:46:22 UTC,0,play_store,amul milk was not fresh on warming the milk as soon as it was received it started curdling,amul milk fresh warm milk soon receive started curdling
dikhata kuchh hai aur bhj kuchh deta hai,1,2026-07-30 13:39:44 UTC,0,play_store,dikhata kuchh hai aur bhj kuchh deta hai,dikhata kuchh hai aur bhj kuchh deta hai
very very nice my time is save,4,2026-07-30 13:37:57 UTC,0,play_store,very very nice my time is save,nice time save
THIS IS VERY GOOD APP THATS LIKE FOOD MEAL EVERYONE INSTALLED THIS APP,5,2026-07-30 13:37:49 UTC,0,play_store,THIS IS VERY GOOD APP THATS LIKE FOOD MEAL EVERYONE INSTALLED THIS APP,good app thats like food meal everyone instal app
Nice dilivery boy,5,2026-07-30 13:37:27 UTC,0,play_store,Nice dilivery boy,nice dilivery boy
very fast and affordable,5,2026-07-30 13:37:03 UTC,0,play_store,very fast and affordable,fast affordable
overpriced,1,2026-07-30 13:36:12 UTC,0,play_store,overpriced,overprice
sab kuch accha hai par discount nahi milta quantity Saman mangwane par,4,2026-07-30 13:35:31 UTC,0,play_store,sab kuch accha hai par discount nahi milta quantity Saman mangwane par,sab kuch accha hai par discount nahi milta quantity saman mangwane par
so cute,5,2026-07-30 13:33:57 UTC,0,play_store,so cute,cute
hedling charge high price to high,1,2026-07-30 13:33:24 UTC,0,play_store,hedling charge high price to high,hedling charge high price high
there were free gifts and superfast deliveries I love this app there were not any ads,5,2026-07-30 13:31:59 UTC,0,play_store,there were free gifts and superfast deliveries I love this app there were not any ads,free gift superfast delivery love app ad
good service and product,5,2026-07-30 13:31:45 UTC,0,play_store,good service and product,good service product
showing before order 4 mins only but after order it will 20 mins,1,2026-07-30 13:31:21 UTC,0,play_store,showing before order 4 mins only but after order it will 20 mins,show order 4 min order 20 min
"used to be good, now you've changed bro",1,2026-07-30 13:30:54 UTC,0,play_store,"used to be good, now you've changed bro",use good youve change bro
nice but rate little bit less,5,2026-07-30 13:30:09 UTC,0,play_store,nice but rate little bit less,nice rate little bit less
excellent discounts,5,2026-07-30 13:30:00 UTC,1,play_store,excellent discounts,excellent discount
I ordered some raisins once and they were black instead of their original colour and when i tried to return them they said they cannot help me with my request. Please try to fix your return system blinkit. Everything else in the app is actually VERY impressive. I use this app to order plenty of items and they come very fast.,4,2026-07-30 13:29:23 UTC,0,play_store,I ordered some raisins once and they were black instead of their original colour and when i tried to return them they said they cannot help me with my request. Please try to fix your return system blinkit. Everything else in the app is actually VERY impressive. I use this app to order plenty of items and they come very fast.,ordered raisin black instead original colour try return say help request please try fix return system blinkit everything else app actually impressive use app order plenty item come fast
Mere oder return le gye par payment abhi tak nhi aaye,1,2026-07-30 13:28:30 UTC,0,play_store,Mere oder return le gye par payment abhi tak nhi aaye,mere oder return le gye par payment abhi tak nhi aaye
ita my first order so far it is good to use let's see,5,2026-07-30 13:28:19 UTC,0,play_store,ita my first order so far it is good to use let's see,ita first order far good use let see
Best delivery app,5,2026-07-30 13:28:12 UTC,1,play_store,Best delivery app,best delivery app
good service any time 🙏🙏,5,2026-07-30 13:26:46 UTC,0,play_store,good service any time 🙏🙏,good service time
door step delivery without single call,5,2026-07-30 13:24:35 UTC,0,play_store,door step delivery without single call,door step delivery without single call
COD option is not available after i cancelled my order bad service bad app,1,2026-07-30 13:24:30 UTC,0,play_store,COD option is not available after i cancelled my order bad service bad app,cod option available cancelled order bad service bad app
Awesome services..,4,2026-07-30 13:23:14 UTC,1,play_store,Awesome services..,awesome service
very trusted app i am aprishiated,5,2026-07-30 13:23:11 UTC,0,play_store,very trusted app i am aprishiated,trust app aprishiated
convient n hassle free,5,2026-07-30 13:21:51 UTC,0,play_store,convient n hassle free,convient n hassle free
very useful app,5,2026-07-30 13:18:57 UTC,0,play_store,very useful app,useful app
"accha app h easily har chij mil jati ghar pr baithe baithe, sath hi fresh chij milti h thanku hamari life ko thoda or aasan banane ke liye😇",5,2026-07-30 13:16:50 UTC,0,play_store,"accha app h easily har chij mil jati ghar pr baithe baithe, sath hi fresh chij milti h thanku hamari life ko thoda or aasan banane ke liye😇",accha app h easily har chij mil jati ghar pr baithe baithe sath hi fresh chij milti h thanku hamari life ko thoda aasan banane ke liye
extremely good. and keeps getting better by the day!! 👍,5,2026-07-30 13:15:52 UTC,0,play_store,extremely good. and keeps getting better by the day!! 👍,extremely good keep get well day
it is very nice app,5,2026-07-30 13:15:14 UTC,0,play_store,it is very nice app,nice app
delevery on time 🙂,5,2026-07-30 13:15:03 UTC,0,play_store,delevery on time 🙂,delevery time
delivers worst product,1,2026-07-30 13:14:27 UTC,0,play_store,delivers worst product,delivers worst product
good service blinkit,5,2026-07-30 13:13:01 UTC,0,play_store,good service blinkit,good service blinkit
mast hai re baba😜,5,2026-07-30 13:11:48 UTC,0,play_store,mast hai re baba😜,mast hai baba
"★☆ Very poor customer service I had to request an exchange for a mistaken order. The product was sealed and unused. But Blinkit customer care was not helpful at all. Responses are delayed, unclear.No proper resolution and no option to talk to a supervisor. Delivery is fast but support is terrible. Really disappointed. Please improve your customer service.",1,2026-07-30 13:10:31 UTC,0,play_store,"★☆ Very poor customer service I had to request an exchange for a mistaken order. The product was sealed and unused. But Blinkit customer care was not helpful at all. Responses are delayed, unclear.No proper resolution and no option to talk to a supervisor. Delivery is fast but support is terrible. Really disappointed. Please improve your customer service.",poor customer service request exchange mistaken order product seal unused blinkit customer care helpful response delay unclearno proper resolution option talk supervisor delivery fast support terrible really disappointed please improve customer service
wrust app,1,2026-07-30 13:10:12 UTC,0,play_store,wrust app,wrust app
very good aap Thank you much blinkit,5,2026-07-30 13:09:33 UTC,0,play_store,very good aap Thank you much blinkit,good aap thank much blinkit
fantastic and super fast delivery 👌,5,2026-07-30 13:09:11 UTC,0,play_store,fantastic and super fast delivery 👌,fantastic super fast delivery
best service all app,5,2026-07-30 13:08:37 UTC,0,play_store,best service all app,best service app
PLEASE CHANGE FOR COD AMOUNT 🙏 CAN'T BUY IN 1500 LIMIT ...,1,2026-07-30 13:05:04 UTC,0,play_store,PLEASE CHANGE FOR COD AMOUNT 🙏 CAN'T BUY IN 1500 LIMIT ...,please change cod amount cant buy 1500 limit
order in this area is pathetically delayed,2,2026-07-30 13:04:22 UTC,0,play_store,order in this area is pathetically delayed,order area pathetically delay
exlent,4,2026-07-30 13:01:56 UTC,0,play_store,exlent,exlent
"Customer service is worst here. There is no response on the enquiry on chatbox, and when contacted via mail, they have no resolution or answers regarding there damaged product delivery, even when thy especially mention 72 hours replacement available for the item. I have worst experience on this app. Please beware of their product and their services.",1,2026-07-30 13:01:06 UTC,0,play_store,"Customer service is worst here. There is no response on the enquiry on chatbox, and when contacted via mail, they have no resolution or answers regarding there damaged product delivery, even when thy especially mention 72 hours replacement available for the item. I have worst experience on this app. Please beware of their product and their services.",customer service bad response enquiry chatbox contact via mail resolution answer regard damage product delivery even thy especially mention 72 hour replacement available item bad experience app please beware product service
I am happy,5,2026-07-30 12:57:35 UTC,0,play_store,I am happy,happy
"Really very good and fast service, Keep it up with smiles 😊",5,2026-07-30 12:56:56 UTC,0,play_store,"Really very good and fast service, Keep it up with smiles 😊",really good fast service keep smile
"Absolutely loved the service Lightning-fast delivery, excellent product quality, and a smooth ordering experience from start to finish. Blinkit never disappoints. Keep up the fantastic work",5,2026-07-30 12:56:45 UTC,0,play_store,"Absolutely loved the service Lightning-fast delivery, excellent product quality, and a smooth ordering experience from start to finish. Blinkit never disappoints. Keep up the fantastic work",absolutely love service lightningfast delivery excellent product quality smooth order experience start finish blinkit never disappoint keep fantastic work
okay good,3,2026-07-30 12:53:16 UTC,0,play_store,okay good,okay good
Nice 👌 and so fast 🏃‍♀️,5,2026-07-30 12:52:45 UTC,0,play_store,Nice 👌 and so fast 🏃‍♀️,nice fast
the order has been delayed waay too much,1,2026-07-30 12:51:20 UTC,0,play_store,the order has been delayed waay too much,order delay waay much
most best website no scams at all Loved so much😊☺️,5,2026-07-30 12:51:13 UTC,0,play_store,most best website no scams at all Loved so much😊☺️,best website scam love much
Products are FIVE STAR & DELIVERED ON TIME. SOME OF YOUR DELIVERY EXECUTIVES ARE RUDE & NOT COOPERATIVE.,3,2026-07-30 12:49:10 UTC,1,play_store,Products are FIVE STAR & DELIVERED ON TIME. SOME OF YOUR DELIVERY EXECUTIVES ARE RUDE & NOT COOPERATIVE.,product five star deliver time delivery executive rude cooperative
Great app,5,2026-07-30 12:45:10 UTC,0,play_store,Great app,great app
nice and helpful,5,2026-07-30 12:45:02 UTC,0,play_store,nice and helpful,nice helpful
They don't send disposable spoons with items that actually require them—is one supposed to stick a finger in and eat it?,1,2026-07-30 12:44:18 UTC,1,play_store,They don't send disposable spoons with items that actually require them—is one supposed to stick a finger in and eat it?,dont send disposable spoon item actually require one suppose stick finger eat
Price too much but it's good,3,2026-07-30 12:44:00 UTC,0,play_store,Price too much but it's good,price much good
why handling fee,1,2026-07-30 12:43:04 UTC,0,play_store,why handling fee,handle fee
not delivered to product 😠😡,1,2026-07-30 12:40:44 UTC,1,play_store,not delivered to product 😠😡,deliver product
life saver,5,2026-07-30 12:34:45 UTC,0,play_store,life saver,life saver
more difficult to find exact location 😕,4,2026-07-30 12:34:42 UTC,0,play_store,more difficult to find exact location 😕,difficult find exact location
order fast kro,5,2026-07-30 12:31:35 UTC,0,play_store,order fast kro,order fast kro
'Help' is not accessible to the user easily. 30/July/2026. Still as hopeless as ever.,1,2026-07-30 12:25:48 UTC,0,play_store,'Help' is not accessible to the user easily. 30/July/2026. Still as hopeless as ever.,help accessible user easily 30july2026 still hopeless ever
all items are good 👍,5,2026-07-30 12:24:53 UTC,0,play_store,all items are good 👍,item good
too exorbitant,1,2026-07-30 12:20:56 UTC,0,play_store,too exorbitant,exorbitant
best sarvice,5,2026-07-30 12:18:27 UTC,0,play_store,best sarvice,best sarvice
customer support khrab hai,1,2026-07-30 12:18:01 UTC,0,play_store,customer support khrab hai,customer support khrab hai
wrong delivery,1,2026-07-30 12:16:45 UTC,0,play_store,wrong delivery,wrong delivery
very fast,5,2026-07-30 12:14:47 UTC,0,play_store,very fast,fast
very good and fast delivery👍💗,5,2026-07-30 12:12:54 UTC,0,play_store,very good and fast delivery👍💗,good fast delivery
good but slightly costly,4,2026-07-30 12:11:26 UTC,0,play_store,good but slightly costly,good slightly costly
"IT'S A VERY good app, the only problem is about the location sometimes I have to tell the location to the delivery boy several times good app nice app and the second problem is they aren't keeping the small packet like If I want to buy chips and I want a 10 rupee packet it's not available !!! it's not good challlooo baaki overall good",4,2026-07-30 12:11:19 UTC,0,play_store,"IT'S A VERY good app, the only problem is about the location sometimes I have to tell the location to the delivery boy several times good app nice app and the second problem is they aren't keeping the small packet like If I want to buy chips and I want a 10 rupee packet it's not available !!! it's not good challlooo baaki overall good",good app problem location sometimes tell location delivery boy several time good app nice app second problem arent keep small packet like want buy chip want 10 rupee packet available good challlooo baaki overall good
Good nice 👍🏻 👍🏻,5,2026-07-30 12:10:30 UTC,0,play_store,Good nice 👍🏻 👍🏻,good nice
very quick and reliable service.,5,2026-07-30 12:10:19 UTC,0,play_store,very quick and reliable service.,quick reliable service
"Good,More use AI",5,2026-07-30 12:08:02 UTC,0,play_store,"Good,More use AI",goodmore use ai
best e commerce company and you got under 30 min order products to order from Blinkit,5,2026-07-30 12:07:09 UTC,0,play_store,best e commerce company and you got under 30 min order products to order from Blinkit,best e commerce company get 30 min order product order blinkit
goodies really good website,5,2026-07-30 12:06:49 UTC,0,play_store,goodies really good website,goody really good website
ya log bat nahi sunta hai .enko bas apna order ki pardi rehti hai .,1,2026-07-30 12:04:43 UTC,0,play_store,ya log bat nahi sunta hai .enko bas apna order ki pardi rehti hai .,ya log bat nahi sunta hai enko ba apna order ki pardi rehti hai
ghatiya,1,2026-07-30 12:00:40 UTC,0,play_store,ghatiya,ghatiya
best best best best app,5,2026-07-30 12:00:08 UTC,0,play_store,best best best best app,best best best best app
"exceptional service , thoroughly impressed.",5,2026-07-30 11:55:57 UTC,0,play_store,"exceptional service , thoroughly impressed.",exceptional service thoroughly impressed
the app is so smooth and easily to take the order l love the app,5,2026-07-30 11:54:45 UTC,0,play_store,the app is so smooth and easily to take the order l love the app,app smooth easily take order l love app
delivery timing is good 👍🏻,5,2026-07-30 11:54:16 UTC,0,play_store,delivery timing is good 👍🏻,delivery timing good
bad,1,2026-07-30 11:51:22 UTC,0,play_store,bad,bad
add more address in your app for right location,4,2026-07-30 11:50:40 UTC,0,play_store,add more address in your app for right location,add address app right location
fraud and duplicate item send,1,2026-07-30 11:49:26 UTC,0,play_store,fraud and duplicate item send,fraud duplicate item send
worth it price! appreciable 😻🎀,5,2026-07-30 11:44:51 UTC,0,play_store,worth it price! appreciable 😻🎀,worth price appreciable
why always take handling charges 😞 bad,3,2026-07-30 11:44:37 UTC,0,play_store,why always take handling charges 😞 bad,always take handling charge bad
item is so bad,1,2026-07-30 11:42:25 UTC,0,play_store,item is so bad,item bad
Fastest & Genuine delivery app.,5,2026-07-30 11:39:08 UTC,0,play_store,Fastest & Genuine delivery app.,fast genuine delivery app
cheep products they sell expiry products and also hides the expiry date,1,2026-07-30 11:36:52 UTC,0,play_store,cheep products they sell expiry products and also hides the expiry date,cheep product sell expiry product also hide expiry date
Noice,5,2026-07-30 11:31:22 UTC,0,play_store,Noice,noice
"Hi Blinkit team, I would like to suggest a new feature where customers can transfer money through the app and request delivery of physical cash to their doorstep for a service fee. This could help people who need emergency cash and cannot access an ATM. I believe this would be a valuable addition to your platform.",5,2026-07-30 11:29:59 UTC,0,play_store,"Hi Blinkit team, I would like to suggest a new feature where customers can transfer money through the app and request delivery of physical cash to their doorstep for a service fee. This could help people who need emergency cash and cannot access an ATM. I believe this would be a valuable addition to your platform.",hi blinkit team would like suggest new feature customer transfer money app request delivery physical cash doorstep service fee could help people need emergency cash access atm believe would valuable addition platform
very unhelpful on returns of products and refuse to take responsibility,1,2026-07-30 11:28:22 UTC,1,play_store,very unhelpful on returns of products and refuse to take responsibility,unhelpful return product refuse take responsibility
Cash on delivery not available,1,2026-07-30 11:22:22 UTC,0,play_store,Cash on delivery not available,cash delivery available
"My experience with blinkit was nice, the delivery partners had a very polite behaviour and professional attitude, expect some (1-2), beyond that service was nice and fast, product came clean and the paper bags were also good. But in Srinagar, blinkit does have much options currently. And also it takes them a lot of time to restock items, hope this issues resolves in future.",4,2026-07-30 11:20:23 UTC,0,play_store,"My experience with blinkit was nice, the delivery partners had a very polite behaviour and professional attitude, expect some (1-2), beyond that service was nice and fast, product came clean and the paper bags were also good. But in Srinagar, blinkit does have much options currently. And also it takes them a lot of time to restock items, hope this issues resolves in future.",experience blinkit nice delivery partner polite behaviour professional attitude expect 12 beyond service nice fast product come clean paper bag also good srinagar blinkit much option currently also take lot time restock item hope issue resolve future
best Groceries and service fast delivery,5,2026-07-30 11:18:15 UTC,0,play_store,best Groceries and service fast delivery,best grocery service fast delivery
expire food,1,2026-07-30 11:17:32 UTC,0,play_store,expire food,expire food
helpfull and great service.,5,2026-07-30 11:15:41 UTC,0,play_store,helpfull and great service.,helpfull great service
I am becoming lazzzyy.....,5,2026-07-30 11:15:39 UTC,0,play_store,I am becoming lazzzyy.....,become lazzzyy
all delivary no free,1,2026-07-30 11:15:28 UTC,0,play_store,all delivary no free,delivary free
Very fast deu & Very nice Cwality I am very happy,5,2026-07-30 11:14:31 UTC,0,play_store,Very fast deu & Very nice Cwality I am very happy,fast deu nice cwality happy
taking a surge amount every time,1,2026-07-30 11:12:23 UTC,0,play_store,taking a surge amount every time,take surge amount every time
"Do not send paper bags, send only plastic bags. You charged Delivery Charges Only. But other platforms charged many things and i have to make sure for any new charges for every order COD, rain, sun, water logging, congestion, traffic jam etc. Finally I uninstall all other platforms and have blinkit only",5,2026-07-30 11:11:22 UTC,0,play_store,"Do not send paper bags, send only plastic bags. You charged Delivery Charges Only. But other platforms charged many things and i have to make sure for any new charges for every order COD, rain, sun, water logging, congestion, traffic jam etc. Finally I uninstall all other platforms and have blinkit only",send paper bag send plastic bag charge delivery charge platforms charge many thing make sure new charge every order cod rain sun water log congestion traffic jam etc finally uninstall platform blinkit
delivery is so good,4,2026-07-30 11:09:17 UTC,0,play_store,delivery is so good,delivery good
awesome delivery service... not even big countries like russia and usa have such a sped up service... thanks,5,2026-07-30 11:07:46 UTC,0,play_store,awesome delivery service... not even big countries like russia and usa have such a sped up service... thanks,awesome delivery service even big country like russia usa speed service thanks
"this aap was really good , I'm very satisfied with this aap 👍🏻",5,2026-07-30 11:07:18 UTC,0,play_store,"this aap was really good , I'm very satisfied with this aap 👍🏻",aap really good im satisfy aap
deliveries were not accurate,1,2026-07-30 11:04:44 UTC,0,play_store,deliveries were not accurate,delivery accurate
"I had a very disappointing experience with Blinkit. I ordered a boAt Stone 350 Pro Bluetooth Speaker, but I received a different Bluetooth speaker. I reported the issue immediately and shared all the requested photos and videos. Despite multiple follow-ups, my request for a replacement or refund was rejected after their investigation. Based on my experience, I would be very cautious about ordering electronic items from Blinkit until stronger customer protection measures, such as open-box verific",1,2026-07-30 11:03:55 UTC,0,play_store,"I had a very disappointing experience with Blinkit. I ordered a boAt Stone 350 Pro Bluetooth Speaker, but I received a different Bluetooth speaker. I reported the issue immediately and shared all the requested photos and videos. Despite multiple follow-ups, my request for a replacement or refund was rejected after their investigation. Based on my experience, I would be very cautious about ordering electronic items from Blinkit until stronger customer protection measures, such as open-box verific",disappointing experience blinkit order boat stone 350 pro bluetooth speaker receive different bluetooth speaker report issue immediately share request photo video despite multiple followup request replacement refund reject investigation base experience would cautious order electronic item blinkit strong customer protection measure openbox verific
"My refund has still not been credited to my account, and I couldn't find any contact number for your support team. How will my issue be resolved? How can I get my refund back?",1,2026-07-30 11:01:50 UTC,0,play_store,"My refund has still not been credited to my account, and I couldn't find any contact number for your support team. How will my issue be resolved? How can I get my refund back?",refund still credit account couldnt find contact number support team issue resolve get refund back
no coupon apply,1,2026-07-30 10:58:35 UTC,0,play_store,no coupon apply,coupon apply
Nothing To Say it's Word less,5,2026-07-30 10:57:48 UTC,0,play_store,Nothing To Say it's Word less,nothing say word less
best experience,5,2026-07-30 10:54:37 UTC,0,play_store,best experience,best experience
this is very helpful app,5,2026-07-30 10:53:08 UTC,0,play_store,this is very helpful app,helpful app
"i have ordered a list of games and items for my niece on her birthday, I have paid 30 rs for gift packaging, but none of the items came gift wrapped. it's end the surprise. blinkit is earning money by these kinds of tricks.. so bad...will never use it now",1,2026-07-30 10:51:37 UTC,0,play_store,"i have ordered a list of games and items for my niece on her birthday, I have paid 30 rs for gift packaging, but none of the items came gift wrapped. it's end the surprise. blinkit is earning money by these kinds of tricks.. so bad...will never use it now",ordered list game item niece birthday pay 30 r gift package none item come gift wrap end surprise blinkit earn money kind trick badwill never use
zepto is way better,3,2026-07-30 10:50:00 UTC,0,play_store,zepto is way better,zepto way well
deliverey fast good product,4,2026-07-30 10:49:05 UTC,0,play_store,deliverey fast good product,deliverey fast good product
great platform,5,2026-07-30 10:45:04 UTC,0,play_store,great platform,great platform
delivery is never available when you actually need something.,1,2026-07-30 10:43:46 UTC,0,play_store,delivery is never available when you actually need something.,delivery never available actually need something
amazing amazing app...1000prcnt satisfied...Ty blinkit😊,5,2026-07-30 10:35:23 UTC,0,play_store,amazing amazing app...1000prcnt satisfied...Ty blinkit😊,amaze amaze app1000prcnt satisfiedty blinkit
Unimaginable fast door step reasonable service ever thought of .Especially good for senior citizens. My best wishes For the last few days unable to see balance and profile icon on the right top corner of the app. Reinstalled once but problem again after 2-3 days. Please help. Thanks,4,2026-07-30 10:32:30 UTC,0,play_store,Unimaginable fast door step reasonable service ever thought of .Especially good for senior citizens. My best wishes For the last few days unable to see balance and profile icon on the right top corner of the app. Reinstalled once but problem again after 2-3 days. Please help. Thanks,unimaginable fast door step reasonable service ever think especially good senior citizen best wish last day unable see balance profile icon right top corner app reinstall problem 23 day please help thanks
og service 🫶🏻🤍,5,2026-07-30 10:32:07 UTC,0,play_store,og service 🫶🏻🤍,og service
"The delivery boy's behavior was appalling. I have a child at home, so my wife went to receive the order. Since she didn't have an online balance on her phone, she asked him to take a photo of the company's scanner and send it to me so I could make the payment online. The delivery boy retorted, ""If I had known this, I would have cancelled the order beforehand; I don't have that kind of time—you make the payment."" He kept asking inappropriate questions like, ""Why does your husband have to do it?""",1,2026-07-30 10:30:34 UTC,0,play_store,"The delivery boy's behavior was appalling. I have a child at home, so my wife went to receive the order. Since she didn't have an online balance on her phone, she asked him to take a photo of the company's scanner and send it to me so I could make the payment online. The delivery boy retorted, ""If I had known this, I would have cancelled the order beforehand; I don't have that kind of time—you make the payment."" He kept asking inappropriate questions like, ""Why does your husband have to do it?""",delivery boys behavior appal child home wife go receive order since didnt online balance phone ask take photo company scanner send could make payment online delivery boy retort know would cancel order beforehand dont kind time make payment keep ask inappropriate question like husband
products from this app are good but behaviour of delivery partner is so rude they don't have any sense or manners how to talk some of them are good in nature and behaviour some of them are so rude,1,2026-07-30 10:28:51 UTC,0,play_store,products from this app are good but behaviour of delivery partner is so rude they don't have any sense or manners how to talk some of them are good in nature and behaviour some of them are so rude,product app good behaviour delivery partner rude dont sense manner talk good nature behaviour rude
best last min app,5,2026-07-30 10:24:48 UTC,0,play_store,best last min app,best last min app
makes our work easier and less price than market value,5,2026-07-30 10:24:38 UTC,0,play_store,makes our work easier and less price than market value,make work easier less price market value
Blinkit was working in my area till last week but now it is showing as currently unavailable please fix this issue quickly as soon as possible,2,2026-07-30 10:23:46 UTC,0,play_store,Blinkit was working in my area till last week but now it is showing as currently unavailable please fix this issue quickly as soon as possible,blinkit work area till last week show currently unavailable please fix issue quickly soon possible
Very easy and fast delivery process if you want something quickly. Love this!!,5,2026-07-30 10:23:01 UTC,0,play_store,Very easy and fast delivery process if you want something quickly. Love this!!,easy fast delivery process want something quickly love
prices are a bit high compared to different apps,4,2026-07-30 10:19:00 UTC,0,play_store,prices are a bit high compared to different apps,price bit high compare different apps
to much price hike in this platform,1,2026-07-30 10:17:07 UTC,0,play_store,to much price hike in this platform,much price hike platform
you donot give things in a packet,1,2026-07-30 10:15:16 UTC,0,play_store,you donot give things in a packet,donot give thing packet
Thanks For This Service,5,2026-07-30 10:12:12 UTC,0,play_store,Thanks For This Service,thanks service
not delivered at my location,2,2026-07-30 10:10:55 UTC,0,play_store,not delivered at my location,deliver location
बहुत ही घटिया और 420 भरा आपके कल आपके हाकर का व्यवहार. वह तीन आरेंज जूस के जगह पर दो आरेंज जूस और एक चुता हुआ मिक्स फ्रूट जूस 1 घंटे मे लेकर आया. हमसे बताया की हमारे पास दो ही आरेंज जूस उपलब्ध था. मै कहा की यह बात आडर डिलीवरी के पहले मुझे बतानी चाहिए. इस पर वह कोई सही जबाव नही दे पाया. कृपया हाकर पर अनुशासनात्मक कार्वाही कीजिए की भविष्य मे इस प्रकार का मनमानी नहीं कर सके.,5,2026-07-30 10:09:37 UTC,0,play_store,बहुत ही घटिया और 420 भरा आपके कल आपके हाकर का व्यवहार. वह तीन आरेंज जूस के जगह पर दो आरेंज जूस और एक चुता हुआ मिक्स फ्रूट जूस 1 घंटे मे लेकर आया. हमसे बताया की हमारे पास दो ही आरेंज जूस उपलब्ध था. मै कहा की यह बात आडर डिलीवरी के पहले मुझे बतानी चाहिए. इस पर वह कोई सही जबाव नही दे पाया. कृपया हाकर पर अनुशासनात्मक कार्वाही कीजिए की भविष्य मे इस प्रकार का मनमानी नहीं कर सके.,और 420 कल वह जगह पर और एक 1 यह आडर इस पर वह पर इस कर
"Terrible interface! The app is really slow and the cart option doesn't expand up once you click on it. If you have added something in the cart, you need to spend 5 to 10 minutes looking for an option to open the cart again. App is really not user friendly! Update: Issue is with the application, not the order or service. Thanks!",1,2026-07-30 10:09:27 UTC,1,play_store,"Terrible interface! The app is really slow and the cart option doesn't expand up once you click on it. If you have added something in the cart, you need to spend 5 to 10 minutes looking for an option to open the cart again. App is really not user friendly! Update: Issue is with the application, not the order or service. Thanks!",terrible interface app really slow cart option doesnt expand click add something cart need spend 5 10 minute look option open cart app really user friendly update issue application order service thanks
best app store,5,2026-07-30 10:09:16 UTC,0,play_store,best app store,best app store
"Their delivery speed is faster than I thought, thanks Blinkit.",5,2026-07-30 10:03:55 UTC,0,play_store,"Their delivery speed is faster than I thought, thanks Blinkit.",delivery speed faster thought thanks blinkit
very good experience with blinkit,5,2026-07-30 10:02:53 UTC,0,play_store,very good experience with blinkit,good experience blinkit
don't take any handling fee It's costly for students and many more people plz consider this problem.,1,2026-07-30 10:02:31 UTC,0,play_store,don't take any handling fee It's costly for students and many more people plz consider this problem.,dont take handle fee costly student many people plz consider problem
very good service for blanket,5,2026-07-30 09:59:32 UTC,0,play_store,very good service for blanket,good service blanket
"I have ordered for the first time today. Let's see how the experience happens, what is the facility?",4,2026-07-30 09:56:51 UTC,0,play_store,"I have ordered for the first time today. Let's see how the experience happens, what is the facility?",order first time today let see experience happen facility
Very Good And best app for instant ordering without going anywhere thank you so much 🙏😉,5,2026-07-30 09:55:43 UTC,0,play_store,Very Good And best app for instant ordering without going anywhere thank you so much 🙏😉,good best app instant order without go anywhere thank much
"very fast delivery, just like blink",5,2026-07-30 09:53:26 UTC,0,play_store,"very fast delivery, just like blink",fast delivery like blink
"My experiences have been highly satisfying. As displayed, at the time of ordering, they deliver within that time - not once or twice, but every time. The quality of the products is also very good. Moreover, in case of any problems, their customer service responds promptly and the resolution is extremely fast.",5,2026-07-30 09:50:53 UTC,0,play_store,"My experiences have been highly satisfying. As displayed, at the time of ordering, they deliver within that time - not once or twice, but every time. The quality of the products is also very good. Moreover, in case of any problems, their customer service responds promptly and the resolution is extremely fast.",experience highly satisfy display time order deliver within time twice every time quality product also good moreover case problem customer service respond promptly resolution extremely fast
Outstanding,5,2026-07-30 09:50:25 UTC,0,play_store,Outstanding,outstanding
very disappointed.. I order item.. and blinkit send very very low product sent.. and i returned.. but they refused...,1,2026-07-30 09:49:48 UTC,0,play_store,very disappointed.. I order item.. and blinkit send very very low product sent.. and i returned.. but they refused...,disappointed order item blinkit send low product sent return refuse
not good,1,2026-07-30 09:49:16 UTC,0,play_store,not good,good
very useful for working and non working mothers,5,2026-07-30 09:48:20 UTC,0,play_store,very useful for working and non working mothers,useful work non work mother
"I'd give zero stars if I could. order gets delayed often, sometimes by 45-50 mins. customer support is extremely unhelpful and you're forced to talk to an AI which doesn't understand the concern. better to get some alternative and not this.",1,2026-07-30 09:45:10 UTC,1,play_store,"I'd give zero stars if I could. order gets delayed often, sometimes by 45-50 mins. customer support is extremely unhelpful and you're forced to talk to an AI which doesn't understand the concern. better to get some alternative and not this.",id give zero star could order get delay often sometimes 4550 min customer support extremely unhelpful youre force talk ai doesnt understand concern well get alternative
"agr app ek baar material purchase krr lenge to vo vapis nhi krte, agr glt material aa gya ho to..",1,2026-07-30 09:40:28 UTC,0,play_store,"agr app ek baar material purchase krr lenge to vo vapis nhi krte, agr glt material aa gya ho to..",agr app ek baar material purchase krr lenge vo vapis nhi krte agr glt material aa gya ho
service is best,5,2026-07-30 09:39:43 UTC,0,play_store,service is best,service best
Great.. best quality products,5,2026-07-30 09:38:28 UTC,0,play_store,Great.. best quality products,great best quality product
jaldi aao bhaiya,5,2026-07-30 09:37:54 UTC,0,play_store,jaldi aao bhaiya,jaldi aao bhaiya
best app for best items,5,2026-07-30 09:30:26 UTC,0,play_store,best app for best items,best app best item
it is good but not best 😌 i,4,2026-07-30 09:27:10 UTC,0,play_store,it is good but not best 😌 i,good best
they dont give the change money ..and make the delivery so long many times ..and many times they say that they will give the change money on your blinkit app..but they don't give,2,2026-07-30 09:24:40 UTC,1,play_store,they dont give the change money ..and make the delivery so long many times ..and many times they say that they will give the change money on your blinkit app..but they don't give,dont give change money make delivery long many time many time say give change money blinkit appbut dont give
"It is okay till the time you dont give a feedback or have a complaint. Rude customer care who shouts, zero understanding of customer service, and taking orders with advance payment and then cancel without informing!!! for me its only for absolutely umergency requirements which Big Basket, Instamart or Amazon Now can not deliver. otherwise a BIG NO to Blinkit.",1,2026-07-30 09:23:35 UTC,0,play_store,"It is okay till the time you dont give a feedback or have a complaint. Rude customer care who shouts, zero understanding of customer service, and taking orders with advance payment and then cancel without informing!!! for me its only for absolutely umergency requirements which Big Basket, Instamart or Amazon Now can not deliver. otherwise a BIG NO to Blinkit.",okay till time dont give feedback complaint rude customer care shout zero understand customer service take order advance payment cancel without inform absolutely umergency requirement big basket instamart amazon deliver otherwise big blinkit
👍🙂 search,5,2026-07-30 09:17:04 UTC,0,play_store,👍🙂 search,search
"Very fast, These people come in any weather",5,2026-07-30 09:14:58 UTC,0,play_store,"Very fast, These people come in any weather",fast people come weather
very good Very nice app,5,2026-07-30 09:14:55 UTC,0,play_store,very good Very nice app,good nice app
"Delivery is getting delayed since last few days, 40 minutes as per time",2,2026-07-30 09:07:51 UTC,1,play_store,"Delivery is getting delayed since last few days, 40 minutes as per time",delivery get delay since last day 40 minute per time
What I like most is that they take consultation after ordering any pharmacy thing that's a very appreciative thing,5,2026-07-30 09:07:33 UTC,0,play_store,What I like most is that they take consultation after ordering any pharmacy thing that's a very appreciative thing,like take consultation order pharmacy thing thats appreciative thing
"Liked...,an application.",5,2026-07-30 09:06:54 UTC,0,play_store,"Liked...,an application.",likedan application
easy to order from anywhere....thnks blink it,5,2026-07-30 09:06:50 UTC,0,play_store,easy to order from anywhere....thnks blink it,easy order anywherethnks blink
very nice and quick service thankyou blinkit soo much,5,2026-07-30 09:04:21 UTC,0,play_store,very nice and quick service thankyou blinkit soo much,nice quick service thankyou blinkit soo much
best app i love it 🌹,5,2026-07-30 09:04:01 UTC,0,play_store,best app i love it 🌹,best app love
good like,1,2026-07-30 09:02:25 UTC,0,play_store,good like,good like
nice app thank for you 😊,5,2026-07-30 08:55:08 UTC,0,play_store,nice app thank for you 😊,nice app thank
really its last minute app,5,2026-07-30 08:54:51 UTC,0,play_store,really its last minute app,really last minute app
dilevery is good for me,5,2026-07-30 08:54:32 UTC,0,play_store,dilevery is good for me,dilevery good
very bad delivery boys always no change I hate,1,2026-07-30 08:52:30 UTC,0,play_store,very bad delivery boys always no change I hate,bad delivery boy always change hate
Repeated complaints against the vendor at Haridwar is falling to deaf ears. No remedial action is being taken. Why are we paying you blinkit? Better to switch to zepto etc.,1,2026-07-30 08:51:14 UTC,0,play_store,Repeated complaints against the vendor at Haridwar is falling to deaf ears. No remedial action is being taken. Why are we paying you blinkit? Better to switch to zepto etc.,repeat complaint vendor haridwar fall deaf ear remedial action take pay blinkit well switch zepto etc
rating is the too bad because your service is too worst charger cast,1,2026-07-30 08:42:20 UTC,0,play_store,rating is the too bad because your service is too worst charger cast,rating bad service bad charger cast
fantastic💗,5,2026-07-30 08:40:24 UTC,0,play_store,fantastic💗,fantastic
too late sarvice,1,2026-07-30 08:39:25 UTC,0,play_store,too late sarvice,late sarvice
satisfy,5,2026-07-30 08:38:25 UTC,0,play_store,satisfy,satisfy
Very fast dilivery. keep it up,5,2026-07-30 08:38:16 UTC,0,play_store,Very fast dilivery. keep it up,fast dilivery keep
sahi app hai kr sakte ho order pr,5,2026-07-30 08:37:29 UTC,0,play_store,sahi app hai kr sakte ho order pr,sahi app hai kr sakte ho order pr
perfect but be available at every location,4,2026-07-30 08:35:45 UTC,0,play_store,perfect but be available at every location,perfect available every location
it's great app and their customers support system good 👍,3,2026-07-30 08:34:50 UTC,0,play_store,it's great app and their customers support system good 👍,great app customer support system good
not fresh any food and anything i given 2 stars because faster del.....,2,2026-07-30 08:28:54 UTC,1,play_store,not fresh any food and anything i given 2 stars because faster del.....,fresh food anything give 2 star faster del
I've been using this app for a long time but few days ago they scammed me. So I bought a 4 in one data cable and it wasn't working properly then I raised a complaint in chat support and they said contact the brand for warranty and gave me e-mail and phone number of that brand but neither they replied not answered my call it's totally scam and I'm going to stop using blinkit forever and I wish it gets banned forever I'll keep praying that both pay for it.,1,2026-07-30 08:28:39 UTC,0,play_store,I've been using this app for a long time but few days ago they scammed me. So I bought a 4 in one data cable and it wasn't working properly then I raised a complaint in chat support and they said contact the brand for warranty and gave me e-mail and phone number of that brand but neither they replied not answered my call it's totally scam and I'm going to stop using blinkit forever and I wish it gets banned forever I'll keep praying that both pay for it.,ive use app long time day ago scammed buy 4 one data cable wasnt work properly raise complaint chat support say contact brand warranty give email phone number brand neither reply answered call totally scam im go stop use blinkit forever wish get ban forever ill keep pray pay
blinkit very faster dilivery app and treated bhi hai nice good job 👍🏻,5,2026-07-30 08:25:31 UTC,0,play_store,blinkit very faster dilivery app and treated bhi hai nice good job 👍🏻,blinkit faster dilivery app treat bhi hai nice good job
this is very good 👍,5,2026-07-30 08:24:22 UTC,0,play_store,this is very good 👍,good
your service is amazing,5,2026-07-30 08:24:02 UTC,0,play_store,your service is amazing,service amaze
"I have worked there in blinkit and believe me there system may be advanced but the salary is so less . we got 58 rs for 6.5 km and this is for full travel. Also they only give one delivery for one person, 9/10 times. It's hilarious that when I tried to work doubled they block my account. even though I am working with pure honesty. The owner may say that delevery can be done under half or one hours. But customer still believes that there order is coming under 10 mins. they still use this trick.",1,2026-07-30 08:22:10 UTC,0,play_store,"I have worked there in blinkit and believe me there system may be advanced but the salary is so less . we got 58 rs for 6.5 km and this is for full travel. Also they only give one delivery for one person, 9/10 times. It's hilarious that when I tried to work doubled they block my account. even though I am working with pure honesty. The owner may say that delevery can be done under half or one hours. But customer still believes that there order is coming under 10 mins. they still use this trick.",work blinkit believe system may advance salary less get 58 r 65 km full travel also give one delivery one person 910 time hilarious tried work double block account even though work pure honesty owner may say delevery do half one hour customer still believe order come 10 min still use trick
My first order on Blinkit let's see how they give the service,4,2026-07-30 08:21:51 UTC,0,play_store,My first order on Blinkit let's see how they give the service,first order blinkit let see give service
amazing,5,2026-07-30 08:21:26 UTC,0,play_store,amazing,amaze
it's very usefull for me,5,2026-07-30 08:20:19 UTC,0,play_store,it's very usefull for me,usefull
COD Option Not Available,1,2026-07-30 08:18:23 UTC,0,play_store,COD Option Not Available,cod option available
Blinkit suggest animal products on serching vegan food.I am vegan .Blinkit confuse me .Why there is animal products on my feed.,1,2026-07-30 08:16:14 UTC,0,play_store,Blinkit suggest animal products on serching vegan food.I am vegan .Blinkit confuse me .Why there is animal products on my feed.,blinkit suggest animal product serching vegan foodi vegan blinkit confuse animal product fee
"worst customer support. i am trying to complain about a faulty product i received but the customer service bot is asking me to take a video of the product, and blinkit's camera feature is not working. and it is not giving me an option to upload from my phone as well",1,2026-07-30 08:12:15 UTC,0,play_store,"worst customer support. i am trying to complain about a faulty product i received but the customer service bot is asking me to take a video of the product, and blinkit's camera feature is not working. and it is not giving me an option to upload from my phone as well",worst customer support try complain faulty product receive customer service bot ask take video product blinkits camera feature work give option upload phone well
"Excellent service!! Super-fast delivery, neatly packed items, and everything arrived in perfect condition. Thank you.",5,2026-07-30 08:06:44 UTC,0,play_store,"Excellent service!! Super-fast delivery, neatly packed items, and everything arrived in perfect condition. Thank you.",excellent service superfast delivery neatly pack item everything arrive perfect condition thank
unwanted charges on cancellation,1,2026-07-30 07:59:28 UTC,0,play_store,unwanted charges on cancellation,unwanted charge cancellation
your service is best service,5,2026-07-30 07:58:25 UTC,0,play_store,your service is best service,service best service
perfect,5,2026-07-30 07:58:21 UTC,0,play_store,perfect,perfect
best grocery app and only aap works in kashmir.,5,2026-07-30 07:57:46 UTC,0,play_store,best grocery app and only aap works in kashmir.,best grocery app aap work kashmir
Very fast delivery and the product is good,5,2026-07-30 07:56:09 UTC,0,play_store,Very fast delivery and the product is good,fast delivery product good
very helpful app,5,2026-07-30 07:52:42 UTC,0,play_store,very helpful app,helpful app
best app for many services,5,2026-07-30 07:49:13 UTC,0,play_store,best app for many services,best app many service
good oooodd,4,2026-07-30 07:49:04 UTC,0,play_store,good oooodd,good oooodd
best app ever invented.. omg how fast is too fast 🏇🏻,5,2026-07-30 07:48:51 UTC,0,play_store,best app ever invented.. omg how fast is too fast 🏇🏻,best app ever invent omg fast fast
i didn't receive my order but showing delivered worst service want my refund,1,2026-07-30 07:47:38 UTC,0,play_store,i didn't receive my order but showing delivered worst service want my refund,didnt receive order show deliver bad service want refund
Very good. Item arrived in a couple of minutes,5,2026-07-30 07:40:43 UTC,0,play_store,Very good. Item arrived in a couple of minutes,good item arrive couple minute
worst experience,1,2026-07-30 07:37:54 UTC,0,play_store,worst experience,bad experience
it's my first order...,5,2026-07-30 07:33:14 UTC,0,play_store,it's my first order...,first order
It is good but you need to take less charges like handling charges that need to be reduced,4,2026-07-30 07:32:07 UTC,0,play_store,It is good but you need to take less charges like handling charges that need to be reduced,good need take less charge like handle charge need reduce
sometimes good items but sometimes expired & rotten items & if you complain sometimes they replace or send coupon but nowadays they ask complain in their email I'd which is long process.& if you return items often you can't order by cash,3,2026-07-30 07:32:07 UTC,0,play_store,sometimes good items but sometimes expired & rotten items & if you complain sometimes they replace or send coupon but nowadays they ask complain in their email I'd which is long process.& if you return items often you can't order by cash,sometimes good item sometimes expire rotten item complain sometimes replace send coupon nowadays ask complain email id long process return item often cant order cash
good facility,4,2026-07-30 07:31:36 UTC,0,play_store,good facility,good facility
time to delivery is so great,5,2026-07-30 07:27:40 UTC,0,play_store,time to delivery is so great,time delivery great
very gud,5,2026-07-30 07:26:55 UTC,0,play_store,very gud,gud
nice product and pata nhi kyu show nhi ho raha me kese check Karu ki muje kya chahiye,5,2026-07-30 07:25:33 UTC,0,play_store,nice product and pata nhi kyu show nhi ho raha me kese check Karu ki muje kya chahiye,nice product pata nhi kyu show nhi ho raha kese check karu ki muje kya chahiye
send spoilt products and then steal your money,1,2026-07-30 07:23:21 UTC,0,play_store,send spoilt products and then steal your money,send spoilt product steal money
extra payment charges levied while placing order,1,2026-07-30 07:22:24 UTC,0,play_store,extra payment charges levied while placing order,extra payment charge levy place order
"most of your delivery person are not dressed properly,most of them are coming with the dirty wearing always",1,2026-07-30 07:16:27 UTC,0,play_store,"most of your delivery person are not dressed properly,most of them are coming with the dirty wearing always",delivery person dress properlymost come dirty wearing always
it's very good quality and perfact timing and helpful and I like this app very much thanks to blinkit,5,2026-07-30 07:13:27 UTC,0,play_store,it's very good quality and perfact timing and helpful and I like this app very much thanks to blinkit,good quality perfact time helpful like app much thanks blinkit
bekar AAP,1,2026-07-30 07:12:20 UTC,0,play_store,bekar AAP,bekar aap
Excellent Service But should work on more orders,5,2026-07-30 07:12:19 UTC,0,play_store,Excellent Service But should work on more orders,excellent service work order
I found Hot Wheels Ferrari SF90 Stradale at MRP ₹179/-. Dear Blinkit team Thank you 🤩🤩👍,5,2026-07-30 07:12:10 UTC,0,play_store,I found Hot Wheels Ferrari SF90 Stradale at MRP ₹179/-. Dear Blinkit team Thank you 🤩🤩👍,find hot wheel ferrari sf90 stradale mrp dear blinkit team thank
bad experience items supplied are of below standard. I am stopping purchasing from blinking.,1,2026-07-30 07:11:25 UTC,0,play_store,bad experience items supplied are of below standard. I am stopping purchasing from blinking.,bad experience item supply standard stop purchasing blinking
very fast delivery and very excileemt dilivery,5,2026-07-30 07:07:06 UTC,0,play_store,very fast delivery and very excileemt dilivery,fast delivery excileemt dilivery
delivery is up to time,5,2026-07-30 07:05:49 UTC,0,play_store,delivery is up to time,delivery time
neic,5,2026-07-30 07:04:41 UTC,0,play_store,neic,neic
"excellent service, qualit y product",5,2026-07-30 07:04:36 UTC,0,play_store,"excellent service, qualit y product",excellent service qualit product
very useful and quick service,5,2026-07-30 07:01:09 UTC,0,play_store,very useful and quick service,useful quick service
Very amazing 👏. Delivery in few seconds 👌,5,2026-07-30 07:00:48 UTC,0,play_store,Very amazing 👏. Delivery in few seconds 👌,amazing delivery second
good ui but handling charge is an issue for me,4,2026-07-30 06:56:19 UTC,0,play_store,good ui but handling charge is an issue for me,good ui handle charge issue
Free Delivery Above 199 Is Too Much Great App Tho Zepto Is Better,4,2026-07-30 06:55:47 UTC,0,play_store,Free Delivery Above 199 Is Too Much Great App Tho Zepto Is Better,free delivery 199 much great app tho zepto well
not responding better result 😕,1,2026-07-30 06:55:34 UTC,0,play_store,not responding better result 😕,respond well result
I like this app because cod is available and delivery charges is free thankyou blinkit please aise hi rehna,2,2026-07-30 06:53:47 UTC,1,play_store,I like this app because cod is available and delivery charges is free thankyou blinkit please aise hi rehna,like app cod available delivery charge free thankyou blinkit please aise hi rehna
Good but rate is very high than others packing are v.good than others,5,2026-07-30 06:52:35 UTC,0,play_store,Good but rate is very high than others packing are v.good than others,good rate high others pack vgood others
badiya app hai bhai bahut Ameer log hain blinkit vale,5,2026-07-30 06:50:20 UTC,0,play_store,badiya app hai bhai bahut Ameer log hain blinkit vale,badiya app hai bhai bahut ameer log hain blinkit vale
if I recieve item in time than I will be very appreciate,5,2026-07-30 06:46:49 UTC,0,play_store,if I recieve item in time than I will be very appreciate,recieve item time appreciate
mydragon fruit was rotton,1,2026-07-30 06:46:03 UTC,0,play_store,mydragon fruit was rotton,mydragon fruit rotton
Easy and fast work.,4,2026-07-30 06:45:22 UTC,0,play_store,Easy and fast work.,easy fast work
Super fast delivery! Got my order in just 4 minutes. Everything was fresh and well packed. Very convenient app with a smooth experience. Highly recommended!,5,2026-07-30 06:43:25 UTC,0,play_store,Super fast delivery! Got my order in just 4 minutes. Everything was fresh and well packed. Very convenient app with a smooth experience. Highly recommended!,super fast delivery get order 4 minute everything fresh well packed convenient app smooth experience highly recommend
"Placed the order. Paid for it. Waited for the delay. The order said ""arrived"" without arriving. ""Need help?"" Yes but for more than an hour no one was replying and the conversations kept closing themselves after each 15 minutes.",1,2026-07-30 06:37:34 UTC,0,play_store,"Placed the order. Paid for it. Waited for the delay. The order said ""arrived"" without arriving. ""Need help?"" Yes but for more than an hour no one was replying and the conversations kept closing themselves after each 15 minutes.",place order pay wait delay order say arrive without arrive need help yes hour one replying conversation keep close 15 minute
"No problem, just deliver the order on time and everything is fine, now we provide good service.",5,2026-07-30 06:32:07 UTC,0,play_store,"No problem, just deliver the order on time and everything is fine, now we provide good service.",problem deliver order time everything fine provide good service
no cancellation,1,2026-07-30 06:31:39 UTC,0,play_store,no cancellation,cancellation
this app very very helpful to all emergency person....and this apps use provide all area in India....,4,2026-07-30 06:30:56 UTC,0,play_store,this app very very helpful to all emergency person....and this apps use provide all area in India....,app helpful emergency personand apps use provide area india
wow good best,5,2026-07-30 06:30:31 UTC,0,play_store,wow good best,wow good best
best experience but Product are lil bit costly as compare to other Shopping AAP,5,2026-07-30 06:29:46 UTC,0,play_store,best experience but Product are lil bit costly as compare to other Shopping AAP,best experience product lil bit costly compare shop aap
Excellent Service... I never ever before experienced this kind of fast delivery service. thanks to blinkit team.,5,2026-07-30 06:29:38 UTC,0,play_store,Excellent Service... I never ever before experienced this kind of fast delivery service. thanks to blinkit team.,excellent service never ever experience kind fast delivery service thanks blinkit team
"worst delivery partner s, they disappear with the order and customer support executive shakila is of no help",1,2026-07-30 06:27:22 UTC,0,play_store,"worst delivery partner s, they disappear with the order and customer support executive shakila is of no help",bad delivery partner disappear order customer support executive shakila help
fraud,1,2026-07-30 06:23:54 UTC,0,play_store,fraud,fraud
Authentic and reliable store.,5,2026-07-30 06:14:54 UTC,0,play_store,Authentic and reliable store.,authentic reliable store
price rate is ok but it's total is more than it is,1,2026-07-30 06:14:48 UTC,0,play_store,price rate is ok but it's total is more than it is,price rate ok total
Good System for those who can't go out of house for buying very quick service and helpful. Thanks Blinkit making life Easier.,5,2026-07-30 06:14:36 UTC,0,play_store,Good System for those who can't go out of house for buying very quick service and helpful. Thanks Blinkit making life Easier.,good system cant go house buy quick service helpful thanks blinkit make life easy
lovely,5,2026-07-30 06:09:06 UTC,0,play_store,lovely,lovely
"too bad, xerox/print services are not available!!!",1,2026-07-30 06:06:40 UTC,1,play_store,"too bad, xerox/print services are not available!!!",bad xeroxprint service available
"I ordered coffee and chicken but received only the coffee, yet was charged Rs. 27/- as handling and service charges for this one item. This is truly a bad experience!! Imagine paying a surcharge of over 10% just for one item........, daylight robbery indeed!! Am not happy!!",1,2026-07-30 06:00:43 UTC,1,play_store,"I ordered coffee and chicken but received only the coffee, yet was charged Rs. 27/- as handling and service charges for this one item. This is truly a bad experience!! Imagine paying a surcharge of over 10% just for one item........, daylight robbery indeed!! Am not happy!!",order coffee chicken receive coffee yet charge r 27 handling service charge one item truly bad experience imagine pay surcharge 10 one item daylight robbery indeed happy
Good products... But delivery agent c onfuse about my location... Not thorough with location,4,2026-07-30 05:59:04 UTC,0,play_store,Good products... But delivery agent c onfuse about my location... Not thorough with location,good product delivery agent c onfuse location thorough location
good handling and very affordable,5,2026-07-30 05:58:43 UTC,0,play_store,good handling and very affordable,good handling affordable
"blanket is better than any other app, the most important thing they have cash on delivery available, and I have also noticed that unavailable items on other applications are also available here ✨",5,2026-07-30 05:55:29 UTC,0,play_store,"blanket is better than any other app, the most important thing they have cash on delivery available, and I have also noticed that unavailable items on other applications are also available here ✨",blanket well app important thing cash delivery available also notice unavailable item application also available
very very very very very very very very very very very very very very very very very very very very very very very very good 👍👍👍👍👍👍👍👍👍👍👍👍👍👍👍👍👍👍👍👍👍👍👍👍👍👍👍👌👌👌👌👌👌👌👌👌👌👌,5,2026-07-30 05:54:36 UTC,0,play_store,very very very very very very very very very very very very very very very very very very very very very very very very good 👍👍👍👍👍👍👍👍👍👍👍👍👍👍👍👍👍👍👍👍👍👍👍👍👍👍👍👌👌👌👌👌👌👌👌👌👌👌,good
blink it always does the job in every situation. the need of the hour. keep doing what u do best 👌,5,2026-07-30 05:51:44 UTC,0,play_store,blink it always does the job in every situation. the need of the hour. keep doing what u do best 👌,blink always job every situation need hour keep u best
gud service,5,2026-07-30 05:46:07 UTC,0,play_store,gud service,gud service
"""Make sure to give small cash change to the delivery staff.""",5,2026-07-30 05:45:14 UTC,0,play_store,"""Make sure to give small cash change to the delivery staff.""",make sure give small cash change delivery staff
Need to improve packing of items like milk packets because paper bag damaged quickly by keeping milk packets in it.,4,2026-07-30 05:44:08 UTC,0,play_store,Need to improve packing of items like milk packets because paper bag damaged quickly by keeping milk packets in it.,need improve pack item like milk packet paper bag damage quickly keep milk packet
blinkit service acchi hai but 15..20 rupye extra lete hai,3,2026-07-30 05:43:43 UTC,0,play_store,blinkit service acchi hai but 15..20 rupye extra lete hai,blinkit service acchi hai 1520 rupye extra lete hai
very good service and timing,5,2026-07-30 05:43:29 UTC,0,play_store,very good service and timing,good service timing
nice job,5,2026-07-30 05:39:37 UTC,0,play_store,nice job,nice job
after receive my order then I'll give you feedback 🙂,1,2026-07-30 05:36:07 UTC,0,play_store,after receive my order then I'll give you feedback 🙂,receive order ill give feedback
sahi h but thoda expensive saman h normal shop k according,3,2026-07-30 05:34:02 UTC,0,play_store,sahi h but thoda expensive saman h normal shop k according,sahi h thoda expensive saman h normal shop k accord
Just love it 😀,5,2026-07-30 05:32:39 UTC,0,play_store,Just love it 😀,love
"This is a very bad company, there is no option to return items here.""This is how their staff makes fools of customers.""""Their staff tricks customers like this.""",1,2026-07-30 05:31:47 UTC,0,play_store,"This is a very bad company, there is no option to return items here.""This is how their staff makes fools of customers.""""Their staff tricks customers like this.""",bad company option return item herethis staff make fool customerstheir staff trick customer like
why don't you guys use separate bags for edible and cosmetics,1,2026-07-30 05:31:07 UTC,0,play_store,why don't you guys use separate bags for edible and cosmetics,dont guy use separate bag edible cosmetic
thankyou,3,2026-07-30 05:29:45 UTC,0,play_store,thankyou,thankyou
it's very helpful in urgent need,5,2026-07-30 05:28:45 UTC,0,play_store,it's very helpful in urgent need,helpful urgent need
bdiya. fine,5,2026-07-30 05:28:37 UTC,0,play_store,bdiya. fine,bdiya fine
nice and quick,5,2026-07-30 05:26:52 UTC,0,play_store,nice and quick,nice quick
"I recently required several grocery items and gifts for my loved ones. After downloading three apps, I found Blinkit to be the most useful and reliable option, thanks to its extensive product range, competitive pricing, and efficient delivery services. I placed three orders within two days to fulfill all my needs and was highly satisfied with the experience. I wholeheartedly recommend Blinkit as the premier shopping app for grocery essentials.",5,2026-07-30 05:26:20 UTC,1,play_store,"I recently required several grocery items and gifts for my loved ones. After downloading three apps, I found Blinkit to be the most useful and reliable option, thanks to its extensive product range, competitive pricing, and efficient delivery services. I placed three orders within two days to fulfill all my needs and was highly satisfied with the experience. I wholeheartedly recommend Blinkit as the premier shopping app for grocery essentials.",recently require several grocery item gift love one download three apps find blinkit useful reliable option thanks extensive product range competitive pricing efficient delivery service place three order within two day fulfill need highly satisfied experience wholeheartedly recommend blinkit premier shop app grocery essential
everything at one place,5,2026-07-30 05:26:14 UTC,0,play_store,everything at one place,everything one place
excellent app in metro cities,5,2026-07-30 05:26:11 UTC,0,play_store,excellent app in metro cities,excellent app metro city
super fast service,5,2026-07-30 05:21:26 UTC,0,play_store,super fast service,super fast service
so much best 😍,3,2026-07-30 05:20:44 UTC,0,play_store,so much best 😍,much best
Ladies quick fix.,5,2026-07-30 05:15:52 UTC,0,play_store,Ladies quick fix.,lady quick fix
very usefull this app,5,2026-07-30 05:15:17 UTC,0,play_store,very usefull this app,usefull app
time to deliver,5,2026-07-30 05:14:42 UTC,0,play_store,time to deliver,time deliver
it's was good e commerce app but the offer is not good like zepto,2,2026-07-30 05:10:31 UTC,1,play_store,it's was good e commerce app but the offer is not good like zepto,good e commerce app offer good like zepto
Third class app and equally third class service.Take 40 mins to cancel the order.,1,2026-07-30 05:09:44 UTC,0,play_store,Third class app and equally third class service.Take 40 mins to cancel the order.,third class app equally third class servicetake 40 min cancel order
I liked the service here . They provide medical emergencies very quickly and food selection quite interesting. I recommend it that it should be trued once by everyone. The reason I gave it 4 star is sometimes when network is not there we don't get our cash refund,4,2026-07-30 05:08:28 UTC,0,play_store,I liked the service here . They provide medical emergencies very quickly and food selection quite interesting. I recommend it that it should be trued once by everyone. The reason I gave it 4 star is sometimes when network is not there we don't get our cash refund,liked service provide medical emergency quickly food selection quite interesting recommend true everyone reason give 4 star sometimes network dont get cash refund
superstar 🤩,5,2026-07-30 05:07:25 UTC,0,play_store,superstar 🤩,superstar
"copy is not good, it's page is rough",1,2026-07-30 05:06:06 UTC,0,play_store,"copy is not good, it's page is rough",copy good page rough
"what is the reason for handling charges, every week you guys are raising the handling charges......why ......and that too jabardasti",1,2026-07-30 05:04:53 UTC,0,play_store,"what is the reason for handling charges, every week you guys are raising the handling charges......why ......and that too jabardasti",reason handling charge every week guy raise handle chargeswhy jabardasti
nice to work,5,2026-07-30 05:03:54 UTC,1,play_store,nice to work,nice work
very poor.pscket in open condition,1,2026-07-30 05:03:34 UTC,0,play_store,very poor.pscket in open condition,poorpscket open condition
worst coustomer service,1,2026-07-30 05:02:40 UTC,0,play_store,worst coustomer service,worst coustomer service
wrong items get delivered,1,2026-07-30 05:00:03 UTC,0,play_store,wrong items get delivered,wrong item get deliver
No offers,1,2026-07-30 04:59:16 UTC,0,play_store,No offers,offer
easy to buy,5,2026-07-30 04:56:57 UTC,0,play_store,easy to buy,easy buy
best product or service,5,2026-07-30 04:54:17 UTC,0,play_store,best product or service,best product service
I can get anything I want under 10 minutes,5,2026-07-30 04:52:01 UTC,0,play_store,I can get anything I want under 10 minutes,get anything want 10 minute
good to review,4,2026-07-30 04:51:27 UTC,0,play_store,good to review,good review
good but they dont gives 9 rupees zone,5,2026-07-30 04:48:16 UTC,0,play_store,good but they dont gives 9 rupees zone,good dont give 9 rupee zone
Excellent quality & service 👍,5,2026-07-30 04:45:58 UTC,0,play_store,Excellent quality & service 👍,excellent quality service
very very goood app.,2,2026-07-30 04:45:19 UTC,0,play_store,very very goood app.,goood app
"worst service and quality, there is just no end to the misery, chemicals and food packed in one bag twice in a row. lack of quality supervision and zero accountability 😕",1,2026-07-30 04:44:20 UTC,0,play_store,"worst service and quality, there is just no end to the misery, chemicals and food packed in one bag twice in a row. lack of quality supervision and zero accountability 😕",bad service quality end misery chemical food pack one bag twice row lack quality supervision zero accountability
to much fast service,5,2026-07-30 04:41:25 UTC,0,play_store,to much fast service,much fast service
"brilliant service ,but give more credit card offers to apply",5,2026-07-30 04:35:55 UTC,0,play_store,"brilliant service ,but give more credit card offers to apply",brilliant service give credit card offer apply
prices are high,1,2026-07-30 04:34:00 UTC,0,play_store,prices are high,price high
wow very dangerous 😳,5,2026-07-30 04:28:54 UTC,0,play_store,wow very dangerous 😳,wow dangerous
Great ... Delivery n Quality n Offers,5,2026-07-30 04:28:43 UTC,0,play_store,Great ... Delivery n Quality n Offers,great delivery n quality n offer
"Dear Blinkit Support, I am writing to raise a complaint regarding Order I ordered a B-type charging cable through the Blinkit app, but I received an iPhone charging cable instead. Within approximately 5 minutes of receiving the delivery, I immediately raised a return/replacement request through the app. Shortly thereafter, I received a call from your customer support team informing me that a return was not possible. Despite explaining that the wrong item had been delivered",1,2026-07-30 04:27:19 UTC,1,play_store,"Dear Blinkit Support, I am writing to raise a complaint regarding Order I ordered a B-type charging cable through the Blinkit app, but I received an iPhone charging cable instead. Within approximately 5 minutes of receiving the delivery, I immediately raised a return/replacement request through the app. Shortly thereafter, I received a call from your customer support team informing me that a return was not possible. Despite explaining that the wrong item had been delivered",dear blinkit support write raise complaint regard order order btype charge cable blinkit app receive iphone charge cable instead within approximately 5 minute receive delivery immediately raise returnreplacement request app shortly thereafter receive call customer support team inform return possible despite explain wrong item deliver
my order is 2 Watter bottole 1 letters and pay 47Rs but received in only 1 litter 1 bottol,1,2026-07-30 04:24:41 UTC,0,play_store,my order is 2 Watter bottole 1 letters and pay 47Rs but received in only 1 litter 1 bottol,order 2 watter bottole 1 letter pay 47rs receive 1 litter 1 bottol
it's quick and simple please ask your delivery team to keep change,5,2026-07-30 04:23:15 UTC,0,play_store,it's quick and simple please ask your delivery team to keep change,quick simple please ask delivery team keep change
"ये app एक फालतू का App है। इसको कोई इंस्टॉल ना करे।अगर जो करे है उनसे अनुरोध है कि सिर्फ food item ही मंगवाए। क्योंकि ये Non-Responsible app है।कस्टमर केयर के नाम पर AI से मैसेज मैसेज खेलते रहिए। इसमें issue fix किया हुआ है,अपने तरफ से न कुछ बोल सकते हो और ना ही वो समझ सकता है।मैने एक पंखा मंगवाया था उसमें गड़बड़ी थी,ना ही exchange कर रहा है और ना ही return.यहां तक कि मैं पार्सल लेकर उस blinkit shop पर भी गया लेकिन कोई सुनने वाला नहीं।पहली बार कुछ मंगाया था।मेरे साथ धोखा हुआ है।other app best है",1,2026-07-30 04:19:15 UTC,0,play_store,"ये app एक फालतू का App है। इसको कोई इंस्टॉल ना करे।अगर जो करे है उनसे अनुरोध है कि सिर्फ food item ही मंगवाए। क्योंकि ये Non-Responsible app है।कस्टमर केयर के नाम पर AI से मैसेज मैसेज खेलते रहिए। इसमें issue fix किया हुआ है,अपने तरफ से न कुछ बोल सकते हो और ना ही वो समझ सकता है।मैने एक पंखा मंगवाया था उसमें गड़बड़ी थी,ना ही exchange कर रहा है और ना ही return.यहां तक कि मैं पार्सल लेकर उस blinkit shop पर भी गया लेकिन कोई सुनने वाला नहीं।पहली बार कुछ मंगाया था।मेरे साथ धोखा हुआ है।other app best है",app एक app food item nonresponsible app पर ai issue fix तरफ न और समझ एक exchange कर और तक उस blinkit shop पर app best
this is very helpfull in daily life,5,2026-07-30 04:17:49 UTC,0,play_store,this is very helpfull in daily life,helpfull daily life
good service but extra charge liyaa hai,4,2026-07-30 04:13:36 UTC,0,play_store,good service but extra charge liyaa hai,good service extra charge liyaa hai
well,5,2026-07-30 04:12:07 UTC,0,play_store,well,well
goood service,4,2026-07-30 04:09:27 UTC,0,play_store,goood service,goood service
very quick app,5,2026-07-30 04:07:53 UTC,0,play_store,very quick app,quick app
well service,5,2026-07-30 03:59:46 UTC,0,play_store,well service,well service
useless...always delivery late...delivery person always avoids call...shame,1,2026-07-30 03:57:50 UTC,0,play_store,useless...always delivery late...delivery person always avoids call...shame,uselessalways delivery latedelivery person always avoids callshame
very good ap,5,2026-07-30 03:55:19 UTC,0,play_store,very good ap,good ap
I every time order from blink it only and this is my favourite app best app in the whole universe 🥰,5,2026-07-30 03:49:17 UTC,1,play_store,I every time order from blink it only and this is my favourite app best app in the whole universe 🥰,every time order blink favourite app best app whole universe
should remove the so called handling charge on every order like zepto... otherwise good,4,2026-07-30 03:44:54 UTC,0,play_store,should remove the so called handling charge on every order like zepto... otherwise good,remove call handle charge every order like zepto otherwise good
why we handling charges given,2,2026-07-30 03:41:01 UTC,0,play_store,why we handling charges given,handling charge give
vegetables are not getting fresh. The potatoes I order never cook properly or taste good.,1,2026-07-30 03:41:00 UTC,0,play_store,vegetables are not getting fresh. The potatoes I order never cook properly or taste good.,vegetable get fresh potato order never cook properly taste good
very bad,1,2026-07-30 03:39:38 UTC,0,play_store,very bad,bad
good for the daily need and fast delivery as your need,5,2026-07-30 03:38:47 UTC,0,play_store,good for the daily need and fast delivery as your need,good daily need fast delivery need
The best app ever to ever buy from Blinkit,5,2026-07-30 03:36:18 UTC,0,play_store,The best app ever to ever buy from Blinkit,best app ever ever buy blinkit
fastest delivery,5,2026-07-30 03:35:01 UTC,0,play_store,fastest delivery,fast delivery
"Fqn MC app Giving The Grocery Worster Than Locals, The India Gate raw Rice I Bought From Blinkit its Really Disgusting And Also Faar More worst Than Ration Rice Distributed By Gov",1,2026-07-30 03:34:16 UTC,0,play_store,"Fqn MC app Giving The Grocery Worster Than Locals, The India Gate raw Rice I Bought From Blinkit its Really Disgusting And Also Faar More worst Than Ration Rice Distributed By Gov",fqn mc app give grocery worster local india gate raw rice buy blinkit really disgust also faar bad ration rice distribute gov
service charge bahut jyada hai worker Sahi bhi nahin rahte time per nahin aate Hain aur phone lagakar 10 bar pareshan karte Hain sabse pahle workeron per Dhyan Dena chahie,1,2026-07-30 03:31:30 UTC,0,play_store,service charge bahut jyada hai worker Sahi bhi nahin rahte time per nahin aate Hain aur phone lagakar 10 bar pareshan karte Hain sabse pahle workeron per Dhyan Dena chahie,service charge bahut jyada hai worker sahi bhi nahin rahte time per nahin aate hain aur phone lagakar 10 bar pareshan karte hain sabse pahle workeron per dhyan dena chahie
abhi use kar rahe use karen to pata chale bad mein,4,2026-07-30 03:26:20 UTC,0,play_store,abhi use kar rahe use karen to pata chale bad mein,abhi use kar rahe use karen pata chale bad mein
all items are good and delivery time is very less as compared to other apps,5,2026-07-30 03:19:53 UTC,0,play_store,all items are good and delivery time is very less as compared to other apps,item good delivery time less compare apps
Thieves of first order. First they cancel the order then they keep on pushing the refund to a later date. Better delivery experience from other apps. Don't recommend at all! If I could give you guys 0 Star again and again! and again and again they fail in customer service,1,2026-07-30 03:19:29 UTC,1,play_store,Thieves of first order. First they cancel the order then they keep on pushing the refund to a later date. Better delivery experience from other apps. Don't recommend at all! If I could give you guys 0 Star again and again! and again and again they fail in customer service,thief first order first cancel order keep push refund later date well delivery experience apps dont recommend could give guy 0 star fail customer service
must hai,5,2026-07-30 03:16:15 UTC,0,play_store,must hai,must hai
good service withan 15 minit my house,4,2026-07-30 03:15:04 UTC,0,play_store,good service withan 15 minit my house,good service withan 15 minit house
asome,4,2026-07-30 03:14:37 UTC,0,play_store,asome,asome
very bad experience with Blinkit. Received Noise Pure Buds with missing left earbud. The box was already unsealed and the delivery executive took OTP before I could check the product. Support response was not helpful. This is unacceptable—expect better quality control and accountability.,1,2026-07-30 03:13:25 UTC,0,play_store,very bad experience with Blinkit. Received Noise Pure Buds with missing left earbud. The box was already unsealed and the delivery executive took OTP before I could check the product. Support response was not helpful. This is unacceptable—expect better quality control and accountability.,bad experience blinkit receive noise pure bud miss leave earbud box already unsealed delivery executive take otp could check product support response helpful unacceptable expect good quality control accountability
this is so fast,5,2026-07-30 03:07:27 UTC,0,play_store,this is so fast,fast
price drop when we need it is not coming,5,2026-07-30 03:06:36 UTC,0,play_store,price drop when we need it is not coming,price drop need come
soo good,5,2026-07-30 03:06:13 UTC,0,play_store,soo good,soo good
Charging Both delivery and Handling charges.,1,2026-07-30 03:02:04 UTC,0,play_store,Charging Both delivery and Handling charges.,charge delivery handling charge
Ease of business !,5,2026-07-30 03:01:34 UTC,0,play_store,Ease of business !,ease business
good start,5,2026-07-30 03:00:00 UTC,0,play_store,good start,good start
blinkit provides the fastest delivery of all the other shopping apps,4,2026-07-30 02:59:59 UTC,0,play_store,blinkit provides the fastest delivery of all the other shopping apps,blinkit provide fast delivery shopping apps
so so happy,5,2026-07-30 02:59:11 UTC,0,play_store,so so happy,happy
there is no help if things as ordered are not delivered complete. bad service,1,2026-07-30 02:57:24 UTC,0,play_store,there is no help if things as ordered are not delivered complete. bad service,help thing order deliver complete bad service
prompt service,5,2026-07-30 02:57:00 UTC,0,play_store,prompt service,prompt service
poor service.....and no proper resolution of issues,1,2026-07-30 02:49:09 UTC,0,play_store,poor service.....and no proper resolution of issues,poor serviceand proper resolution issue
fast sarvice,5,2026-07-30 02:47:13 UTC,0,play_store,fast sarvice,fast sarvice
very bad price high,1,2026-07-30 02:38:37 UTC,0,play_store,very bad price high,bad price high
the costumer care don't help mad no return or replace is available if it is available then also they do return or replace your order it better to order in Amazon and wait for 2 to 3 days,1,2026-07-30 02:37:17 UTC,0,play_store,the costumer care don't help mad no return or replace is available if it is available then also they do return or replace your order it better to order in Amazon and wait for 2 to 3 days,costumer care dont help mad return replace available available also return replace order good order amazon wait 2 3 day
best price and servcs,5,2026-07-30 02:31:41 UTC,0,play_store,best price and servcs,best price servcs
It's okay for now,5,2026-07-30 02:29:09 UTC,0,play_store,It's okay for now,okay
Japan level convenience 👌,5,2026-07-30 02:26:48 UTC,0,play_store,Japan level convenience 👌,japan level convenience
kush itam bahut costly hai,4,2026-07-30 02:22:46 UTC,0,play_store,kush itam bahut costly hai,kush itam bahut costly hai
better ❤️❤️,5,2026-07-30 02:15:10 UTC,0,play_store,better ❤️❤️,well
bahut hi achcha hai aur fast delivery,5,2026-07-30 02:12:19 UTC,0,play_store,bahut hi achcha hai aur fast delivery,bahut hi achcha hai aur fast delivery
grateful 🥰,3,2026-07-30 02:04:56 UTC,0,play_store,grateful 🥰,grateful
superfast delivery,5,2026-07-30 01:54:03 UTC,0,play_store,superfast delivery,superfast delivery
exilent service,5,2026-07-30 01:51:54 UTC,0,play_store,exilent service,exilent service
otp time is very less so pl increase otp time,4,2026-07-30 01:50:55 UTC,0,play_store,otp time is very less so pl increase otp time,otp time less pl increase otp time
nice app for home delivery,5,2026-07-30 01:49:02 UTC,0,play_store,nice app for home delivery,nice app home delivery
"they deliver defective articles don't not replace. reason they give is, they could not verify the defective articles. one should buy groceries only.",1,2026-07-30 01:48:03 UTC,0,play_store,"they deliver defective articles don't not replace. reason they give is, they could not verify the defective articles. one should buy groceries only.",deliver defective article dont replace reason give could verify defective article one buy grocery
bed service,1,2026-07-30 01:43:28 UTC,0,play_store,bed service,bed service
pahle jaisa aab delivery fast nhi rha hai bilinkit ka store pe hi bahut time lga deta hai or insaan ko burbak bnata hai ki sasta hai koi sasta nhi hai bhai sab bewkoof bna rha hai or paisa lut rha hai sab,1,2026-07-30 01:39:40 UTC,0,play_store,pahle jaisa aab delivery fast nhi rha hai bilinkit ka store pe hi bahut time lga deta hai or insaan ko burbak bnata hai ki sasta hai koi sasta nhi hai bhai sab bewkoof bna rha hai or paisa lut rha hai sab,pahle jaisa aab delivery fast nhi rha hai bilinkit ka store pe hi bahut time lga deta hai insaan ko burbak bnata hai ki sasta hai koi sasta nhi hai bhai sab bewkoof bna rha hai paisa lut rha hai sab
"monopoly near bagru, high convenience fee and delivery charges, bad behaviour from delivery partners",3,2026-07-30 01:32:01 UTC,0,play_store,"monopoly near bagru, high convenience fee and delivery charges, bad behaviour from delivery partners",monopoly near bagru high convenience fee delivery charge bad behaviour delivery partner
doctor calling you after you've ordered a med is absolutely clinical for those staying alone,5,2026-07-30 01:31:53 UTC,0,play_store,doctor calling you after you've ordered a med is absolutely clinical for those staying alone,doctor call youve order med absolutely clinical stay alone
I have been used this app last a year and this app is very useful and the material on time,5,2026-07-30 01:31:41 UTC,0,play_store,I have been used this app last a year and this app is very useful and the material on time,use app last year app useful material time
convenient,5,2026-07-30 01:30:16 UTC,0,play_store,convenient,convenient
Print out's is good option,5,2026-07-30 01:11:15 UTC,0,play_store,Print out's is good option,print out good option
not good customer support,1,2026-07-30 01:06:46 UTC,0,play_store,not good customer support,good customer support
good yaar ☺️,5,2026-07-30 01:02:32 UTC,0,play_store,good yaar ☺️,good yaar
excellent and wonderful service Replacement is also faster,5,2026-07-30 01:02:24 UTC,1,play_store,excellent and wonderful service Replacement is also faster,excellent wonderful service replacement also faster
I waited for my order from 15 minutes .....but in app shows your order will be dilevery in 9 minutes.....😞😞,3,2026-07-30 00:58:34 UTC,0,play_store,I waited for my order from 15 minutes .....but in app shows your order will be dilevery in 9 minutes.....😞😞,wait order 15 minute app show order dilevery 9 minute
makes life easy,5,2026-07-30 00:49:12 UTC,0,play_store,makes life easy,make life easy
"System is nice but,....... Support is bad......",5,2026-07-30 00:47:24 UTC,0,play_store,"System is nice but,....... Support is bad......",system nice support bad
all.are good but price is very high 😭. thanks,4,2026-07-30 00:42:48 UTC,0,play_store,all.are good but price is very high 😭. thanks,allare good price high thanks
"Excellent app! It's easy to use, fast, and has a great user interface. Highly recommended.",5,2026-07-30 00:24:32 UTC,0,play_store,"Excellent app! It's easy to use, fast, and has a great user interface. Highly recommended.",excellent app easy use fast great user interface highly recommend
daily am order pintola prodecut mere lyi offer diya kro,5,2026-07-30 00:19:35 UTC,0,play_store,daily am order pintola prodecut mere lyi offer diya kro,daily order pintola prodecut mere lyi offer diya kro
"best product, best offers , best grocery. I always love to buy with this app and I consider to my friends too.",5,2026-07-29 23:25:25 UTC,0,play_store,"best product, best offers , best grocery. I always love to buy with this app and I consider to my friends too.",best product best offer best grocery always love buy app consider friend
I love blinkit service,5,2026-07-29 23:12:50 UTC,0,play_store,I love blinkit service,love blinkit service
sometimes the package foods i received are damp and unusable,1,2026-07-29 22:41:37 UTC,0,play_store,sometimes the package foods i received are damp and unusable,sometimes package food receive damp unusable
reduce hideen charge.. overall good services,4,2026-07-29 22:29:31 UTC,0,play_store,reduce hideen charge.. overall good services,reduce hideen charge overall good service
nice experience with blinkit.very useful in all the way,5,2026-07-29 22:28:15 UTC,0,play_store,nice experience with blinkit.very useful in all the way,nice experience blinkitvery useful way
"installed zepto saved 30% cash,blinking too costly,",1,2026-07-29 22:01:42 UTC,0,play_store,"installed zepto saved 30% cash,blinking too costly,",instal zepto save 30 cashblinking costly
bht vuk lagisile emn rati khon je dibo ahibo dhoinobad,5,2026-07-29 21:52:30 UTC,0,play_store,bht vuk lagisile emn rati khon je dibo ahibo dhoinobad,bht vuk lagisile emn rati khon je dibo ahibo dhoinobad
very good job 👍,4,2026-07-29 21:40:11 UTC,0,play_store,very good job 👍,good job
welldone brother,5,2026-07-29 21:33:45 UTC,0,play_store,welldone brother,welldone brother
when we compare between zepto and blinkit .. pricing is a bit high .,3,2026-07-29 21:29:10 UTC,0,play_store,when we compare between zepto and blinkit .. pricing is a bit high .,compare zepto blinkit pricing bit high
It's been long since I am using blinkit to be honest used to hate it at times the deliveries and support used to trick me but now I am very happy how they make sure queries are resolved and with best possible way and with quick solutions I hope this remains consistent Blinkit !!!,5,2026-07-29 21:23:14 UTC,0,play_store,It's been long since I am using blinkit to be honest used to hate it at times the deliveries and support used to trick me but now I am very happy how they make sure queries are resolved and with best possible way and with quick solutions I hope this remains consistent Blinkit !!!,long since use blinkit honest use hate time deliveries support use trick happy make sure query resolve best possible way quick solution hope remain consistent blinkit
Had the best experience ever. I was too happy by their service. really kaabil e tareef,5,2026-07-29 21:02:16 UTC,0,play_store,Had the best experience ever. I was too happy by their service. really kaabil e tareef,best experience ever happy service really kaabil e tareef
worst app and mangengement,1,2026-07-29 20:55:18 UTC,0,play_store,worst app and mangengement,bad app mangengement
meri refund abhi tak nahi diya. so bad app . please don't used this app. this app is so bad .,1,2026-07-29 20:40:48 UTC,0,play_store,meri refund abhi tak nahi diya. so bad app . please don't used this app. this app is so bad .,meri refund abhi tak nahi diya bad app please dont use app app bad
best service best delivery return policy very fast thanks 4 Blinkit partners,5,2026-07-29 20:28:29 UTC,0,play_store,best service best delivery return policy very fast thanks 4 Blinkit partners,best service best delivery return policy fast thanks 4 blinkit partner
Good servings.,5,2026-07-29 20:26:19 UTC,0,play_store,Good servings.,good serving
amazing this app really,5,2026-07-29 20:09:41 UTC,0,play_store,amazing this app really,amaze app really
worst aap ever that I have used..they literally took my money and cancelled my order and haven't given me my money back and also deleted my order history of that cancelled order,1,2026-07-29 19:52:19 UTC,0,play_store,worst aap ever that I have used..they literally took my money and cancelled my order and haven't given me my money back and also deleted my order history of that cancelled order,bad aap ever usedthey literally take money cancel order havent give money back also delete order history cancel order
no coupons,1,2026-07-29 19:47:38 UTC,0,play_store,no coupons,coupon
theek hi hai,5,2026-07-29 19:47:14 UTC,0,play_store,theek hi hai,theek hi hai
thanx ur deliveryy too fast,5,2026-07-29 19:26:49 UTC,0,play_store,thanx ur deliveryy too fast,thanx ur deliveryy fast
"Blinkit is a great app for purchase fmcg product in your hand with in 15 minutes, Fast delivery go for it.",5,2026-07-29 19:26:03 UTC,0,play_store,"Blinkit is a great app for purchase fmcg product in your hand with in 15 minutes, Fast delivery go for it.",blinkit great app purchase fmcg product hand 15 minute fast delivery go
nice ok,5,2026-07-29 19:22:58 UTC,0,play_store,nice ok,nice ok
very good response,5,2026-07-29 19:12:20 UTC,0,play_store,very good response,good response
very good app less charges very good,5,2026-07-29 19:06:00 UTC,0,play_store,very good app less charges very good,good app less charge good
pahle jaldi se delivery bhejo,5,2026-07-29 19:01:31 UTC,0,play_store,pahle jaldi se delivery bhejo,pahle jaldi se delivery bhejo
handling bag chart jyada lete ho,1,2026-07-29 18:59:23 UTC,0,play_store,handling bag chart jyada lete ho,handle bag chart jyada lete ho
blinkit is very good I m happy,4,2026-07-29 18:58:49 UTC,0,play_store,blinkit is very good I m happy,blinkit good happy
demge product only i have theme,1,2026-07-29 18:51:36 UTC,0,play_store,demge product only i have theme,demge product theme
best blinkit order now,5,2026-07-29 18:50:37 UTC,0,play_store,best blinkit order now,best blinkit order
it's very good and help full to my family,5,2026-07-29 18:49:56 UTC,0,play_store,it's very good and help full to my family,good help full family
best app for groceries and others,5,2026-07-29 18:49:07 UTC,0,play_store,best app for groceries and others,best app grocery others
thanks bhaiya,5,2026-07-29 18:48:17 UTC,0,play_store,thanks bhaiya,thanks bhaiya
why no scheduling feature available?,3,2026-07-29 18:47:41 UTC,0,play_store,why no scheduling feature available?,schedule feature available
"I like Blinkit service, always on time and anywhere in correct location. thanks",5,2026-07-29 18:43:49 UTC,0,play_store,"I like Blinkit service, always on time and anywhere in correct location. thanks",like blinkit service always time anywhere correct location thanks
well done,5,2026-07-29 18:37:13 UTC,0,play_store,well done,well do
campny don't resolve chat and don't help,1,2026-07-29 18:36:26 UTC,0,play_store,campny don't resolve chat and don't help,campny dont resolve chat dont help
too much charge for the product for delivery and etc product rate 40 rs but I pay 98rs too bad,5,2026-07-29 18:33:21 UTC,0,play_store,too much charge for the product for delivery and etc product rate 40 rs but I pay 98rs too bad,much charge product delivery etc product rate 40 r pay 98rs bad
not like it blinkit app 😡😡,1,2026-07-29 18:32:32 UTC,0,play_store,not like it blinkit app 😡😡,like blinkit app
nice nice p,5,2026-07-29 18:27:34 UTC,0,play_store,nice nice p,nice nice p
to good 😊👍,5,2026-07-29 18:26:13 UTC,0,play_store,to good 😊👍,good
worst return policy,1,2026-07-29 18:23:09 UTC,0,play_store,worst return policy,bad return policy
why not accept your delivery partner why delayed and failed and why not refund tips 😡😡,1,2026-07-29 18:18:42 UTC,0,play_store,why not accept your delivery partner why delayed and failed and why not refund tips 😡😡,accept delivery partner delay fail refund tip
superb service life top easy 👌🏻👍🏻,5,2026-07-29 18:17:59 UTC,0,play_store,superb service life top easy 👌🏻👍🏻,superb service life top easy
good excellent,5,2026-07-29 18:15:59 UTC,0,play_store,good excellent,good excellent
your delivery time to time very nice 🙂 good job 👍,5,2026-07-29 18:10:27 UTC,0,play_store,your delivery time to time very nice 🙂 good job 👍,delivery time time nice good job
"one of the best grocery shopping 🛍 app in Patna [800011],Bihar",5,2026-07-29 18:09:02 UTC,0,play_store,"one of the best grocery shopping 🛍 app in Patna [800011],Bihar",one best grocery shopping app patna 800011bihar
5 star rating for free ambulance ❤️❤️,5,2026-07-29 18:07:36 UTC,0,play_store,5 star rating for free ambulance ❤️❤️,5 star rating free ambulance
defected items,1,2026-07-29 18:03:33 UTC,0,play_store,defected items,defect item
good sevices,5,2026-07-29 18:03:07 UTC,0,play_store,good sevices,good sevices
very easy and fast delivery,5,2026-07-29 18:02:29 UTC,0,play_store,very easy and fast delivery,easy fast delivery
Super quick delivery and great packaging. Very satisfied with the service.,5,2026-07-29 18:02:13 UTC,0,play_store,Super quick delivery and great packaging. Very satisfied with the service.,super quick delivery great packaging satisfy service
A very nice platform ...for emergancy,5,2026-07-29 17:59:37 UTC,0,play_store,A very nice platform ...for emergancy,nice platform emergancy
"worst app , delivered new pack but showing old pack in front image , never gone order from Blinkit. Worst experience ever flipkart or amazon will do better than this. Does not deserve even a star. May god close their store for forever",1,2026-07-29 17:56:33 UTC,0,play_store,"worst app , delivered new pack but showing old pack in front image , never gone order from Blinkit. Worst experience ever flipkart or amazon will do better than this. Does not deserve even a star. May god close their store for forever",bad app deliver new pack show old pack front image never go order blinkit bad experience ever flipkart amazon good deserve even star may god close store forever
fast and good delivery,5,2026-07-29 17:56:28 UTC,0,play_store,fast and good delivery,fast good delivery
need i sing praises of blinkit,5,2026-07-29 17:54:33 UTC,0,play_store,need i sing praises of blinkit,need sing praise blinkit
"A very nice app,we can even get prints whatever the time may be.No need to be afraid of late night remembered things👏",5,2026-07-29 17:48:48 UTC,0,play_store,"A very nice app,we can even get prints whatever the time may be.No need to be afraid of late night remembered things👏",nice appwe even get print whatever time may beno need afraid late night remember thing
everything you need 👍🏻❤️,5,2026-07-29 17:47:42 UTC,0,play_store,everything you need 👍🏻❤️,everything need
"very slow service,please improve this",1,2026-07-29 17:47:10 UTC,0,play_store,"very slow service,please improve this",slow serviceplease improve
Kya cheez bnayi h yaar . Medicines banao bina prescription ki toh turant doctor se bi connect kara dete. worth it app . must use,5,2026-07-29 17:47:09 UTC,0,play_store,Kya cheez bnayi h yaar . Medicines banao bina prescription ki toh turant doctor se bi connect kara dete. worth it app . must use,kya cheez bnayi h yaar medicine banao bina prescription ki toh turant doctor se bi connect kara dete worth app must use
thank you blinkit for late night delivery,5,2026-07-29 17:41:55 UTC,0,play_store,thank you blinkit for late night delivery,thank blinkit late night delivery
nice to get the thing within 10 min it's the perfect app,4,2026-07-29 17:40:38 UTC,0,play_store,nice to get the thing within 10 min it's the perfect app,nice get thing within 10 min perfect app
fast and reponsive,5,2026-07-29 17:39:30 UTC,0,play_store,fast and reponsive,fast reponsive
no any discount,3,2026-07-29 17:36:05 UTC,0,play_store,no any discount,discount
Nice pl,5,2026-07-29 17:34:07 UTC,0,play_store,Nice pl,nice pl
it is good for any time,4,2026-07-29 17:33:00 UTC,0,play_store,it is good for any time,good time
exceptional 💫,5,2026-07-29 17:32:42 UTC,0,play_store,exceptional 💫,exceptional
It's very good for urgent people when no one at home honestly loves the app my all time fav❤️❤️✨✨✨👍😚😚,5,2026-07-29 17:32:07 UTC,0,play_store,It's very good for urgent people when no one at home honestly loves the app my all time fav❤️❤️✨✨✨👍😚😚,good urgent people one home honestly love app time fav
suuuuuper,5,2026-07-29 17:31:45 UTC,0,play_store,suuuuuper,suuuuuper
please deliver at late night on cod,5,2026-07-29 17:31:10 UTC,0,play_store,please deliver at late night on cod,please deliver late night cod
it's service is amazing 😍,5,2026-07-29 17:28:24 UTC,0,play_store,it's service is amazing 😍,service amaze
nice app so fast delivery,5,2026-07-29 17:23:38 UTC,0,play_store,nice app so fast delivery,nice app fast delivery
"Not supported for credit card payment, always declined",1,2026-07-29 17:22:52 UTC,0,play_store,"Not supported for credit card payment, always declined",support credit card payment always decline
fast service great blinkit,4,2026-07-29 17:22:32 UTC,0,play_store,fast service great blinkit,fast service great blinkit
excellent app,5,2026-07-29 17:19:13 UTC,0,play_store,excellent app,excellent app
very good aap,5,2026-07-29 17:18:55 UTC,0,play_store,very good aap,good aap
very useful I love is everything thing is their 🤩🤩,5,2026-07-29 17:18:23 UTC,0,play_store,very useful I love is everything thing is their 🤩🤩,useful love everything thing
this good 👍😊,5,2026-07-29 17:16:37 UTC,0,play_store,this good 👍😊,good
"Really A last minute app , Great experience Thank You",5,2026-07-29 17:15:06 UTC,0,play_store,"Really A last minute app , Great experience Thank You",really last minute app great experience thank
very best grosry app,5,2026-07-29 17:13:46 UTC,0,play_store,very best grosry app,best grosry app
ret mahanga ho raha hai,1,2026-07-29 17:13:00 UTC,0,play_store,ret mahanga ho raha hai,ret mahanga ho raha hai
pissa aapka bahud jada aata he offers doo plz request,1,2026-07-29 17:09:26 UTC,0,play_store,pissa aapka bahud jada aata he offers doo plz request,pissa aapka bahud jada aata offer doo plz request
very great service,5,2026-07-29 17:07:52 UTC,0,play_store,very great service,great service
this aap was amazing and always order on blinkit blinkit gives awesome items in pocket friendly prices 😎,5,2026-07-29 17:07:23 UTC,0,play_store,this aap was amazing and always order on blinkit blinkit gives awesome items in pocket friendly prices 😎,aap amaze always order blinkit blinkit give awesome item pocket friendly price
it is very good,5,2026-07-29 17:06:55 UTC,0,play_store,it is very good,good
love u my darling blinkit,5,2026-07-29 17:05:23 UTC,0,play_store,love u my darling blinkit,love u darling blinkit
best delivery anytime,5,2026-07-29 17:03:15 UTC,0,play_store,best delivery anytime,best delivery anytime
superb performance elegant dear one,5,2026-07-29 17:02:32 UTC,0,play_store,superb performance elegant dear one,superb performance elegant dear one
Life saviour 💗😭,5,2026-07-29 16:59:52 UTC,0,play_store,Life saviour 💗😭,life saviour
bht Delivery charge hai,1,2026-07-29 16:55:53 UTC,0,play_store,bht Delivery charge hai,bht delivery charge hai
blinkit has improved a lot. also has fast delivery,5,2026-07-29 16:54:11 UTC,0,play_store,blinkit has improved a lot. also has fast delivery,blinkit improve lot also fast delivery
nothing more useful in urgent times,5,2026-07-29 16:50:35 UTC,0,play_store,nothing more useful in urgent times,nothing useful urgent time
user friendly,5,2026-07-29 16:48:08 UTC,0,play_store,user friendly,user friendly
surges charges always,1,2026-07-29 16:44:56 UTC,0,play_store,surges charges always,surge charge always
Fast And Superb,5,2026-07-29 16:42:18 UTC,0,play_store,Fast And Superb,fast superb
Great experience always..,5,2026-07-29 16:39:58 UTC,0,play_store,Great experience always..,great experience always
hyy pls nawahshehr punjab me nhi open kro,5,2026-07-29 16:34:02 UTC,0,play_store,hyy pls nawahshehr punjab me nhi open kro,hyy pls nawahshehr punjab nhi open kro
first time my order using item come very bad experience and BIINKIT NOT USED APP,1,2026-07-29 16:33:52 UTC,0,play_store,first time my order using item come very bad experience and BIINKIT NOT USED APP,first time order use item come bad experience biinkit use app
this app is best for giving us things that are needed argently and the delivery partners are so sweet and humble,5,2026-07-29 16:33:49 UTC,0,play_store,this app is best for giving us things that are needed argently and the delivery partners are so sweet and humble,app best give u thing need argently delivery partner sweet humble
pathetic app,1,2026-07-29 16:31:29 UTC,0,play_store,pathetic app,pathetic app
Payment Failure on Paid Online Bill,1,2026-07-29 16:31:15 UTC,0,play_store,Payment Failure on Paid Online Bill,payment failure pay online bill
for fast service,5,2026-07-29 16:28:53 UTC,0,play_store,for fast service,fast service
no return anything,1,2026-07-29 16:27:59 UTC,0,play_store,no return anything,return anything
Blink had scammed me nearly 800 rps... I ordered the bulk items.. some of the items are missed.. customer care had initiated the refund.. but the delivery partners came to home and speaking rude with my mom and dad when I am not in the house... worst app I had used you ...... I would give you -100 rating for worst behavior with my parents,1,2026-07-29 16:27:42 UTC,0,play_store,Blink had scammed me nearly 800 rps... I ordered the bulk items.. some of the items are missed.. customer care had initiated the refund.. but the delivery partners came to home and speaking rude with my mom and dad when I am not in the house... worst app I had used you ...... I would give you -100 rating for worst behavior with my parents,blink scammed nearly 800 rps order bulk item item miss customer care initiate refund delivery partner come home speak rude mom dad house bad app use would give 100 rating bad behavior parent
many products to add for free delivery other apps are giving free delivery in 150 rs,2,2026-07-29 16:24:37 UTC,0,play_store,many products to add for free delivery other apps are giving free delivery in 150 rs,many product add free delivery apps give free delivery 150 r
first delivery so that's why I am not creating a review,2,2026-07-29 16:24:07 UTC,0,play_store,first delivery so that's why I am not creating a review,first delivery thats create review
"it comes very quick and is faster than other brands like zepto and Instamart,first club 👍👍👍👍👍",5,2026-07-29 16:22:02 UTC,0,play_store,"it comes very quick and is faster than other brands like zepto and Instamart,first club 👍👍👍👍👍",come quick faster brand like zepto instamartfirst club
goog,5,2026-07-29 16:20:49 UTC,0,play_store,goog,goog
"This is the worst app, do not buy anything from here. I had ordered an item that looked different in the app, but a completely different one was delivered. And on this app, it's not even possible to connect with customer care—they just keep asking for images and in the end, they say everything is fine and they can't do anything",1,2026-07-29 16:20:34 UTC,0,play_store,"This is the worst app, do not buy anything from here. I had ordered an item that looked different in the app, but a completely different one was delivered. And on this app, it's not even possible to connect with customer care—they just keep asking for images and in the end, they say everything is fine and they can't do anything",bad app buy anything ordered item look different app completely different one deliver app even possible connect customer care keep ask image end say everything fine cant anything
wow super my experience 😍🥰,5,2026-07-29 16:18:00 UTC,0,play_store,wow super my experience 😍🥰,wow super experience
delivery boy do not listen instructions.,3,2026-07-29 16:16:53 UTC,0,play_store,delivery boy do not listen instructions.,delivery boy listen instruction
Nice dlevry,5,2026-07-29 16:16:43 UTC,0,play_store,Nice dlevry,nice dlevry
very bad . ordered ice cream which has melted at the time of delivery due to non availability of bag. Ice cream brought open,1,2026-07-29 16:14:50 UTC,0,play_store,very bad . ordered ice cream which has melted at the time of delivery due to non availability of bag. Ice cream brought open,bad order ice cream melt time delivery due non availability bag ice cream bring open
bilkul bekar egg tute bheje,1,2026-07-29 16:14:28 UTC,0,play_store,bilkul bekar egg tute bheje,bilkul bekar egg tute bheje
very relevant app,5,2026-07-29 16:11:16 UTC,0,play_store,very relevant app,relevant app
nice game with a nice 💯 and fun ☺️,5,2026-07-29 16:11:05 UTC,0,play_store,nice game with a nice 💯 and fun ☺️,nice game nice fun
worst experience. recently I purchased tata 1mg clinically validated digital blood pressure monitor but I received used item. I paid new machine but I received used machine and no exchange option in blinkit.,1,2026-07-29 16:10:29 UTC,0,play_store,worst experience. recently I purchased tata 1mg clinically validated digital blood pressure monitor but I received used item. I paid new machine but I received used machine and no exchange option in blinkit.,bad experience recently purchase tata 1mg clinically validated digital blood pressure monitor receive used item pay new machine receive used machine exchange option blinkit
very nice 👍👍👍👍 service Good,5,2026-07-29 16:10:01 UTC,0,play_store,very nice 👍👍👍👍 service Good,nice service good
"If an item was ordered by mistake, there is nothing wrong with asking for it to be changed. However, you are refusing to make the change and showing a very poor attitude toward your customers. Amazon is a million times better than you—Shame on you.",1,2026-07-29 16:08:26 UTC,0,play_store,"If an item was ordered by mistake, there is nothing wrong with asking for it to be changed. However, you are refusing to make the change and showing a very poor attitude toward your customers. Amazon is a million times better than you—Shame on you.",item order mistake nothing wrong ask change however refuse make change show poor attitude toward customer amazon million time well shame
