Review,Rating,Date,Helpful Count,source,raw_text,cleaned_text,is_relevant,exploration_signal,barriers,categories_mentioned,relevance_reason
very good service,5,2026-07-31 14:02:32 UTC,0,play_store,very good service,good service,False,noise,,,no category-exploration signal
very poor 👎,1,2026-07-31 14:02:31 UTC,0,play_store,very poor 👎,poor,False,noise,,,no category-exploration signal
good,4,2026-07-31 14:01:21 UTC,0,play_store,good,good,False,noise,,,no category-exploration signal
very bad because it's showing time in 10 min. and doing delivered in one hour,1,2026-07-31 13:59:54 UTC,0,play_store,very bad because it's showing time in 10 min. and doing delivered in one hour,bad showing time 10 min deliver one hour,False,noise,,,no category-exploration signal
great job 👍,5,2026-07-31 13:59:50 UTC,0,play_store,great job 👍,great job,False,noise,,,no category-exploration signal
there is no sufficient quantity of tinda.,3,2026-07-31 13:59:48 UTC,0,play_store,there is no sufficient quantity of tinda.,sufficient quantity tinda,False,noise,,,no category-exploration signal
so good,5,2026-07-31 13:56:56 UTC,0,play_store,so good,good,False,noise,,,no category-exploration signal
nice 👍🙂,5,2026-07-31 13:54:30 UTC,0,play_store,nice 👍🙂,nice,False,noise,,,no category-exploration signal
nice and vere helpfull app and very kind delivery partner,5,2026-07-31 13:54:24 UTC,0,play_store,nice and vere helpfull app and very kind delivery partner,nice vere helpfull app kind delivery partner,False,noise,,,no category-exploration signal
horrible customer care service,1,2026-07-31 13:54:15 UTC,0,play_store,horrible customer care service,horrible customer care service,False,noise,,,no category-exploration signal
nice prectice n thks,4,2026-07-31 13:53:58 UTC,0,play_store,nice prectice n thks,nice prectice n thks,False,noise,,,no category-exploration signal
really great!!!!!!!,5,2026-07-31 13:53:08 UTC,0,play_store,really great!!!!!!!,really great,False,noise,,,no category-exploration signal
"super fast delivery,",5,2026-07-31 13:53:00 UTC,0,play_store,"super fast delivery,",super fast delivery,False,noise,,,short generic praise/complaint without category cues
best 😘,4,2026-07-31 13:52:57 UTC,0,play_store,best 😘,best,False,noise,,,no category-exploration signal
good secives,5,2026-07-31 13:52:55 UTC,0,play_store,good secives,good secives,False,noise,,,no category-exploration signal
Nice,3,2026-07-31 13:51:58 UTC,0,play_store,Nice,nice,False,noise,,,no category-exploration signal
best service,5,2026-07-31 13:51:07 UTC,0,play_store,best service,best service,False,noise,,,no category-exploration signal
good app nice,5,2026-07-31 13:50:04 UTC,0,play_store,good app nice,good app nice,False,noise,,,short generic praise/complaint without category cues
nice service,5,2026-07-31 13:49:45 UTC,0,play_store,nice service,nice service,False,noise,,,no category-exploration signal
👍 Good,5,2026-07-31 13:47:21 UTC,0,play_store,👍 Good,good,False,noise,,,no category-exploration signal
nice 👍,5,2026-07-31 13:46:32 UTC,0,play_store,nice 👍,nice,False,noise,,,no category-exploration signal
Very helpful,5,2026-07-31 13:46:25 UTC,0,play_store,Very helpful,helpful,False,noise,,,no category-exploration signal
V.good,5,2026-07-31 13:44:41 UTC,0,play_store,V.good,vgood,False,noise,,,no category-exploration signal
this app is very best app,5,2026-07-31 13:42:40 UTC,0,play_store,this app is very best app,app best app,False,noise,,,no category-exploration signal
good service,5,2026-07-31 13:41:20 UTC,0,play_store,good service,good service,False,noise,,,no category-exploration signal
High price,5,2026-07-31 13:40:50 UTC,0,play_store,High price,high price,True,want_to_explore_blocked,price_uncertainty_new_category,grocery,intent or category talk with friction/barrier cues
no option to add upi email,1,2026-07-31 13:40:44 UTC,0,play_store,no option to add upi email,option add upi email,False,noise,,,no category-exploration signal
oho,5,2026-07-31 13:40:42 UTC,0,play_store,oho,oho,False,noise,,,no category-exploration signal
good.,5,2026-07-31 13:40:18 UTC,0,play_store,good.,good,False,noise,,,no category-exploration signal
very fast delivery app and super,5,2026-07-31 13:40:11 UTC,0,play_store,very fast delivery app and super,fast delivery app super,False,noise,,,no category-exploration signal
fast service,4,2026-07-31 13:39:16 UTC,0,play_store,fast service,fast service,False,noise,,,no category-exploration signal
excellent,5,2026-07-31 13:39:10 UTC,0,play_store,excellent,excellent,False,noise,,,no category-exploration signal
good job,5,2026-07-31 13:36:58 UTC,0,play_store,good job,good job,False,noise,,,no category-exploration signal
best app,5,2026-07-31 13:36:40 UTC,0,play_store,best app,best app,False,noise,,,short generic praise/complaint without category cues
lower price.,5,2026-07-31 13:34:03 UTC,0,play_store,lower price.,low price,True,want_to_explore_blocked,price_uncertainty_new_category,grocery,intent or category talk with friction/barrier cues
"I haven't receive my order, where is my products, I already paid you, and even you didn't pick up my call. This is my first order and you scam me like this.",1,2026-07-31 13:32:50 UTC,0,play_store,"I haven't receive my order, where is my products, I already paid you, and even you didn't pick up my call. This is my first order and you scam me like this.",havent receive order product already pay even didnt pick call first order scam like,False,noise,,,no category-exploration signal
Paise loot liye mere,1,2026-07-31 13:32:26 UTC,0,play_store,Paise loot liye mere,paisa loot liye mere,False,noise,,,no category-exploration signal
very good app,5,2026-07-31 13:30:42 UTC,0,play_store,very good app,good app,False,noise,,,short generic praise/complaint without category cues
to many late,1,2026-07-31 13:26:15 UTC,0,play_store,to many late,many late,True,unclear,coverage_or_eta,,category or barrier cues without clear funnel stage
Insanely fast and super convenient 10/10 recommended,5,2026-07-31 13:25:47 UTC,0,play_store,Insanely fast and super convenient 10/10 recommended,insanely fast super convenient 1010 recommend,False,noise,,,no category-exploration signal
super,4,2026-07-31 13:25:39 UTC,0,play_store,super,super,False,noise,,,short generic praise/complaint without category cues
very bad service in himmatnagar order does not place in correct timing always late,1,2026-07-31 13:24:31 UTC,0,play_store,very bad service in himmatnagar order does not place in correct timing always late,bad service himmatnagar order place correct time always late,True,stuck_in_routine,coverage_or_eta,,routine/reorder language without exploration intent
fast and reliable serveice,5,2026-07-31 13:24:11 UTC,0,play_store,fast and reliable serveice,fast reliable serveice,False,noise,,,no category-exploration signal
It was a very bad experience as I have received torn packet and sticky chicken pieces,1,2026-07-31 13:23:59 UTC,0,play_store,It was a very bad experience as I have received torn packet and sticky chicken pieces,bad experience receive torn packet sticky chicken piece,False,noise,,,no category-exploration signal
ok 👌,3,2026-07-31 13:22:13 UTC,0,play_store,ok 👌,ok,False,noise,,,short generic praise/complaint without category cues
well in time but please clarify handling charges,5,2026-07-31 13:22:02 UTC,0,play_store,well in time but please clarify handling charges,well time please clarify handling charge,True,want_to_explore_blocked,price_uncertainty_new_category,,intent or category talk with friction/barrier cues
very good..timely,5,2026-07-31 13:22:02 UTC,0,play_store,very good..timely,goodtimely,False,noise,,,no category-exploration signal
fast,5,2026-07-31 13:20:05 UTC,0,play_store,fast,fast,False,noise,,,no category-exploration signal
very nice,5,2026-07-31 13:19:40 UTC,0,play_store,very nice,nice,False,noise,,,no category-exploration signal
rete full hy,1,2026-07-31 13:17:07 UTC,0,play_store,rete full hy,rete full hy,False,noise,,,no category-exploration signal
very very good 👍 bahut achchha app he,5,2026-07-31 13:15:47 UTC,0,play_store,very very good 👍 bahut achchha app he,good bahut achchha app,False,noise,,,no category-exploration signal
it was showing free delivery again i could see the charges.,1,2026-07-31 13:15:43 UTC,0,play_store,it was showing free delivery again i could see the charges.,show free delivery could see charge,False,noise,,,no category-exploration signal
"I frequently order from this app even after high handling charges and convenience charges. Today I received a wrong product and even though it's replaceable on the app, the customer service guy Priyanshu flatly refused to either refund or replace the item. He is even refusing to end the chat and disconnect. some days back another customer service guy who had called me for some technical issues, was extremely rude and unprofessional. Thank God Amazon has launched an emergency order section.",1,2026-07-31 13:15:40 UTC,0,play_store,"I frequently order from this app even after high handling charges and convenience charges. Today I received a wrong product and even though it's replaceable on the app, the customer service guy Priyanshu flatly refused to either refund or replace the item. He is even refusing to end the chat and disconnect. some days back another customer service guy who had called me for some technical issues, was extremely rude and unprofessional. Thank God Amazon has launched an emergency order section.",frequently order app even high handling charge convenience charge today receive wrong product even though replaceable app customer service guy priyanshu flatly refuse either refund replace item even refuse end chat disconnect day back another customer service guy call technical issue extremely rude unprofessional thank god amazon launch emergency order section,True,want_to_explore_blocked,price_uncertainty_new_category|dont_trust_quality_for_new_category,,intent or category talk with friction/barrier cues
wonderful experience,5,2026-07-31 13:14:10 UTC,0,play_store,wonderful experience,wonderful experience,False,noise,,,no category-exploration signal
good app,5,2026-07-31 13:13:45 UTC,0,play_store,good app,good app,False,noise,,,short generic praise/complaint without category cues
Good 👍😊,5,2026-07-31 13:12:16 UTC,0,play_store,Good 👍😊,good,False,noise,,,no category-exploration signal
very good service!,5,2026-07-31 13:12:00 UTC,0,play_store,very good service!,good service,False,noise,,,no category-exploration signal
More than loving this app I truly respect Blinkit because it has never failed in their commitment. keep up the good work. and Thank You for your service.,5,2026-07-31 13:11:33 UTC,0,play_store,More than loving this app I truly respect Blinkit because it has never failed in their commitment. keep up the good work. and Thank You for your service.,love app truly respect blinkit never fail commitment keep good work thank service,False,noise,,,no category-exploration signal
Good 👍,5,2026-07-31 13:11:33 UTC,0,play_store,Good 👍,good,False,noise,,,no category-exploration signal
good experience,5,2026-07-31 13:10:47 UTC,0,play_store,good experience,good experience,False,noise,,,no category-exploration signal
"fruady app,,,",1,2026-07-31 13:10:18 UTC,0,play_store,"fruady app,,,",fruady app,False,noise,,,no category-exploration signal
Vegetables not fresh,1,2026-07-31 13:09:27 UTC,0,play_store,Vegetables not fresh,vegetable fresh,True,want_to_explore_blocked,dont_trust_quality_for_new_category,grocery,intent or category talk with friction/barrier cues
platform fee should not be applicable and discounts do not level up to Zepto,2,2026-07-31 13:08:03 UTC,0,play_store,platform fee should not be applicable and discounts do not level up to Zepto,platform fee applicable discount level zepto,False,noise,,,no category-exploration signal
say that order is near e but order is delay oeder,2,2026-07-31 13:06:01 UTC,0,play_store,say that order is near e but order is delay oeder,say order near e order delay oeder,True,unclear,coverage_or_eta,,category or barrier cues without clear funnel stage
no exchange policy no cooperation,1,2026-07-31 13:05:48 UTC,0,play_store,no exchange policy no cooperation,exchange policy cooperation,False,noise,,,no category-exploration signal
they deliver fast. but the quality is not always good.. it's mostly below average. Use only when absolutely urgent... and still u might be disappointed.,3,2026-07-31 13:05:33 UTC,0,play_store,they deliver fast. but the quality is not always good.. it's mostly below average. Use only when absolutely urgent... and still u might be disappointed.,deliver fast quality always good mostly average use absolutely urgent still u might disappoint,True,want_to_explore_blocked,dont_trust_quality_for_new_category,,intent or category talk with friction/barrier cues
👍,5,2026-07-31 13:04:13 UTC,0,play_store,👍,👍,False,noise,,,no category-exploration signal
very good,5,2026-07-31 13:04:09 UTC,0,play_store,very good,good,False,noise,,,no category-exploration signal
I ordered a boat wireless earbuds but got an empty box and customer service team is not responsive,1,2026-07-31 13:03:13 UTC,0,play_store,I ordered a boat wireless earbuds but got an empty box and customer service team is not responsive,order boat wireless earbuds get empty box customer service team responsive,False,noise,,,no category-exploration signal
I order everything from blinkit even electronic machine also and it always works good and It delivers everything under 15 minutes,5,2026-07-31 13:03:07 UTC,0,play_store,I order everything from blinkit even electronic machine also and it always works good and It delivers everything under 15 minutes,order everything blinkit even electronic machine also always work good delivers everything 15 minute,True,stuck_in_routine,,,routine/reorder language without exploration intent
supar aap,5,2026-07-31 13:02:32 UTC,0,play_store,supar aap,supar aap,False,noise,,,no category-exploration signal
😋,5,2026-07-31 13:02:30 UTC,0,play_store,😋,😋,False,noise,,,no category-exploration signal
this app 🖐️,5,2026-07-31 13:02:19 UTC,0,play_store,this app 🖐️,app,False,noise,,,no category-exploration signal
"Hey, one item's missing from my order and the sealed bag's open. I tried reaching customer care, but they didn't respond. After trying multiple times, they finally connected via chat after 2 days, told me they sent a sealed one, and then disconnected. I even have video proof, and they didn't check anything.",1,2026-07-31 13:01:44 UTC,0,play_store,"Hey, one item's missing from my order and the sealed bag's open. I tried reaching customer care, but they didn't respond. After trying multiple times, they finally connected via chat after 2 days, told me they sent a sealed one, and then disconnected. I even have video proof, and they didn't check anything.",hey one item miss order seal bag open try reach customer care didnt respond try multiple time finally connect via chat 2 day tell sent seal one disconnect even video proof didnt check anything,True,want_to_explore_blocked,assortment_gap,,intent or category talk with friction/barrier cues
nicee,5,2026-07-31 13:00:47 UTC,0,play_store,nicee,nicee,False,noise,,,no category-exploration signal
give fresh products and reduce price for fruits,5,2026-07-31 12:58:51 UTC,0,play_store,give fresh products and reduce price for fruits,give fresh product reduce price fruit,True,want_to_explore_blocked,price_uncertainty_new_category|dont_trust_quality_for_new_category,grocery,intent or category talk with friction/barrier cues
ok good now,5,2026-07-31 12:58:27 UTC,0,play_store,ok good now,ok good,False,noise,,,short generic praise/complaint without category cues
amazing,5,2026-07-31 12:58:27 UTC,0,play_store,amazing,amaze,False,noise,,,no category-exploration signal
the app is good but when we do oder I will said buy for 99 when we buy for 99 it increases and it happens buy 199 to get free dilvery according to me blink is not good at for dilvery I thing I take extra charges in the form of dilvery charges,1,2026-07-31 12:58:21 UTC,0,play_store,the app is good but when we do oder I will said buy for 99 when we buy for 99 it increases and it happens buy 199 to get free dilvery according to me blink is not good at for dilvery I thing I take extra charges in the form of dilvery charges,app good oder say buy 99 buy 99 increase happens buy 199 get free dilvery accord blink good dilvery thing take extra charge form dilvery charge,False,noise,,,no category-exploration signal
good 👍🏻,5,2026-07-31 12:54:41 UTC,0,play_store,good 👍🏻,good,False,noise,,,no category-exploration signal
"Never order food items from Blinkit. They never stop selling expired food items! I ordered the most expensive milk packets. One of the milk packet expired 2 days ago! It was all curdled & smelly when the packet was opened. The only way to contact customer care is by email. Despite sharing the images and concern, they shamelessly say that they don't keep expired milk! Openly cheating customers! Go check your mail for order & images frauds!!",1,2026-07-31 12:49:01 UTC,1,play_store,"Never order food items from Blinkit. They never stop selling expired food items! I ordered the most expensive milk packets. One of the milk packet expired 2 days ago! It was all curdled & smelly when the packet was opened. The only way to contact customer care is by email. Despite sharing the images and concern, they shamelessly say that they don't keep expired milk! Openly cheating customers! Go check your mail for order & images frauds!!",never order food item blinkit never stop selling expire food item order expensive milk packets one milk packet expire 2 day ago curdle smelly packet open way contact customer care email despite share image concern shamelessly say dont keep expire milk openly cheat customer go check mail order image frauds,True,want_to_explore_blocked,price_uncertainty_new_category|dont_trust_quality_for_new_category,grocery,intent or category talk with friction/barrier cues
most of the things sort with this app,4,2026-07-31 12:48:47 UTC,0,play_store,most of the things sort with this app,thing sort app,False,noise,,,no category-exploration signal
easy and convinient,5,2026-07-31 12:48:40 UTC,0,play_store,easy and convinient,easy convinient,False,noise,,,no category-exploration signal
vary good,5,2026-07-31 12:48:04 UTC,0,play_store,vary good,vary good,False,noise,,,no category-exploration signal
very useless app ever I seen. i paced order mistakenly but here is no option to cancel it just placed order is in less than a minute. this app is a fraud. don't use it.,1,2026-07-31 12:48:02 UTC,0,play_store,very useless app ever I seen. i paced order mistakenly but here is no option to cancel it just placed order is in less than a minute. this app is a fraud. don't use it.,useless app ever see pace order mistakenly option cancel place order less minute app fraud dont use,False,noise,,,no category-exploration signal
excellent 👍,5,2026-07-31 12:45:32 UTC,0,play_store,excellent 👍,excellent,False,noise,,,no category-exploration signal
some time delivery charges havi.,4,2026-07-31 12:45:24 UTC,0,play_store,some time delivery charges havi.,time delivery charge havi,False,noise,,,no category-exploration signal
delivery in just minutes,5,2026-07-31 12:45:23 UTC,0,play_store,delivery in just minutes,delivery minute,False,noise,,,no category-exploration signal
all over good,5,2026-07-31 12:45:15 UTC,0,play_store,all over good,good,False,noise,,,no category-exploration signal
convenient and time saving,5,2026-07-31 12:43:02 UTC,0,play_store,convenient and time saving,convenient time save,False,noise,,,no category-exploration signal
Ispe se online electronic product mangwane pr wo khrab aajye usme koi issu ho to ye nato return krte h na exchange bol kh dete h hmari trf se product bhej diya h ab aap dekhiye ham isme kuch nhi kr skte ye hmari policy me nhi aata LOL Total money waste,1,2026-07-31 12:41:08 UTC,0,play_store,Ispe se online electronic product mangwane pr wo khrab aajye usme koi issu ho to ye nato return krte h na exchange bol kh dete h hmari trf se product bhej diya h ab aap dekhiye ham isme kuch nhi kr skte ye hmari policy me nhi aata LOL Total money waste,ispe se online electronic product mangwane pr wo khrab aajye usme koi issu ho ye nato return krte h na exchange bol kh dete h hmari trf se product bhej diya h ab aap dekhiye ham isme kuch nhi kr skte ye hmari policy nhi aata lol total money waste,True,want_to_explore_blocked,dont_trust_quality_for_new_category,,intent or category talk with friction/barrier cues
very poor services. specialy riders are not cooprative,1,2026-07-31 12:41:06 UTC,0,play_store,very poor services. specialy riders are not cooprative,poor service specialy rider cooprative,False,noise,,,no category-exploration signal
says failed payment but payment went and made us oder the same thing twice,3,2026-07-31 12:40:41 UTC,0,play_store,says failed payment but payment went and made us oder the same thing twice,say fail payment payment go make u oder thing twice,True,stuck_in_routine,habit_reorder_only,,routine/reorder language without exploration intent
I had really terrible experience with them firsty I didn't receive my charger which I order and they gave me some local company charger second the charger was in a very terrible condition and yet the customer care service said you have received what you have order I will only change if it was not in a workable condition and my hard earned money 500 rupees goes to waste please do not order on blinkit it is a total scam going on there,1,2026-07-31 12:40:34 UTC,0,play_store,I had really terrible experience with them firsty I didn't receive my charger which I order and they gave me some local company charger second the charger was in a very terrible condition and yet the customer care service said you have received what you have order I will only change if it was not in a workable condition and my hard earned money 500 rupees goes to waste please do not order on blinkit it is a total scam going on there,really terrible experience firsty didnt receive charger order give local company charger second charger terrible condition yet customer care service say received order change workable condition hard earn money 500 rupee go waste please order blinkit total scam go,True,unclear,,electronics,category or barrier cues without clear funnel stage
excellent👍,5,2026-07-31 12:40:27 UTC,0,play_store,excellent👍,excellent,False,noise,,,no category-exploration signal
payment option not available in this time,3,2026-07-31 12:40:25 UTC,0,play_store,payment option not available in this time,payment option available time,True,want_to_explore_blocked,coverage_or_eta|assortment_gap,,intent or category talk with friction/barrier cues
good offer,5,2026-07-31 12:40:12 UTC,0,play_store,good offer,good offer,False,noise,,,no category-exploration signal
"We know you are all frauds and you are ordering because you are not satisfied. You say free delivery if you order 143 and then when it is 174 rupees, when you show the place order, it is 187 before you give an option to know how it was added. Why don't you give it to thieves?",1,2026-07-31 12:40:04 UTC,0,play_store,"We know you are all frauds and you are ordering because you are not satisfied. You say free delivery if you order 143 and then when it is 174 rupees, when you show the place order, it is 187 before you give an option to know how it was added. Why don't you give it to thieves?",know fraud order satisfied say free delivery order 143 174 rupee show place order 187 give option know add dont give thief,False,noise,,,no category-exploration signal
very good 👍,5,2026-07-31 12:38:13 UTC,0,play_store,very good 👍,good,False,noise,,,no category-exploration signal
"always late and wrong orders milk always old , too much handling delivery charges.If you will Stop doing blinkit lot of money you can save it",1,2026-07-31 12:36:48 UTC,0,play_store,"always late and wrong orders milk always old , too much handling delivery charges.If you will Stop doing blinkit lot of money you can save it",always late wrong order milk always old much handling delivery chargesif stop blinkit lot money save,True,stuck_in_routine,coverage_or_eta,grocery,routine/reorder language without exploration intent
Bast app,5,2026-07-31 12:36:22 UTC,0,play_store,Bast app,bast app,False,noise,,,no category-exploration signal
great all delivery,5,2026-07-31 12:35:33 UTC,0,play_store,great all delivery,great delivery,False,noise,,,no category-exploration signal
Good blinkit,5,2026-07-31 12:32:14 UTC,0,play_store,Good blinkit,good blinkit,False,noise,,,no category-exploration signal
Services Good.....but high Delivery charges....,1,2026-07-31 12:31:42 UTC,0,play_store,Services Good.....but high Delivery charges....,service goodbut high delivery charge,False,noise,,,no category-exploration signal
charges are high for delivery,1,2026-07-31 12:30:43 UTC,0,play_store,charges are high for delivery,charge high delivery,False,noise,,,no category-exploration signal
doesn't gives back refund even after calling multiple times. Think before ordering,2,2026-07-31 12:30:10 UTC,0,play_store,doesn't gives back refund even after calling multiple times. Think before ordering,doesnt give back refund even call multiple time think order,True,want_to_explore_blocked,dont_trust_quality_for_new_category,,intent or category talk with friction/barrier cues
it deliver at time and good product,5,2026-07-31 12:26:28 UTC,0,play_store,it deliver at time and good product,deliver time good product,False,noise,,,no category-exploration signal
Reasonable price and fresh stock,5,2026-07-31 12:25:36 UTC,0,play_store,Reasonable price and fresh stock,reasonable price fresh stock,True,want_to_explore_blocked,price_uncertainty_new_category|dont_trust_quality_for_new_category,grocery,intent or category talk with friction/barrier cues
make this service available in gunupur also,5,2026-07-31 12:23:48 UTC,0,play_store,make this service available in gunupur also,make service available gunupur also,False,noise,,,no category-exploration signal
115 ka item dikha kar 150 me aa rha h,1,2026-07-31 12:23:00 UTC,0,play_store,115 ka item dikha kar 150 me aa rha h,115 ka item dikha kar 150 aa rha h,False,noise,,,no category-exploration signal
very nice& fast service 👍🏻,5,2026-07-31 12:21:51 UTC,0,play_store,very nice& fast service 👍🏻,nice fast service,False,noise,,,no category-exploration signal
mast,4,2026-07-31 12:21:11 UTC,0,play_store,mast,mast,False,noise,,,no category-exploration signal
higher price than mrp,3,2026-07-31 12:18:19 UTC,0,play_store,higher price than mrp,high price mrp,True,want_to_explore_blocked,price_uncertainty_new_category,grocery,intent or category talk with friction/barrier cues
service is very good,5,2026-07-31 12:16:49 UTC,0,play_store,service is very good,service good,False,noise,,,no category-exploration signal
hustle free quick shopping online that to too on same price as offline,5,2026-07-31 12:14:05 UTC,0,play_store,hustle free quick shopping online that to too on same price as offline,hustle free quick shopping online price offline,True,want_to_explore_blocked,price_uncertainty_new_category|habit_reorder_only,grocery,intent or category talk with friction/barrier cues
USELESS APP. no service in my area,1,2026-07-31 12:10:56 UTC,0,play_store,USELESS APP. no service in my area,useless app service area,True,unclear,coverage_or_eta,,category or barrier cues without clear funnel stage
"i don't own but it's good app , then also they sell on mrp príce",5,2026-07-31 12:08:12 UTC,0,play_store,"i don't own but it's good app , then also they sell on mrp príce",dont good app also sell mrp príce,False,noise,,,no category-exploration signal
Able to reach customer executive Mahvish and she initiated a refund for short items. Well done Mahvish,5,2026-07-31 12:08:03 UTC,0,play_store,Able to reach customer executive Mahvish and she initiated a refund for short items. Well done Mahvish,able reach customer executive mahvish initiate refund short item well do mahvish,True,want_to_explore_blocked,dont_trust_quality_for_new_category,,intent or category talk with friction/barrier cues
high prize,1,2026-07-31 12:05:39 UTC,0,play_store,high prize,high prize,False,noise,,,no category-exploration signal
this is very useful,5,2026-07-31 12:05:29 UTC,0,play_store,this is very useful,useful,False,noise,,,no category-exploration signal
very good service and very goid quality,5,2026-07-31 12:02:04 UTC,0,play_store,very good service and very goid quality,good service goid quality,True,want_to_explore_blocked,dont_trust_quality_for_new_category,,intent or category talk with friction/barrier cues
Good Wark,4,2026-07-31 12:01:51 UTC,0,play_store,Good Wark,good wark,False,noise,,,no category-exploration signal
CHAKKI AATA MANGWAYA KALL HI..AESA HAI JAISE SHISHA PISA GAYA HO KOI COUSTOMER SUPPORT NHI HAI...NA KAHI SE BADLNE KA OPTION AA RAHA HAI...MERE PAISE BARBAD HO GAYE.BINA BAAT.....,1,2026-07-31 12:00:48 UTC,0,play_store,CHAKKI AATA MANGWAYA KALL HI..AESA HAI JAISE SHISHA PISA GAYA HO KOI COUSTOMER SUPPORT NHI HAI...NA KAHI SE BADLNE KA OPTION AA RAHA HAI...MERE PAISE BARBAD HO GAYE.BINA BAAT.....,chakki aata mangwaya kall hiaesa hai jaise shisha pisa gaya ho koi coustomer support nhi haina kahi se badlne ka option aa raha haimere paise barbad ho gayebina baat,False,noise,,,no category-exploration signal
v good,5,2026-07-31 12:00:46 UTC,0,play_store,v good,v good,False,noise,,,no category-exploration signal
very good 👍 refund,5,2026-07-31 12:00:19 UTC,0,play_store,very good 👍 refund,good refund,True,want_to_explore_blocked,dont_trust_quality_for_new_category,,intent or category talk with friction/barrier cues
ok,5,2026-07-31 11:59:43 UTC,0,play_store,ok,ok,False,noise,,,short generic praise/complaint without category cues
💝,5,2026-07-31 11:58:02 UTC,0,play_store,💝,💝,False,noise,,,no category-exploration signal
good and affordable,5,2026-07-31 11:55:27 UTC,0,play_store,good and affordable,good affordable,False,noise,,,no category-exploration signal
delivery partner's location isn't showing in this application,1,2026-07-31 11:55:22 UTC,0,play_store,delivery partner's location isn't showing in this application,delivery partner location isnt showing application,True,unclear,coverage_or_eta,,category or barrier cues without clear funnel stage
gud to use,5,2026-07-31 11:54:13 UTC,0,play_store,gud to use,gud use,False,noise,,,no category-exploration signal
👍👍,5,2026-07-31 11:53:26 UTC,0,play_store,👍👍,👍👍,False,noise,,,no category-exploration signal
"very good service, fast delivery every time",5,2026-07-31 11:52:42 UTC,0,play_store,"very good service, fast delivery every time",good service fast delivery every time,False,noise,,,no category-exploration signal
good delivery app,4,2026-07-31 11:52:24 UTC,0,play_store,good delivery app,good delivery app,False,noise,,,no category-exploration signal
good onee,4,2026-07-31 11:50:23 UTC,0,play_store,good onee,good onee,False,noise,,,no category-exploration signal
The Dilivery Is on time I like it 👍,4,2026-07-31 11:46:22 UTC,0,play_store,The Dilivery Is on time I like it 👍,dilivery time like,False,noise,,,no category-exploration signal
best on best 10/10,5,2026-07-31 11:44:44 UTC,0,play_store,best on best 10/10,best best 1010,False,noise,,,no category-exploration signal
సూపర్,5,2026-07-31 11:42:31 UTC,0,play_store,సూపర్,సూపర్,False,noise,,,no category-exploration signal
👍🏻,5,2026-07-31 11:41:53 UTC,0,play_store,👍🏻,👍🏻,False,noise,,,no category-exploration signal
Minimum Order too Hight ₹149/-,1,2026-07-31 11:41:42 UTC,0,play_store,Minimum Order too Hight ₹149/-,minimum order hight,False,noise,,,no category-exploration signal
very very poor packing items was dirty In three items also they don't gave hand bag.,1,2026-07-31 11:38:30 UTC,1,play_store,very very poor packing items was dirty In three items also they don't gave hand bag.,poor pack item dirty three item also dont give hand bag,False,noise,,,no category-exploration signal
best delivery aap,5,2026-07-31 11:37:56 UTC,0,play_store,best delivery aap,best delivery aap,False,noise,,,no category-exploration signal
fast service i love it,5,2026-07-31 11:33:41 UTC,0,play_store,fast service i love it,fast service love,False,noise,,,no category-exploration signal
gode,1,2026-07-31 11:32:25 UTC,0,play_store,gode,gode,False,noise,,,no category-exploration signal
100 ki shopping pe hi free delivery laga do yaar,2,2026-07-31 11:31:58 UTC,0,play_store,100 ki shopping pe hi free delivery laga do yaar,100 ki shopping pe hi free delivery laga yaar,False,noise,,,no category-exploration signal
❤️❤️❤️❤️,5,2026-07-31 11:31:24 UTC,0,play_store,❤️❤️❤️❤️,❤️❤️❤️❤️,False,noise,,,no category-exploration signal
nic,5,2026-07-31 11:30:19 UTC,0,play_store,nic,nic,False,noise,,,no category-exploration signal
best,5,2026-07-31 11:29:56 UTC,0,play_store,best,best,False,noise,,,no category-exploration signal
blinkit application are totally froud and fake kuch ordar kro assistant bhi batmeez hai miss prachi do not buy any product blinkit price kuch dikhate hai milta kuch or hai support se contact kro to koi help nhi policy bhi hai 7 day's Replacement but do not follow the policy,1,2026-07-31 11:28:15 UTC,0,play_store,blinkit application are totally froud and fake kuch ordar kro assistant bhi batmeez hai miss prachi do not buy any product blinkit price kuch dikhate hai milta kuch or hai support se contact kro to koi help nhi policy bhi hai 7 day's Replacement but do not follow the policy,blinkit application totally froud fake kuch ordar kro assistant bhi batmeez hai miss prachi buy product blinkit price kuch dikhate hai milta kuch hai support se contact kro koi help nhi policy bhi hai 7 day replacement follow policy,True,want_to_explore_blocked,price_uncertainty_new_category|dont_trust_quality_for_new_category,grocery,intent or category talk with friction/barrier cues
soooper staaaar services. kudos,5,2026-07-31 11:24:17 UTC,1,play_store,soooper staaaar services. kudos,soooper staaaar service kudos,False,noise,,,no category-exploration signal
Great 👍🏻,5,2026-07-31 11:22:54 UTC,0,play_store,Great 👍🏻,great,False,noise,,,no category-exploration signal
best best best I don't have words ❤️,5,2026-07-31 11:22:19 UTC,0,play_store,best best best I don't have words ❤️,best best best dont word,True,want_to_explore_blocked,assortment_gap,,intent or category talk with friction/barrier cues
🤩,5,2026-07-31 11:18:46 UTC,0,play_store,🤩,🤩,False,noise,,,no category-exploration signal
Missing order but support team is too busy even to have a conversation. either support hours are closed or support executives are too busy to handle all requests.,1,2026-07-31 11:18:33 UTC,0,play_store,Missing order but support team is too busy even to have a conversation. either support hours are closed or support executives are too busy to handle all requests.,miss order support team busy even conversation either support hour close support executive busy handle request,True,want_to_explore_blocked,assortment_gap,,intent or category talk with friction/barrier cues
good appp for lazy person like mee 🤣🤣,5,2026-07-31 11:17:07 UTC,0,play_store,good appp for lazy person like mee 🤣🤣,good appp lazy person like mee,False,noise,,,no category-exploration signal
Good quick service,5,2026-07-31 11:17:01 UTC,0,play_store,Good quick service,good quick service,False,noise,,,no category-exploration signal
"same market price, expecting some discount from market price",5,2026-07-31 11:16:13 UTC,0,play_store,"same market price, expecting some discount from market price",market price expect discount market price,True,want_to_explore_blocked,price_uncertainty_new_category|habit_reorder_only,grocery,intent or category talk with friction/barrier cues
this is best aap,5,2026-07-31 11:15:04 UTC,0,play_store,this is best aap,best aap,False,noise,,,no category-exploration signal
1st delivery 👍,5,2026-07-31 11:12:23 UTC,0,play_store,1st delivery 👍,1st delivery,False,noise,,,no category-exploration signal
"I didn't thought that this popular app would turn out to be a total disappointment I had ordered few items one of them was this cake ice cream , I opened it and saw it was half eaten and when I called to ask for a refund they refused saying it wasn't their fault and blah blah blah....really blinkit!? I had no issues with it what so ever until this happened sorry (not sorry) but I am uninstalling this app",2,2026-07-31 11:08:56 UTC,0,play_store,"I didn't thought that this popular app would turn out to be a total disappointment I had ordered few items one of them was this cake ice cream , I opened it and saw it was half eaten and when I called to ask for a refund they refused saying it wasn't their fault and blah blah blah....really blinkit!? I had no issues with it what so ever until this happened sorry (not sorry) but I am uninstalling this app",didnt think popular app would turn total disappointment order item one cake ice cream open saw half eat call ask refund refuse say wasnt fault blah blah blahreally blinkit issue ever happen sorry sorry uninstalling app,True,want_to_explore_blocked,dont_trust_quality_for_new_category,snacks,intent or category talk with friction/barrier cues
price is high a little bit,4,2026-07-31 11:06:33 UTC,1,play_store,price is high a little bit,price high little bit,True,want_to_explore_blocked,price_uncertainty_new_category,grocery,intent or category talk with friction/barrier cues
Great,5,2026-07-31 11:06:18 UTC,0,play_store,Great,great,False,noise,,,no category-exploration signal
good and fast,5,2026-07-31 11:06:12 UTC,0,play_store,good and fast,good fast,False,noise,,,no category-exploration signal
nice aap,5,2026-07-31 11:05:50 UTC,0,play_store,nice aap,nice aap,False,noise,,,no category-exploration signal
Thanks to all the delivery partners who travel everyday and bring us our products.,5,2026-07-31 11:04:30 UTC,0,play_store,Thanks to all the delivery partners who travel everyday and bring us our products.,thanks delivery partner travel everyday bring u product,False,noise,,,no category-exploration signal
i like it,5,2026-07-31 11:03:46 UTC,0,play_store,i like it,like,False,noise,,,no category-exploration signal
very poor. we can not cancel the order after placing once.,1,2026-07-31 11:01:06 UTC,0,play_store,very poor. we can not cancel the order after placing once.,poor cancel order placing,False,noise,,,no category-exploration signal
Charges are high as compared to zepto,2,2026-07-31 11:00:29 UTC,0,play_store,Charges are high as compared to zepto,charge high compare zepto,False,noise,,,no category-exploration signal
So helful for me toh getting various items from market🥰🥰,5,2026-07-31 10:58:35 UTC,0,play_store,So helful for me toh getting various items from market🥰🥰,helful toh get various item market,False,noise,,,no category-exploration signal
fabulous treatment,5,2026-07-31 10:57:52 UTC,0,play_store,fabulous treatment,fabulous treatment,False,noise,,,no category-exploration signal
✌️,5,2026-07-31 10:56:11 UTC,0,play_store,✌️,✌️,False,noise,,,no category-exploration signal
amazing app i like it,5,2026-07-31 10:55:23 UTC,1,play_store,amazing app i like it,amaze app like,False,noise,,,no category-exploration signal
500 above delivery free,4,2026-07-31 10:53:40 UTC,0,play_store,500 above delivery free,500 delivery free,False,noise,,,no category-exploration signal
delivery so fast,5,2026-07-31 10:53:21 UTC,0,play_store,delivery so fast,delivery fast,False,noise,,,no category-exploration signal
niche,5,2026-07-31 10:53:11 UTC,0,play_store,niche,niche,False,noise,,,no category-exploration signal
very good Blinkit,5,2026-07-31 10:52:23 UTC,0,play_store,very good Blinkit,good blinkit,False,noise,,,no category-exploration signal
best h fast delivery aati h,5,2026-07-31 10:51:17 UTC,0,play_store,best h fast delivery aati h,best h fast delivery aati h,False,noise,,,no category-exploration signal
Use this app,5,2026-07-31 10:48:49 UTC,0,play_store,Use this app,use app,False,noise,,,no category-exploration signal
Absolute Gem! Saves your day although delivery charges are a bit pricier.,5,2026-07-31 10:44:52 UTC,0,play_store,Absolute Gem! Saves your day although delivery charges are a bit pricier.,absolute gem save day although delivery charge bite pricy,False,noise,,,no category-exploration signal
useful,5,2026-07-31 10:43:26 UTC,0,play_store,useful,useful,False,noise,,,no category-exploration signal
bahut Piyara,5,2026-07-31 10:42:26 UTC,0,play_store,bahut Piyara,bahut piyara,False,noise,,,no category-exploration signal
Very Poor service. Maximum days service not available cheating. pls notice the customer service,1,2026-07-31 10:41:25 UTC,0,play_store,Very Poor service. Maximum days service not available cheating. pls notice the customer service,poor service maximum day service available cheat pls notice customer service,True,want_to_explore_blocked,coverage_or_eta|assortment_gap,,intent or category talk with friction/barrier cues
Prices are higher than other platforms and charging extra for various reasons.,1,2026-07-31 10:40:40 UTC,0,play_store,Prices are higher than other platforms and charging extra for various reasons.,price high platform charge extra various reason,True,want_to_explore_blocked,price_uncertainty_new_category,grocery,intent or category talk with friction/barrier cues
good and fastest delivery,5,2026-07-31 10:40:00 UTC,0,play_store,good and fastest delivery,good fast delivery,False,noise,,,no category-exploration signal
👌👌,5,2026-07-31 10:38:36 UTC,1,play_store,👌👌,👌👌,False,noise,,,no category-exploration signal
way too much time to address location 😕,1,2026-07-31 10:38:29 UTC,0,play_store,way too much time to address location 😕,way much time address location,True,unclear,coverage_or_eta,,category or barrier cues without clear funnel stage
some time it's give product expiry,4,2026-07-31 10:38:20 UTC,0,play_store,some time it's give product expiry,time give product expiry,False,noise,,,no category-exploration signal
IT IS VERY HIGH LEVEL APP 👌,5,2026-07-31 10:35:19 UTC,0,play_store,IT IS VERY HIGH LEVEL APP 👌,high level app,False,noise,,,no category-exploration signal
"Twice, blinkit has not sent the printouts i had ordered.",1,2026-07-31 10:32:42 UTC,0,play_store,"Twice, blinkit has not sent the printouts i had ordered.",twice blinkit send printout order,False,noise,,,no category-exploration signal
very good survice,5,2026-07-31 10:32:35 UTC,0,play_store,very good survice,good survice,False,noise,,,no category-exploration signal
good service 👍🏻,5,2026-07-31 10:19:53 UTC,0,play_store,good service 👍🏻,good service,False,noise,,,no category-exploration signal
too much good i can't explain,5,2026-07-31 10:18:16 UTC,0,play_store,too much good i can't explain,much good cant explain,False,noise,,,no category-exploration signal
great 😃,5,2026-07-31 10:18:11 UTC,0,play_store,great 😃,great,False,noise,,,no category-exploration signal
fast service good app,5,2026-07-31 10:18:10 UTC,0,play_store,fast service good app,fast service good app,False,noise,,,short generic praise/complaint without category cues
not free delivery option,1,2026-07-31 10:18:01 UTC,0,play_store,not free delivery option,free delivery option,False,noise,,,no category-exploration signal
every time asking for change never bring some changes,4,2026-07-31 10:15:24 UTC,0,play_store,every time asking for change never bring some changes,every time ask change never bring change,False,noise,,,no category-exploration signal
not so good,2,2026-07-31 10:15:16 UTC,0,play_store,not so good,good,False,noise,,,no category-exploration signal
blinkit is very fast app and very convenient,4,2026-07-31 10:14:43 UTC,0,play_store,blinkit is very fast app and very convenient,blinkit fast app convenient,False,noise,,,no category-exploration signal
hooo,5,2026-07-31 10:14:18 UTC,0,play_store,hooo,hooo,False,noise,,,no category-exploration signal
best for fastly delivery,5,2026-07-31 10:12:21 UTC,0,play_store,best for fastly delivery,best fastly delivery,False,noise,,,no category-exploration signal
not good because delevery charge more,5,2026-07-31 10:11:40 UTC,0,play_store,not good because delevery charge more,good delevery charge,False,noise,,,no category-exploration signal
awesome,5,2026-07-31 10:11:29 UTC,0,play_store,awesome,awesome,False,noise,,,short generic praise/complaint without category cues
Cool,5,2026-07-31 10:10:01 UTC,0,play_store,Cool,cool,False,noise,,,no category-exploration signal
it's good,5,2026-07-31 10:08:28 UTC,0,play_store,it's good,good,False,noise,,,no category-exploration signal
superb app 👌,5,2026-07-31 10:07:58 UTC,0,play_store,superb app 👌,superb app,False,noise,,,short generic praise/complaint without category cues
😊😊😊,5,2026-07-31 10:06:44 UTC,0,play_store,😊😊😊,😊😊😊,False,noise,,,no category-exploration signal
gud,5,2026-07-31 10:06:14 UTC,0,play_store,gud,gud,False,noise,,,no category-exploration signal
delivery partner not pick up my phone,1,2026-07-31 10:06:02 UTC,0,play_store,delivery partner not pick up my phone,delivery partner pick phone,True,unclear,,electronics,category or barrier cues without clear funnel stage
I love Blinkit,5,2026-07-31 10:05:17 UTC,0,play_store,I love Blinkit,love blinkit,False,noise,,,no category-exploration signal
nice app user friendly quick service,5,2026-07-31 10:04:46 UTC,0,play_store,nice app user friendly quick service,nice app user friendly quick service,False,noise,,,no category-exploration signal
nice 👍👍,4,2026-07-31 10:04:12 UTC,0,play_store,nice 👍👍,nice,False,noise,,,no category-exploration signal
ब्लिंकिट है तो मुमकिन है❤️,5,2026-07-31 10:02:57 UTC,0,play_store,ब्लिंकिट है तो मुमकिन है❤️,ब्लिंकिट है तो मुमकिन है❤️,False,noise,,,no category-exploration signal
good 😊,5,2026-07-31 10:02:52 UTC,0,play_store,good 😊,good,False,noise,,,no category-exploration signal
very fast Wow,5,2026-07-31 09:59:52 UTC,0,play_store,very fast Wow,fast wow,False,noise,,,no category-exploration signal
best app for delivery service,5,2026-07-31 09:58:24 UTC,0,play_store,best app for delivery service,best app delivery service,False,noise,,,no category-exploration signal
very convenient. ❣️❣️,5,2026-07-31 09:58:01 UTC,0,play_store,very convenient. ❣️❣️,convenient,False,noise,,,no category-exploration signal
"Fast delivery, reliable service, and very useful during emergencies. Blinkit has made getting essential items quick and convenient.",5,2026-07-31 09:57:16 UTC,0,play_store,"Fast delivery, reliable service, and very useful during emergencies. Blinkit has made getting essential items quick and convenient.",fast delivery reliable service useful emergency blinkit make get essential item quick convenient,False,noise,,,no category-exploration signal
very good option,5,2026-07-31 09:55:52 UTC,0,play_store,very good option,good option,False,noise,,,no category-exploration signal
ok it's good,5,2026-07-31 09:55:33 UTC,0,play_store,ok it's good,ok good,False,noise,,,short generic praise/complaint without category cues
worst app totally fraud amount debited order not placed and refund also not issued,1,2026-07-31 09:52:07 UTC,0,play_store,worst app totally fraud amount debited order not placed and refund also not issued,bad app totally fraud amount debit order place refund also issue,True,want_to_explore_blocked,dont_trust_quality_for_new_category,,intent or category talk with friction/barrier cues
I ordered fish in this app after eating our health became very bad condition we got fever the company say the return policy expires we can't help and we can't refund money back it was not in chilled condition please don't use this app it's scam the support executives also not responding,1,2026-07-31 09:51:02 UTC,0,play_store,I ordered fish in this app after eating our health became very bad condition we got fever the company say the return policy expires we can't help and we can't refund money back it was not in chilled condition please don't use this app it's scam the support executives also not responding,ordered fish app eat health become bad condition get fever company say return policy expire cant help cant refund money back chill condition please dont use app scam support executive also respond,True,want_to_explore_blocked,dont_trust_quality_for_new_category,,intent or category talk with friction/barrier cues
vere good 👍,5,2026-07-31 09:50:56 UTC,0,play_store,vere good 👍,vere good,False,noise,,,no category-exploration signal
"it was the best app for urgent delivery and stuff but now it doesn't have COD available and as a non online payment user, this is so not it. it keeps showing ""This payment method is not available for the moment"" and that moment has been going on since the last 3 months (╯°□°）╯",1,2026-07-31 09:49:16 UTC,0,play_store,"it was the best app for urgent delivery and stuff but now it doesn't have COD available and as a non online payment user, this is so not it. it keeps showing ""This payment method is not available for the moment"" and that moment has been going on since the last 3 months (╯°□°）╯",best app urgent delivery stuff doesnt cod available non online payment user keep show payment method available moment moment go since last 3 month,True,want_to_explore_blocked,coverage_or_eta|assortment_gap,,intent or category talk with friction/barrier cues
really good blinkit 🙂,4,2026-07-31 09:48:38 UTC,0,play_store,really good blinkit 🙂,really good blinkit,False,noise,,,no category-exploration signal
fake time of arrival is shown in customers display display time and actual time is difference. may I know how many seconds are there in one minute as standard time and display time having lots of difference.,1,2026-07-31 09:48:23 UTC,0,play_store,fake time of arrival is shown in customers display display time and actual time is difference. may I know how many seconds are there in one minute as standard time and display time having lots of difference.,fake time arrival show customer display display time actual time difference may know many second one minute standard time display time lot difference,True,want_to_explore_blocked,dont_trust_quality_for_new_category,,intent or category talk with friction/barrier cues
"disgusting, support executive,",1,2026-07-31 09:47:15 UTC,0,play_store,"disgusting, support executive,",disgust support executive,False,noise,,,no category-exploration signal
boo yeah,5,2026-07-31 09:46:08 UTC,0,play_store,boo yeah,boo yeah,False,noise,,,no category-exploration signal
good service 👍,5,2026-07-31 09:44:26 UTC,0,play_store,good service 👍,good service,False,noise,,,no category-exploration signal
nice app 👍,5,2026-07-31 09:43:20 UTC,0,play_store,nice app 👍,nice app,False,noise,,,short generic praise/complaint without category cues
"very helpful app in emergency , fast and good service 😃😃😃😃😃😃😃😃😃😃😃😃😃😃😃😃😃✨✨✨✨",5,2026-07-31 09:38:59 UTC,0,play_store,"very helpful app in emergency , fast and good service 😃😃😃😃😃😃😃😃😃😃😃😃😃😃😃😃😃✨✨✨✨",helpful app emergency fast good service,False,noise,,,no category-exploration signal
best quality products delivers in 10 minutes,5,2026-07-31 09:38:33 UTC,0,play_store,best quality products delivers in 10 minutes,best quality product deliver 10 minute,True,want_to_explore_blocked,dont_trust_quality_for_new_category,,intent or category talk with friction/barrier cues
thank u,5,2026-07-31 09:36:09 UTC,0,play_store,thank u,thank u,False,noise,,,no category-exploration signal
blinking is very fast service,3,2026-07-31 09:33:58 UTC,0,play_store,blinking is very fast service,blink fast service,False,noise,,,no category-exploration signal
please alwayss make cash on delivery 😅😅,5,2026-07-31 09:30:49 UTC,0,play_store,please alwayss make cash on delivery 😅😅,please alwayss make cash delivery,True,stuck_in_routine,,,routine/reorder language without exploration intent
delay in delivery and show us that unable to fetch delivery boys location 🤬🤬🤬,1,2026-07-31 09:30:08 UTC,0,play_store,delay in delivery and show us that unable to fetch delivery boys location 🤬🤬🤬,delay delivery show u unable fetch delivery boys location,True,unclear,coverage_or_eta,,category or barrier cues without clear funnel stage
great I mean it literally saved me from a huge event in my home we needed emergency first aid and thanks a lot you guys and the team 🤍,5,2026-07-31 09:29:42 UTC,0,play_store,great I mean it literally saved me from a huge event in my home we needed emergency first aid and thanks a lot you guys and the team 🤍,great mean literally save huge event home need emergency first aid thanks lot guy team,True,unclear,,home,category or barrier cues without clear funnel stage
Very much helpful for getting household items. Especially for elderly peoples. Thankyou Blinkit.,5,2026-07-31 09:27:26 UTC,0,play_store,Very much helpful for getting household items. Especially for elderly peoples. Thankyou Blinkit.,much helpful get household item especially elderly people thankyou blinkit,False,noise,,,no category-exploration signal
very nice service,5,2026-07-31 09:27:17 UTC,0,play_store,very nice service,nice service,False,noise,,,no category-exploration signal
bad platform,1,2026-07-31 09:25:41 UTC,0,play_store,bad platform,bad platform,False,noise,,,no category-exploration signal
well app,5,2026-07-31 09:24:42 UTC,0,play_store,well app,well app,False,noise,,,no category-exploration signal
best app for home grocery,5,2026-07-31 09:23:57 UTC,0,play_store,best app for home grocery,best app home grocery,True,unclear,,grocery|home,category or barrier cues without clear funnel stage
The work of the delivery persons is great and I really appreciate their efforts. Thanks blinkit for this much help🙂,5,2026-07-31 09:23:44 UTC,0,play_store,The work of the delivery persons is great and I really appreciate their efforts. Thanks blinkit for this much help🙂,work delivery person great really appreciate effort thanks blinkit much help,False,noise,,,no category-exploration signal
good in emargency,5,2026-07-31 09:22:49 UTC,0,play_store,good in emargency,good emargency,False,noise,,,no category-exploration signal
Cool drink is not chilled while getting,1,2026-07-31 09:21:31 UTC,0,play_store,Cool drink is not chilled while getting,cool drink chill get,False,noise,,,no category-exploration signal
bahut sunder,5,2026-07-31 09:20:54 UTC,0,play_store,bahut sunder,bahut sunder,False,noise,,,no category-exploration signal
the delivery charges are so much 🙄,3,2026-07-31 09:19:00 UTC,0,play_store,the delivery charges are so much 🙄,delivery charge much,False,noise,,,no category-exploration signal
i love this app ✨,5,2026-07-31 09:18:33 UTC,0,play_store,i love this app ✨,love app,False,noise,,,no category-exploration signal
Good app.. Very fast delivery...,5,2026-07-31 09:16:10 UTC,0,play_store,Good app.. Very fast delivery...,good app fast delivery,False,noise,,,no category-exploration signal
excellent work,5,2026-07-31 09:14:38 UTC,0,play_store,excellent work,excellent work,False,noise,,,no category-exploration signal
perfect app 💯 can order the items easily and is affordable too .,5,2026-07-31 09:14:11 UTC,0,play_store,perfect app 💯 can order the items easily and is affordable too .,perfect app order item easily affordable,False,noise,,,no category-exploration signal
best hai,5,2026-07-31 09:09:43 UTC,0,play_store,best hai,best hai,False,noise,,,no category-exploration signal
"I ordered two items a long time ago, but the delivery person handed over only one item while charging me the price for both.No money was refunded even after I informed them about the matter.Perhaps they(#blinkit) thought of it as a minor incident.",1,2026-07-31 09:07:52 UTC,0,play_store,"I ordered two items a long time ago, but the delivery person handed over only one item while charging me the price for both.No money was refunded even after I informed them about the matter.Perhaps they(#blinkit) thought of it as a minor incident.",order two item long time ago delivery person hand one item charge price bothno money refund even inform matterperhaps theyblinkit think minor incident,True,want_to_explore_blocked,price_uncertainty_new_category|dont_trust_quality_for_new_category,grocery,intent or category talk with friction/barrier cues
communication skills poor,4,2026-07-31 09:04:06 UTC,0,play_store,communication skills poor,communication skill poor,False,noise,,,no category-exploration signal
very poor system. not update location in app properly.. I am so survive lot of my valuable time for just add my location in app. also delivary man are very ugly behave ....,1,2026-07-31 09:02:13 UTC,0,play_store,very poor system. not update location in app properly.. I am so survive lot of my valuable time for just add my location in app. also delivary man are very ugly behave ....,poor system update location app properly survive lot valuable time add location app also delivary man ugly behave,True,unclear,coverage_or_eta,,category or barrier cues without clear funnel stage
why do you not provide in my area that's annoying 😭,1,2026-07-31 09:01:40 UTC,0,play_store,why do you not provide in my area that's annoying 😭,provide area thats annoy,True,unclear,coverage_or_eta,,category or barrier cues without clear funnel stage
Superb,5,2026-07-31 08:58:55 UTC,0,play_store,Superb,superb,False,noise,,,short generic praise/complaint without category cues
luvvv this app..!!,5,2026-07-31 08:57:28 UTC,0,play_store,luvvv this app..!!,luvvv app,False,noise,,,no category-exploration signal
good very well,5,2026-07-31 08:56:52 UTC,0,play_store,good very well,good well,False,noise,,,no category-exploration signal
Too much surge charge and taxes,5,2026-07-31 08:55:57 UTC,0,play_store,Too much surge charge and taxes,much surge charge tax,True,want_to_explore_blocked,price_uncertainty_new_category,,intent or category talk with friction/barrier cues
I like it and the services given are superb,5,2026-07-31 08:55:45 UTC,0,play_store,I like it and the services given are superb,like service give superb,False,noise,,,no category-exploration signal
very good 😊,5,2026-07-31 08:55:31 UTC,0,play_store,very good 😊,good,False,noise,,,no category-exploration signal
awesome 👍,5,2026-07-31 08:54:32 UTC,0,play_store,awesome 👍,awesome,False,noise,,,short generic praise/complaint without category cues
Try to increase the delivery distance. Not just in srinagar but other parts too for eg pampore,3,2026-07-31 08:52:19 UTC,0,play_store,Try to increase the delivery distance. Not just in srinagar but other parts too for eg pampore,try increase delivery distance srinagar part eg pampore,False,noise,,,no category-exploration signal
love blinkit as always delivers on time and never disaapoint. vast variety of products and excellent service.,5,2026-07-31 08:51:26 UTC,0,play_store,love blinkit as always delivers on time and never disaapoint. vast variety of products and excellent service.,love blinkit always delivers time never disaapoint vast variety product excellent service,True,stuck_in_routine,,,routine/reorder language without exploration intent
nice app 🥰🤩,4,2026-07-31 08:46:34 UTC,0,play_store,nice app 🥰🤩,nice app,False,noise,,,short generic praise/complaint without category cues
super 💯,5,2026-07-31 08:46:12 UTC,0,play_store,super 💯,super,False,noise,,,short generic praise/complaint without category cues
I ordered first time through blinkit but the delivered without blikit bag... very dirty hand was of the delievery boy.,1,2026-07-31 08:43:41 UTC,0,play_store,I ordered first time through blinkit but the delivered without blikit bag... very dirty hand was of the delievery boy.,order first time blinkit deliver without blikit bag dirty hand delievery boy,True,unclear,,,category or barrier cues without clear funnel stage
it's good 👍🏼😊,3,2026-07-31 08:43:28 UTC,0,play_store,it's good 👍🏼😊,good,False,noise,,,no category-exploration signal
"Thankyou so much, just please keep the app same forever 💓",5,2026-07-31 08:39:21 UTC,0,play_store,"Thankyou so much, just please keep the app same forever 💓",thankyou much please keep app forever,True,stuck_in_routine,habit_reorder_only,,routine/reorder language without exploration intent
⭐⭐⭐⭐⭐Delivered on time and handled the order with care. Great service🌸,5,2026-07-31 08:38:40 UTC,0,play_store,⭐⭐⭐⭐⭐Delivered on time and handled the order with care. Great service🌸,delivered time handle order care great service,False,noise,,,no category-exploration signal
doesn't carry any sort of balance while given cash on delivery...eveytime I face this issue...why then don't carry a little Change??!! for example...my order was 458 and for that I have given 500 rupees..Still they want 458 change...how am I supposed to give this much change?! Ridiculous!! And How they expect that everyone will have cash online?,1,2026-07-31 08:37:38 UTC,0,play_store,doesn't carry any sort of balance while given cash on delivery...eveytime I face this issue...why then don't carry a little Change??!! for example...my order was 458 and for that I have given 500 rupees..Still they want 458 change...how am I supposed to give this much change?! Ridiculous!! And How they expect that everyone will have cash online?,doesnt carry sort balance give cash deliveryeveytime face issuewhy dont carry little change examplemy order 458 give 500 rupeesstill want 458 changehow suppose give much change ridiculous expect everyone cash online,False,noise,,,no category-exploration signal
acha hai,5,2026-07-31 08:37:15 UTC,0,play_store,acha hai,acha hai,False,noise,,,no category-exploration signal
Every time they charge high demand charges and handling charges upto 40-50 rs. I rarely use this.to deliver in 35 minutes.,1,2026-07-31 08:36:48 UTC,0,play_store,Every time they charge high demand charges and handling charges upto 40-50 rs. I rarely use this.to deliver in 35 minutes.,every time charge high demand charge handle charge upto 4050 r rarely use thisto deliver 35 minute,True,want_to_explore_blocked,price_uncertainty_new_category,,intent or category talk with friction/barrier cues
cash on delivery is not able under certain amount,3,2026-07-31 08:35:38 UTC,0,play_store,cash on delivery is not able under certain amount,cash delivery able certain amount,False,noise,,,no category-exploration signal
exellent,5,2026-07-31 08:33:39 UTC,0,play_store,exellent,exellent,False,noise,,,no category-exploration signal
It is a very fast delivery aap and I like the service by blinkit,5,2026-07-31 08:29:33 UTC,0,play_store,It is a very fast delivery aap and I like the service by blinkit,fast delivery aap like service blinkit,False,noise,,,no category-exploration signal
aalu anda,4,2026-07-31 08:28:11 UTC,0,play_store,aalu anda,aalu anda,False,noise,,,no category-exploration signal
bad delevery,1,2026-07-31 08:25:56 UTC,0,play_store,bad delevery,bad delevery,False,noise,,,no category-exploration signal
quick service sometimes products came damaged but refunded as well if noted,5,2026-07-31 08:24:07 UTC,0,play_store,quick service sometimes products came damaged but refunded as well if noted,quick service sometimes product come damage refund well noted,True,want_to_explore_blocked,dont_trust_quality_for_new_category,,intent or category talk with friction/barrier cues
fix time no delay anytime service no 1 any some time u got offers,5,2026-07-31 08:23:45 UTC,0,play_store,fix time no delay anytime service no 1 any some time u got offers,fix time delay anytime service 1 time u get offer,True,unclear,coverage_or_eta,,category or barrier cues without clear funnel stage
legendary app,4,2026-07-31 08:22:45 UTC,0,play_store,legendary app,legendary app,False,noise,,,no category-exploration signal
amazing service,5,2026-07-31 08:19:39 UTC,1,play_store,amazing service,amazing service,False,noise,,,no category-exploration signal
Really easy to purchase,5,2026-07-31 08:14:57 UTC,0,play_store,Really easy to purchase,really easy purchase,False,noise,,,no category-exploration signal
not bad,1,2026-07-31 08:14:29 UTC,0,play_store,not bad,bad,False,noise,,,no category-exploration signal
nice taking,5,2026-07-31 08:11:43 UTC,0,play_store,nice taking,nice take,False,noise,,,no category-exploration signal
good to help people,5,2026-07-31 08:08:51 UTC,0,play_store,good to help people,good help people,False,noise,,,no category-exploration signal
I am happy..as I receive my order in few minutes ❤️. thank you Blinkit,5,2026-07-31 08:04:42 UTC,0,play_store,I am happy..as I receive my order in few minutes ❤️. thank you Blinkit,happyas receive order minute thank blinkit,False,noise,,,no category-exploration signal
🥰,3,2026-07-31 08:04:36 UTC,0,play_store,🥰,🥰,False,noise,,,no category-exploration signal
I forgot to buy gift for my friend but then blinkit saved me. Thank you for your quick service.,4,2026-07-31 08:02:42 UTC,0,play_store,I forgot to buy gift for my friend but then blinkit saved me. Thank you for your quick service.,forgot buy gift friend blinkit save thank quick service,False,noise,,,no category-exploration signal
Very good app for quick delivery but when you try to cancel any order instead of returning money they give blinkit coins instead.,4,2026-07-31 07:56:54 UTC,0,play_store,Very good app for quick delivery but when you try to cancel any order instead of returning money they give blinkit coins instead.,good app quick delivery try cancel order instead return money give blinkit coin instead,True,want_to_explore_blocked,dont_trust_quality_for_new_category,,intent or category talk with friction/barrier cues
very fast delivery and resembles price,5,2026-07-31 07:56:01 UTC,0,play_store,very fast delivery and resembles price,fast delivery resembles price,True,want_to_explore_blocked,price_uncertainty_new_category,grocery,intent or category talk with friction/barrier cues
good 👍 👍 👍,5,2026-07-31 07:50:22 UTC,0,play_store,good 👍 👍 👍,good,False,noise,,,no category-exploration signal
v.v good for Blinkit,5,2026-07-31 07:47:17 UTC,0,play_store,v.v good for Blinkit,vv good blinkit,False,noise,,,no category-exploration signal
very good sarvice,5,2026-07-31 07:42:55 UTC,0,play_store,very good sarvice,good sarvice,False,noise,,,no category-exploration signal
most useful app,5,2026-07-31 07:38:44 UTC,0,play_store,most useful app,useful app,False,noise,,,no category-exploration signal
by mistake i had entered the wrong adress they are not cancelling the order and making frustrating chats and message theese app ate not for oerson convenience they are a burden,1,2026-07-31 07:38:26 UTC,0,play_store,by mistake i had entered the wrong adress they are not cancelling the order and making frustrating chats and message theese app ate not for oerson convenience they are a burden,mistake enter wrong adress cancel order make frustrating chat message theese app ate oerson convenience burden,False,noise,,,no category-exploration signal
it's good 😊,5,2026-07-31 07:36:36 UTC,0,play_store,it's good 😊,good,False,noise,,,no category-exploration signal
yes sure... it's very useful.,5,2026-07-31 07:36:31 UTC,0,play_store,yes sure... it's very useful.,yes sure useful,False,noise,,,no category-exploration signal
good delivery,5,2026-07-31 07:35:24 UTC,0,play_store,good delivery,good delivery,False,noise,,,no category-exploration signal
very fast and good service provider,5,2026-07-31 07:30:59 UTC,0,play_store,very fast and good service provider,fast good service provider,False,noise,,,no category-exploration signal
incredible,5,2026-07-31 07:29:04 UTC,0,play_store,incredible,incredible,False,noise,,,no category-exploration signal
This is a very good app and fast delivery,5,2026-07-31 07:25:42 UTC,0,play_store,This is a very good app and fast delivery,good app fast delivery,False,noise,,,no category-exploration signal
this app is very very good 👍,5,2026-07-31 07:25:06 UTC,0,play_store,this app is very very good 👍,app good,False,noise,,,no category-exploration signal
Not Delivering Products on Time Always late,2,2026-07-31 07:24:52 UTC,0,play_store,Not Delivering Products on Time Always late,deliver product time always late,True,stuck_in_routine,coverage_or_eta,,routine/reorder language without exploration intent
super app immediate reached,5,2026-07-31 07:23:58 UTC,0,play_store,super app immediate reached,super app immediate reach,False,noise,,,short generic praise/complaint without category cues
Thank you so much for opening blinkit I can order anything without hesitation and with reasonable prices... I thank the owner and the team .,5,2026-07-31 07:22:07 UTC,0,play_store,Thank you so much for opening blinkit I can order anything without hesitation and with reasonable prices... I thank the owner and the team .,thank much opening blinkit order anything without hesitation reasonable price thank owner team,True,want_to_explore_blocked,price_uncertainty_new_category,grocery,intent or category talk with friction/barrier cues
the delivery person handed my items on 2nd floor instead of 4th floor,1,2026-07-31 07:18:34 UTC,0,play_store,the delivery person handed my items on 2nd floor instead of 4th floor,delivery person hand item 2nd floor instead 4th floor,False,noise,,,no category-exploration signal
slow service,1,2026-07-31 07:17:55 UTC,0,play_store,slow service,slow service,False,noise,,,no category-exploration signal
Brilliant Services,5,2026-07-31 07:15:56 UTC,0,play_store,Brilliant Services,brilliant service,False,noise,,,no category-exploration signal
accha hai,4,2026-07-31 07:15:40 UTC,0,play_store,accha hai,accha hai,False,noise,,,no category-exploration signal
thank you,5,2026-07-31 07:15:01 UTC,0,play_store,thank you,thank,False,noise,,,no category-exploration signal
often changing my location. didn't get my refund,1,2026-07-31 07:14:50 UTC,0,play_store,often changing my location. didn't get my refund,often change location didnt get refund,True,want_to_explore_blocked,dont_trust_quality_for_new_category|coverage_or_eta,,intent or category talk with friction/barrier cues
order time is very late,5,2026-07-31 07:14:47 UTC,1,play_store,order time is very late,order time late,True,unclear,coverage_or_eta,,category or barrier cues without clear funnel stage
"⭐️⭐️⭐️⭐️⭐️ Excellent App & Super Convenient! Blinkit is one of the most convenient apps for getting everyday essentials delivered quickly. The app is smooth, user-friendly, well-organized, and easy to navigate. Finding products, adding them to the cart, making payments, and tracking orders is all very simple. I really like the wide product selection, quick delivery, attractive offers, and hassle-free ordering experience.",5,2026-07-31 07:14:21 UTC,0,play_store,"⭐️⭐️⭐️⭐️⭐️ Excellent App & Super Convenient! Blinkit is one of the most convenient apps for getting everyday essentials delivered quickly. The app is smooth, user-friendly, well-organized, and easy to navigate. Finding products, adding them to the cart, making payments, and tracking orders is all very simple. I really like the wide product selection, quick delivery, attractive offers, and hassle-free ordering experience.",excellent app super convenient blinkit one convenient apps get everyday essential deliver quickly app smooth userfriendly wellorganized easy navigate finding product add cart make payment track order simple really like wide product selection quick delivery attractive offer hasslefree order experience,False,noise,,,no category-exploration signal
great experience,5,2026-07-31 07:11:44 UTC,0,play_store,great experience,great experience,False,noise,,,no category-exploration signal
very fast and,5,2026-07-31 07:11:34 UTC,0,play_store,very fast and,fast,False,noise,,,no category-exploration signal
awesome service,5,2026-07-31 07:09:18 UTC,0,play_store,awesome service,awesome service,False,noise,,,short generic praise/complaint without category cues
bad service and delivery guy doesn't even come to the location and also the delivery guy number doesn't work to connect with them and the post paid order gets cancelled due to their own mistake and they charge ₹20 for the order cancellation. Meaning loss of money and time without getting the product.,1,2026-07-31 07:08:49 UTC,0,play_store,bad service and delivery guy doesn't even come to the location and also the delivery guy number doesn't work to connect with them and the post paid order gets cancelled due to their own mistake and they charge ₹20 for the order cancellation. Meaning loss of money and time without getting the product.,bad service delivery guy doesnt even come location also delivery guy number doesnt work connect post pay order get cancel due mistake charge order cancellation meaning loss money time without get product,True,unclear,coverage_or_eta,,category or barrier cues without clear funnel stage
very convenient for Ladies like me who are working and no time for market.,5,2026-07-31 07:08:08 UTC,0,play_store,very convenient for Ladies like me who are working and no time for market.,convenient lady like work time market,False,noise,,,no category-exploration signal
fast service and original same product thanks for blinkit app,5,2026-07-31 07:06:12 UTC,0,play_store,fast service and original same product thanks for blinkit app,fast service original product thanks blinkit app,True,stuck_in_routine,habit_reorder_only,,routine/reorder language without exploration intent
made my life so easy,5,2026-07-31 07:01:51 UTC,0,play_store,made my life so easy,make life easy,False,noise,,,no category-exploration signal
scam app they don't resolve the issue when you recieve bad item use Instamart insted,1,2026-07-31 07:01:49 UTC,0,play_store,scam app they don't resolve the issue when you recieve bad item use Instamart insted,scam app dont resolve issue recieve bad item use instamart insted,False,noise,,,no category-exploration signal
very good 👍👍,5,2026-07-31 07:01:40 UTC,0,play_store,very good 👍👍,good,False,noise,,,no category-exploration signal
cheap service in Ch Sambhaji Nagar always had address issues,1,2026-07-31 06:59:20 UTC,0,play_store,cheap service in Ch Sambhaji Nagar always had address issues,cheap service ch sambhaji nagar always address issue,True,stuck_in_routine,,,routine/reorder language without exploration intent
very convenient service. God bless quick commerce,5,2026-07-31 06:55:25 UTC,0,play_store,very convenient service. God bless quick commerce,convenient service god bless quick commerce,False,noise,,,no category-exploration signal
too good,5,2026-07-31 06:54:38 UTC,0,play_store,too good,good,False,noise,,,no category-exploration signal
on time delivery,5,2026-07-31 06:54:09 UTC,0,play_store,on time delivery,time delivery,False,noise,,,no category-exploration signal
lot of love,5,2026-07-31 06:53:34 UTC,0,play_store,lot of love,lot love,False,noise,,,no category-exploration signal
Blinkit is a very good app but please give us the option of cash on delivery blinkit don't give cod option please blinkit ... overall blinkit is nice ..,5,2026-07-31 06:52:21 UTC,0,play_store,Blinkit is a very good app but please give us the option of cash on delivery blinkit don't give cod option please blinkit ... overall blinkit is nice ..,blinkit good app please give u option cash delivery blinkit dont give cod option please blinkit overall blinkit nice,False,noise,,,no category-exploration signal
It's a good alternative to get the groceries delivered so fast in 8 mins.Especially when you are not able to go out to the market.,5,2026-07-31 06:52:15 UTC,0,play_store,It's a good alternative to get the groceries delivered so fast in 8 mins.Especially when you are not able to go out to the market.,good alternative get grocery deliver fast 8 minsespecially able go market,False,noise,,,no category-exploration signal
"very good, quick too.",5,2026-07-31 06:50:41 UTC,0,play_store,"very good, quick too.",good quick,False,noise,,,no category-exploration signal
super services,5,2026-07-31 06:49:53 UTC,0,play_store,super services,super service,False,noise,,,short generic praise/complaint without category cues
worst app,1,2026-07-31 06:48:18 UTC,0,play_store,worst app,bad app,False,noise,,,no category-exploration signal
"The price seems a bit high, but it is okay.",5,2026-07-31 06:47:09 UTC,0,play_store,"The price seems a bit high, but it is okay.",price seem bit high okay,True,want_to_explore_blocked,price_uncertainty_new_category,grocery,intent or category talk with friction/barrier cues
good service 👍👍,5,2026-07-31 06:46:48 UTC,0,play_store,good service 👍👍,good service,False,noise,,,no category-exploration signal
thanks but will arrived at time ..it to urgent,5,2026-07-31 06:46:05 UTC,0,play_store,thanks but will arrived at time ..it to urgent,thanks arrive time urgent,False,noise,,,no category-exploration signal
Excellent. My suggestion despatch dry and wet items separately and check properly before despatch about fruits and vegetables,5,2026-07-31 06:45:53 UTC,0,play_store,Excellent. My suggestion despatch dry and wet items separately and check properly before despatch about fruits and vegetables,excellent suggestion despatch dry wet item separately check properly despatch fruit vegetable,True,unclear,,grocery,category or barrier cues without clear funnel stage
👍👍👍,5,2026-07-31 06:45:37 UTC,0,play_store,👍👍👍,👍👍👍,False,noise,,,no category-exploration signal
very goooooodddddd,5,2026-07-31 06:45:18 UTC,0,play_store,very goooooodddddd,goooooodddddd,False,noise,,,no category-exploration signal
very supportive and helpful for any time any were,5,2026-07-31 06:44:42 UTC,0,play_store,very supportive and helpful for any time any were,supportive helpful time,False,noise,,,no category-exploration signal
"good, This service useful in emergency situations. thankyou for providing this delivery service 💐👍",5,2026-07-31 06:40:24 UTC,0,play_store,"good, This service useful in emergency situations. thankyou for providing this delivery service 💐👍",good service useful emergency situation thankyou provide delivery service,False,noise,,,no category-exploration signal
nice app,5,2026-07-31 06:39:58 UTC,0,play_store,nice app,nice app,False,noise,,,short generic praise/complaint without category cues
valo,5,2026-07-31 06:39:44 UTC,0,play_store,valo,valo,False,noise,,,no category-exploration signal
very good experience,5,2026-07-31 06:39:35 UTC,0,play_store,very good experience,good experience,False,noise,,,no category-exploration signal
surcharges is very high and given coupon code not able to ppy,1,2026-07-31 06:38:32 UTC,0,play_store,surcharges is very high and given coupon code not able to ppy,surcharge high give coupon code able ppy,False,noise,,,no category-exploration signal
Orders frequently arrive in 10 to 15 minutes.,5,2026-07-31 06:35:09 UTC,0,play_store,Orders frequently arrive in 10 to 15 minutes.,order frequently arrive 10 15 minute,False,noise,,,no category-exploration signal
helpful,5,2026-07-31 06:34:46 UTC,0,play_store,helpful,helpful,False,noise,,,no category-exploration signal
यहां से यहां सामान बहुत महंगा मिलता है जिसकी कीमत मार्केट में 70 रुपए है यहां पर 90-100 रुपए में मिलती है,1,2026-07-31 06:33:43 UTC,0,play_store,यहां से यहां सामान बहुत महंगा मिलता है जिसकी कीमत मार्केट में 70 रुपए है यहां पर 90-100 रुपए में मिलती है,70 पर 90100,False,noise,,,no category-exploration signal
very frustrated the delivery agent vishal is rude not calling when reached even using angry using language and all stuff I am not using app again in my life ...,1,2026-07-31 06:32:39 UTC,0,play_store,very frustrated the delivery agent vishal is rude not calling when reached even using angry using language and all stuff I am not using app again in my life ...,frustrate delivery agent vishal rude call reach even use angry use language stuff use app life,False,noise,,,no category-exploration signal
beneficial for houselady,5,2026-07-31 06:31:45 UTC,0,play_store,beneficial for houselady,beneficial houselady,False,noise,,,no category-exploration signal
"the delivery partners don't even wait 2 seconds for approval via My gate, they start calling immediately!! very irritating",1,2026-07-31 06:31:03 UTC,0,play_store,"the delivery partners don't even wait 2 seconds for approval via My gate, they start calling immediately!! very irritating",delivery partner dont even wait 2 second approval via gate start call immediately irritate,False,noise,,,no category-exploration signal
"it's a nice app every grocery things is available in this app along with electronics, sports and more",5,2026-07-31 06:28:28 UTC,0,play_store,"it's a nice app every grocery things is available in this app along with electronics, sports and more",nice app every grocery thing available app along electronics sport,True,unclear,,grocery|electronics,category or barrier cues without clear funnel stage
excelent,5,2026-07-31 06:26:40 UTC,0,play_store,excelent,excelent,False,noise,,,no category-exploration signal
"have ordered items and payment got failed in the app. but amount deducted from my account. which is not refund back to my account even after 5 days. there is no customer care number for these issue. they have only email assistance, been sending issue in email they keep on asking same thing which does not happen in the app which is most success order# . have tried multiple times the order is failing and amount deduct from my account LOL",1,2026-07-31 06:26:23 UTC,0,play_store,"have ordered items and payment got failed in the app. but amount deducted from my account. which is not refund back to my account even after 5 days. there is no customer care number for these issue. they have only email assistance, been sending issue in email they keep on asking same thing which does not happen in the app which is most success order# . have tried multiple times the order is failing and amount deduct from my account LOL",order item payment get failed app amount deduct account refund back account even 5 day customer care number issue email assistance send issue email keep ask thing happen app success order try multiple time order fail amount deduct account lol,True,want_to_explore_blocked,dont_trust_quality_for_new_category|habit_reorder_only,,intent or category talk with friction/barrier cues
make it user friendly and more offers may given to customer,1,2026-07-31 06:24:10 UTC,0,play_store,make it user friendly and more offers may given to customer,make user friendly offer may give customer,False,noise,,,no category-exploration signal
this app is sooo good,5,2026-07-31 06:23:37 UTC,0,play_store,this app is sooo good,app sooo good,False,noise,,,no category-exploration signal
"blinkit please solve my problem and it is,that i don't need my order in 10 mintes it can be deliverd late but please available on my location and it is a request",5,2026-07-31 06:23:30 UTC,0,play_store,"blinkit please solve my problem and it is,that i don't need my order in 10 mintes it can be deliverd late but please available on my location and it is a request",blinkit please solve problem isthat dont need order 10 mintes deliverd late please available location request,True,unclear,coverage_or_eta,,category or barrier cues without clear funnel stage
wonderful 😊,5,2026-07-31 06:23:07 UTC,0,play_store,wonderful 😊,wonderful,False,noise,,,no category-exploration signal
it is very fast and good,5,2026-07-31 06:21:08 UTC,0,play_store,it is very fast and good,fast good,False,noise,,,no category-exploration signal
great app for all products no any queries on time all Products delivered to your home,5,2026-07-31 06:18:19 UTC,0,play_store,great app for all products no any queries on time all Products delivered to your home,great app product query time product deliver home,True,unclear,,home,category or barrier cues without clear funnel stage
I mean good but can be better because of some features I can't give full,4,2026-07-31 06:16:35 UTC,0,play_store,I mean good but can be better because of some features I can't give full,mean good good feature cant give full,False,noise,,,no category-exploration signal
good to purchase.. quick delivery good delivery boys too,5,2026-07-31 06:15:30 UTC,0,play_store,good to purchase.. quick delivery good delivery boys too,good purchase quick delivery good delivery boy,False,noise,,,no category-exploration signal
service is excellent,5,2026-07-31 06:15:02 UTC,0,play_store,service is excellent,service excellent,False,noise,,,no category-exploration signal
"They manipulate the time i don't like this gesture , service is good!",3,2026-07-31 06:14:46 UTC,0,play_store,"They manipulate the time i don't like this gesture , service is good!",manipulate time dont like gesture service good,True,unclear,coverage_or_eta,,category or barrier cues without clear funnel stage
thank you blinkit,5,2026-07-31 06:13:39 UTC,0,play_store,thank you blinkit,thank blinkit,False,noise,,,no category-exploration signal
To Much Helpfull app.,4,2026-07-31 06:13:26 UTC,0,play_store,To Much Helpfull app.,much helpfull app,False,noise,,,no category-exploration signal
"""A very good alternative when you are unable to reach local marketplace or you have to purchase something urgently and you have less time. Packaging is satisfactory. Products are mostly good with rare exceptions in the electronics category. However, it is no doubt expensive and majority products are overpriced. All in all, a savior when it comes to ordering things within time constraints or when you are just feeling lazy to go out.""",5,2026-07-31 06:13:05 UTC,0,play_store,"""A very good alternative when you are unable to reach local marketplace or you have to purchase something urgently and you have less time. Packaging is satisfactory. Products are mostly good with rare exceptions in the electronics category. However, it is no doubt expensive and majority products are overpriced. All in all, a savior when it comes to ordering things within time constraints or when you are just feeling lazy to go out.""",good alternative unable reach local marketplace purchase something urgently less time package satisfactory product mostly good rare exception electronics category however doubt expensive majority product overprice savior come order thing within time constraint feel lazy go,True,want_to_explore_blocked,price_uncertainty_new_category,grocery|electronics,intent or category talk with friction/barrier cues
very helpful and time saving,5,2026-07-31 06:09:43 UTC,0,play_store,very helpful and time saving,helpful time save,False,noise,,,no category-exploration signal
really like this app,5,2026-07-31 06:08:50 UTC,0,play_store,really like this app,really like app,False,noise,,,no category-exploration signal
ok nice,1,2026-07-31 06:08:34 UTC,0,play_store,ok nice,ok nice,False,noise,,,short generic praise/complaint without category cues
give more options when the cart is applying delivery charges for 1 or 2 rs difference amount,4,2026-07-31 06:01:02 UTC,0,play_store,give more options when the cart is applying delivery charges for 1 or 2 rs difference amount,give option cart apply delivery charge 1 2 r difference amount,False,noise,,,no category-exploration signal
fast delivery,4,2026-07-31 06:00:38 UTC,0,play_store,fast delivery,fast delivery,False,noise,,,no category-exploration signal
I am very have to be honest It have many option of payment and have a good and very variation and availability So thank you,5,2026-07-31 05:59:16 UTC,0,play_store,I am very have to be honest It have many option of payment and have a good and very variation and availability So thank you,honest many option payment good variation availability thank,False,noise,,,no category-exploration signal
vey helpful in emergency situations.,5,2026-07-31 05:58:19 UTC,0,play_store,vey helpful in emergency situations.,vey helpful emergency situation,False,noise,,,no category-exploration signal
service is good.Brands are standard brands. vegetables quantity is less compared to price.complaints menu is set according to company convenience.refund is not instant or sure.customer money is at risk.because it is through msgs only and the resolution provided by msg and closed with no option for customer.VERY VERY BAD SERVICE AND GARBAGE QUALITY DELIVERED TO DISPOSE OFF DAMAGED FOOD ITEMS.VERY RISKY PLATFORM,4,2026-07-31 05:56:15 UTC,0,play_store,service is good.Brands are standard brands. vegetables quantity is less compared to price.complaints menu is set according to company convenience.refund is not instant or sure.customer money is at risk.because it is through msgs only and the resolution provided by msg and closed with no option for customer.VERY VERY BAD SERVICE AND GARBAGE QUALITY DELIVERED TO DISPOSE OFF DAMAGED FOOD ITEMS.VERY RISKY PLATFORM,service goodbrands standard brand vegetable quantity less compare pricecomplaints menu set accord company conveniencerefund instant surecustomer money riskbecause msg resolution provide msg close option customervery bad service garbage quality deliver dispose damage food itemsvery risky platform,True,want_to_explore_blocked,price_uncertainty_new_category|dont_trust_quality_for_new_category,grocery,intent or category talk with friction/barrier cues
very nice blinkit aplikesan,5,2026-07-31 05:55:01 UTC,0,play_store,very nice blinkit aplikesan,nice blinkit aplikesan,False,noise,,,no category-exploration signal
one time use only,1,2026-07-31 05:54:12 UTC,0,play_store,one time use only,one time use,False,noise,,,no category-exploration signal
super good 👍,5,2026-07-31 05:54:10 UTC,0,play_store,super good 👍,super good,False,noise,,,short generic praise/complaint without category cues
very nice product and fresh,5,2026-07-31 05:54:03 UTC,0,play_store,very nice product and fresh,nice product fresh,True,want_to_explore_blocked,dont_trust_quality_for_new_category,,intent or category talk with friction/barrier cues
Delivery is very good.product are fresh and good.,4,2026-07-31 05:52:59 UTC,0,play_store,Delivery is very good.product are fresh and good.,delivery goodproduct fresh good,True,want_to_explore_blocked,dont_trust_quality_for_new_category,,intent or category talk with friction/barrier cues
Extremely disappointing service My order was cancelled after waiting for almost an hour If you couldn’t fulfil the order you should have cancelled it immediately instead of wasting my time This is completely unacceptable and shows very poor customer service I will definitely think twice before ordering again this things I am not facing one time finally I am coming here to give you review worst app I'm never use again,1,2026-07-31 05:51:00 UTC,0,play_store,Extremely disappointing service My order was cancelled after waiting for almost an hour If you couldn’t fulfil the order you should have cancelled it immediately instead of wasting my time This is completely unacceptable and shows very poor customer service I will definitely think twice before ordering again this things I am not facing one time finally I am coming here to give you review worst app I'm never use again,extremely disappointing service order cancel wait almost hour fulfil order cancel immediately instead waste time completely unacceptable show poor customer service definitely think twice order thing face one time finally come give review bad app im never use,False,noise,,,no category-exploration signal
thankyou blinkit good service,4,2026-07-31 05:50:06 UTC,0,play_store,thankyou blinkit good service,thankyou blinkit good service,False,noise,,,no category-exploration signal
very good sarvice and fast delivery,5,2026-07-31 05:49:58 UTC,0,play_store,very good sarvice and fast delivery,good sarvice fast delivery,False,noise,,,no category-exploration signal
improve adresss change. it is confusing,4,2026-07-31 05:49:13 UTC,0,play_store,improve adresss change. it is confusing,improve adresss change confuse,False,noise,,,no category-exploration signal
delivered seal opened product,1,2026-07-31 05:48:30 UTC,0,play_store,delivered seal opened product,deliver seal open product,False,noise,,,no category-exploration signal
👍 nice,5,2026-07-31 05:45:21 UTC,0,play_store,👍 nice,nice,False,noise,,,no category-exploration signal
nice 👍👍👍👍,5,2026-07-31 05:45:15 UTC,0,play_store,nice 👍👍👍👍,nice,False,noise,,,no category-exploration signal
"return policy is not customer friendly, the customer care doesn't understand the issue",1,2026-07-31 05:45:02 UTC,0,play_store,"return policy is not customer friendly, the customer care doesn't understand the issue",return policy customer friendly customer care doesnt understand issue,True,want_to_explore_blocked,dont_trust_quality_for_new_category,,intent or category talk with friction/barrier cues
for payment there should be direct barcode to pay from other phone,3,2026-07-31 05:45:00 UTC,0,play_store,for payment there should be direct barcode to pay from other phone,payment direct barcode pay phone,True,unclear,,electronics,category or barrier cues without clear funnel stage
great👍,5,2026-07-31 05:44:55 UTC,0,play_store,great👍,great,False,noise,,,no category-exploration signal
"Handling charges, not acceptable.",3,2026-07-31 05:44:30 UTC,0,play_store,"Handling charges, not acceptable.",handling charge acceptable,True,want_to_explore_blocked,price_uncertainty_new_category,,intent or category talk with friction/barrier cues
so good for lazy,5,2026-07-31 05:40:45 UTC,0,play_store,so good for lazy,good lazy,False,noise,,,no category-exploration signal
mast hai yaar ye app,1,2026-07-31 05:39:55 UTC,0,play_store,mast hai yaar ye app,mast hai yaar ye app,False,noise,,,no category-exploration signal
Ramprasad Banshal good 😊😊,4,2026-07-31 05:39:50 UTC,0,play_store,Ramprasad Banshal good 😊😊,ramprasad banshal good,False,noise,,,no category-exploration signal
Charges extra,1,2026-07-31 05:35:09 UTC,0,play_store,Charges extra,charge extra,False,noise,,,no category-exploration signal
scammer,1,2026-07-31 05:34:41 UTC,0,play_store,scammer,scammer,False,noise,,,no category-exploration signal
good profile 🙂,5,2026-07-31 05:34:40 UTC,0,play_store,good profile 🙂,good profile,False,noise,,,no category-exploration signal
i jst love it,5,2026-07-31 05:34:00 UTC,0,play_store,i jst love it,jst love,False,noise,,,short generic praise/complaint without category cues
same market price no discount,3,2026-07-31 05:33:15 UTC,0,play_store,same market price no discount,market price discount,True,want_to_explore_blocked,price_uncertainty_new_category|habit_reorder_only,grocery,intent or category talk with friction/barrier cues
Pahli bar istemal kar rahe hain,5,2026-07-31 05:30:52 UTC,0,play_store,Pahli bar istemal kar rahe hain,pahli bar istemal kar rahe hain,False,noise,,,no category-exploration signal
one order being delivered in multiple parts is frustrating,4,2026-07-31 05:27:46 UTC,0,play_store,one order being delivered in multiple parts is frustrating,one order deliver multiple part frustrate,False,noise,,,no category-exploration signal
very good 👏,5,2026-07-31 05:22:53 UTC,0,play_store,very good 👏,good,False,noise,,,no category-exploration signal
vry fast service,4,2026-07-31 05:17:53 UTC,0,play_store,vry fast service,vry fast service,False,noise,,,no category-exploration signal
5 star service,4,2026-07-31 05:16:44 UTC,0,play_store,5 star service,5 star service,False,noise,,,no category-exploration signal
late service,1,2026-07-31 05:13:27 UTC,0,play_store,late service,late service,True,unclear,coverage_or_eta,,category or barrier cues without clear funnel stage
fast delivery super,5,2026-07-31 05:11:11 UTC,0,play_store,fast delivery super,fast delivery super,False,noise,,,short generic praise/complaint without category cues
wonderful reason Immediately it comes!!,5,2026-07-31 05:11:06 UTC,0,play_store,wonderful reason Immediately it comes!!,wonderful reason immediately come,False,noise,,,no category-exploration signal
very niceee 💗,5,2026-07-31 05:09:33 UTC,0,play_store,very niceee 💗,niceee,False,noise,,,no category-exploration signal
great!!*,5,2026-07-31 05:08:46 UTC,0,play_store,great!!*,great,False,noise,,,no category-exploration signal
super but improve in any cashback offers,4,2026-07-31 05:06:57 UTC,0,play_store,super but improve in any cashback offers,super improve cashback offer,False,noise,,,no category-exploration signal
"easy option, & fastest order♥️",5,2026-07-31 05:06:09 UTC,0,play_store,"easy option, & fastest order♥️",easy option fast order,False,noise,,,no category-exploration signal
bestt app,5,2026-07-31 05:04:53 UTC,0,play_store,bestt app,bestt app,False,noise,,,no category-exploration signal
thanks blinkit And delivery partner 👍,5,2026-07-31 05:04:02 UTC,0,play_store,thanks blinkit And delivery partner 👍,thanks blinkit delivery partner,False,noise,,,no category-exploration signal
like this,4,2026-07-31 05:03:50 UTC,0,play_store,like this,like,False,noise,,,no category-exploration signal
next level blinkit,5,2026-07-31 04:57:11 UTC,0,play_store,next level blinkit,next level blinkit,False,noise,,,no category-exploration signal
very good but products is very close coltly 😃😃😃😘😍😇😊😎🥰😘🥰😛🥰😗🥰😛😍,5,2026-07-31 04:53:44 UTC,0,play_store,very good but products is very close coltly 😃😃😃😘😍😇😊😎🥰😘🥰😛🥰😗🥰😛😍,good product close coltly,False,noise,,,no category-exploration signal
Excellent service.,5,2026-07-31 04:52:08 UTC,0,play_store,Excellent service.,excellent service,False,noise,,,short generic praise/complaint without category cues
Many a times milk packets delivered are damaged.,1,2026-07-31 04:51:38 UTC,0,play_store,Many a times milk packets delivered are damaged.,many time milk packet deliver damage,True,want_to_explore_blocked,dont_trust_quality_for_new_category,grocery,intent or category talk with friction/barrier cues
"Unfair refund policy, poor quality compare to Zepto and no responsibility of the delivered products.",1,2026-07-31 04:48:55 UTC,0,play_store,"Unfair refund policy, poor quality compare to Zepto and no responsibility of the delivered products.",unfair refund policy poor quality compare zepto responsibility deliver product,True,want_to_explore_blocked,dont_trust_quality_for_new_category,,intent or category talk with friction/barrier cues
great service,5,2026-07-31 04:48:07 UTC,0,play_store,great service,great service,False,noise,,,no category-exploration signal
better experience,5,2026-07-31 04:44:31 UTC,0,play_store,better experience,good experience,False,noise,,,no category-exploration signal
amazing experience,5,2026-07-31 04:43:02 UTC,0,play_store,amazing experience,amazing experience,False,noise,,,no category-exploration signal
This app is best for ordering something in hurry and always a best service give to the customer,5,2026-07-31 04:41:04 UTC,0,play_store,This app is best for ordering something in hurry and always a best service give to the customer,app best order something hurry always best service give customer,True,stuck_in_routine,,,routine/reorder language without exploration intent
super 👍🏻,5,2026-07-31 04:40:57 UTC,0,play_store,super 👍🏻,super,False,noise,,,short generic praise/complaint without category cues
blinkit is loosing its standard... guys don't order from this app,1,2026-07-31 04:40:46 UTC,0,play_store,blinkit is loosing its standard... guys don't order from this app,blinkit loose standard guy dont order app,False,noise,,,no category-exploration signal
nice🤩,5,2026-07-31 04:39:41 UTC,0,play_store,nice🤩,nice,False,noise,,,no category-exploration signal
very happy.,5,2026-07-31 04:35:06 UTC,0,play_store,very happy.,happy,False,noise,,,no category-exploration signal
"Great service, Amezing experience 👍",5,2026-07-31 04:34:51 UTC,0,play_store,"Great service, Amezing experience 👍",great service amezing experience,False,noise,,,no category-exploration signal
The app is good but the minimum order value for free delivery is a little extra.,4,2026-07-31 04:33:54 UTC,0,play_store,The app is good but the minimum order value for free delivery is a little extra.,app good minimum order value free delivery little extra,False,noise,,,no category-exploration signal
poor quality product sell.,1,2026-07-31 04:32:40 UTC,0,play_store,poor quality product sell.,poor quality product sell,True,want_to_explore_blocked,dont_trust_quality_for_new_category,,intent or category talk with friction/barrier cues
"Blinkit is very good. Extraordinary app. But the price and handling charges , Delivering charges are the same but they are taking both.",3,2026-07-31 04:31:01 UTC,0,play_store,"Blinkit is very good. Extraordinary app. But the price and handling charges , Delivering charges are the same but they are taking both.",blinkit good extraordinary app price handling charge deliver charge take,True,want_to_explore_blocked,price_uncertainty_new_category|habit_reorder_only,grocery,intent or category talk with friction/barrier cues
it's too fresh veggies. so thank full for fresh veggies 👍,4,2026-07-31 04:30:24 UTC,0,play_store,it's too fresh veggies. so thank full for fresh veggies 👍,fresh veggie thank full fresh veggie,True,want_to_explore_blocked,dont_trust_quality_for_new_category,,intent or category talk with friction/barrier cues
good very good 💯,5,2026-07-31 04:28:12 UTC,0,play_store,good very good 💯,good good,False,noise,,,no category-exploration signal
extreme level of delivery,3,2026-07-31 04:23:46 UTC,0,play_store,extreme level of delivery,extreme level delivery,False,noise,,,no category-exploration signal
good product....,5,2026-07-31 04:21:20 UTC,0,play_store,good product....,good product,False,noise,,,no category-exploration signal
no support for anything,1,2026-07-31 04:21:07 UTC,0,play_store,no support for anything,support anything,False,noise,,,no category-exploration signal
raised complaint that received pasta packet that was torn by mice. still neither got exchange not refund.,1,2026-07-31 04:20:31 UTC,0,play_store,raised complaint that received pasta packet that was torn by mice. still neither got exchange not refund.,raise complaint receive pasta packet torn mouse still neither get exchange refund,True,want_to_explore_blocked,dont_trust_quality_for_new_category,,intent or category talk with friction/barrier cues
प्लिज हिन्दी ऑप्शन भी रखे हमे अंग्रेजी थोड़ा कम समझ मे आता है,5,2026-07-31 04:20:27 UTC,0,play_store,प्लिज हिन्दी ऑप्शन भी रखे हमे अंग्रेजी थोड़ा कम समझ मे आता है,कम समझ,False,noise,,,no category-exploration signal
I love way to diliver to blinkit,5,2026-07-31 04:20:08 UTC,0,play_store,I love way to diliver to blinkit,love way diliver blinkit,False,noise,,,no category-exploration signal
👍🥲,5,2026-07-31 04:17:32 UTC,0,play_store,👍🥲,👍🥲,False,noise,,,no category-exploration signal
1 star isliye karte hain kyunki itni chijen mangane ke bad bhi Ham Koi discount coupon nahin milta,4,2026-07-31 04:17:01 UTC,0,play_store,1 star isliye karte hain kyunki itni chijen mangane ke bad bhi Ham Koi discount coupon nahin milta,1 star isliye karte hain kyunki itni chijen mangane ke bad bhi ham koi discount coupon nahin milta,False,noise,,,no category-exploration signal
this app does not have a save/favourites items option every time waste time searching for products.,2,2026-07-31 04:09:46 UTC,2,play_store,this app does not have a save/favourites items option every time waste time searching for products.,app savefavourites item option every time waste time search product,True,want_to_explore_blocked,hard_to_discover_in_app,,intent or category talk with friction/barrier cues
everything is good,5,2026-07-31 04:05:27 UTC,0,play_store,everything is good,everything good,False,noise,,,no category-exploration signal
fasting dilivery. Good 👍,5,2026-07-31 04:04:12 UTC,0,play_store,fasting dilivery. Good 👍,fast dilivery good,False,noise,,,no category-exploration signal
suddenly you change your free delivery value 99 to 199 t,1,2026-07-31 03:59:01 UTC,0,play_store,suddenly you change your free delivery value 99 to 199 t,suddenly change free delivery value 99 199,False,noise,,,no category-exploration signal
best delivery app ever,5,2026-07-31 03:58:33 UTC,0,play_store,best delivery app ever,best delivery app ever,False,noise,,,no category-exploration signal
nice i shiuld get my delivery on time,5,2026-07-31 03:57:12 UTC,0,play_store,nice i shiuld get my delivery on time,nice shiuld get delivery time,False,noise,,,no category-exploration signal
less snacks findss still verities needed,3,2026-07-31 03:56:02 UTC,0,play_store,less snacks findss still verities needed,less snack findss still verity need,True,unclear,,snacks,category or barrier cues without clear funnel stage
best app hai,5,2026-07-31 03:52:10 UTC,0,play_store,best app hai,best app hai,False,noise,,,short generic praise/complaint without category cues
old machine recived,1,2026-07-31 03:50:20 UTC,0,play_store,old machine recived,old machine recived,False,noise,,,no category-exploration signal
it nice the best app in the world 🌎 even if some times the bag broke and all the things got damaged and after some days I ordered and then I opened the bag then the soap bottle was leaking and all the items were of soap I will 6/10 is like the blinkit,5,2026-07-31 03:48:35 UTC,0,play_store,it nice the best app in the world 🌎 even if some times the bag broke and all the things got damaged and after some days I ordered and then I opened the bag then the soap bottle was leaking and all the items were of soap I will 6/10 is like the blinkit,nice best app world even time bag break thing get damaged day order opened bag soap bottle leak item soap 610 like blinkit,True,want_to_explore_blocked,dont_trust_quality_for_new_category,,intent or category talk with friction/barrier cues
It's very Good 👍,5,2026-07-31 03:48:12 UTC,0,play_store,It's very Good 👍,good,False,noise,,,no category-exploration signal
very nice 👍,5,2026-07-31 03:47:53 UTC,0,play_store,very nice 👍,nice,False,noise,,,no category-exploration signal
❤️,5,2026-07-31 03:47:05 UTC,0,play_store,❤️,❤️,False,noise,,,no category-exploration signal
"pathetic service, I have recieved faulty product and they are following the replacement policy mentioned in the product page, instead they are saying go to the service center. please uninstall this app and do not order anything from them. cheaters.",1,2026-07-31 03:46:20 UTC,0,play_store,"pathetic service, I have recieved faulty product and they are following the replacement policy mentioned in the product page, instead they are saying go to the service center. please uninstall this app and do not order anything from them. cheaters.",pathetic service recieved faulty product follow replacement policy mention product page instead say go service center please uninstall app order anything cheater,False,noise,,,no category-exploration signal
superrrrrrrrrrr....,5,2026-07-31 03:45:40 UTC,0,play_store,superrrrrrrrrrr....,superrrrrrrrrrr,False,noise,,,short generic praise/complaint without category cues
good service and polyatomic very good experience with Blinkit...,5,2026-07-31 03:45:34 UTC,0,play_store,good service and polyatomic very good experience with Blinkit...,good service polyatomic good experience blinkit,False,noise,,,no category-exploration signal
my best shopping aap,5,2026-07-31 03:43:23 UTC,0,play_store,my best shopping aap,best shopping aap,False,noise,,,no category-exploration signal
"Not good,I have ordered some items on 23rd July 26.Itms not delivered nor money refunded",2,2026-07-31 03:41:55 UTC,0,play_store,"Not good,I have ordered some items on 23rd July 26.Itms not delivered nor money refunded",goodi order item 23rd july 26itms delivered money refund,True,want_to_explore_blocked,dont_trust_quality_for_new_category,,intent or category talk with friction/barrier cues
very helpful and good,5,2026-07-31 03:40:10 UTC,0,play_store,very helpful and good,helpful good,False,noise,,,no category-exploration signal
good experience every time,5,2026-07-31 03:40:08 UTC,0,play_store,good experience every time,good experience every time,False,noise,,,no category-exploration signal
i need to order heat protector spray but by mistake I hv ordered hair spray. it has 72 hrs replacement policy and I am requesting them but now they are denying that there is no provision of replacement.... this is very bad on their part.... i will never recommend blinkit to anyone.... these people are not helpful.... bad experience,1,2026-07-31 03:38:04 UTC,0,play_store,i need to order heat protector spray but by mistake I hv ordered hair spray. it has 72 hrs replacement policy and I am requesting them but now they are denying that there is no provision of replacement.... this is very bad on their part.... i will never recommend blinkit to anyone.... these people are not helpful.... bad experience,need order heat protector spray mistake hv order hair spray 72 hrs replacement policy request deny provision replacement bad part never recommend blinkit anyone people helpful bad experience,False,noise,,,no category-exploration signal
Best offers,5,2026-07-31 03:33:35 UTC,0,play_store,Best offers,best offer,False,noise,,,no category-exploration signal
very fast and reasonable,5,2026-07-31 03:32:12 UTC,0,play_store,very fast and reasonable,fast reasonable,False,noise,,,no category-exploration signal
Best product,5,2026-07-31 03:31:30 UTC,0,play_store,Best product,best product,False,noise,,,no category-exploration signal
arrived at my home at just 5 minutes,5,2026-07-31 03:31:26 UTC,0,play_store,arrived at my home at just 5 minutes,arrive home 5 minute,True,unclear,,home,category or barrier cues without clear funnel stage
Very good app to purchase Everything and deliver all household items to the door steps with a smile within minutes.I am so happy with the service provided,5,2026-07-31 03:25:14 UTC,0,play_store,Very good app to purchase Everything and deliver all household items to the door steps with a smile within minutes.I am so happy with the service provided,good app purchase everything deliver household item door step smile within minutesi happy service provide,False,noise,,,no category-exploration signal
ये3से,1,2026-07-31 03:19:27 UTC,0,play_store,ये3से,ये3से,False,noise,,,no category-exploration signal
fast and quick delivery,4,2026-07-31 03:13:06 UTC,0,play_store,fast and quick delivery,fast quick delivery,False,noise,,,no category-exploration signal
superb 👏,5,2026-07-31 03:10:28 UTC,0,play_store,superb 👏,superb,False,noise,,,short generic praise/complaint without category cues
please fast delivery,5,2026-07-31 03:09:31 UTC,0,play_store,please fast delivery,please fast delivery,False,noise,,,no category-exploration signal
worst app I was ordered a product and that product was damaged and the I returned back but amount have been debited to blinkit account only in promocode formate I have many times called them they didn't respond to my request also please don't install this app,1,2026-07-31 03:09:02 UTC,0,play_store,worst app I was ordered a product and that product was damaged and the I returned back but amount have been debited to blinkit account only in promocode formate I have many times called them they didn't respond to my request also please don't install this app,bad app order product product damage return back amount debit blinkit account promocode formate many time call didnt respond request also please dont install app,True,want_to_explore_blocked,dont_trust_quality_for_new_category,,intent or category talk with friction/barrier cues
we r unable to call the delivery partner,1,2026-07-31 03:07:13 UTC,0,play_store,we r unable to call the delivery partner,r unable call delivery partner,False,noise,,,no category-exploration signal
too costly but majboori hai....lot of charges,1,2026-07-31 03:06:37 UTC,0,play_store,too costly but majboori hai....lot of charges,costly majboori hailot charge,True,want_to_explore_blocked,price_uncertainty_new_category,,intent or category talk with friction/barrier cues
𝙜𝙤𝙤𝙙,5,2026-07-31 03:06:01 UTC,0,play_store,𝙜𝙤𝙤𝙙,𝙜𝙤𝙤𝙙,False,noise,,,no category-exploration signal
"If you go to see this, if a person is alone then this app will prove to be very helpful for him because this app makes quick arrangements for buying goods from the market.",5,2026-07-31 03:04:05 UTC,0,play_store,"If you go to see this, if a person is alone then this app will prove to be very helpful for him because this app makes quick arrangements for buying goods from the market.",go see person alone app prove helpful app make quick arrangement buy good market,False,noise,,,no category-exploration signal
very nice app for short time minutes delivery,5,2026-07-31 03:02:57 UTC,0,play_store,very nice app for short time minutes delivery,nice app short time minute delivery,False,noise,,,no category-exploration signal
👍🏻👌🏻,5,2026-07-31 03:01:01 UTC,0,play_store,👍🏻👌🏻,👍🏻👌🏻,False,noise,,,no category-exploration signal
it good it easy to order but the charges are to much after ordering like if I will order ₹17 milk and ₹50 coffee so it will take ₹122 - ₹150 !,4,2026-07-31 03:00:28 UTC,0,play_store,it good it easy to order but the charges are to much after ordering like if I will order ₹17 milk and ₹50 coffee so it will take ₹122 - ₹150 !,good easy order charge much order like order milk coffee take,True,unclear,,grocery,category or barrier cues without clear funnel stage
the service is very good 👍,5,2026-07-31 02:58:57 UTC,0,play_store,the service is very good 👍,service good,False,noise,,,no category-exploration signal
goof,5,2026-07-31 02:55:20 UTC,0,play_store,goof,goof,False,noise,,,no category-exploration signal
it was too good and easy with blinkit,5,2026-07-31 02:52:45 UTC,0,play_store,it was too good and easy with blinkit,good easy blinkit,False,noise,,,no category-exploration signal
the best delivery,5,2026-07-31 02:52:34 UTC,0,play_store,the best delivery,best delivery,False,noise,,,no category-exploration signal
voice commands are so easy instead of typing for senior citizens like me. I am 82 years young. My hand shakes while typing. Hence I prefer voice commands to typing.,5,2026-07-31 02:46:46 UTC,0,play_store,voice commands are so easy instead of typing for senior citizens like me. I am 82 years young. My hand shakes while typing. Hence I prefer voice commands to typing.,voice command easy instead type senior citizen like 82 year young hand shake type hence prefer voice command type,False,noise,,,no category-exploration signal
wait,3,2026-07-31 02:46:04 UTC,0,play_store,wait,wait,False,noise,,,no category-exploration signal
It's instant and good but some time it disappoints,4,2026-07-31 02:43:14 UTC,0,play_store,It's instant and good but some time it disappoints,instant good time disappoints,False,noise,,,no category-exploration signal
free delivery not available,2,2026-07-31 02:42:21 UTC,0,play_store,free delivery not available,free delivery available,True,want_to_explore_blocked,coverage_or_eta|assortment_gap,,intent or category talk with friction/barrier cues
"Best service, really fast and delivery person's are polite",5,2026-07-31 02:36:10 UTC,0,play_store,"Best service, really fast and delivery person's are polite",best service really fast delivery person polite,False,noise,,,no category-exploration signal
quality of Vegetables and electronics products could improve,4,2026-07-31 02:36:02 UTC,0,play_store,quality of Vegetables and electronics products could improve,quality vegetable electronics product could improve,True,want_to_explore_blocked,dont_trust_quality_for_new_category,grocery|electronics,intent or category talk with friction/barrier cues
Very nice app,5,2026-07-31 02:33:49 UTC,0,play_store,Very nice app,nice app,False,noise,,,short generic praise/complaint without category cues
Nice 🙂 facility 👍🏻,5,2026-07-31 02:31:07 UTC,0,play_store,Nice 🙂 facility 👍🏻,nice facility,False,noise,,,no category-exploration signal
vari good,5,2026-07-31 02:29:52 UTC,0,play_store,vari good,vari good,False,noise,,,no category-exploration signal
bast aap,5,2026-07-31 02:28:07 UTC,0,play_store,bast aap,bast aap,False,noise,,,no category-exploration signal
very bad app,1,2026-07-31 02:25:51 UTC,0,play_store,very bad app,bad app,False,noise,,,no category-exploration signal
very bad not good waste of money,1,2026-07-31 02:25:21 UTC,0,play_store,very bad not good waste of money,bad good waste money,False,noise,,,no category-exploration signal
Today I ordered Kamal kakadi and it's very bad and extremely dirty,1,2026-07-31 02:25:06 UTC,0,play_store,Today I ordered Kamal kakadi and it's very bad and extremely dirty,today order kamal kakadi bad extremely dirty,False,noise,,,no category-exploration signal
very very work full app,1,2026-07-31 02:24:31 UTC,0,play_store,very very work full app,work full app,False,noise,,,no category-exploration signal
it's good👍👍,4,2026-07-31 02:22:02 UTC,0,play_store,it's good👍👍,good,False,noise,,,no category-exploration signal
சூப்பர்,5,2026-07-31 02:15:45 UTC,0,play_store,சூப்பர்,சூப்பர்,False,noise,,,no category-exploration signal
ret bhut mahgi h discount kijiye,5,2026-07-31 02:15:24 UTC,0,play_store,ret bhut mahgi h discount kijiye,ret bhut mahgi h discount kijiye,False,noise,,,no category-exploration signal
"very bad experience and most of the items missing, even though the products are out of stock, showing in the customer App, very ridiculous",1,2026-07-31 02:13:28 UTC,0,play_store,"very bad experience and most of the items missing, even though the products are out of stock, showing in the customer App, very ridiculous",bad experience item miss even though product stock show customer app ridiculous,True,want_to_explore_blocked,assortment_gap,,intent or category talk with friction/barrier cues
Would love more product options added later. Otherwise the app is very user-friendly and smooth.,4,2026-07-31 02:11:10 UTC,0,play_store,Would love more product options added later. Otherwise the app is very user-friendly and smooth.,would love product option add later otherwise app userfriendly smooth,True,unclear,coverage_or_eta,,category or barrier cues without clear funnel stage
add an option for expected expiry date I faced this problem from past 1 year,1,2026-07-31 02:03:31 UTC,0,play_store,add an option for expected expiry date I faced this problem from past 1 year,add option expect expiry date face problem past 1 year,False,noise,,,no category-exploration signal
"product sahi me jaldi ate hai, or delivery man ka behaviour bhi bohot acha hota hai .. ❤️❤️❤️",5,2026-07-31 02:00:31 UTC,0,play_store,"product sahi me jaldi ate hai, or delivery man ka behaviour bhi bohot acha hota hai .. ❤️❤️❤️",product sahi jaldi ate hai delivery man ka behaviour bhi bohot acha hota hai,False,noise,,,no category-exploration signal
very good home survice,5,2026-07-31 02:00:10 UTC,0,play_store,very good home survice,good home survice,True,unclear,,home,category or barrier cues without clear funnel stage
okay,5,2026-07-31 01:56:29 UTC,0,play_store,okay,okay,False,noise,,,short generic praise/complaint without category cues
its prompt and quick service I enjoy ordering,5,2026-07-31 01:56:09 UTC,0,play_store,its prompt and quick service I enjoy ordering,prompt quick service enjoy order,False,noise,,,no category-exploration signal
truly India's last minute app. thank you blinkit!!,5,2026-07-31 01:53:12 UTC,0,play_store,truly India's last minute app. thank you blinkit!!,truly indias last minute app thank blinkit,False,noise,,,no category-exploration signal
Great but could have more variety,4,2026-07-31 01:46:39 UTC,1,play_store,Great but could have more variety,great could variety,False,noise,,,no category-exploration signal
"The fastest service you can get from them. Blinkit will come to your immense relief in the early morning when your local kirana shops are closed. Their commitment to timely service is a real thing, and most importantly, their service is rapidly spreading all over India. It's a great help for me, as I come from a very small town too.....👍",5,2026-07-31 01:40:39 UTC,0,play_store,"The fastest service you can get from them. Blinkit will come to your immense relief in the early morning when your local kirana shops are closed. Their commitment to timely service is a real thing, and most importantly, their service is rapidly spreading all over India. It's a great help for me, as I come from a very small town too.....👍",fast service get blinkit come immense relief early morning local kirana shop close commitment timely service real thing importantly service rapidly spread india great help come small town,True,unclear,,grocery,category or barrier cues without clear funnel stage
"Amazing experience when all shops close or having distance , blinkit is available.",5,2026-07-31 01:36:17 UTC,0,play_store,"Amazing experience when all shops close or having distance , blinkit is available.",amaze experience shop close distance blinkit available,False,noise,,,no category-exploration signal
Day by day facing worst experience with blinkeit. Seriously if I face the delay again I'll uninstall Blinked and download zepto.,1,2026-07-31 01:34:16 UTC,0,play_store,Day by day facing worst experience with blinkeit. Seriously if I face the delay again I'll uninstall Blinked and download zepto.,day day face bad experience blinkeit seriously face delay ill uninstall blink download zepto,True,unclear,coverage_or_eta,,category or barrier cues without clear funnel stage
Apne aap order cancel karne wale,1,2026-07-31 01:30:47 UTC,0,play_store,Apne aap order cancel karne wale,apne aap order cancel karne wale,False,noise,,,no category-exploration signal
waw super,1,2026-07-31 01:30:39 UTC,0,play_store,waw super,waw super,False,noise,,,short generic praise/complaint without category cues
Excellent Service !!!,5,2026-07-31 01:23:14 UTC,0,play_store,Excellent Service !!!,excellent service,False,noise,,,short generic praise/complaint without category cues
The blinkit don't even follow the instructions.,2,2026-07-31 01:18:56 UTC,0,play_store,The blinkit don't even follow the instructions.,blinkit dont even follow instruction,False,noise,,,no category-exploration signal
i stay in a small city. and i was not getting many items here. many good brands. now after blink it has come everything is available. and best part is it delivers in 8mins or early. so happy with the service,5,2026-07-31 01:11:08 UTC,0,play_store,i stay in a small city. and i was not getting many items here. many good brands. now after blink it has come everything is available. and best part is it delivers in 8mins or early. so happy with the service,stay small city get many item many good brand blink come everything available best part deliver 8mins early happy service,False,noise,,,no category-exploration signal
best & fast service thanks.,5,2026-07-31 01:00:52 UTC,0,play_store,best & fast service thanks.,best fast service thanks,False,noise,,,no category-exploration signal
it's the greatest delivery app by far,5,2026-07-31 00:49:53 UTC,0,play_store,it's the greatest delivery app by far,great delivery app far,False,noise,,,no category-exploration signal
good sarvice,5,2026-07-31 00:49:03 UTC,0,play_store,good sarvice,good sarvice,False,noise,,,no category-exploration signal
super superb.,5,2026-07-31 00:43:45 UTC,0,play_store,super superb.,super superb,False,noise,,,short generic praise/complaint without category cues
medicine and dr instant call with prescription is highly appreciable on 31st july 26,5,2026-07-31 00:37:20 UTC,0,play_store,medicine and dr instant call with prescription is highly appreciable on 31st july 26,medicine dr instant call prescription highly appreciable 31st july 26,True,unclear,,pharmacy,category or barrier cues without clear funnel stage
best service this app,5,2026-07-30 21:29:54 UTC,0,play_store,best service this app,best service app,False,noise,,,no category-exploration signal
Worst,1,2026-07-30 21:26:23 UTC,0,play_store,Worst,bad,False,noise,,,no category-exploration signal
this is a best platform for helping at night 3 to 4 am,5,2026-07-30 21:16:17 UTC,0,play_store,this is a best platform for helping at night 3 to 4 am,best platform help night 3 4,False,noise,,,no category-exploration signal
Delivery very fast 😚😚,5,2026-07-30 21:11:22 UTC,0,play_store,Delivery very fast 😚😚,delivery fast,False,noise,,,no category-exploration signal
There is no offer in blinkit & extra charges in handling & newly added late fees charges.in my thought Instamart far better than blinkit.,1,2026-07-30 21:06:51 UTC,0,play_store,There is no offer in blinkit & extra charges in handling & newly added late fees charges.in my thought Instamart far better than blinkit.,offer blinkit extra charge handle newly add late fee chargesin think instamart far well blinkit,True,unclear,coverage_or_eta,,category or barrier cues without clear funnel stage
add too much extra charges zepto is best 👌 🩷,3,2026-07-30 21:06:51 UTC,0,play_store,add too much extra charges zepto is best 👌 🩷,add much extra charge zepto best,False,noise,,,no category-exploration signal
I wanna experience blinkit myself ....kindly avail the service in the town Goalpara of Assam,1,2026-07-30 21:00:25 UTC,0,play_store,I wanna experience blinkit myself ....kindly avail the service in the town Goalpara of Assam,wan na experience blinkit kindly avail service town goalpara assam,False,noise,,,no category-exploration signal
worst service I have ever seen in my life,1,2026-07-30 20:59:31 UTC,0,play_store,worst service I have ever seen in my life,bad service ever see life,False,noise,,,no category-exploration signal
good app 👍🏻,5,2026-07-30 20:43:25 UTC,0,play_store,good app 👍🏻,good app,False,noise,,,short generic praise/complaint without category cues
THANK U 🙂,3,2026-07-30 20:38:20 UTC,0,play_store,THANK U 🙂,thank u,False,noise,,,no category-exploration signal
please add amazon pay later for payment so that I can order more nearly 2000 plus am ordering from zepto last month so it's taking little bit more charge please integrate amazon pay later,4,2026-07-30 20:31:49 UTC,0,play_store,please add amazon pay later for payment so that I can order more nearly 2000 plus am ordering from zepto last month so it's taking little bit more charge please integrate amazon pay later,please add amazon pay later payment order nearly 2000 plus order zepto last month take little bit charge please integrate amazon pay later,True,unclear,coverage_or_eta,,category or barrier cues without clear funnel stage
i don't liked blinkit service,1,2026-07-30 20:25:38 UTC,0,play_store,i don't liked blinkit service,dont like blinkit service,False,noise,,,no category-exploration signal
Items were missing from my order and customer support didn't even try to help me or address my issue they were just ending the chat saying customer support is hampered and the delivery partner had blocked my number. Very poor service won't advise anyone to use this app. They didn't even try. Worst service Blinkit.,1,2026-07-30 20:16:08 UTC,1,play_store,Items were missing from my order and customer support didn't even try to help me or address my issue they were just ending the chat saying customer support is hampered and the delivery partner had blocked my number. Very poor service won't advise anyone to use this app. They didn't even try. Worst service Blinkit.,item miss order customer support didnt even try help address issue end chat say customer support hamper delivery partner block number poor service wont advise anyone use app didnt even try bad service blinkit,True,want_to_explore_blocked,assortment_gap,,intent or category talk with friction/barrier cues
not getting response feedback is zero 100%,1,2026-07-30 20:05:09 UTC,0,play_store,not getting response feedback is zero 100%,get response feedback zero 100,False,noise,,,no category-exploration signal
Every time I was receive unfresh items in bakery products specially bread,1,2026-07-30 19:54:44 UTC,0,play_store,Every time I was receive unfresh items in bakery products specially bread,every time receive unfresh item bakery product specially bread,True,want_to_explore_blocked,dont_trust_quality_for_new_category,,intent or category talk with friction/barrier cues
ree bhai correct time bhejta hai bhai i love you ree😘,5,2026-07-30 19:51:04 UTC,0,play_store,ree bhai correct time bhejta hai bhai i love you ree😘,ree bhai correct time bhejta hai bhai love ree,False,noise,,,no category-exploration signal
it's very useful app 👍 and fast delivery and save the time😊,5,2026-07-30 19:48:58 UTC,0,play_store,it's very useful app 👍 and fast delivery and save the time😊,useful app fast delivery save time,False,noise,,,no category-exploration signal
well packed and late night support also awesome.. thanks to the blinkit team,5,2026-07-30 19:48:57 UTC,0,play_store,well packed and late night support also awesome.. thanks to the blinkit team,well pack late night support also awesome thanks blinkit team,True,unclear,coverage_or_eta,,category or barrier cues without clear funnel stage
mega deta hai bohot,1,2026-07-30 19:48:50 UTC,0,play_store,mega deta hai bohot,mega deta hai bohot,False,noise,,,no category-exploration signal
"ordered chest mount and it was supposed to be universal size but the straps on the one I received is very tiny, aqsa from customer service wasn't helpful at all. blinkit couldn't resolve the issue, didn't value my time and money?!",2,2026-07-30 19:42:23 UTC,0,play_store,"ordered chest mount and it was supposed to be universal size but the straps on the one I received is very tiny, aqsa from customer service wasn't helpful at all. blinkit couldn't resolve the issue, didn't value my time and money?!",ordered chest mount suppose universal size strap one receive tiny aqsa customer service wasnt helpful blinkit couldnt resolve issue didnt value time money,False,noise,,,no category-exploration signal
it was nice to work fast delivery u can purchase everything to be easy and fast 👍👍👍,5,2026-07-30 19:34:35 UTC,0,play_store,it was nice to work fast delivery u can purchase everything to be easy and fast 👍👍👍,nice work fast delivery u purchase everything easy fast,False,noise,,,no category-exploration signal
very worst payment method I try to 50 times ordering but payment method is nit working,1,2026-07-30 19:33:19 UTC,0,play_store,very worst payment method I try to 50 times ordering but payment method is nit working,bad payment method try 50 time ordering payment method nit work,False,noise,,,no category-exploration signal
removed the ordered items and added delivery charge and late night fee and convince charge to show same billing amount,1,2026-07-30 19:32:41 UTC,0,play_store,removed the ordered items and added delivery charge and late night fee and convince charge to show same billing amount,remove ordered item add delivery charge late night fee convince charge show billing amount,True,stuck_in_routine,habit_reorder_only|coverage_or_eta,,routine/reorder language without exploration intent
"No doubt this app provides snacks, grocery, electronic and many other item in the time of 15 to 20 minutes. But,I heard the 5 star ambulance service of blinkit in zero fees! for that i wrote this review. Guys support and try this app.",5,2026-07-30 19:17:43 UTC,0,play_store,"No doubt this app provides snacks, grocery, electronic and many other item in the time of 15 to 20 minutes. But,I heard the 5 star ambulance service of blinkit in zero fees! for that i wrote this review. Guys support and try this app.",doubt app provide snack grocery electronic many item time 15 20 minute buti hear 5 star ambulance service blinkit zero fee write review guy support try app,True,unclear,,grocery|snacks,category or barrier cues without clear funnel stage
nise,5,2026-07-30 19:16:36 UTC,0,play_store,nise,nise,False,noise,,,no category-exploration signal
best💙🫂,5,2026-07-30 19:15:22 UTC,0,play_store,best💙🫂,best,False,noise,,,no category-exploration signal
no order received,1,2026-07-30 19:10:47 UTC,0,play_store,no order received,order receive,False,noise,,,no category-exploration signal
First it delivers damaged product and then it doesn't do the exchange even in urgency,1,2026-07-30 19:08:32 UTC,0,play_store,First it delivers damaged product and then it doesn't do the exchange even in urgency,first delivers damage product doesnt exchange even urgency,True,want_to_explore_blocked,dont_trust_quality_for_new_category,,intent or category talk with friction/barrier cues
exilent,5,2026-07-30 19:08:15 UTC,0,play_store,exilent,exilent,False,noise,,,no category-exploration signal
this app is not interested because this app delevery charges is very high and bill is also high...😞,4,2026-07-30 19:05:33 UTC,0,play_store,this app is not interested because this app delevery charges is very high and bill is also high...😞,app interested app delevery charge high bill also high,False,noise,,,no category-exploration signal
not satisfied,1,2026-07-30 19:02:10 UTC,0,play_store,not satisfied,satisfied,False,noise,,,no category-exploration signal
agar koi online pement na chalata ho to koi order nhi kar sakta 12 bje ke bad ya online na ho to 😡😡😡😡,1,2026-07-30 19:00:40 UTC,0,play_store,agar koi online pement na chalata ho to koi order nhi kar sakta 12 bje ke bad ya online na ho to 😡😡😡😡,agar koi online pement na chalata ho koi order nhi kar sakta 12 bje ke bad ya online na ho,False,noise,,,no category-exploration signal
dilivery wasted products,1,2026-07-30 18:59:38 UTC,0,play_store,dilivery wasted products,dilivery waste product,False,noise,,,no category-exploration signal
good product quality and service is very fast,5,2026-07-30 18:59:30 UTC,0,play_store,good product quality and service is very fast,good product quality service fast,True,want_to_explore_blocked,dont_trust_quality_for_new_category,,intent or category talk with friction/barrier cues
worst app i recommend not to use because money wasted customer service worst experience,1,2026-07-30 18:53:05 UTC,0,play_store,worst app i recommend not to use because money wasted customer service worst experience,bad app recommend use money waste customer service worst experience,False,noise,,,no category-exploration signal
"Har problem ka solution, Blinkit.",5,2026-07-30 18:52:14 UTC,0,play_store,"Har problem ka solution, Blinkit.",har problem ka solution blinkit,False,noise,,,no category-exploration signal
Experiencing bad service and quality of food products from the last few months and all you guys are doing is giving fake empathy. Blinkit is becoming pathetic day by day.,1,2026-07-30 18:45:59 UTC,0,play_store,Experiencing bad service and quality of food products from the last few months and all you guys are doing is giving fake empathy. Blinkit is becoming pathetic day by day.,experience bad service quality food product last month guy give fake empathy blinkit become pathetic day day,True,want_to_explore_blocked,dont_trust_quality_for_new_category,,intent or category talk with friction/barrier cues
my order was not samene kux or order Kiya or mere pass aaya kux or h,1,2026-07-30 18:41:02 UTC,0,play_store,my order was not samene kux or order Kiya or mere pass aaya kux or h,order samene kux order kiya mere pas aaya kux h,True,stuck_in_routine,habit_reorder_only,,routine/reorder language without exploration intent
"Terrible experience! Placed an order at 11:06 PM, only for them to cancel it at 11:50 PM stating they couldn't complete it. This is completely ridiculous. If an order cannot be fulfilled, they should have the basic courtesy to inform the customer within 15 minutes instead of wasting nearly an hour. What were they even doing for 44 minutes? Completely unreliable service!",1,2026-07-30 18:37:25 UTC,0,play_store,"Terrible experience! Placed an order at 11:06 PM, only for them to cancel it at 11:50 PM stating they couldn't complete it. This is completely ridiculous. If an order cannot be fulfilled, they should have the basic courtesy to inform the customer within 15 minutes instead of wasting nearly an hour. What were they even doing for 44 minutes? Completely unreliable service!",terrible experience place order 1106 pm cancel 1150 pm state couldnt complete completely ridiculous order fulfil basic courtesy inform customer within 15 minute instead waste nearly hour even 44 minute completely unreliable service,False,noise,,,no category-exploration signal
Veer good AAP,5,2026-07-30 18:35:11 UTC,0,play_store,Veer good AAP,veer good aap,False,noise,,,no category-exploration signal
Nice 🥰,5,2026-07-30 18:34:25 UTC,0,play_store,Nice 🥰,nice,False,noise,,,no category-exploration signal
Great and fast service,5,2026-07-30 18:33:21 UTC,0,play_store,Great and fast service,great fast service,False,noise,,,no category-exploration signal
best use and easy app face,4,2026-07-30 18:33:00 UTC,0,play_store,best use and easy app face,best use easy app face,False,noise,,,no category-exploration signal
very bad service wrong product delever,1,2026-07-30 18:32:04 UTC,0,play_store,very bad service wrong product delever,bad service wrong product delever,False,noise,,,no category-exploration signal
bad delivery,1,2026-07-30 18:25:13 UTC,0,play_store,bad delivery,bad delivery,False,noise,,,no category-exploration signal
"firstly I want to thank, saravanan delivery sir , thank you so much for for kind at Tiruppur railway station saravanan sir in emergency sichwation I need ORS , fastly they delivered my order. thank you much . DATE- 30/07/2026",5,2026-07-30 18:20:51 UTC,0,play_store,"firstly I want to thank, saravanan delivery sir , thank you so much for for kind at Tiruppur railway station saravanan sir in emergency sichwation I need ORS , fastly they delivered my order. thank you much . DATE- 30/07/2026",firstly want thank saravanan delivery sir thank much kind tiruppur railway station saravanan sir emergency sichwation need or fastly deliver order thank much date 30072026,False,noise,,,no category-exploration signal
printing ka kaam bhi chalu karo himmatnagar me,5,2026-07-30 18:20:01 UTC,0,play_store,printing ka kaam bhi chalu karo himmatnagar me,print ka kaam bhi chalu karo himmatnagar,False,noise,,,no category-exploration signal
❤️🙂,5,2026-07-30 18:19:50 UTC,0,play_store,❤️🙂,❤️🙂,False,noise,,,no category-exploration signal
very good and fast service,5,2026-07-30 18:12:35 UTC,0,play_store,very good and fast service,good fast service,False,noise,,,no category-exploration signal
just waste,1,2026-07-30 18:12:13 UTC,0,play_store,just waste,waste,False,noise,,,no category-exploration signal
"Good service, add more products and also price must me as low as your competitors like jio mart and dmart",4,2026-07-30 18:10:46 UTC,0,play_store,"Good service, add more products and also price must me as low as your competitors like jio mart and dmart",good service add product also price must low competitor like jio mart dmart,True,want_to_explore_blocked,price_uncertainty_new_category,grocery|pet,intent or category talk with friction/barrier cues
nice delivery but mid night in Near biharsharif delivery late,5,2026-07-30 18:10:39 UTC,0,play_store,nice delivery but mid night in Near biharsharif delivery late,nice delivery mid night near biharsharif delivery late,True,unclear,coverage_or_eta,,category or barrier cues without clear funnel stage
best they do work hard,5,2026-07-30 18:09:09 UTC,0,play_store,best they do work hard,best work hard,False,noise,,,no category-exploration signal
"highly satisfied and best thing which I like in blinkit that,when ever I ordered medicines doctor called up immediately and ask for what you ordered tha medicine.. thankyou blinkit",5,2026-07-30 18:07:03 UTC,0,play_store,"highly satisfied and best thing which I like in blinkit that,when ever I ordered medicines doctor called up immediately and ask for what you ordered tha medicine.. thankyou blinkit",highly satisfied best thing like blinkit thatwhen ever order medicine doctor call immediately ask ordered tha medicine thankyou blinkit,True,unclear,,pharmacy,category or barrier cues without clear funnel stage
super fast delivery im happy,5,2026-07-30 18:07:02 UTC,0,play_store,super fast delivery im happy,super fast delivery im happy,False,noise,,,no category-exploration signal
very fast delivery,5,2026-07-30 18:05:09 UTC,0,play_store,very fast delivery,fast delivery,False,noise,,,no category-exploration signal
now is because of cash on delivery,5,2026-07-30 18:00:39 UTC,0,play_store,now is because of cash on delivery,cash delivery,False,noise,,,no category-exploration signal
helpful❤️,5,2026-07-30 17:59:31 UTC,0,play_store,helpful❤️,helpful,False,noise,,,no category-exploration signal
delivery is very quick,5,2026-07-30 17:58:50 UTC,0,play_store,delivery is very quick,delivery quick,False,noise,,,no category-exploration signal
always 2-3% higher price than local or nearest shop,2,2026-07-30 17:55:13 UTC,0,play_store,always 2-3% higher price than local or nearest shop,always 23 high price local nearest shop,True,want_to_explore_blocked,price_uncertainty_new_category,grocery,intent or category talk with friction/barrier cues
"bad deliver executives, bad customer service, the reason for two star is availability in my area",2,2026-07-30 17:55:03 UTC,0,play_store,"bad deliver executives, bad customer service, the reason for two star is availability in my area",bad deliver executive bad customer service reason two star availability area,True,unclear,coverage_or_eta,,category or barrier cues without clear funnel stage
great 👍,3,2026-07-30 17:54:04 UTC,0,play_store,great 👍,great,False,noise,,,no category-exploration signal
calculation mistake Free delivery above 150,2,2026-07-30 17:54:00 UTC,0,play_store,calculation mistake Free delivery above 150,calculation mistake free delivery 150,False,noise,,,no category-exploration signal
Everything is perfect,5,2026-07-30 17:52:05 UTC,0,play_store,Everything is perfect,everything perfect,False,noise,,,no category-exploration signal
nice service 👍,5,2026-07-30 17:50:04 UTC,0,play_store,nice service 👍,nice service,False,noise,,,no category-exploration signal
🌹,5,2026-07-30 17:48:12 UTC,0,play_store,🌹,🌹,False,noise,,,no category-exploration signal
super app,4,2026-07-30 17:47:48 UTC,0,play_store,super app,super app,False,noise,,,short generic praise/complaint without category cues
it should always be cost effecient compare to store but nowadays blinkit is even taking surge charges aswell 🥲,4,2026-07-30 17:45:39 UTC,0,play_store,it should always be cost effecient compare to store but nowadays blinkit is even taking surge charges aswell 🥲,always cost effecient compare store nowadays blinkit even take surge charge aswell,True,want_to_explore_blocked,price_uncertainty_new_category,,intent or category talk with friction/barrier cues
nice delivery,4,2026-07-30 17:43:29 UTC,0,play_store,nice delivery,nice delivery,False,noise,,,no category-exploration signal
They All are scammers If you are searching a electroinc product the highly i un recommended the blink it I have ordered the blue tooth speaker worth of 1200Rs once I have opened The box the product is not at all Power on tried lot of methods the speaker is workless the have Sent the repair speaker twice I have connected with CC They are telling we can't on this issue Don't waste your money by ordering the electronic products in blink it waste of money waste of time worst customer care,1,2026-07-30 17:41:35 UTC,0,play_store,They All are scammers If you are searching a electroinc product the highly i un recommended the blink it I have ordered the blue tooth speaker worth of 1200Rs once I have opened The box the product is not at all Power on tried lot of methods the speaker is workless the have Sent the repair speaker twice I have connected with CC They are telling we can't on this issue Don't waste your money by ordering the electronic products in blink it waste of money waste of time worst customer care,scammer search electroinc product highly un recommend blink order blue tooth speaker worth 1200rs opened box product power try lot method speaker workless send repair speaker twice connect cc tell cant issue dont waste money order electronic product blink waste money waste time worst customer care,True,want_to_explore_blocked,hard_to_discover_in_app,,intent or category talk with friction/barrier cues
poor customer service,1,2026-07-30 17:40:09 UTC,0,play_store,poor customer service,poor customer service,False,noise,,,no category-exploration signal
best app forever 🤩,5,2026-07-30 17:38:13 UTC,0,play_store,best app forever 🤩,best app forever,False,noise,,,short generic praise/complaint without category cues
thanku for your wishlist,5,2026-07-30 17:37:36 UTC,0,play_store,thanku for your wishlist,thanku wishlist,False,noise,,,no category-exploration signal
worst platform for purchase they charge more compared to other don't trust this blinkit,1,2026-07-30 17:36:00 UTC,0,play_store,worst platform for purchase they charge more compared to other don't trust this blinkit,bad platform purchase charge compare dont trust blinkit,True,want_to_explore_blocked,dont_trust_quality_for_new_category,,intent or category talk with friction/barrier cues
"many time it's showing completely wrong timing, if it takes time then fine but don't show false timing.",3,2026-07-30 17:35:25 UTC,0,play_store,"many time it's showing completely wrong timing, if it takes time then fine but don't show false timing.",many time show completely wrong time take time fine dont show false timing,False,noise,,,no category-exploration signal
super fast delivered,5,2026-07-30 17:33:48 UTC,0,play_store,super fast delivered,super fast deliver,False,noise,,,short generic praise/complaint without category cues
pahli bar Manga rahe hain aaega tab rating denge,2,2026-07-30 17:32:42 UTC,0,play_store,pahli bar Manga rahe hain aaega tab rating denge,pahli bar manga rahe hain aaega tab rating denge,False,noise,,,no category-exploration signal
best experience in blinkit,5,2026-07-30 17:30:18 UTC,0,play_store,best experience in blinkit,best experience blinkit,False,noise,,,no category-exploration signal
Service is very good but one has to add too many things for getting free delivery .,5,2026-07-30 17:30:14 UTC,0,play_store,Service is very good but one has to add too many things for getting free delivery .,service good one add many thing get free delivery,False,noise,,,no category-exploration signal
i have good experience but I wondered that recently I got expired material along with damage ... i loss my money...I will never use it.. I don't know why blink it charge for handling while not fulfill it,1,2026-07-30 17:29:59 UTC,0,play_store,i have good experience but I wondered that recently I got expired material along with damage ... i loss my money...I will never use it.. I don't know why blink it charge for handling while not fulfill it,good experience wonder recently get expired material along damage loss moneyi never use dont know blink charge handling fulfill,True,want_to_explore_blocked,dont_trust_quality_for_new_category,,intent or category talk with friction/barrier cues
please bring the new harry Potter kinderjoy in stock my son wants it so badly and is talking about it day and night,5,2026-07-30 17:26:45 UTC,0,play_store,please bring the new harry Potter kinderjoy in stock my son wants it so badly and is talking about it day and night,please bring new harry potter kinderjoy stock son want badly talk day night,False,noise,,,no category-exploration signal
good 👍👍👍,5,2026-07-30 17:26:21 UTC,0,play_store,good 👍👍👍,good,False,noise,,,no category-exploration signal
"Very helpful app, thanks",5,2026-07-30 17:24:08 UTC,0,play_store,"Very helpful app, thanks",helpful app thanks,False,noise,,,no category-exploration signal
very nice 👍♥️,5,2026-07-30 17:20:52 UTC,0,play_store,very nice 👍♥️,nice,False,noise,,,no category-exploration signal
order not taking,2,2026-07-30 17:17:47 UTC,0,play_store,order not taking,order take,False,noise,,,no category-exploration signal
bro I like this app to much and I love this app ❤️❤️😍 but when the cod (cash on delivery )got off soo i got sooo angry start to hate this app but when I ordered something soo this app win my heart,5,2026-07-30 17:17:38 UTC,0,play_store,bro I like this app to much and I love this app ❤️❤️😍 but when the cod (cash on delivery )got off soo i got sooo angry start to hate this app but when I ordered something soo this app win my heart,bro like app much love app cod cash delivery get soo get sooo angry start hate app order something soo app win heart,False,noise,,,no category-exploration signal
DELIVER WILL SO FASTEST I LIKE IT THIS APP,5,2026-07-30 17:17:23 UTC,0,play_store,DELIVER WILL SO FASTEST I LIKE IT THIS APP,deliver fast like app,False,noise,,,no category-exploration signal
good time delivery,4,2026-07-30 17:17:17 UTC,0,play_store,good time delivery,good time delivery,False,noise,,,no category-exploration signal
blinkit delivery app install h toh kya hum blinkit se kuch nhi manga sakte kya very bad service,1,2026-07-30 17:15:36 UTC,0,play_store,blinkit delivery app install h toh kya hum blinkit se kuch nhi manga sakte kya very bad service,blinkit delivery app install h toh kya hum blinkit se kuch nhi manga sakte kya bad service,False,noise,,,no category-exploration signal
super fast delivery with careful hand's 😊😊,5,2026-07-30 17:14:43 UTC,0,play_store,super fast delivery with careful hand's 😊😊,super fast delivery careful hand,False,noise,,,no category-exploration signal
mast ha yaar,5,2026-07-30 17:11:32 UTC,0,play_store,mast ha yaar,mast ha yaar,False,noise,,,no category-exploration signal
really a great initiative getting groceries delivered in 10 minutes is a blessing,5,2026-07-30 17:10:35 UTC,0,play_store,really a great initiative getting groceries delivered in 10 minutes is a blessing,really great initiative get grocery deliver 10 minute bless,False,noise,,,no category-exploration signal
ok ok,5,2026-07-30 17:08:40 UTC,0,play_store,ok ok,ok ok,False,noise,,,short generic praise/complaint without category cues
it's good for daily life uses,4,2026-07-30 17:08:14 UTC,0,play_store,it's good for daily life uses,good daily life us,True,stuck_in_routine,,,routine/reorder language without exploration intent
"very bad service, received my order tear, adulteration most of the food items, fssi should check, fine heavy money",1,2026-07-30 17:07:50 UTC,0,play_store,"very bad service, received my order tear, adulteration most of the food items, fssi should check, fine heavy money",bad service receive order tear adulteration food item fssi check fine heavy money,False,noise,,,no category-exploration signal
refund nhi milta product bhi acha nhi ata hai mere paise 2400 refund nhi kare hai pls ya se order na kare,1,2026-07-30 17:06:22 UTC,0,play_store,refund nhi milta product bhi acha nhi ata hai mere paise 2400 refund nhi kare hai pls ya se order na kare,refund nhi milta product bhi acha nhi ata hai mere paise 2400 refund nhi kare hai pls ya se order na kare,True,want_to_explore_blocked,dont_trust_quality_for_new_category,,intent or category talk with friction/barrier cues
nice and commitment to its time. I ordered in mid night and got delivered within time frame.. for me its very useful.. it always full fill my last minute need.. great service 👏,5,2026-07-30 17:05:22 UTC,0,play_store,nice and commitment to its time. I ordered in mid night and got delivered within time frame.. for me its very useful.. it always full fill my last minute need.. great service 👏,nice commitment time order mid night get deliver within time frame useful always full fill last minute need great service,True,stuck_in_routine,,,routine/reorder language without exploration intent
phle mera order nhi laya koi pata nhi kon tha vo,3,2026-07-30 17:02:22 UTC,0,play_store,phle mera order nhi laya koi pata nhi kon tha vo,phle mera order nhi laya koi pata nhi kon tha vo,False,noise,,,no category-exploration signal
nise app,4,2026-07-30 17:01:30 UTC,0,play_store,nise app,nise app,False,noise,,,no category-exploration signal
Late delivery less amount they will show u currently unavailable delivery or like hing demand,1,2026-07-30 17:00:30 UTC,0,play_store,Late delivery less amount they will show u currently unavailable delivery or like hing demand,late delivery less amount show u currently unavailable delivery like hing demand,True,unclear,coverage_or_eta,,category or barrier cues without clear funnel stage
any time delivery when we need,4,2026-07-30 17:00:26 UTC,0,play_store,any time delivery when we need,time delivery need,False,noise,,,no category-exploration signal
it's time sever and we can get whatever we want at our door step,5,2026-07-30 17:00:14 UTC,0,play_store,it's time sever and we can get whatever we want at our door step,time sever get whatever want door step,False,noise,,,no category-exploration signal
Convenience and quality,5,2026-07-30 16:57:56 UTC,0,play_store,Convenience and quality,convenience quality,True,want_to_explore_blocked,dont_trust_quality_for_new_category,,intent or category talk with friction/barrier cues
cancellation should be allowed some times it's said payment failed so I ordered again now I have 2 same products,1,2026-07-30 16:57:34 UTC,0,play_store,cancellation should be allowed some times it's said payment failed so I ordered again now I have 2 same products,cancellation allow time say payment fail order 2 product,True,stuck_in_routine,habit_reorder_only,,routine/reorder language without exploration intent
thik thak hai,2,2026-07-30 16:54:28 UTC,0,play_store,thik thak hai,thik thak hai,False,noise,,,no category-exploration signal
good work,5,2026-07-30 16:54:15 UTC,0,play_store,good work,good work,False,noise,,,no category-exploration signal
need some improvement,3,2026-07-30 16:53:58 UTC,0,play_store,need some improvement,need improvement,False,noise,,,no category-exploration signal
good app but it does not have certain products this app is definitely better than others,4,2026-07-30 16:52:55 UTC,0,play_store,good app but it does not have certain products this app is definitely better than others,good app certain product app definitely good others,False,noise,,,no category-exploration signal
"Blinkit is a really good app but it takes a lot of money like if an object is of ₹50 but when you order with all the extra fees it will approximately become over ₹90. So, this the thing I don't like about blinkit but otherwise everything is very good.",3,2026-07-30 16:52:54 UTC,0,play_store,"Blinkit is a really good app but it takes a lot of money like if an object is of ₹50 but when you order with all the extra fees it will approximately become over ₹90. So, this the thing I don't like about blinkit but otherwise everything is very good.",blinkit really good app take lot money like object order extra fee approximately become thing dont like blinkit otherwise everything good,False,noise,,,no category-exploration signal
its good,4,2026-07-30 16:52:20 UTC,0,play_store,its good,good,False,noise,,,no category-exploration signal
daily life made easy,4,2026-07-30 16:49:34 UTC,0,play_store,daily life made easy,daily life make easy,True,stuck_in_routine,,,routine/reorder language without exploration intent
good!!!!!,5,2026-07-30 16:49:28 UTC,0,play_store,good!!!!!,good,False,noise,,,no category-exploration signal
"speedy delivery app,like it.",5,2026-07-30 16:48:58 UTC,0,play_store,"speedy delivery app,like it.",speedy delivery applike,False,noise,,,no category-exploration signal
first time order kiya hai dekhte hai kaisa ata hai,5,2026-07-30 16:47:31 UTC,0,play_store,first time order kiya hai dekhte hai kaisa ata hai,first time order kiya hai dekhte hai kaisa ata hai,True,unclear,,,category or barrier cues without clear funnel stage
very good and fast service but please maintain privacy on some product,5,2026-07-30 16:47:03 UTC,0,play_store,very good and fast service but please maintain privacy on some product,good fast service please maintain privacy product,False,noise,,,no category-exploration signal
very good 👍😊,5,2026-07-30 16:45:23 UTC,0,play_store,very good 👍😊,good,False,noise,,,no category-exploration signal
very nice 👌,5,2026-07-30 16:43:59 UTC,0,play_store,very nice 👌,nice,False,noise,,,no category-exploration signal
"I'm using this app and it really good and time saving if u can't reach supermarket... but from my few orders experience it's made me to write this review....is there a shortage of bags , coz spacially my products are coming fully wet in rain ... please blinkit fix this problem, if there no bags available please no need to accept orders",2,2026-07-30 16:43:24 UTC,0,play_store,"I'm using this app and it really good and time saving if u can't reach supermarket... but from my few orders experience it's made me to write this review....is there a shortage of bags , coz spacially my products are coming fully wet in rain ... please blinkit fix this problem, if there no bags available please no need to accept orders",im use app really good time save u cant reach supermarket order experience make write reviewis shortage bag coz spacially product come fully wet rain please blinkit fix problem bag available please need accept order,False,noise,,,no category-exploration signal
best!!!,5,2026-07-30 16:43:08 UTC,0,play_store,best!!!,best,False,noise,,,no category-exploration signal
good 😊 app,5,2026-07-30 16:41:47 UTC,0,play_store,good 😊 app,good app,False,noise,,,no category-exploration signal
choosing items are very easy and also delivered fast,4,2026-07-30 16:41:36 UTC,0,play_store,choosing items are very easy and also delivered fast,choose item easy also deliver fast,False,noise,,,no category-exploration signal
osm 🙂,5,2026-07-30 16:40:31 UTC,0,play_store,osm 🙂,osm,False,noise,,,no category-exploration signal
everything is nice but I think you should start accepting cash over 2000,5,2026-07-30 16:39:24 UTC,0,play_store,everything is nice but I think you should start accepting cash over 2000,everything nice think start accept cash 2000,False,noise,,,no category-exploration signal
best 👌,5,2026-07-30 16:38:55 UTC,0,play_store,best 👌,best,False,noise,,,no category-exploration signal
sometimes they just play smart. i ordered two items . they sent both of them separately and charged handling charges .,2,2026-07-30 16:37:33 UTC,0,play_store,sometimes they just play smart. i ordered two items . they sent both of them separately and charged handling charges .,sometimes play smart order two item send separately charge handling charge,True,want_to_explore_blocked,price_uncertainty_new_category,,intent or category talk with friction/barrier cues
thik ha par mahngha ha,1,2026-07-30 16:36:42 UTC,0,play_store,thik ha par mahngha ha,thik ha par mahngha ha,False,noise,,,no category-exploration signal
whatever I want I get from blinkit,5,2026-07-30 16:36:20 UTC,0,play_store,whatever I want I get from blinkit,whatever want get blinkit,False,noise,,,no category-exploration signal
too expensive,2,2026-07-30 16:36:11 UTC,0,play_store,too expensive,expensive,True,want_to_explore_blocked,price_uncertainty_new_category,,intent or category talk with friction/barrier cues
osm work,5,2026-07-30 16:35:22 UTC,0,play_store,osm work,osm work,False,noise,,,no category-exploration signal
Good night fast service,4,2026-07-30 16:35:13 UTC,0,play_store,Good night fast service,good night fast service,False,noise,,,no category-exploration signal
very good & fast service,5,2026-07-30 16:34:42 UTC,0,play_store,very good & fast service,good fast service,False,noise,,,no category-exploration signal
worst app when u want to return a damaged item delivered,1,2026-07-30 16:34:26 UTC,0,play_store,worst app when u want to return a damaged item delivered,bad app u want return damage item deliver,True,want_to_explore_blocked,dont_trust_quality_for_new_category,,intent or category talk with friction/barrier cues
thank,5,2026-07-30 16:34:20 UTC,0,play_store,thank,thank,False,noise,,,no category-exploration signal
this app is to good if you purchase below 150 it will take delivery charge but if you purchase above 150 delivery charge will not take and I am very happy with this app you only set at your home and itme will come at your door steps,5,2026-07-30 16:33:35 UTC,0,play_store,this app is to good if you purchase below 150 it will take delivery charge but if you purchase above 150 delivery charge will not take and I am very happy with this app you only set at your home and itme will come at your door steps,app good purchase 150 take delivery charge purchase 150 delivery charge take happy app set home itme come door step,True,unclear,,home,category or barrier cues without clear funnel stage
everything was fine except for it didn't have things i expected and had unnecessary charges....,3,2026-07-30 16:33:06 UTC,0,play_store,everything was fine except for it didn't have things i expected and had unnecessary charges....,everything fine except didnt thing expect unnecessary charge,False,noise,,,no category-exploration signal
milk is useless,1,2026-07-30 16:31:39 UTC,0,play_store,milk is useless,milk useless,True,unclear,,grocery,category or barrier cues without clear funnel stage
best seller in india cuz they take exchange and refund if you have the problem,4,2026-07-30 16:31:21 UTC,0,play_store,best seller in india cuz they take exchange and refund if you have the problem,best seller india cuz take exchange refund problem,True,want_to_explore_blocked,dont_trust_quality_for_new_category,,intent or category talk with friction/barrier cues
good👍👍,5,2026-07-30 16:30:08 UTC,0,play_store,good👍👍,good,False,noise,,,no category-exploration signal
I have better experience with blinket,4,2026-07-30 16:28:20 UTC,0,play_store,I have better experience with blinket,good experience blinket,False,noise,,,no category-exploration signal
"I am very disappointed with my experience using Blinkit. The delivery was delayed, and the items I received were not in the expected condition. It was frustrating to deal with the issue because customer support did not provide a satisfactory solution. The app has potential, but the inconsistent service, poor order handling, and lack of timely assistance made the overall experience unpleasant. I hope these issues are addressed so customers can rely on the service in the future.",1,2026-07-30 16:28:05 UTC,0,play_store,"I am very disappointed with my experience using Blinkit. The delivery was delayed, and the items I received were not in the expected condition. It was frustrating to deal with the issue because customer support did not provide a satisfactory solution. The app has potential, but the inconsistent service, poor order handling, and lack of timely assistance made the overall experience unpleasant. I hope these issues are addressed so customers can rely on the service in the future.",disappointed experience use blinkit delivery delay item receive expected condition frustrate deal issue customer support provide satisfactory solution app potential inconsistent service poor order handle lack timely assistance make overall experience unpleasant hope issue address customer rely service future,True,unclear,coverage_or_eta,,category or barrier cues without clear funnel stage
Pl Ensure in items rain protection ok,5,2026-07-30 16:27:10 UTC,0,play_store,Pl Ensure in items rain protection ok,pl ensure item rain protection ok,False,noise,,,no category-exploration signal
.ost of jewellery is out of stock in my area and many things are out of stock I don't when they will get in stock as I have also turned on notify me but still nothing. no doubt app is perfect about when the things are not there which are required makes me feel bad,3,2026-07-30 16:24:54 UTC,0,play_store,.ost of jewellery is out of stock in my area and many things are out of stock I don't when they will get in stock as I have also turned on notify me but still nothing. no doubt app is perfect about when the things are not there which are required makes me feel bad,ost jewellery stock area many thing stock dont get stock also turn notify still nothing doubt app perfect thing require make feel bad,True,want_to_explore_blocked,coverage_or_eta|assortment_gap,,intent or category talk with friction/barrier cues
very help ful aap,5,2026-07-30 16:24:08 UTC,0,play_store,very help ful aap,help ful aap,False,noise,,,no category-exploration signal
best service reliable products super fast delivery no regret so far,5,2026-07-30 16:24:05 UTC,0,play_store,best service reliable products super fast delivery no regret so far,best service reliable product super fast delivery regret far,False,noise,,,no category-exploration signal
love you 🤟,5,2026-07-30 16:22:41 UTC,0,play_store,love you 🤟,love,False,noise,,,no category-exploration signal
"For my case, almost every time, the delivery was very quick within 10 to 15min. super happy.",5,2026-07-30 16:21:39 UTC,0,play_store,"For my case, almost every time, the delivery was very quick within 10 to 15min. super happy.",case almost every time delivery quick within 10 15min super happy,False,noise,,,no category-exploration signal
best of delivery in aall,5,2026-07-30 16:21:31 UTC,0,play_store,best of delivery in aall,best delivery aall,False,noise,,,no category-exploration signal
super mast,5,2026-07-30 16:21:10 UTC,0,play_store,super mast,super mast,False,noise,,,short generic praise/complaint without category cues
bad products poor quality and price so high,1,2026-07-30 16:18:59 UTC,0,play_store,bad products poor quality and price so high,bad product poor quality price high,True,want_to_explore_blocked,price_uncertainty_new_category|dont_trust_quality_for_new_category,grocery,intent or category talk with friction/barrier cues
supar,5,2026-07-30 16:17:39 UTC,0,play_store,supar,supar,False,noise,,,no category-exploration signal
today expr experience is very poor and dilivery boy is very rude and abused word dilivery boy ne aaj drink kri hui thi,1,2026-07-30 16:16:31 UTC,0,play_store,today expr experience is very poor and dilivery boy is very rude and abused word dilivery boy ne aaj drink kri hui thi,today expr experience poor dilivery boy rude abuse word dilivery boy ne aaj drink kri hui thi,False,noise,,,no category-exploration signal
well a very good experience 💯,5,2026-07-30 16:08:49 UTC,0,play_store,well a very good experience 💯,well good experience,False,noise,,,no category-exploration signal
very good app for me,5,2026-07-30 16:08:35 UTC,0,play_store,very good app for me,good app,False,noise,,,no category-exploration signal
first time use kr rhi abi to delevery hui nhi h but mne 5 star rating de di h i hope delivery achi ho,5,2026-07-30 16:06:09 UTC,0,play_store,first time use kr rhi abi to delevery hui nhi h but mne 5 star rating de di h i hope delivery achi ho,first time use kr rhi abi delevery hui nhi h mne 5 star rating de di h hope delivery achi ho,True,unclear,,,category or barrier cues without clear funnel stage
I have ordered for the first time I hope it should arrive well and I thanks Blinkit That they save a lot of people's time,5,2026-07-30 16:05:42 UTC,0,play_store,I have ordered for the first time I hope it should arrive well and I thanks Blinkit That they save a lot of people's time,order first time hope arrive well thanks blinkit save lot people time,True,unclear,,,category or barrier cues without clear funnel stage
woww,5,2026-07-30 16:04:46 UTC,0,play_store,woww,woww,False,noise,,,no category-exploration signal
amazing for last minute hustle,5,2026-07-30 16:04:23 UTC,0,play_store,amazing for last minute hustle,amaze last minute hustle,False,noise,,,no category-exploration signal
don't get a handle bag I got the items in my hands,2,2026-07-30 16:02:21 UTC,0,play_store,don't get a handle bag I got the items in my hands,dont get handle bag get item hand,False,noise,,,no category-exploration signal
theek h beta,5,2026-07-30 16:01:50 UTC,0,play_store,theek h beta,theek h beta,False,noise,,,no category-exploration signal
badia app h kya soch k banae h bhai any time any item just watch and order,5,2026-07-30 16:00:54 UTC,0,play_store,badia app h kya soch k banae h bhai any time any item just watch and order,badia app h kya soch k banae h bhai time item watch order,False,noise,,,no category-exploration signal
waww,5,2026-07-30 15:59:57 UTC,0,play_store,waww,waww,False,noise,,,no category-exploration signal
I am giving a three star because of a surge charge after 2 minutes they are saying that surge applicable so I don't like this policy remove this policy for rs 150 things we have to order more than 499 for removing the surge otherwise it is best I mean above the best,3,2026-07-30 15:58:46 UTC,0,play_store,I am giving a three star because of a surge charge after 2 minutes they are saying that surge applicable so I don't like this policy remove this policy for rs 150 things we have to order more than 499 for removing the surge otherwise it is best I mean above the best,give three star surge charge 2 minute say surge applicable dont like policy remove policy rs 150 thing order 499 remove surge otherwise best mean best,True,want_to_explore_blocked,price_uncertainty_new_category,,intent or category talk with friction/barrier cues
"Blinkit is good, but the worst thing is that they don't provide cash on delivery for many areas. It takes handling charges no matter how much you spent. it's a good but ok ok app",4,2026-07-30 15:58:15 UTC,0,play_store,"Blinkit is good, but the worst thing is that they don't provide cash on delivery for many areas. It takes handling charges no matter how much you spent. it's a good but ok ok app",blinkit good bad thing dont provide cash delivery many area take handling charge matter much spent good ok ok app,True,want_to_explore_blocked,price_uncertainty_new_category,,intent or category talk with friction/barrier cues
NOT RECEIVED ALL ITEMS,1,2026-07-30 15:56:04 UTC,0,play_store,NOT RECEIVED ALL ITEMS,receive item,False,noise,,,no category-exploration signal
very fast delivery i like it very much.,5,2026-07-30 15:55:51 UTC,0,play_store,very fast delivery i like it very much.,fast delivery like much,False,noise,,,no category-exploration signal
happy,5,2026-07-30 15:54:00 UTC,0,play_store,happy,happy,False,noise,,,no category-exploration signal
very good n fast,5,2026-07-30 15:53:13 UTC,0,play_store,very good n fast,good n fast,False,noise,,,no category-exploration signal
No response on several complaints and requests...this was the last order ....no customer care to resolve the issue.My hard-earned money still stuck,1,2026-07-30 15:52:54 UTC,0,play_store,No response on several complaints and requests...this was the last order ....no customer care to resolve the issue.My hard-earned money still stuck,response several complaint requeststhis last order customer care resolve issuemy hardearned money still stick,False,noise,,,no category-exploration signal
good job 👍👍,5,2026-07-30 15:52:09 UTC,0,play_store,good job 👍👍,good job,False,noise,,,no category-exploration signal
z some times at an important situation it's showing that it is currently unavailable to our location 😕 other than that it is a good app,1,2026-07-30 15:51:00 UTC,0,play_store,z some times at an important situation it's showing that it is currently unavailable to our location 😕 other than that it is a good app,z time important situation show currently unavailable location good app,True,unclear,coverage_or_eta,,category or barrier cues without clear funnel stage
Good service right time 😃😃,5,2026-07-30 15:49:40 UTC,0,play_store,Good service right time 😃😃,good service right time,False,noise,,,no category-exploration signal
bilkul hi kam time me delivery ho jata hai .thanks blinkit,5,2026-07-30 15:49:19 UTC,0,play_store,bilkul hi kam time me delivery ho jata hai .thanks blinkit,bilkul hi kam time delivery ho jata hai thanks blinkit,False,noise,,,no category-exploration signal
very good 💯😊,5,2026-07-30 15:46:18 UTC,0,play_store,very good 💯😊,good,False,noise,,,no category-exploration signal
customer Support says You can Order Ciggerate from The Promo Code and Issued A Promo Code but After Giving Promocode He said Sorry Promo Code Was Not Used In Tabbacco Products. so why He issued a promo Code Then He says I can't do Anything Now. Such a unprofessional Behaviour to Treat Customer Who Pays For the Order. Your Agent don't even Know Your Policies How can they sit On Customer Support.,1,2026-07-30 15:45:45 UTC,0,play_store,customer Support says You can Order Ciggerate from The Promo Code and Issued A Promo Code but After Giving Promocode He said Sorry Promo Code Was Not Used In Tabbacco Products. so why He issued a promo Code Then He says I can't do Anything Now. Such a unprofessional Behaviour to Treat Customer Who Pays For the Order. Your Agent don't even Know Your Policies How can they sit On Customer Support.,customer support say order ciggerate promo code issue promo code give promocode say sorry promo code use tabbacco product issue promo code say cant anything unprofessional behaviour treat customer pay order agent dont even know policy sit customer support,False,noise,,,no category-exploration signal
"All the online groceries service have the same pattern. first they give the offer to make customers and then slowly once the customer starts relying on their service, all of sudden there is inlogical customer support for your concern. they don't bother if you have any issues with the order and in call or email simply you gets such a convenient reply - Thank you for getting in touch with us. We sincerely apologize for any inconvenience caused and so on... 😂",1,2026-07-30 15:45:45 UTC,0,play_store,"All the online groceries service have the same pattern. first they give the offer to make customers and then slowly once the customer starts relying on their service, all of sudden there is inlogical customer support for your concern. they don't bother if you have any issues with the order and in call or email simply you gets such a convenient reply - Thank you for getting in touch with us. We sincerely apologize for any inconvenience caused and so on... 😂",online grocery service pattern first give offer make customer slowly customer start rely service sudden inlogical customer support concern dont bother issue order call email simply get convenient reply thank get touch u sincerely apologize inconvenience cause,True,stuck_in_routine,habit_reorder_only,,routine/reorder language without exploration intent
nice working,5,2026-07-30 15:45:10 UTC,0,play_store,nice working,nice work,False,noise,,,no category-exploration signal
very nice for good food,5,2026-07-30 15:44:32 UTC,0,play_store,very nice for good food,nice good food,False,noise,,,no category-exploration signal
Very good app .... thank you for all the time available for us,4,2026-07-30 15:44:15 UTC,0,play_store,Very good app .... thank you for all the time available for us,good app thank time available u,False,noise,,,no category-exploration signal
they don't come on the acctuall place,2,2026-07-30 15:44:05 UTC,0,play_store,they don't come on the acctuall place,dont come acctuall place,False,noise,,,no category-exploration signal
GOOD AND FAST SERVICE,5,2026-07-30 15:43:07 UTC,0,play_store,GOOD AND FAST SERVICE,good fast service,False,noise,,,no category-exploration signal
prices are a bit too high than usuals,4,2026-07-30 15:42:58 UTC,0,play_store,prices are a bit too high than usuals,price bit high usuals,True,want_to_explore_blocked,price_uncertainty_new_category|habit_reorder_only,grocery,intent or category talk with friction/barrier cues
super fast,5,2026-07-30 15:40:12 UTC,0,play_store,super fast,super fast,False,noise,,,short generic praise/complaint without category cues
"very costly, also the service charge of ₹9 is very high in Rajkot Gujarat.",1,2026-07-30 15:40:06 UTC,0,play_store,"very costly, also the service charge of ₹9 is very high in Rajkot Gujarat.",costly also service charge high rajkot gujarat,True,want_to_explore_blocked,price_uncertainty_new_category,,intent or category talk with friction/barrier cues
BEST DELIVERY APP AND FAST DELIVERY AT ANY TIME,5,2026-07-30 15:39:15 UTC,0,play_store,BEST DELIVERY APP AND FAST DELIVERY AT ANY TIME,best delivery app fast delivery time,False,noise,,,no category-exploration signal
top good aap,4,2026-07-30 15:38:32 UTC,0,play_store,top good aap,top good aap,False,noise,,,no category-exploration signal
worst products dont buy i ordered i bang rice of 26 kgs its getting bad smell ofter cook old stock ofter reviews also no use dont use blinkit fruad selling product,1,2026-07-30 15:38:26 UTC,0,play_store,worst products dont buy i ordered i bang rice of 26 kgs its getting bad smell ofter cook old stock ofter reviews also no use dont use blinkit fruad selling product,bad product dont buy order bang rice 26 kg get bad smell ofter cook old stock ofter review also use dont use blinkit fruad sell product,True,unclear,,grocery,category or barrier cues without clear funnel stage
super for ordering,5,2026-07-30 15:36:17 UTC,0,play_store,super for ordering,super order,False,noise,,,short generic praise/complaint without category cues
stress-free quality services 👌,5,2026-07-30 15:36:07 UTC,0,play_store,stress-free quality services 👌,stressfree quality service,True,want_to_explore_blocked,dont_trust_quality_for_new_category,,intent or category talk with friction/barrier cues
blink ittt kamal haiii ...,5,2026-07-30 15:35:03 UTC,0,play_store,blink ittt kamal haiii ...,blink ittt kamal haiii,False,noise,,,no category-exploration signal
fast delivery thank you blinkit thank you for the delivery person,5,2026-07-30 15:34:35 UTC,0,play_store,fast delivery thank you blinkit thank you for the delivery person,fast delivery thank blinkit thank delivery person,False,noise,,,no category-exploration signal
delay order delivery not following map guide 🦮,1,2026-07-30 15:33:56 UTC,0,play_store,delay order delivery not following map guide 🦮,delay order delivery follow map guide,True,unclear,coverage_or_eta,,category or barrier cues without clear funnel stage
very bad service not cancle policy,1,2026-07-30 15:33:35 UTC,0,play_store,very bad service not cancle policy,bad service cancle policy,False,noise,,,no category-exploration signal
"it's very good app , we can order anything and anytime",5,2026-07-30 15:33:32 UTC,0,play_store,"it's very good app , we can order anything and anytime",good app order anything anytime,False,noise,,,no category-exploration signal
toooooooooooo Quickkkkkkkkkkkkk💯,5,2026-07-30 15:32:37 UTC,0,play_store,toooooooooooo Quickkkkkkkkkkkkk💯,toooooooooooo quickkkkkkkkkkkkk,False,noise,,,no category-exploration signal
some of the items are costly here compare to zepto,4,2026-07-30 15:31:12 UTC,0,play_store,some of the items are costly here compare to zepto,item costly compare zepto,True,want_to_explore_blocked,price_uncertainty_new_category,,intent or category talk with friction/barrier cues
I love it because it came on time,5,2026-07-30 15:30:22 UTC,0,play_store,I love it because it came on time,love come time,False,noise,,,no category-exploration signal
bht achcha hai nice,5,2026-07-30 15:30:01 UTC,0,play_store,bht achcha hai nice,bht achcha hai nice,False,noise,,,no category-exploration signal
this Aap is amazing I'll order only three products in late night they delivered at just 10 to 12 minutes and give me a free moisturizer which is absolutely awesome 👌 👏 I love this aap for there fast delivery,5,2026-07-30 15:29:17 UTC,0,play_store,this Aap is amazing I'll order only three products in late night they delivered at just 10 to 12 minutes and give me a free moisturizer which is absolutely awesome 👌 👏 I love this aap for there fast delivery,aap amaze ill order three product late night deliver 10 12 minute give free moisturizer absolutely awesome love aap fast delivery,True,unclear,coverage_or_eta,,category or barrier cues without clear funnel stage
so good 😊😊,5,2026-07-30 15:29:12 UTC,0,play_store,so good 😊😊,good,False,noise,,,no category-exploration signal
All good,5,2026-07-30 15:28:58 UTC,0,play_store,All good,good,False,noise,,,no category-exploration signal
very good shop blinkit,5,2026-07-30 15:28:40 UTC,0,play_store,very good shop blinkit,good shop blinkit,False,noise,,,no category-exploration signal
best service best service 👍 plz this service start on my location Ipshit sweet home juna sathpati road near navodaya school road near bagicha from house palghar west,4,2026-07-30 15:25:36 UTC,0,play_store,best service best service 👍 plz this service start on my location Ipshit sweet home juna sathpati road near navodaya school road near bagicha from house palghar west,best service best service plz service start location ipshit sweet home juna sathpati road near navodaya school road near bagicha house palghar west,True,unclear,coverage_or_eta,home,category or barrier cues without clear funnel stage
bad experience,1,2026-07-30 15:24:28 UTC,0,play_store,bad experience,bad experience,False,noise,,,no category-exploration signal
"very slow delivery, missing items, no proper response",1,2026-07-30 15:24:09 UTC,0,play_store,"very slow delivery, missing items, no proper response",slow delivery miss item proper response,True,want_to_explore_blocked,assortment_gap,,intent or category talk with friction/barrier cues
very quick delivery,5,2026-07-30 15:22:52 UTC,0,play_store,very quick delivery,quick delivery,False,noise,,,no category-exploration signal
best service ever seen,5,2026-07-30 15:20:11 UTC,0,play_store,best service ever seen,best service ever see,False,noise,,,no category-exploration signal
it's good👍,4,2026-07-30 15:18:43 UTC,0,play_store,it's good👍,good,False,noise,,,no category-exploration signal
This app is very good 😍😍 so iam giveing 5 star,5,2026-07-30 15:18:06 UTC,0,play_store,This app is very good 😍😍 so iam giveing 5 star,app good iam give 5 star,False,noise,,,no category-exploration signal
good working,5,2026-07-30 15:16:37 UTC,0,play_store,good working,good working,False,noise,,,no category-exploration signal
"I ordered Amul Rajbhog ice cream (1 liter) on July 21, 2026. The order was subsequently cancelled, and I was informed that the refund would be processed by the 28th.. however, it is now the 30th, and I still haven't received the refund. Meanwhile, Blinkit shows the refund as completed—how is that possible? To make matters worse, I cannot even find a helpline number to contact Blinkit for assistance. Other delivery apps are far better than this. very disappointed...",1,2026-07-30 15:15:32 UTC,0,play_store,"I ordered Amul Rajbhog ice cream (1 liter) on July 21, 2026. The order was subsequently cancelled, and I was informed that the refund would be processed by the 28th.. however, it is now the 30th, and I still haven't received the refund. Meanwhile, Blinkit shows the refund as completed—how is that possible? To make matters worse, I cannot even find a helpline number to contact Blinkit for assistance. Other delivery apps are far better than this. very disappointed...",order amul rajbhog ice cream 1 liter july 21 2026 order subsequently cancel inform refund would process 28th however 30th still havent receive refund meanwhile blinkit show refund complete possible make matter bad even find helpline number contact blinkit assistance delivery apps far well disappointed,True,want_to_explore_blocked,dont_trust_quality_for_new_category,snacks,intent or category talk with friction/barrier cues
very good delivery,5,2026-07-30 15:15:15 UTC,0,play_store,very good delivery,good delivery,False,noise,,,no category-exploration signal
"There is no cash on delivery in this app, if we do not have online payment then how can we order anything, I have to order a lot of things but I face a lot of problems in making the payment.",1,2026-07-30 15:15:10 UTC,0,play_store,"There is no cash on delivery in this app, if we do not have online payment then how can we order anything, I have to order a lot of things but I face a lot of problems in making the payment.",cash delivery app online payment order anything order lot thing face lot problem make payment,False,noise,,,no category-exploration signal
goooooooooooooooooood🫡🫡,5,2026-07-30 15:15:00 UTC,0,play_store,goooooooooooooooooood🫡🫡,goooooooooooooooooood,False,noise,,,no category-exploration signal
very happy 😊 😃 with blinket,5,2026-07-30 15:15:00 UTC,0,play_store,very happy 😊 😃 with blinket,happy blinket,False,noise,,,no category-exploration signal
Not deserve any star so I don't like this app,1,2026-07-30 15:14:34 UTC,0,play_store,Not deserve any star so I don't like this app,deserve star dont like app,False,noise,,,no category-exploration signal
Awesome hai boss,5,2026-07-30 15:12:40 UTC,0,play_store,Awesome hai boss,awesome hai bos,False,noise,,,short generic praise/complaint without category cues
very good 👍. gives products at right time.,5,2026-07-30 15:12:31 UTC,0,play_store,very good 👍. gives products at right time.,good give product right time,False,noise,,,no category-exploration signal
soooooooooo convenient !!!!!!!!!,5,2026-07-30 15:10:47 UTC,0,play_store,soooooooooo convenient !!!!!!!!!,soooooooooo convenient,False,noise,,,no category-exploration signal
very low price,5,2026-07-30 15:06:11 UTC,0,play_store,very low price,low price,True,want_to_explore_blocked,price_uncertainty_new_category,grocery,intent or category talk with friction/barrier cues
"blinkit store is 500 meter from my home no traffic nothing but takes 18 minute ever 20 minutes and will charge 50 rs and above ,blinkit is giving day by day bad service",1,2026-07-30 15:05:02 UTC,0,play_store,"blinkit store is 500 meter from my home no traffic nothing but takes 18 minute ever 20 minutes and will charge 50 rs and above ,blinkit is giving day by day bad service",blinkit store 500 meter home traffic nothing take 18 minute ever 20 minute charge 50 rs blinkit give day day bad service,True,unclear,,home,category or barrier cues without clear funnel stage
loveeeeeee ittttttttt,5,2026-07-30 15:04:37 UTC,0,play_store,loveeeeeee ittttttttt,loveeeeeee ittttttttt,False,noise,,,no category-exploration signal
blinkit delivery is not good items are rotten or not packed properly. it happens frequently,1,2026-07-30 15:04:17 UTC,0,play_store,blinkit delivery is not good items are rotten or not packed properly. it happens frequently,blinkit delivery good item rotten pack properly happen frequently,False,noise,,,no category-exploration signal
very nice so much ✨☺️☺️☺️,5,2026-07-30 15:03:05 UTC,0,play_store,very nice so much ✨☺️☺️☺️,nice much,False,noise,,,no category-exploration signal
google map not recognised place easily,1,2026-07-30 15:02:12 UTC,0,play_store,google map not recognised place easily,google map recognise place easily,False,noise,,,no category-exploration signal
very good app you must try it 😊👍🏻👍🏻🥰,5,2026-07-30 15:02:01 UTC,0,play_store,very good app you must try it 😊👍🏻👍🏻🥰,good app must try,False,noise,,,no category-exploration signal
very very nice good 👍,5,2026-07-30 15:01:29 UTC,0,play_store,very very nice good 👍,nice good,False,noise,,,no category-exploration signal
you could give something free or complementary things or food items after ordering heavy things😀,4,2026-07-30 15:00:15 UTC,0,play_store,you could give something free or complementary things or food items after ordering heavy things😀,could give something free complementary thing food item order heavy thing,False,noise,,,no category-exploration signal
very fast and good service,5,2026-07-30 14:56:44 UTC,0,play_store,very fast and good service,fast good service,False,noise,,,no category-exploration signal
🤗,3,2026-07-30 14:56:03 UTC,0,play_store,🤗,🤗,False,noise,,,no category-exploration signal
sabse accha ❤️ I'm loving itttt....,5,2026-07-30 14:56:03 UTC,0,play_store,sabse accha ❤️ I'm loving itttt....,sabse accha im love itttt,False,noise,,,no category-exploration signal
blinkit photocopy delivery is too late,2,2026-07-30 14:55:02 UTC,0,play_store,blinkit photocopy delivery is too late,blinkit photocopy delivery late,True,unclear,coverage_or_eta,,category or barrier cues without clear funnel stage
something order is delayed for a long period of time,4,2026-07-30 14:53:34 UTC,0,play_store,something order is delayed for a long period of time,something order delay long period time,True,unclear,coverage_or_eta,,category or barrier cues without clear funnel stage
good experience with blinkit,5,2026-07-30 14:53:21 UTC,0,play_store,good experience with blinkit,good experience blinkit,False,noise,,,no category-exploration signal
"बहोत ही अच्छी सर्विस है, डिलिवर करने वाले भाई भी बहोत अच्छे हैं, damage product तुरंत बदल जाता है, बहोत ही अच्छा लगा मुझे, बस थोड़ा डिस्काउंट कम है, लोकल मार्केट से तो ठीक ही है, लेकिन और सभी फायदे भी है घर बैठे सामन, फ्री डिलिवर, डिस्काउंट भी अच्छा लगा ❤️❤️",5,2026-07-30 14:53:03 UTC,0,play_store,"बहोत ही अच्छी सर्विस है, डिलिवर करने वाले भाई भी बहोत अच्छे हैं, damage product तुरंत बदल जाता है, बहोत ही अच्छा लगा मुझे, बस थोड़ा डिस्काउंट कम है, लोकल मार्केट से तो ठीक ही है, लेकिन और सभी फायदे भी है घर बैठे सामन, फ्री डिलिवर, डिस्काउंट भी अच्छा लगा ❤️❤️",damage product बदल बस कम और घर,False,noise,,,no category-exploration signal
"They sell completely used makeup. This is my first time buying makeup from here, and it was already used. Their customer service is the worst, and I've even been threatened by customer care staff on a call. they are not supported by the customer",1,2026-07-30 14:52:57 UTC,0,play_store,"They sell completely used makeup. This is my first time buying makeup from here, and it was already used. Their customer service is the worst, and I've even been threatened by customer care staff on a call. they are not supported by the customer",sell completely used makeup first time buy makeup already use customer service worst ive even threaten customer care staff call support customer,True,unclear,,beauty,category or barrier cues without clear funnel stage
it is very helpful for every one I am happy or it's product are also like flipkart i am happy I ordered 11to15 times,5,2026-07-30 14:52:51 UTC,0,play_store,it is very helpful for every one I am happy or it's product are also like flipkart i am happy I ordered 11to15 times,helpful every one happy product also like flipkart happy order 11to15 time,False,noise,,,no category-exploration signal
Amazing experience with blinkit,5,2026-07-30 14:52:29 UTC,0,play_store,Amazing experience with blinkit,amaze experience blinkit,False,noise,,,no category-exploration signal
item deliver on time product in good condition,5,2026-07-30 14:51:48 UTC,0,play_store,item deliver on time product in good condition,item deliver time product good condition,False,noise,,,no category-exploration signal
best platform,5,2026-07-30 14:51:13 UTC,0,play_store,best platform,best platform,False,noise,,,no category-exploration signal
"सड़ा हुआ, बासी, और हर प्रोडक्ट वजन में कम । घटिया सर्विस है ।। कृपया कोई इस्तेमाल न करे ।",1,2026-07-30 14:50:37 UTC,0,play_store,"सड़ा हुआ, बासी, और हर प्रोडक्ट वजन में कम । घटिया सर्विस है ।। कृपया कोई इस्तेमाल न करे ।",और हर वजन कम न,False,noise,,,no category-exploration signal
very bad experience order cancel option on available after book order,1,2026-07-30 14:48:44 UTC,0,play_store,very bad experience order cancel option on available after book order,bad experience order cancel option available book order,False,noise,,,no category-exploration signal
👍 good website,5,2026-07-30 14:48:37 UTC,0,play_store,👍 good website,good website,False,noise,,,no category-exploration signal
made life much more easier .,5,2026-07-30 14:47:38 UTC,0,play_store,made life much more easier .,make life much easy,False,noise,,,no category-exploration signal
cod must be available below order 50 or 80 other' wise it will create problem if the bank surver is down,3,2026-07-30 14:47:29 UTC,0,play_store,cod must be available below order 50 or 80 other' wise it will create problem if the bank surver is down,cod must available order 50 80 wise create problem bank surver,False,noise,,,no category-exploration signal
It is very good app I used a timer it actually came in 10 min and have much more groceries I love this app,5,2026-07-30 14:46:29 UTC,0,play_store,It is very good app I used a timer it actually came in 10 min and have much more groceries I love this app,good app use timer actually come 10 min much grocery love app,False,noise,,,no category-exploration signal
very supportive team and coordination,5,2026-07-30 14:45:40 UTC,0,play_store,very supportive team and coordination,supportive team coordination,False,noise,,,no category-exploration signal
"first time I will be using this application, I am impressed that the selection required a customer choice",3,2026-07-30 14:45:06 UTC,0,play_store,"first time I will be using this application, I am impressed that the selection required a customer choice",first time use application impressed selection require customer choice,True,unclear,,,category or barrier cues without clear funnel stage
"Payment on in hand Delivery,Must be Better..",4,2026-07-30 14:44:26 UTC,0,play_store,"Payment on in hand Delivery,Must be Better..",payment hand deliverymust better,False,noise,,,no category-exploration signal
very low earning and no offer store closed 11pm offer time late night 2 pm but store closed 11pm,1,2026-07-30 14:43:16 UTC,1,play_store,very low earning and no offer store closed 11pm offer time late night 2 pm but store closed 11pm,low earn offer store close 11pm offer time late night 2 pm store close 11pm,True,unclear,coverage_or_eta,,category or barrier cues without clear funnel stage
last time sevier,5,2026-07-30 14:43:08 UTC,0,play_store,last time sevier,last time sevier,False,noise,,,no category-exploration signal
good apps,5,2026-07-30 14:42:34 UTC,0,play_store,good apps,good apps,False,noise,,,short generic praise/complaint without category cues
very fast delivery...All products are very good...,5,2026-07-30 14:41:56 UTC,0,play_store,very fast delivery...All products are very good...,fast deliveryall product good,False,noise,,,no category-exploration signal
it's a great help when you are outside of your town...thnxxx blinkit,5,2026-07-30 14:41:52 UTC,0,play_store,it's a great help when you are outside of your town...thnxxx blinkit,great help outside townthnxxx blinkit,False,noise,,,no category-exploration signal
Too good to be true And very convenient,5,2026-07-30 14:41:26 UTC,0,play_store,Too good to be true And very convenient,good true convenient,False,noise,,,no category-exploration signal
"Nice service,😊😊😊",5,2026-07-30 14:41:09 UTC,0,play_store,"Nice service,😊😊😊",nice service,False,noise,,,no category-exploration signal
just awesome,5,2026-07-30 14:40:46 UTC,0,play_store,just awesome,awesome,False,noise,,,short generic praise/complaint without category cues
Excellent service,5,2026-07-30 14:39:33 UTC,0,play_store,Excellent service,excellent service,False,noise,,,short generic praise/complaint without category cues
over all experience is good,4,2026-07-30 14:39:03 UTC,0,play_store,over all experience is good,experience good,False,noise,,,no category-exploration signal
🙂💔,5,2026-07-30 14:38:30 UTC,0,play_store,🙂💔,🙂💔,False,noise,,,no category-exploration signal
your service is very good but price is more than jio mart,4,2026-07-30 14:37:03 UTC,0,play_store,your service is very good but price is more than jio mart,service good price jio mart,True,want_to_explore_blocked,price_uncertainty_new_category,grocery,intent or category talk with friction/barrier cues
good delivery service,5,2026-07-30 14:36:14 UTC,0,play_store,good delivery service,good delivery service,False,noise,,,no category-exploration signal
very rude behaviour and delay in service,1,2026-07-30 14:35:41 UTC,0,play_store,very rude behaviour and delay in service,rude behaviour delay service,True,unclear,coverage_or_eta,,category or barrier cues without clear funnel stage
wows it's amazing 👏 😍,5,2026-07-30 14:34:11 UTC,0,play_store,wows it's amazing 👏 😍,wow amaze,False,noise,,,no category-exploration signal
bahut badiya he,5,2026-07-30 14:33:37 UTC,0,play_store,bahut badiya he,bahut badiya,False,noise,,,no category-exploration signal
Very nice product quality,5,2026-07-30 14:33:02 UTC,0,play_store,Very nice product quality,nice product quality,True,want_to_explore_blocked,dont_trust_quality_for_new_category,,intent or category talk with friction/barrier cues
very nice 🙂,5,2026-07-30 14:32:38 UTC,0,play_store,very nice 🙂,nice,False,noise,,,no category-exploration signal
always delevering on time but some time it is delayed 👍,4,2026-07-30 14:31:58 UTC,0,play_store,always delevering on time but some time it is delayed 👍,always delevering time time delay,True,stuck_in_routine,coverage_or_eta,,routine/reorder language without exploration intent
Awesome ness + Faster,5,2026-07-30 14:31:02 UTC,0,play_store,Awesome ness + Faster,awesome ness faster,False,noise,,,short generic praise/complaint without category cues
cod not available in my number 😞,4,2026-07-30 14:30:51 UTC,0,play_store,cod not available in my number 😞,cod available number,True,want_to_explore_blocked,coverage_or_eta|assortment_gap,,intent or category talk with friction/barrier cues
"Thank you for demonstrating that ""customer support"" and ""customer resolution"" are apparently separate departments. My experience suggests that following policy has taken priority over applying basic judgment to solve a straightforward issue. If the current process prevents your support team from exercising common sense, it may be worth reviewing the policy rather than expecting customers to accept an avoidable poor experience. I hope this feedback reaches someone empowered to improve the system.",1,2026-07-30 14:29:51 UTC,0,play_store,"Thank you for demonstrating that ""customer support"" and ""customer resolution"" are apparently separate departments. My experience suggests that following policy has taken priority over applying basic judgment to solve a straightforward issue. If the current process prevents your support team from exercising common sense, it may be worth reviewing the policy rather than expecting customers to accept an avoidable poor experience. I hope this feedback reaches someone empowered to improve the system.",thank demonstrate customer support customer resolution apparently separate department experience suggest follow policy take priority apply basic judgment solve straightforward issue current process prevents support team exercise common sense may worth review policy rather expect customer accept avoidable poor experience hope feedback reach someone empower improve system,False,noise,,,no category-exploration signal
"Extremely disappointed with this app. Since yesterday, every time I try to place an order, it shows ""Currently unavailable. We can't accept your order right now due to high demand."" If you can't handle the demand, don't let customers spend time adding products to their cart. This is a terrible user experience. There is no proper explanation, no estimated time, and no solution provided. Please fix your servers or stop showing unavailable services. Very frustrating and a complete waste of time.",1,2026-07-30 14:27:44 UTC,1,play_store,"Extremely disappointed with this app. Since yesterday, every time I try to place an order, it shows ""Currently unavailable. We can't accept your order right now due to high demand."" If you can't handle the demand, don't let customers spend time adding products to their cart. This is a terrible user experience. There is no proper explanation, no estimated time, and no solution provided. Please fix your servers or stop showing unavailable services. Very frustrating and a complete waste of time.",extremely disappointed app since yesterday every time try place order show currently unavailable cant accept order right due high demand cant handle demand dont let customer spend time add product cart terrible user experience proper explanation estimate time solution provide please fix server stop show unavailable service frustrate complete waste time,False,noise,,,no category-exploration signal
Just getting additional 65 rupees charge from past few days anytime i try to order something,1,2026-07-30 14:27:41 UTC,0,play_store,Just getting additional 65 rupees charge from past few days anytime i try to order something,get additional 65 rupee charge past day anytime try order something,False,noise,,,no category-exploration signal
charging very high for delivery,1,2026-07-30 14:27:21 UTC,0,play_store,charging very high for delivery,charge high delivery,False,noise,,,no category-exploration signal
it is nice and comfortable in returning as well,5,2026-07-30 14:26:06 UTC,0,play_store,it is nice and comfortable in returning as well,nice comfortable return well,True,want_to_explore_blocked,dont_trust_quality_for_new_category,,intent or category talk with friction/barrier cues
nice experience,5,2026-07-30 14:25:08 UTC,0,play_store,nice experience,nice experience,False,noise,,,no category-exploration signal
"Amazing app! Super fast delivery, easy to use, and the products always arrive in good condition. Highly recommended!😊🤩",5,2026-07-30 14:23:59 UTC,0,play_store,"Amazing app! Super fast delivery, easy to use, and the products always arrive in good condition. Highly recommended!😊🤩",amaze app super fast delivery easy use product always arrive good condition highly recommend,True,stuck_in_routine,,,routine/reorder language without exploration intent
badhiya,5,2026-07-30 14:23:46 UTC,0,play_store,badhiya,badhiya,False,noise,,,no category-exploration signal
customer service is never customer friendly. no election of return policy is considered even if it is blink it mistake,1,2026-07-30 14:23:02 UTC,0,play_store,customer service is never customer friendly. no election of return policy is considered even if it is blink it mistake,customer service never customer friendly election return policy consider even blink mistake,True,want_to_explore_blocked,dont_trust_quality_for_new_category,,intent or category talk with friction/barrier cues
good and simple,5,2026-07-30 14:22:58 UTC,0,play_store,good and simple,good simple,False,noise,,,no category-exploration signal
thank you for your quick service,5,2026-07-30 14:21:08 UTC,0,play_store,thank you for your quick service,thank quick service,False,noise,,,no category-exploration signal
"disgusting , cost showing 36 , at the time of checkout it's showing 94.",1,2026-07-30 14:19:36 UTC,0,play_store,"disgusting , cost showing 36 , at the time of checkout it's showing 94.",disgust cost show 36 time checkout show 94,False,noise,,,no category-exploration signal
the order was not cancel,1,2026-07-30 14:17:14 UTC,0,play_store,the order was not cancel,order cancel,False,noise,,,no category-exploration signal
wrost customer support. delivery of product made in an open pouch with dirty and part missing of an item......delivery boy not listens your complaint and not even customer support as it works only from 9 to 7 and if you need urgently some product.....don't rely on this app....go to any shop nearby......wrost experience i had today.,1,2026-07-30 14:16:38 UTC,0,play_store,wrost customer support. delivery of product made in an open pouch with dirty and part missing of an item......delivery boy not listens your complaint and not even customer support as it works only from 9 to 7 and if you need urgently some product.....don't rely on this app....go to any shop nearby......wrost experience i had today.,wrost customer support delivery product make open pouch dirty part miss itemdelivery boy listen complaint even customer support work 9 7 need urgently productdont rely appgo shop nearbywrost experience today,True,want_to_explore_blocked,assortment_gap,,intent or category talk with friction/barrier cues
Absolutely excellent experience regarding quality of products and delivery.,5,2026-07-30 14:16:25 UTC,0,play_store,Absolutely excellent experience regarding quality of products and delivery.,absolutely excellent experience regard quality product delivery,True,want_to_explore_blocked,dont_trust_quality_for_new_category,,intent or category talk with friction/barrier cues
delivery boy are very rude and unbearable,1,2026-07-30 14:16:04 UTC,0,play_store,delivery boy are very rude and unbearable,delivery boy rude unbearable,False,noise,,,no category-exploration signal
good service fast service,5,2026-07-30 14:13:24 UTC,0,play_store,good service fast service,good service fast service,False,noise,,,no category-exploration signal
"169 dikha rha tha price peanut ka , jab payment ki bari aayi to 171 , to rupay kis chij ka hai , delivery bhi free show kr rha h ,",1,2026-07-30 14:10:25 UTC,0,play_store,"169 dikha rha tha price peanut ka , jab payment ki bari aayi to 171 , to rupay kis chij ka hai , delivery bhi free show kr rha h ,",169 dikha rha tha price peanut ka jab payment ki bari aayi 171 rupay ki chij ka hai delivery bhi free show kr rha h,True,want_to_explore_blocked,price_uncertainty_new_category,grocery,intent or category talk with friction/barrier cues
best 🥰,5,2026-07-30 14:09:53 UTC,0,play_store,best 🥰,best,False,noise,,,no category-exploration signal
"handling Price is high. and no offers. also prices are high compare to Swiggy Instamart, flipkart minutes",1,2026-07-30 14:07:22 UTC,0,play_store,"handling Price is high. and no offers. also prices are high compare to Swiggy Instamart, flipkart minutes",handle price high offer also price high compare swiggy instamart flipkart minute,True,want_to_explore_blocked,price_uncertainty_new_category,grocery,intent or category talk with friction/barrier cues
it's a good job,5,2026-07-30 14:07:16 UTC,0,play_store,it's a good job,good job,False,noise,,,no category-exploration signal
how to sell my product in blink it,4,2026-07-30 14:04:53 UTC,0,play_store,how to sell my product in blink it,sell product blink,False,noise,,,no category-exploration signal
osm service 👍👍👍,5,2026-07-30 14:04:32 UTC,0,play_store,osm service 👍👍👍,osm service,False,noise,,,no category-exploration signal
love this app,5,2026-07-30 14:04:28 UTC,0,play_store,love this app,love app,False,noise,,,no category-exploration signal
"fast delivery,,,,",5,2026-07-30 14:04:06 UTC,0,play_store,"fast delivery,,,,",fast delivery,False,noise,,,no category-exploration signal
excellent service. Blinkit has made my life very easy,5,2026-07-30 14:03:38 UTC,0,play_store,excellent service. Blinkit has made my life very easy,excellent service blinkit make life easy,False,noise,,,no category-exploration signal
wow 😲,5,2026-07-30 14:03:20 UTC,0,play_store,wow 😲,wow,False,noise,,,no category-exploration signal
"just did the first order on the app so don't know how it will go, but the app's interface is good and easy to order",4,2026-07-30 14:03:07 UTC,0,play_store,"just did the first order on the app so don't know how it will go, but the app's interface is good and easy to order",first order app dont know go apps interface good easy order,False,noise,,,no category-exploration signal
best service provider,5,2026-07-30 14:03:04 UTC,0,play_store,best service provider,best service provider,False,noise,,,no category-exploration signal
good app for shopping,5,2026-07-30 14:02:56 UTC,0,play_store,good app for shopping,good app shopping,False,noise,,,short generic praise/complaint without category cues
Love,5,2026-07-30 14:02:32 UTC,0,play_store,Love,love,False,noise,,,no category-exploration signal
Good price,5,2026-07-30 14:02:31 UTC,0,play_store,Good price,good price,True,want_to_explore_blocked,price_uncertainty_new_category,grocery,intent or category talk with friction/barrier cues
very bad at silvassa,1,2026-07-30 14:00:04 UTC,0,play_store,very bad at silvassa,bad silvassa,False,noise,,,no category-exploration signal
very fast and superb app all items are fresh 💗❤️,5,2026-07-30 13:59:25 UTC,0,play_store,very fast and superb app all items are fresh 💗❤️,fast superb app item fresh,True,want_to_explore_blocked,dont_trust_quality_for_new_category,,intent or category talk with friction/barrier cues
charge lete hai bhot or cash on bhi ni hai bhot bar to,1,2026-07-30 13:59:00 UTC,0,play_store,charge lete hai bhot or cash on bhi ni hai bhot bar to,charge lete hai bhot cash bhi ni hai bhot bar,False,noise,,,no category-exploration signal
achhha h bss price high kr deta h kvi kvi,5,2026-07-30 13:58:13 UTC,0,play_store,achhha h bss price high kr deta h kvi kvi,achhha h bss price high kr deta h kvi kvi,True,want_to_explore_blocked,price_uncertainty_new_category,grocery,intent or category talk with friction/barrier cues
⏩ fast,5,2026-07-30 13:58:04 UTC,0,play_store,⏩ fast,fast,False,noise,,,no category-exploration signal
helpful and best services,5,2026-07-30 13:58:03 UTC,0,play_store,helpful and best services,helpful best service,False,noise,,,no category-exploration signal
Very nice platform,5,2026-07-30 13:57:28 UTC,0,play_store,Very nice platform,nice platform,False,noise,,,no category-exploration signal
nice app and delivery person also nice way of talking,5,2026-07-30 13:56:27 UTC,0,play_store,nice app and delivery person also nice way of talking,nice app delivery person also nice way talk,False,noise,,,no category-exploration signal
It's really helpful and i love the fast delivery but there are some products that are not available here and blinkit doesn't provides any service here in bihar so you all gotta do better!,5,2026-07-30 13:56:06 UTC,0,play_store,It's really helpful and i love the fast delivery but there are some products that are not available here and blinkit doesn't provides any service here in bihar so you all gotta do better!,really helpful love fast delivery product available blinkit doesnt provide service bihar get ta good,True,want_to_explore_blocked,coverage_or_eta|assortment_gap,,intent or category talk with friction/barrier cues
zero costomer assisting...,1,2026-07-30 13:56:03 UTC,0,play_store,zero costomer assisting...,zero costomer assist,False,noise,,,no category-exploration signal
thanks blinkit,5,2026-07-30 13:54:34 UTC,1,play_store,thanks blinkit,thanks blinkit,False,noise,,,no category-exploration signal
customer service is 1000/10 😍😍,5,2026-07-30 13:53:59 UTC,0,play_store,customer service is 1000/10 😍😍,customer service 100010,False,noise,,,no category-exploration signal
Fraud people,1,2026-07-30 13:50:02 UTC,0,play_store,Fraud people,fraud people,False,noise,,,no category-exploration signal
High demand charge of 30 rs is not acceptable,2,2026-07-30 13:49:15 UTC,0,play_store,High demand charge of 30 rs is not acceptable,high demand charge 30 r acceptable,False,noise,,,no category-exploration signal
my experience with blinkit has been exceptionally well.. thanks for the wonderful service!,5,2026-07-30 13:48:52 UTC,0,play_store,my experience with blinkit has been exceptionally well.. thanks for the wonderful service!,experience blinkit exceptionally well thanks wonderful service,False,noise,,,no category-exploration signal
its very nice and good application,5,2026-07-30 13:48:03 UTC,1,play_store,its very nice and good application,nice good application,False,noise,,,no category-exploration signal
delivery is good 😊,4,2026-07-30 13:46:33 UTC,0,play_store,delivery is good 😊,delivery good,False,noise,,,no category-exploration signal
amul milk was not fresh on warming the milk as soon as it was received it started curdling,1,2026-07-30 13:46:22 UTC,0,play_store,amul milk was not fresh on warming the milk as soon as it was received it started curdling,amul milk fresh warm milk soon receive started curdling,True,want_to_explore_blocked,dont_trust_quality_for_new_category,grocery,intent or category talk with friction/barrier cues
best 👍🏻,5,2026-07-30 13:44:46 UTC,0,play_store,best 👍🏻,best,False,noise,,,no category-exploration signal
dikhata kuchh hai aur bhj kuchh deta hai,1,2026-07-30 13:39:44 UTC,0,play_store,dikhata kuchh hai aur bhj kuchh deta hai,dikhata kuchh hai aur bhj kuchh deta hai,False,noise,,,no category-exploration signal
very very nice my time is save,4,2026-07-30 13:37:57 UTC,0,play_store,very very nice my time is save,nice time save,False,noise,,,no category-exploration signal
THIS IS VERY GOOD APP THATS LIKE FOOD MEAL EVERYONE INSTALLED THIS APP,5,2026-07-30 13:37:49 UTC,0,play_store,THIS IS VERY GOOD APP THATS LIKE FOOD MEAL EVERYONE INSTALLED THIS APP,good app thats like food meal everyone instal app,False,noise,,,no category-exploration signal
Nice dilivery boy,5,2026-07-30 13:37:27 UTC,0,play_store,Nice dilivery boy,nice dilivery boy,False,noise,,,no category-exploration signal
very fast and affordable,5,2026-07-30 13:37:03 UTC,0,play_store,very fast and affordable,fast affordable,False,noise,,,no category-exploration signal
overpriced,1,2026-07-30 13:36:12 UTC,0,play_store,overpriced,overprice,True,want_to_explore_blocked,price_uncertainty_new_category,grocery,intent or category talk with friction/barrier cues
sab kuch accha hai par discount nahi milta quantity Saman mangwane par,4,2026-07-30 13:35:31 UTC,0,play_store,sab kuch accha hai par discount nahi milta quantity Saman mangwane par,sab kuch accha hai par discount nahi milta quantity saman mangwane par,False,noise,,,no category-exploration signal
so cute,5,2026-07-30 13:33:57 UTC,0,play_store,so cute,cute,False,noise,,,no category-exploration signal
hedling charge high price to high,1,2026-07-30 13:33:24 UTC,0,play_store,hedling charge high price to high,hedling charge high price high,True,want_to_explore_blocked,price_uncertainty_new_category,grocery,intent or category talk with friction/barrier cues
there were free gifts and superfast deliveries I love this app there were not any ads,5,2026-07-30 13:31:59 UTC,0,play_store,there were free gifts and superfast deliveries I love this app there were not any ads,free gift superfast delivery love app ad,False,noise,,,no category-exploration signal
good service and product,5,2026-07-30 13:31:45 UTC,0,play_store,good service and product,good service product,False,noise,,,no category-exploration signal
showing before order 4 mins only but after order it will 20 mins,1,2026-07-30 13:31:21 UTC,0,play_store,showing before order 4 mins only but after order it will 20 mins,show order 4 min order 20 min,False,noise,,,no category-exploration signal
"used to be good, now you've changed bro",1,2026-07-30 13:30:54 UTC,0,play_store,"used to be good, now you've changed bro",use good youve change bro,False,noise,,,no category-exploration signal
nice but rate little bit less,5,2026-07-30 13:30:09 UTC,0,play_store,nice but rate little bit less,nice rate little bit less,False,noise,,,no category-exploration signal
excellent discounts,5,2026-07-30 13:30:00 UTC,1,play_store,excellent discounts,excellent discount,False,noise,,,no category-exploration signal
I ordered some raisins once and they were black instead of their original colour and when i tried to return them they said they cannot help me with my request. Please try to fix your return system blinkit. Everything else in the app is actually VERY impressive. I use this app to order plenty of items and they come very fast.,4,2026-07-30 13:29:23 UTC,0,play_store,I ordered some raisins once and they were black instead of their original colour and when i tried to return them they said they cannot help me with my request. Please try to fix your return system blinkit. Everything else in the app is actually VERY impressive. I use this app to order plenty of items and they come very fast.,ordered raisin black instead original colour try return say help request please try fix return system blinkit everything else app actually impressive use app order plenty item come fast,True,want_to_explore_blocked,dont_trust_quality_for_new_category,,intent or category talk with friction/barrier cues
Mere oder return le gye par payment abhi tak nhi aaye,1,2026-07-30 13:28:30 UTC,0,play_store,Mere oder return le gye par payment abhi tak nhi aaye,mere oder return le gye par payment abhi tak nhi aaye,True,want_to_explore_blocked,dont_trust_quality_for_new_category,,intent or category talk with friction/barrier cues
ita my first order so far it is good to use let's see,5,2026-07-30 13:28:19 UTC,0,play_store,ita my first order so far it is good to use let's see,ita first order far good use let see,False,noise,,,no category-exploration signal
Best delivery app,5,2026-07-30 13:28:12 UTC,1,play_store,Best delivery app,best delivery app,False,noise,,,no category-exploration signal
good service any time 🙏🙏,5,2026-07-30 13:26:46 UTC,0,play_store,good service any time 🙏🙏,good service time,False,noise,,,no category-exploration signal
door step delivery without single call,5,2026-07-30 13:24:35 UTC,0,play_store,door step delivery without single call,door step delivery without single call,False,noise,,,no category-exploration signal
COD option is not available after i cancelled my order bad service bad app,1,2026-07-30 13:24:30 UTC,0,play_store,COD option is not available after i cancelled my order bad service bad app,cod option available cancelled order bad service bad app,True,want_to_explore_blocked,coverage_or_eta|assortment_gap,,intent or category talk with friction/barrier cues
Awesome services..,4,2026-07-30 13:23:14 UTC,1,play_store,Awesome services..,awesome service,False,noise,,,short generic praise/complaint without category cues
very trusted app i am aprishiated,5,2026-07-30 13:23:11 UTC,0,play_store,very trusted app i am aprishiated,trust app aprishiated,True,want_to_explore_blocked,dont_trust_quality_for_new_category,,intent or category talk with friction/barrier cues
convient n hassle free,5,2026-07-30 13:21:51 UTC,0,play_store,convient n hassle free,convient n hassle free,False,noise,,,no category-exploration signal
very useful app,5,2026-07-30 13:18:57 UTC,0,play_store,very useful app,useful app,False,noise,,,no category-exploration signal
"accha app h easily har chij mil jati ghar pr baithe baithe, sath hi fresh chij milti h thanku hamari life ko thoda or aasan banane ke liye😇",5,2026-07-30 13:16:50 UTC,0,play_store,"accha app h easily har chij mil jati ghar pr baithe baithe, sath hi fresh chij milti h thanku hamari life ko thoda or aasan banane ke liye😇",accha app h easily har chij mil jati ghar pr baithe baithe sath hi fresh chij milti h thanku hamari life ko thoda aasan banane ke liye,True,want_to_explore_blocked,dont_trust_quality_for_new_category,,intent or category talk with friction/barrier cues
extremely good. and keeps getting better by the day!! 👍,5,2026-07-30 13:15:52 UTC,0,play_store,extremely good. and keeps getting better by the day!! 👍,extremely good keep get well day,False,noise,,,no category-exploration signal
it is very nice app,5,2026-07-30 13:15:14 UTC,0,play_store,it is very nice app,nice app,False,noise,,,no category-exploration signal
delevery on time 🙂,5,2026-07-30 13:15:03 UTC,0,play_store,delevery on time 🙂,delevery time,False,noise,,,no category-exploration signal
delivers worst product,1,2026-07-30 13:14:27 UTC,0,play_store,delivers worst product,delivers worst product,False,noise,,,no category-exploration signal
good service blinkit,5,2026-07-30 13:13:01 UTC,0,play_store,good service blinkit,good service blinkit,False,noise,,,no category-exploration signal
mast hai re baba😜,5,2026-07-30 13:11:48 UTC,0,play_store,mast hai re baba😜,mast hai baba,False,noise,,,no category-exploration signal
"★☆ Very poor customer service I had to request an exchange for a mistaken order. The product was sealed and unused. But Blinkit customer care was not helpful at all. Responses are delayed, unclear.No proper resolution and no option to talk to a supervisor. Delivery is fast but support is terrible. Really disappointed. Please improve your customer service.",1,2026-07-30 13:10:31 UTC,0,play_store,"★☆ Very poor customer service I had to request an exchange for a mistaken order. The product was sealed and unused. But Blinkit customer care was not helpful at all. Responses are delayed, unclear.No proper resolution and no option to talk to a supervisor. Delivery is fast but support is terrible. Really disappointed. Please improve your customer service.",poor customer service request exchange mistaken order product seal unused blinkit customer care helpful response delay unclearno proper resolution option talk supervisor delivery fast support terrible really disappointed please improve customer service,True,unclear,coverage_or_eta,,category or barrier cues without clear funnel stage
wrust app,1,2026-07-30 13:10:12 UTC,0,play_store,wrust app,wrust app,False,noise,,,no category-exploration signal
very good aap Thank you much blinkit,5,2026-07-30 13:09:33 UTC,0,play_store,very good aap Thank you much blinkit,good aap thank much blinkit,False,noise,,,no category-exploration signal
fantastic and super fast delivery 👌,5,2026-07-30 13:09:11 UTC,0,play_store,fantastic and super fast delivery 👌,fantastic super fast delivery,False,noise,,,no category-exploration signal
👌 excellent service,5,2026-07-30 13:08:47 UTC,0,play_store,👌 excellent service,excellent service,False,noise,,,short generic praise/complaint without category cues
best service all app,5,2026-07-30 13:08:37 UTC,0,play_store,best service all app,best service app,False,noise,,,no category-exploration signal
PLEASE CHANGE FOR COD AMOUNT 🙏 CAN'T BUY IN 1500 LIMIT ...,1,2026-07-30 13:05:04 UTC,0,play_store,PLEASE CHANGE FOR COD AMOUNT 🙏 CAN'T BUY IN 1500 LIMIT ...,please change cod amount cant buy 1500 limit,False,noise,,,no category-exploration signal
order in this area is pathetically delayed,2,2026-07-30 13:04:22 UTC,0,play_store,order in this area is pathetically delayed,order area pathetically delay,True,unclear,coverage_or_eta,,category or barrier cues without clear funnel stage
super 👌,5,2026-07-30 13:02:18 UTC,0,play_store,super 👌,super,False,noise,,,short generic praise/complaint without category cues
exlent,4,2026-07-30 13:01:56 UTC,0,play_store,exlent,exlent,False,noise,,,no category-exploration signal
"Customer service is worst here. There is no response on the enquiry on chatbox, and when contacted via mail, they have no resolution or answers regarding there damaged product delivery, even when thy especially mention 72 hours replacement available for the item. I have worst experience on this app. Please beware of their product and their services.",1,2026-07-30 13:01:06 UTC,0,play_store,"Customer service is worst here. There is no response on the enquiry on chatbox, and when contacted via mail, they have no resolution or answers regarding there damaged product delivery, even when thy especially mention 72 hours replacement available for the item. I have worst experience on this app. Please beware of their product and their services.",customer service bad response enquiry chatbox contact via mail resolution answer regard damage product delivery even thy especially mention 72 hour replacement available item bad experience app please beware product service,True,want_to_explore_blocked,dont_trust_quality_for_new_category,,intent or category talk with friction/barrier cues
best service.,5,2026-07-30 12:58:01 UTC,0,play_store,best service.,best service,False,noise,,,no category-exploration signal
I am happy,5,2026-07-30 12:57:35 UTC,0,play_store,I am happy,happy,False,noise,,,no category-exploration signal
"Really very good and fast service, Keep it up with smiles 😊",5,2026-07-30 12:56:56 UTC,0,play_store,"Really very good and fast service, Keep it up with smiles 😊",really good fast service keep smile,False,noise,,,no category-exploration signal
"Absolutely loved the service Lightning-fast delivery, excellent product quality, and a smooth ordering experience from start to finish. Blinkit never disappoints. Keep up the fantastic work",5,2026-07-30 12:56:45 UTC,0,play_store,"Absolutely loved the service Lightning-fast delivery, excellent product quality, and a smooth ordering experience from start to finish. Blinkit never disappoints. Keep up the fantastic work",absolutely love service lightningfast delivery excellent product quality smooth order experience start finish blinkit never disappoint keep fantastic work,True,want_to_explore_blocked,dont_trust_quality_for_new_category,,intent or category talk with friction/barrier cues
okay good,3,2026-07-30 12:53:16 UTC,0,play_store,okay good,okay good,False,noise,,,short generic praise/complaint without category cues
Nice 👌 and so fast 🏃‍♀️,5,2026-07-30 12:52:45 UTC,0,play_store,Nice 👌 and so fast 🏃‍♀️,nice fast,False,noise,,,no category-exploration signal
the order has been delayed waay too much,1,2026-07-30 12:51:20 UTC,0,play_store,the order has been delayed waay too much,order delay waay much,True,unclear,coverage_or_eta,,category or barrier cues without clear funnel stage
most best website no scams at all Loved so much😊☺️,5,2026-07-30 12:51:13 UTC,0,play_store,most best website no scams at all Loved so much😊☺️,best website scam love much,False,noise,,,no category-exploration signal
Products are FIVE STAR & DELIVERED ON TIME. SOME OF YOUR DELIVERY EXECUTIVES ARE RUDE & NOT COOPERATIVE.,3,2026-07-30 12:49:10 UTC,1,play_store,Products are FIVE STAR & DELIVERED ON TIME. SOME OF YOUR DELIVERY EXECUTIVES ARE RUDE & NOT COOPERATIVE.,product five star deliver time delivery executive rude cooperative,False,noise,,,no category-exploration signal
Great app,5,2026-07-30 12:45:10 UTC,0,play_store,Great app,great app,False,noise,,,no category-exploration signal
nice and helpful,5,2026-07-30 12:45:02 UTC,0,play_store,nice and helpful,nice helpful,False,noise,,,no category-exploration signal
They don't send disposable spoons with items that actually require them—is one supposed to stick a finger in and eat it?,1,2026-07-30 12:44:18 UTC,1,play_store,They don't send disposable spoons with items that actually require them—is one supposed to stick a finger in and eat it?,dont send disposable spoon item actually require one suppose stick finger eat,False,noise,,,no category-exploration signal
Price too much but it's good,3,2026-07-30 12:44:00 UTC,0,play_store,Price too much but it's good,price much good,True,want_to_explore_blocked,price_uncertainty_new_category,grocery,intent or category talk with friction/barrier cues
why handling fee,1,2026-07-30 12:43:04 UTC,0,play_store,why handling fee,handle fee,False,noise,,,no category-exploration signal
not delivered to product 😠😡,1,2026-07-30 12:40:44 UTC,1,play_store,not delivered to product 😠😡,deliver product,False,noise,,,no category-exploration signal
great app♥️,5,2026-07-30 12:37:34 UTC,0,play_store,great app♥️,great app,False,noise,,,no category-exploration signal
very good 👍🏻 👏🏻,5,2026-07-30 12:35:00 UTC,0,play_store,very good 👍🏻 👏🏻,good,False,noise,,,no category-exploration signal
life saver,5,2026-07-30 12:34:45 UTC,0,play_store,life saver,life saver,False,noise,,,no category-exploration signal
more difficult to find exact location 😕,4,2026-07-30 12:34:42 UTC,0,play_store,more difficult to find exact location 😕,difficult find exact location,True,unclear,coverage_or_eta,,category or barrier cues without clear funnel stage
order fast kro,5,2026-07-30 12:31:35 UTC,0,play_store,order fast kro,order fast kro,False,noise,,,no category-exploration signal
'Help' is not accessible to the user easily. 30/July/2026. Still as hopeless as ever.,1,2026-07-30 12:25:48 UTC,0,play_store,'Help' is not accessible to the user easily. 30/July/2026. Still as hopeless as ever.,help accessible user easily 30july2026 still hopeless ever,False,noise,,,no category-exploration signal
good service 👍😎,5,2026-07-30 12:25:32 UTC,0,play_store,good service 👍😎,good service,False,noise,,,no category-exploration signal
all items are good 👍,5,2026-07-30 12:24:53 UTC,0,play_store,all items are good 👍,item good,False,noise,,,no category-exploration signal
wow,5,2026-07-30 12:23:05 UTC,0,play_store,wow,wow,False,noise,,,no category-exploration signal
too exorbitant,1,2026-07-30 12:20:56 UTC,0,play_store,too exorbitant,exorbitant,False,noise,,,no category-exploration signal
best sarvice,5,2026-07-30 12:18:27 UTC,0,play_store,best sarvice,best sarvice,False,noise,,,no category-exploration signal
customer support khrab hai,1,2026-07-30 12:18:01 UTC,0,play_store,customer support khrab hai,customer support khrab hai,False,noise,,,no category-exploration signal
wrong delivery,1,2026-07-30 12:16:45 UTC,0,play_store,wrong delivery,wrong delivery,False,noise,,,no category-exploration signal
very fast,5,2026-07-30 12:14:47 UTC,0,play_store,very fast,fast,False,noise,,,no category-exploration signal
very good and fast delivery👍💗,5,2026-07-30 12:12:54 UTC,0,play_store,very good and fast delivery👍💗,good fast delivery,False,noise,,,no category-exploration signal
good but slightly costly,4,2026-07-30 12:11:26 UTC,0,play_store,good but slightly costly,good slightly costly,True,want_to_explore_blocked,price_uncertainty_new_category,,intent or category talk with friction/barrier cues
"IT'S A VERY good app, the only problem is about the location sometimes I have to tell the location to the delivery boy several times good app nice app and the second problem is they aren't keeping the small packet like If I want to buy chips and I want a 10 rupee packet it's not available !!! it's not good challlooo baaki overall good",4,2026-07-30 12:11:19 UTC,0,play_store,"IT'S A VERY good app, the only problem is about the location sometimes I have to tell the location to the delivery boy several times good app nice app and the second problem is they aren't keeping the small packet like If I want to buy chips and I want a 10 rupee packet it's not available !!! it's not good challlooo baaki overall good",good app problem location sometimes tell location delivery boy several time good app nice app second problem arent keep small packet like want buy chip want 10 rupee packet available good challlooo baaki overall good,True,want_to_explore_blocked,coverage_or_eta|assortment_gap,snacks,intent or category talk with friction/barrier cues
very good experience 👌,5,2026-07-30 12:11:03 UTC,0,play_store,very good experience 👌,good experience,False,noise,,,no category-exploration signal
Good nice 👍🏻 👍🏻,5,2026-07-30 12:10:30 UTC,0,play_store,Good nice 👍🏻 👍🏻,good nice,False,noise,,,no category-exploration signal
very quick and reliable service.,5,2026-07-30 12:10:19 UTC,0,play_store,very quick and reliable service.,quick reliable service,False,noise,,,no category-exploration signal
"Good,More use AI",5,2026-07-30 12:08:02 UTC,0,play_store,"Good,More use AI",goodmore use ai,False,noise,,,no category-exploration signal
best e commerce company and you got under 30 min order products to order from Blinkit,5,2026-07-30 12:07:09 UTC,0,play_store,best e commerce company and you got under 30 min order products to order from Blinkit,best e commerce company get 30 min order product order blinkit,False,noise,,,no category-exploration signal
goodies really good website,5,2026-07-30 12:06:49 UTC,0,play_store,goodies really good website,goody really good website,False,noise,,,no category-exploration signal
ya log bat nahi sunta hai .enko bas apna order ki pardi rehti hai .,1,2026-07-30 12:04:43 UTC,0,play_store,ya log bat nahi sunta hai .enko bas apna order ki pardi rehti hai .,ya log bat nahi sunta hai enko ba apna order ki pardi rehti hai,False,noise,,,no category-exploration signal
ghatiya,1,2026-07-30 12:00:40 UTC,0,play_store,ghatiya,ghatiya,False,noise,,,no category-exploration signal
best best best best app,5,2026-07-30 12:00:08 UTC,0,play_store,best best best best app,best best best best app,False,noise,,,no category-exploration signal
"exceptional service , thoroughly impressed.",5,2026-07-30 11:55:57 UTC,0,play_store,"exceptional service , thoroughly impressed.",exceptional service thoroughly impressed,False,noise,,,no category-exploration signal
the app is so smooth and easily to take the order l love the app,5,2026-07-30 11:54:45 UTC,0,play_store,the app is so smooth and easily to take the order l love the app,app smooth easily take order l love app,False,noise,,,no category-exploration signal
delivery timing is good 👍🏻,5,2026-07-30 11:54:16 UTC,0,play_store,delivery timing is good 👍🏻,delivery timing good,False,noise,,,no category-exploration signal
bad,1,2026-07-30 11:51:22 UTC,0,play_store,bad,bad,False,noise,,,no category-exploration signal
add more address in your app for right location,4,2026-07-30 11:50:40 UTC,0,play_store,add more address in your app for right location,add address app right location,True,unclear,coverage_or_eta,,category or barrier cues without clear funnel stage
fraud and duplicate item send,1,2026-07-30 11:49:26 UTC,0,play_store,fraud and duplicate item send,fraud duplicate item send,False,noise,,,no category-exploration signal
worth it price! appreciable 😻🎀,5,2026-07-30 11:44:51 UTC,0,play_store,worth it price! appreciable 😻🎀,worth price appreciable,True,want_to_explore_blocked,price_uncertainty_new_category,grocery,intent or category talk with friction/barrier cues
why always take handling charges 😞 bad,3,2026-07-30 11:44:37 UTC,0,play_store,why always take handling charges 😞 bad,always take handling charge bad,True,want_to_explore_blocked,price_uncertainty_new_category,,intent or category talk with friction/barrier cues
item is so bad,1,2026-07-30 11:42:25 UTC,0,play_store,item is so bad,item bad,False,noise,,,no category-exploration signal
Fastest & Genuine delivery app.,5,2026-07-30 11:39:08 UTC,0,play_store,Fastest & Genuine delivery app.,fast genuine delivery app,False,noise,,,no category-exploration signal
cheep products they sell expiry products and also hides the expiry date,1,2026-07-30 11:36:52 UTC,0,play_store,cheep products they sell expiry products and also hides the expiry date,cheep product sell expiry product also hide expiry date,False,noise,,,no category-exploration signal
good👍👍👍👍,5,2026-07-30 11:33:10 UTC,0,play_store,good👍👍👍👍,good,False,noise,,,no category-exploration signal
Noice,5,2026-07-30 11:31:22 UTC,0,play_store,Noice,noice,False,noise,,,no category-exploration signal
it's very good 👍😊,5,2026-07-30 11:31:18 UTC,0,play_store,it's very good 👍😊,good,False,noise,,,no category-exploration signal
💯💯,5,2026-07-30 11:30:53 UTC,0,play_store,💯💯,💯💯,False,noise,,,no category-exploration signal
"Hi Blinkit team, I would like to suggest a new feature where customers can transfer money through the app and request delivery of physical cash to their doorstep for a service fee. This could help people who need emergency cash and cannot access an ATM. I believe this would be a valuable addition to your platform.",5,2026-07-30 11:29:59 UTC,0,play_store,"Hi Blinkit team, I would like to suggest a new feature where customers can transfer money through the app and request delivery of physical cash to their doorstep for a service fee. This could help people who need emergency cash and cannot access an ATM. I believe this would be a valuable addition to your platform.",hi blinkit team would like suggest new feature customer transfer money app request delivery physical cash doorstep service fee could help people need emergency cash access atm believe would valuable addition platform,False,noise,,,no category-exploration signal
very unhelpful on returns of products and refuse to take responsibility,1,2026-07-30 11:28:22 UTC,1,play_store,very unhelpful on returns of products and refuse to take responsibility,unhelpful return product refuse take responsibility,True,want_to_explore_blocked,dont_trust_quality_for_new_category,,intent or category talk with friction/barrier cues
👌,5,2026-07-30 11:26:34 UTC,0,play_store,👌,👌,False,noise,,,no category-exploration signal
Cash on delivery not available,1,2026-07-30 11:22:22 UTC,0,play_store,Cash on delivery not available,cash delivery available,True,want_to_explore_blocked,coverage_or_eta|assortment_gap,,intent or category talk with friction/barrier cues
"My experience with blinkit was nice, the delivery partners had a very polite behaviour and professional attitude, expect some (1-2), beyond that service was nice and fast, product came clean and the paper bags were also good. But in Srinagar, blinkit does have much options currently. And also it takes them a lot of time to restock items, hope this issues resolves in future.",4,2026-07-30 11:20:23 UTC,0,play_store,"My experience with blinkit was nice, the delivery partners had a very polite behaviour and professional attitude, expect some (1-2), beyond that service was nice and fast, product came clean and the paper bags were also good. But in Srinagar, blinkit does have much options currently. And also it takes them a lot of time to restock items, hope this issues resolves in future.",experience blinkit nice delivery partner polite behaviour professional attitude expect 12 beyond service nice fast product come clean paper bag also good srinagar blinkit much option currently also take lot time restock item hope issue resolve future,False,noise,,,no category-exploration signal
good 👍🏻😊,5,2026-07-30 11:20:01 UTC,0,play_store,good 👍🏻😊,good,False,noise,,,no category-exploration signal
best Groceries and service fast delivery,5,2026-07-30 11:18:15 UTC,0,play_store,best Groceries and service fast delivery,best grocery service fast delivery,False,noise,,,no category-exploration signal
expire food,1,2026-07-30 11:17:32 UTC,0,play_store,expire food,expire food,False,noise,,,no category-exploration signal
👌🏻,5,2026-07-30 11:16:53 UTC,0,play_store,👌🏻,👌🏻,False,noise,,,no category-exploration signal
helpfull and great service.,5,2026-07-30 11:15:41 UTC,0,play_store,helpfull and great service.,helpfull great service,False,noise,,,no category-exploration signal
I am becoming lazzzyy.....,5,2026-07-30 11:15:39 UTC,0,play_store,I am becoming lazzzyy.....,become lazzzyy,False,noise,,,no category-exploration signal
all delivary no free,1,2026-07-30 11:15:28 UTC,0,play_store,all delivary no free,delivary free,False,noise,,,no category-exploration signal
Very fast deu & Very nice Cwality I am very happy,5,2026-07-30 11:14:31 UTC,0,play_store,Very fast deu & Very nice Cwality I am very happy,fast deu nice cwality happy,False,noise,,,no category-exploration signal
taking a surge amount every time,1,2026-07-30 11:12:23 UTC,0,play_store,taking a surge amount every time,take surge amount every time,True,want_to_explore_blocked,price_uncertainty_new_category,,intent or category talk with friction/barrier cues
"Do not send paper bags, send only plastic bags. You charged Delivery Charges Only. But other platforms charged many things and i have to make sure for any new charges for every order COD, rain, sun, water logging, congestion, traffic jam etc. Finally I uninstall all other platforms and have blinkit only",5,2026-07-30 11:11:22 UTC,0,play_store,"Do not send paper bags, send only plastic bags. You charged Delivery Charges Only. But other platforms charged many things and i have to make sure for any new charges for every order COD, rain, sun, water logging, congestion, traffic jam etc. Finally I uninstall all other platforms and have blinkit only",send paper bag send plastic bag charge delivery charge platforms charge many thing make sure new charge every order cod rain sun water log congestion traffic jam etc finally uninstall platform blinkit,False,noise,,,no category-exploration signal
delivery is so good,4,2026-07-30 11:09:17 UTC,0,play_store,delivery is so good,delivery good,False,noise,,,no category-exploration signal
awesome delivery service... not even big countries like russia and usa have such a sped up service... thanks,5,2026-07-30 11:07:46 UTC,0,play_store,awesome delivery service... not even big countries like russia and usa have such a sped up service... thanks,awesome delivery service even big country like russia usa speed service thanks,False,noise,,,no category-exploration signal
very 👍🏻 nice 🙂 app🌲,5,2026-07-30 11:07:35 UTC,0,play_store,very 👍🏻 nice 🙂 app🌲,nice app,False,noise,,,no category-exploration signal
"this aap was really good , I'm very satisfied with this aap 👍🏻",5,2026-07-30 11:07:18 UTC,0,play_store,"this aap was really good , I'm very satisfied with this aap 👍🏻",aap really good im satisfy aap,False,noise,,,no category-exploration signal
😍,5,2026-07-30 11:06:16 UTC,0,play_store,😍,😍,False,noise,,,no category-exploration signal
deliveries were not accurate,1,2026-07-30 11:04:44 UTC,0,play_store,deliveries were not accurate,delivery accurate,False,noise,,,no category-exploration signal
"I had a very disappointing experience with Blinkit. I ordered a boAt Stone 350 Pro Bluetooth Speaker, but I received a different Bluetooth speaker. I reported the issue immediately and shared all the requested photos and videos. Despite multiple follow-ups, my request for a replacement or refund was rejected after their investigation. Based on my experience, I would be very cautious about ordering electronic items from Blinkit until stronger customer protection measures, such as open-box verific",1,2026-07-30 11:03:55 UTC,0,play_store,"I had a very disappointing experience with Blinkit. I ordered a boAt Stone 350 Pro Bluetooth Speaker, but I received a different Bluetooth speaker. I reported the issue immediately and shared all the requested photos and videos. Despite multiple follow-ups, my request for a replacement or refund was rejected after their investigation. Based on my experience, I would be very cautious about ordering electronic items from Blinkit until stronger customer protection measures, such as open-box verific",disappointing experience blinkit order boat stone 350 pro bluetooth speaker receive different bluetooth speaker report issue immediately share request photo video despite multiple followup request replacement refund reject investigation base experience would cautious order electronic item blinkit strong customer protection measure openbox verific,True,want_to_explore_blocked,dont_trust_quality_for_new_category,,intent or category talk with friction/barrier cues
"My refund has still not been credited to my account, and I couldn't find any contact number for your support team. How will my issue be resolved? How can I get my refund back?",1,2026-07-30 11:01:50 UTC,0,play_store,"My refund has still not been credited to my account, and I couldn't find any contact number for your support team. How will my issue be resolved? How can I get my refund back?",refund still credit account couldnt find contact number support team issue resolve get refund back,True,want_to_explore_blocked,dont_trust_quality_for_new_category,,intent or category talk with friction/barrier cues
no coupon apply,1,2026-07-30 10:58:35 UTC,0,play_store,no coupon apply,coupon apply,False,noise,,,no category-exploration signal
Nothing To Say it's Word less,5,2026-07-30 10:57:48 UTC,0,play_store,Nothing To Say it's Word less,nothing say word less,False,noise,,,no category-exploration signal
best experience,5,2026-07-30 10:54:37 UTC,0,play_store,best experience,best experience,False,noise,,,no category-exploration signal
this is very helpful app,5,2026-07-30 10:53:08 UTC,0,play_store,this is very helpful app,helpful app,False,noise,,,no category-exploration signal
"i have ordered a list of games and items for my niece on her birthday, I have paid 30 rs for gift packaging, but none of the items came gift wrapped. it's end the surprise. blinkit is earning money by these kinds of tricks.. so bad...will never use it now",1,2026-07-30 10:51:37 UTC,0,play_store,"i have ordered a list of games and items for my niece on her birthday, I have paid 30 rs for gift packaging, but none of the items came gift wrapped. it's end the surprise. blinkit is earning money by these kinds of tricks.. so bad...will never use it now",ordered list game item niece birthday pay 30 r gift package none item come gift wrap end surprise blinkit earn money kind trick badwill never use,False,noise,,,no category-exploration signal
zepto is way better,3,2026-07-30 10:50:00 UTC,0,play_store,zepto is way better,zepto way well,False,noise,,,no category-exploration signal
deliverey fast good product,4,2026-07-30 10:49:05 UTC,0,play_store,deliverey fast good product,deliverey fast good product,False,noise,,,no category-exploration signal
great platform,5,2026-07-30 10:45:04 UTC,0,play_store,great platform,great platform,False,noise,,,no category-exploration signal
delivery is never available when you actually need something.,1,2026-07-30 10:43:46 UTC,0,play_store,delivery is never available when you actually need something.,delivery never available actually need something,False,noise,,,no category-exploration signal
awesome 👌,5,2026-07-30 10:39:01 UTC,0,play_store,awesome 👌,awesome,False,noise,,,short generic praise/complaint without category cues
amazing amazing app...1000prcnt satisfied...Ty blinkit😊,5,2026-07-30 10:35:23 UTC,0,play_store,amazing amazing app...1000prcnt satisfied...Ty blinkit😊,amaze amaze app1000prcnt satisfiedty blinkit,False,noise,,,no category-exploration signal
Unimaginable fast door step reasonable service ever thought of .Especially good for senior citizens. My best wishes For the last few days unable to see balance and profile icon on the right top corner of the app. Reinstalled once but problem again after 2-3 days. Please help. Thanks,4,2026-07-30 10:32:30 UTC,0,play_store,Unimaginable fast door step reasonable service ever thought of .Especially good for senior citizens. My best wishes For the last few days unable to see balance and profile icon on the right top corner of the app. Reinstalled once but problem again after 2-3 days. Please help. Thanks,unimaginable fast door step reasonable service ever think especially good senior citizen best wish last day unable see balance profile icon right top corner app reinstall problem 23 day please help thanks,False,noise,,,no category-exploration signal
og service 🫶🏻🤍,5,2026-07-30 10:32:07 UTC,0,play_store,og service 🫶🏻🤍,og service,False,noise,,,no category-exploration signal
"The delivery boy's behavior was appalling. I have a child at home, so my wife went to receive the order. Since she didn't have an online balance on her phone, she asked him to take a photo of the company's scanner and send it to me so I could make the payment online. The delivery boy retorted, ""If I had known this, I would have cancelled the order beforehand; I don't have that kind of time—you make the payment."" He kept asking inappropriate questions like, ""Why does your husband have to do it?""",1,2026-07-30 10:30:34 UTC,0,play_store,"The delivery boy's behavior was appalling. I have a child at home, so my wife went to receive the order. Since she didn't have an online balance on her phone, she asked him to take a photo of the company's scanner and send it to me so I could make the payment online. The delivery boy retorted, ""If I had known this, I would have cancelled the order beforehand; I don't have that kind of time—you make the payment."" He kept asking inappropriate questions like, ""Why does your husband have to do it?""",delivery boys behavior appal child home wife go receive order since didnt online balance phone ask take photo company scanner send could make payment online delivery boy retort know would cancel order beforehand dont kind time make payment keep ask inappropriate question like husband,True,want_to_explore_blocked,assortment_gap,electronics|home,intent or category talk with friction/barrier cues
products from this app are good but behaviour of delivery partner is so rude they don't have any sense or manners how to talk some of them are good in nature and behaviour some of them are so rude,1,2026-07-30 10:28:51 UTC,0,play_store,products from this app are good but behaviour of delivery partner is so rude they don't have any sense or manners how to talk some of them are good in nature and behaviour some of them are so rude,product app good behaviour delivery partner rude dont sense manner talk good nature behaviour rude,True,want_to_explore_blocked,assortment_gap,,intent or category talk with friction/barrier cues
Very helpful 👌 ☺️,5,2026-07-30 10:27:49 UTC,0,play_store,Very helpful 👌 ☺️,helpful,False,noise,,,no category-exploration signal
best last min app,5,2026-07-30 10:24:48 UTC,0,play_store,best last min app,best last min app,False,noise,,,no category-exploration signal
makes our work easier and less price than market value,5,2026-07-30 10:24:38 UTC,0,play_store,makes our work easier and less price than market value,make work easier less price market value,True,want_to_explore_blocked,price_uncertainty_new_category,grocery,intent or category talk with friction/barrier cues
Blinkit was working in my area till last week but now it is showing as currently unavailable please fix this issue quickly as soon as possible,2,2026-07-30 10:23:46 UTC,0,play_store,Blinkit was working in my area till last week but now it is showing as currently unavailable please fix this issue quickly as soon as possible,blinkit work area till last week show currently unavailable please fix issue quickly soon possible,True,unclear,coverage_or_eta,,category or barrier cues without clear funnel stage
Very easy and fast delivery process if you want something quickly. Love this!!,5,2026-07-30 10:23:01 UTC,0,play_store,Very easy and fast delivery process if you want something quickly. Love this!!,easy fast delivery process want something quickly love,False,noise,,,no category-exploration signal
prices are a bit high compared to different apps,4,2026-07-30 10:19:00 UTC,0,play_store,prices are a bit high compared to different apps,price bit high compare different apps,True,want_to_explore_blocked,price_uncertainty_new_category,grocery,intent or category talk with friction/barrier cues
to much price hike in this platform,1,2026-07-30 10:17:07 UTC,0,play_store,to much price hike in this platform,much price hike platform,True,want_to_explore_blocked,price_uncertainty_new_category,grocery,intent or category talk with friction/barrier cues
you donot give things in a packet,1,2026-07-30 10:15:16 UTC,0,play_store,you donot give things in a packet,donot give thing packet,False,noise,,,no category-exploration signal
Thanks For This Service,5,2026-07-30 10:12:12 UTC,0,play_store,Thanks For This Service,thanks service,False,noise,,,no category-exploration signal
not delivered at my location,2,2026-07-30 10:10:55 UTC,0,play_store,not delivered at my location,deliver location,True,unclear,coverage_or_eta,,category or barrier cues without clear funnel stage
बहुत ही घटिया और 420 भरा आपके कल आपके हाकर का व्यवहार. वह तीन आरेंज जूस के जगह पर दो आरेंज जूस और एक चुता हुआ मिक्स फ्रूट जूस 1 घंटे मे लेकर आया. हमसे बताया की हमारे पास दो ही आरेंज जूस उपलब्ध था. मै कहा की यह बात आडर डिलीवरी के पहले मुझे बतानी चाहिए. इस पर वह कोई सही जबाव नही दे पाया. कृपया हाकर पर अनुशासनात्मक कार्वाही कीजिए की भविष्य मे इस प्रकार का मनमानी नहीं कर सके.,5,2026-07-30 10:09:37 UTC,0,play_store,बहुत ही घटिया और 420 भरा आपके कल आपके हाकर का व्यवहार. वह तीन आरेंज जूस के जगह पर दो आरेंज जूस और एक चुता हुआ मिक्स फ्रूट जूस 1 घंटे मे लेकर आया. हमसे बताया की हमारे पास दो ही आरेंज जूस उपलब्ध था. मै कहा की यह बात आडर डिलीवरी के पहले मुझे बतानी चाहिए. इस पर वह कोई सही जबाव नही दे पाया. कृपया हाकर पर अनुशासनात्मक कार्वाही कीजिए की भविष्य मे इस प्रकार का मनमानी नहीं कर सके.,और 420 कल वह जगह पर और एक 1 यह आडर इस पर वह पर इस कर,False,noise,,,no category-exploration signal
"Terrible interface! The app is really slow and the cart option doesn't expand up once you click on it. If you have added something in the cart, you need to spend 5 to 10 minutes looking for an option to open the cart again. App is really not user friendly! Update: Issue is with the application, not the order or service. Thanks!",1,2026-07-30 10:09:27 UTC,1,play_store,"Terrible interface! The app is really slow and the cart option doesn't expand up once you click on it. If you have added something in the cart, you need to spend 5 to 10 minutes looking for an option to open the cart again. App is really not user friendly! Update: Issue is with the application, not the order or service. Thanks!",terrible interface app really slow cart option doesnt expand click add something cart need spend 5 10 minute look option open cart app really user friendly update issue application order service thanks,False,noise,,,no category-exploration signal
best app store,5,2026-07-30 10:09:16 UTC,0,play_store,best app store,best app store,False,noise,,,short generic praise/complaint without category cues
Great!,5,2026-07-30 10:09:11 UTC,0,play_store,Great!,great,False,noise,,,no category-exploration signal
"Their delivery speed is faster than I thought, thanks Blinkit.",5,2026-07-30 10:03:55 UTC,0,play_store,"Their delivery speed is faster than I thought, thanks Blinkit.",delivery speed faster thought thanks blinkit,False,noise,,,no category-exploration signal
very good experience with blinkit,5,2026-07-30 10:02:53 UTC,0,play_store,very good experience with blinkit,good experience blinkit,False,noise,,,no category-exploration signal
don't take any handling fee It's costly for students and many more people plz consider this problem.,1,2026-07-30 10:02:31 UTC,0,play_store,don't take any handling fee It's costly for students and many more people plz consider this problem.,dont take handle fee costly student many people plz consider problem,True,want_to_explore_blocked,price_uncertainty_new_category,,intent or category talk with friction/barrier cues
very good service for blanket,5,2026-07-30 09:59:32 UTC,0,play_store,very good service for blanket,good service blanket,False,noise,,,no category-exploration signal
"I have ordered for the first time today. Let's see how the experience happens, what is the facility?",4,2026-07-30 09:56:51 UTC,0,play_store,"I have ordered for the first time today. Let's see how the experience happens, what is the facility?",order first time today let see experience happen facility,True,unclear,,,category or barrier cues without clear funnel stage
Very Good And best app for instant ordering without going anywhere thank you so much 🙏😉,5,2026-07-30 09:55:43 UTC,0,play_store,Very Good And best app for instant ordering without going anywhere thank you so much 🙏😉,good best app instant order without go anywhere thank much,False,noise,,,no category-exploration signal
"very fast delivery, just like blink",5,2026-07-30 09:53:26 UTC,0,play_store,"very fast delivery, just like blink",fast delivery like blink,False,noise,,,no category-exploration signal
"My experiences have been highly satisfying. As displayed, at the time of ordering, they deliver within that time - not once or twice, but every time. The quality of the products is also very good. Moreover, in case of any problems, their customer service responds promptly and the resolution is extremely fast.",5,2026-07-30 09:50:53 UTC,0,play_store,"My experiences have been highly satisfying. As displayed, at the time of ordering, they deliver within that time - not once or twice, but every time. The quality of the products is also very good. Moreover, in case of any problems, their customer service responds promptly and the resolution is extremely fast.",experience highly satisfy display time order deliver within time twice every time quality product also good moreover case problem customer service respond promptly resolution extremely fast,True,want_to_explore_blocked,dont_trust_quality_for_new_category,,intent or category talk with friction/barrier cues
Outstanding,5,2026-07-30 09:50:25 UTC,0,play_store,Outstanding,outstanding,False,noise,,,no category-exploration signal
Nice aap . . . .. . .... .. .,5,2026-07-30 09:50:12 UTC,0,play_store,Nice aap . . . .. . .... .. .,nice aap,False,noise,,,no category-exploration signal
very disappointed.. I order item.. and blinkit send very very low product sent.. and i returned.. but they refused...,1,2026-07-30 09:49:48 UTC,0,play_store,very disappointed.. I order item.. and blinkit send very very low product sent.. and i returned.. but they refused...,disappointed order item blinkit send low product sent return refuse,True,want_to_explore_blocked,dont_trust_quality_for_new_category,,intent or category talk with friction/barrier cues
not good,1,2026-07-30 09:49:16 UTC,0,play_store,not good,good,False,noise,,,no category-exploration signal
very useful for working and non working mothers,5,2026-07-30 09:48:20 UTC,0,play_store,very useful for working and non working mothers,useful work non work mother,False,noise,,,no category-exploration signal
"I'd give zero stars if I could. order gets delayed often, sometimes by 45-50 mins. customer support is extremely unhelpful and you're forced to talk to an AI which doesn't understand the concern. better to get some alternative and not this.",1,2026-07-30 09:45:10 UTC,1,play_store,"I'd give zero stars if I could. order gets delayed often, sometimes by 45-50 mins. customer support is extremely unhelpful and you're forced to talk to an AI which doesn't understand the concern. better to get some alternative and not this.",id give zero star could order get delay often sometimes 4550 min customer support extremely unhelpful youre force talk ai doesnt understand concern well get alternative,True,unclear,coverage_or_eta,,category or barrier cues without clear funnel stage
"agr app ek baar material purchase krr lenge to vo vapis nhi krte, agr glt material aa gya ho to..",1,2026-07-30 09:40:28 UTC,0,play_store,"agr app ek baar material purchase krr lenge to vo vapis nhi krte, agr glt material aa gya ho to..",agr app ek baar material purchase krr lenge vo vapis nhi krte agr glt material aa gya ho,False,noise,,,no category-exploration signal
service is best,5,2026-07-30 09:39:43 UTC,0,play_store,service is best,service best,False,noise,,,no category-exploration signal
Great.. best quality products,5,2026-07-30 09:38:28 UTC,0,play_store,Great.. best quality products,great best quality product,True,want_to_explore_blocked,dont_trust_quality_for_new_category,,intent or category talk with friction/barrier cues
jaldi aao bhaiya,5,2026-07-30 09:37:54 UTC,0,play_store,jaldi aao bhaiya,jaldi aao bhaiya,False,noise,,,no category-exploration signal
best app for best items,5,2026-07-30 09:30:26 UTC,0,play_store,best app for best items,best app best item,False,noise,,,no category-exploration signal
it is good but not best 😌 i,4,2026-07-30 09:27:10 UTC,0,play_store,it is good but not best 😌 i,good best,False,noise,,,no category-exploration signal
they dont give the change money ..and make the delivery so long many times ..and many times they say that they will give the change money on your blinkit app..but they don't give,2,2026-07-30 09:24:40 UTC,1,play_store,they dont give the change money ..and make the delivery so long many times ..and many times they say that they will give the change money on your blinkit app..but they don't give,dont give change money make delivery long many time many time say give change money blinkit appbut dont give,False,noise,,,no category-exploration signal
"It is okay till the time you dont give a feedback or have a complaint. Rude customer care who shouts, zero understanding of customer service, and taking orders with advance payment and then cancel without informing!!! for me its only for absolutely umergency requirements which Big Basket, Instamart or Amazon Now can not deliver. otherwise a BIG NO to Blinkit.",1,2026-07-30 09:23:35 UTC,0,play_store,"It is okay till the time you dont give a feedback or have a complaint. Rude customer care who shouts, zero understanding of customer service, and taking orders with advance payment and then cancel without informing!!! for me its only for absolutely umergency requirements which Big Basket, Instamart or Amazon Now can not deliver. otherwise a BIG NO to Blinkit.",okay till time dont give feedback complaint rude customer care shout zero understand customer service take order advance payment cancel without inform absolutely umergency requirement big basket instamart amazon deliver otherwise big blinkit,False,noise,,,no category-exploration signal
👍🙂 search,5,2026-07-30 09:17:04 UTC,0,play_store,👍🙂 search,search,True,want_to_explore_blocked,hard_to_discover_in_app,,intent or category talk with friction/barrier cues
"Very fast, These people come in any weather",5,2026-07-30 09:14:58 UTC,0,play_store,"Very fast, These people come in any weather",fast people come weather,False,noise,,,no category-exploration signal
very good Very nice app,5,2026-07-30 09:14:55 UTC,0,play_store,very good Very nice app,good nice app,False,noise,,,no category-exploration signal
very good service... 👌,4,2026-07-30 09:14:42 UTC,0,play_store,very good service... 👌,good service,False,noise,,,no category-exploration signal
"Delivery is getting delayed since last few days, 40 minutes as per time",2,2026-07-30 09:07:51 UTC,1,play_store,"Delivery is getting delayed since last few days, 40 minutes as per time",delivery get delay since last day 40 minute per time,True,unclear,coverage_or_eta,,category or barrier cues without clear funnel stage
What I like most is that they take consultation after ordering any pharmacy thing that's a very appreciative thing,5,2026-07-30 09:07:33 UTC,0,play_store,What I like most is that they take consultation after ordering any pharmacy thing that's a very appreciative thing,like take consultation order pharmacy thing thats appreciative thing,True,unclear,,pharmacy,category or barrier cues without clear funnel stage
"Liked...,an application.",5,2026-07-30 09:06:54 UTC,0,play_store,"Liked...,an application.",likedan application,False,noise,,,no category-exploration signal
easy to order from anywhere....thnks blink it,5,2026-07-30 09:06:50 UTC,0,play_store,easy to order from anywhere....thnks blink it,easy order anywherethnks blink,False,noise,,,no category-exploration signal
very nice and quick service thankyou blinkit soo much,5,2026-07-30 09:04:21 UTC,0,play_store,very nice and quick service thankyou blinkit soo much,nice quick service thankyou blinkit soo much,False,noise,,,no category-exploration signal
best app i love it 🌹,5,2026-07-30 09:04:01 UTC,0,play_store,best app i love it 🌹,best app love,False,noise,,,no category-exploration signal
good like,1,2026-07-30 09:02:25 UTC,0,play_store,good like,good like,False,noise,,,no category-exploration signal
nice app thank for you 😊,5,2026-07-30 08:55:08 UTC,0,play_store,nice app thank for you 😊,nice app thank,False,noise,,,no category-exploration signal
really its last minute app,5,2026-07-30 08:54:51 UTC,0,play_store,really its last minute app,really last minute app,False,noise,,,no category-exploration signal
dilevery is good for me,5,2026-07-30 08:54:32 UTC,0,play_store,dilevery is good for me,dilevery good,False,noise,,,no category-exploration signal
very bad delivery boys always no change I hate,1,2026-07-30 08:52:30 UTC,0,play_store,very bad delivery boys always no change I hate,bad delivery boy always change hate,True,stuck_in_routine,,,routine/reorder language without exploration intent
Repeated complaints against the vendor at Haridwar is falling to deaf ears. No remedial action is being taken. Why are we paying you blinkit? Better to switch to zepto etc.,1,2026-07-30 08:51:14 UTC,0,play_store,Repeated complaints against the vendor at Haridwar is falling to deaf ears. No remedial action is being taken. Why are we paying you blinkit? Better to switch to zepto etc.,repeat complaint vendor haridwar fall deaf ear remedial action take pay blinkit well switch zepto etc,False,noise,,,no category-exploration signal
great 👍👍👍👍👍,5,2026-07-30 08:47:07 UTC,0,play_store,great 👍👍👍👍👍,great,False,noise,,,no category-exploration signal
rating is the too bad because your service is too worst charger cast,1,2026-07-30 08:42:20 UTC,0,play_store,rating is the too bad because your service is too worst charger cast,rating bad service bad charger cast,True,unclear,,electronics,category or barrier cues without clear funnel stage
fantastic💗,5,2026-07-30 08:40:24 UTC,0,play_store,fantastic💗,fantastic,False,noise,,,no category-exploration signal
too late sarvice,1,2026-07-30 08:39:25 UTC,0,play_store,too late sarvice,late sarvice,True,unclear,coverage_or_eta,,category or barrier cues without clear funnel stage
satisfy,5,2026-07-30 08:38:25 UTC,0,play_store,satisfy,satisfy,False,noise,,,no category-exploration signal
Very fast dilivery. keep it up,5,2026-07-30 08:38:16 UTC,0,play_store,Very fast dilivery. keep it up,fast dilivery keep,False,noise,,,no category-exploration signal
sahi app hai kr sakte ho order pr,5,2026-07-30 08:37:29 UTC,0,play_store,sahi app hai kr sakte ho order pr,sahi app hai kr sakte ho order pr,False,noise,,,no category-exploration signal
perfect but be available at every location,4,2026-07-30 08:35:45 UTC,0,play_store,perfect but be available at every location,perfect available every location,True,unclear,coverage_or_eta,,category or barrier cues without clear funnel stage
it's great app and their customers support system good 👍,3,2026-07-30 08:34:50 UTC,0,play_store,it's great app and their customers support system good 👍,great app customer support system good,False,noise,,,no category-exploration signal
nice 🙂,5,2026-07-30 08:32:54 UTC,0,play_store,nice 🙂,nice,False,noise,,,no category-exploration signal
not fresh any food and anything i given 2 stars because faster del.....,2,2026-07-30 08:28:54 UTC,1,play_store,not fresh any food and anything i given 2 stars because faster del.....,fresh food anything give 2 star faster del,True,want_to_explore_blocked,dont_trust_quality_for_new_category,,intent or category talk with friction/barrier cues
I've been using this app for a long time but few days ago they scammed me. So I bought a 4 in one data cable and it wasn't working properly then I raised a complaint in chat support and they said contact the brand for warranty and gave me e-mail and phone number of that brand but neither they replied not answered my call it's totally scam and I'm going to stop using blinkit forever and I wish it gets banned forever I'll keep praying that both pay for it.,1,2026-07-30 08:28:39 UTC,0,play_store,I've been using this app for a long time but few days ago they scammed me. So I bought a 4 in one data cable and it wasn't working properly then I raised a complaint in chat support and they said contact the brand for warranty and gave me e-mail and phone number of that brand but neither they replied not answered my call it's totally scam and I'm going to stop using blinkit forever and I wish it gets banned forever I'll keep praying that both pay for it.,ive use app long time day ago scammed buy 4 one data cable wasnt work properly raise complaint chat support say contact brand warranty give email phone number brand neither reply answered call totally scam im go stop use blinkit forever wish get ban forever ill keep pray pay,True,unclear,,electronics,category or barrier cues without clear funnel stage
blinkit very faster dilivery app and treated bhi hai nice good job 👍🏻,5,2026-07-30 08:25:31 UTC,0,play_store,blinkit very faster dilivery app and treated bhi hai nice good job 👍🏻,blinkit faster dilivery app treat bhi hai nice good job,False,noise,,,no category-exploration signal
this is very good 👍,5,2026-07-30 08:24:22 UTC,0,play_store,this is very good 👍,good,False,noise,,,no category-exploration signal
your service is amazing,5,2026-07-30 08:24:02 UTC,0,play_store,your service is amazing,service amaze,False,noise,,,no category-exploration signal
"I have worked there in blinkit and believe me there system may be advanced but the salary is so less . we got 58 rs for 6.5 km and this is for full travel. Also they only give one delivery for one person, 9/10 times. It's hilarious that when I tried to work doubled they block my account. even though I am working with pure honesty. The owner may say that delevery can be done under half or one hours. But customer still believes that there order is coming under 10 mins. they still use this trick.",1,2026-07-30 08:22:10 UTC,0,play_store,"I have worked there in blinkit and believe me there system may be advanced but the salary is so less . we got 58 rs for 6.5 km and this is for full travel. Also they only give one delivery for one person, 9/10 times. It's hilarious that when I tried to work doubled they block my account. even though I am working with pure honesty. The owner may say that delevery can be done under half or one hours. But customer still believes that there order is coming under 10 mins. they still use this trick.",work blinkit believe system may advance salary less get 58 r 65 km full travel also give one delivery one person 910 time hilarious tried work double block account even though work pure honesty owner may say delevery do half one hour customer still believe order come 10 min still use trick,False,noise,,,no category-exploration signal
My first order on Blinkit let's see how they give the service,4,2026-07-30 08:21:51 UTC,0,play_store,My first order on Blinkit let's see how they give the service,first order blinkit let see give service,False,noise,,,no category-exploration signal
it's very usefull for me,5,2026-07-30 08:20:19 UTC,0,play_store,it's very usefull for me,usefull,False,noise,,,no category-exploration signal
COD Option Not Available,1,2026-07-30 08:18:23 UTC,0,play_store,COD Option Not Available,cod option available,True,want_to_explore_blocked,coverage_or_eta|assortment_gap,,intent or category talk with friction/barrier cues
Blinkit suggest animal products on serching vegan food.I am vegan .Blinkit confuse me .Why there is animal products on my feed.,1,2026-07-30 08:16:14 UTC,0,play_store,Blinkit suggest animal products on serching vegan food.I am vegan .Blinkit confuse me .Why there is animal products on my feed.,blinkit suggest animal product serching vegan foodi vegan blinkit confuse animal product fee,False,noise,,,no category-exploration signal
"worst customer support. i am trying to complain about a faulty product i received but the customer service bot is asking me to take a video of the product, and blinkit's camera feature is not working. and it is not giving me an option to upload from my phone as well",1,2026-07-30 08:12:15 UTC,0,play_store,"worst customer support. i am trying to complain about a faulty product i received but the customer service bot is asking me to take a video of the product, and blinkit's camera feature is not working. and it is not giving me an option to upload from my phone as well",worst customer support try complain faulty product receive customer service bot ask take video product blinkits camera feature work give option upload phone well,True,unclear,,electronics,category or barrier cues without clear funnel stage
👍🏻👍🏻,2,2026-07-30 08:10:53 UTC,1,play_store,👍🏻👍🏻,👍🏻👍🏻,False,noise,,,no category-exploration signal
"Excellent service!! Super-fast delivery, neatly packed items, and everything arrived in perfect condition. Thank you.",5,2026-07-30 08:06:44 UTC,0,play_store,"Excellent service!! Super-fast delivery, neatly packed items, and everything arrived in perfect condition. Thank you.",excellent service superfast delivery neatly pack item everything arrive perfect condition thank,False,noise,,,no category-exploration signal
✨💖,5,2026-07-30 08:00:59 UTC,0,play_store,✨💖,✨💖,False,noise,,,no category-exploration signal
fast delivery 🙌,5,2026-07-30 08:00:00 UTC,0,play_store,fast delivery 🙌,fast delivery,False,noise,,,no category-exploration signal
unwanted charges on cancellation,1,2026-07-30 07:59:28 UTC,0,play_store,unwanted charges on cancellation,unwanted charge cancellation,False,noise,,,no category-exploration signal
your service is best service,5,2026-07-30 07:58:25 UTC,0,play_store,your service is best service,service best service,False,noise,,,no category-exploration signal
perfect,5,2026-07-30 07:58:21 UTC,0,play_store,perfect,perfect,False,noise,,,no category-exploration signal
best grocery app and only aap works in kashmir.,5,2026-07-30 07:57:46 UTC,0,play_store,best grocery app and only aap works in kashmir.,best grocery app aap work kashmir,True,unclear,,grocery,category or barrier cues without clear funnel stage
Very fast delivery and the product is good,5,2026-07-30 07:56:09 UTC,0,play_store,Very fast delivery and the product is good,fast delivery product good,False,noise,,,no category-exploration signal
very helpful app,5,2026-07-30 07:52:42 UTC,0,play_store,very helpful app,helpful app,False,noise,,,no category-exploration signal
best app for many services,5,2026-07-30 07:49:13 UTC,0,play_store,best app for many services,best app many service,False,noise,,,no category-exploration signal
good oooodd,4,2026-07-30 07:49:04 UTC,0,play_store,good oooodd,good oooodd,False,noise,,,no category-exploration signal
best app ever invented.. omg how fast is too fast 🏇🏻,5,2026-07-30 07:48:51 UTC,0,play_store,best app ever invented.. omg how fast is too fast 🏇🏻,best app ever invent omg fast fast,False,noise,,,no category-exploration signal
i didn't receive my order but showing delivered worst service want my refund,1,2026-07-30 07:47:38 UTC,0,play_store,i didn't receive my order but showing delivered worst service want my refund,didnt receive order show deliver bad service want refund,True,want_to_explore_blocked,dont_trust_quality_for_new_category,,intent or category talk with friction/barrier cues
Very good. Item arrived in a couple of minutes,5,2026-07-30 07:40:43 UTC,0,play_store,Very good. Item arrived in a couple of minutes,good item arrive couple minute,False,noise,,,no category-exploration signal
worst experience,1,2026-07-30 07:37:54 UTC,0,play_store,worst experience,bad experience,False,noise,,,no category-exploration signal
it's my first order...,5,2026-07-30 07:33:14 UTC,0,play_store,it's my first order...,first order,False,noise,,,no category-exploration signal
It is good but you need to take less charges like handling charges that need to be reduced,4,2026-07-30 07:32:07 UTC,0,play_store,It is good but you need to take less charges like handling charges that need to be reduced,good need take less charge like handle charge need reduce,True,want_to_explore_blocked,price_uncertainty_new_category,,intent or category talk with friction/barrier cues
sometimes good items but sometimes expired & rotten items & if you complain sometimes they replace or send coupon but nowadays they ask complain in their email I'd which is long process.& if you return items often you can't order by cash,3,2026-07-30 07:32:07 UTC,0,play_store,sometimes good items but sometimes expired & rotten items & if you complain sometimes they replace or send coupon but nowadays they ask complain in their email I'd which is long process.& if you return items often you can't order by cash,sometimes good item sometimes expire rotten item complain sometimes replace send coupon nowadays ask complain email id long process return item often cant order cash,True,want_to_explore_blocked,dont_trust_quality_for_new_category,,intent or category talk with friction/barrier cues
good facility,4,2026-07-30 07:31:36 UTC,0,play_store,good facility,good facility,False,noise,,,no category-exploration signal
time to delivery is so great,5,2026-07-30 07:27:40 UTC,0,play_store,time to delivery is so great,time delivery great,False,noise,,,no category-exploration signal
very gud,5,2026-07-30 07:26:55 UTC,0,play_store,very gud,gud,False,noise,,,no category-exploration signal
nice product and pata nhi kyu show nhi ho raha me kese check Karu ki muje kya chahiye,5,2026-07-30 07:25:33 UTC,0,play_store,nice product and pata nhi kyu show nhi ho raha me kese check Karu ki muje kya chahiye,nice product pata nhi kyu show nhi ho raha kese check karu ki muje kya chahiye,False,noise,,,no category-exploration signal
send spoilt products and then steal your money,1,2026-07-30 07:23:21 UTC,0,play_store,send spoilt products and then steal your money,send spoilt product steal money,False,noise,,,no category-exploration signal
extra payment charges levied while placing order,1,2026-07-30 07:22:24 UTC,0,play_store,extra payment charges levied while placing order,extra payment charge levy place order,False,noise,,,no category-exploration signal
"most of your delivery person are not dressed properly,most of them are coming with the dirty wearing always",1,2026-07-30 07:16:27 UTC,0,play_store,"most of your delivery person are not dressed properly,most of them are coming with the dirty wearing always",delivery person dress properlymost come dirty wearing always,True,stuck_in_routine,,,routine/reorder language without exploration intent
it's very good quality and perfact timing and helpful and I like this app very much thanks to blinkit,5,2026-07-30 07:13:27 UTC,0,play_store,it's very good quality and perfact timing and helpful and I like this app very much thanks to blinkit,good quality perfact time helpful like app much thanks blinkit,True,want_to_explore_blocked,dont_trust_quality_for_new_category,,intent or category talk with friction/barrier cues
bekar AAP,1,2026-07-30 07:12:20 UTC,0,play_store,bekar AAP,bekar aap,False,noise,,,no category-exploration signal
Excellent Service But should work on more orders,5,2026-07-30 07:12:19 UTC,0,play_store,Excellent Service But should work on more orders,excellent service work order,False,noise,,,no category-exploration signal
I found Hot Wheels Ferrari SF90 Stradale at MRP ₹179/-. Dear Blinkit team Thank you 🤩🤩👍,5,2026-07-30 07:12:10 UTC,0,play_store,I found Hot Wheels Ferrari SF90 Stradale at MRP ₹179/-. Dear Blinkit team Thank you 🤩🤩👍,find hot wheel ferrari sf90 stradale mrp dear blinkit team thank,True,unclear,,grocery,category or barrier cues without clear funnel stage
bad experience items supplied are of below standard. I am stopping purchasing from blinking.,1,2026-07-30 07:11:25 UTC,0,play_store,bad experience items supplied are of below standard. I am stopping purchasing from blinking.,bad experience item supply standard stop purchasing blinking,False,noise,,,no category-exploration signal
very fast delivery and very excileemt dilivery,5,2026-07-30 07:07:06 UTC,0,play_store,very fast delivery and very excileemt dilivery,fast delivery excileemt dilivery,False,noise,,,no category-exploration signal
delivery is up to time,5,2026-07-30 07:05:49 UTC,0,play_store,delivery is up to time,delivery time,False,noise,,,no category-exploration signal
neic,5,2026-07-30 07:04:41 UTC,0,play_store,neic,neic,False,noise,,,no category-exploration signal
"excellent service, qualit y product",5,2026-07-30 07:04:36 UTC,0,play_store,"excellent service, qualit y product",excellent service qualit product,False,noise,,,no category-exploration signal
very useful and quick service,5,2026-07-30 07:01:09 UTC,0,play_store,very useful and quick service,useful quick service,False,noise,,,no category-exploration signal
Very amazing 👏. Delivery in few seconds 👌,5,2026-07-30 07:00:48 UTC,0,play_store,Very amazing 👏. Delivery in few seconds 👌,amazing delivery second,False,noise,,,no category-exploration signal
good ui but handling charge is an issue for me,4,2026-07-30 06:56:19 UTC,0,play_store,good ui but handling charge is an issue for me,good ui handle charge issue,True,want_to_explore_blocked,price_uncertainty_new_category,,intent or category talk with friction/barrier cues
Free Delivery Above 199 Is Too Much Great App Tho Zepto Is Better,4,2026-07-30 06:55:47 UTC,0,play_store,Free Delivery Above 199 Is Too Much Great App Tho Zepto Is Better,free delivery 199 much great app tho zepto well,False,noise,,,no category-exploration signal
not responding better result 😕,1,2026-07-30 06:55:34 UTC,0,play_store,not responding better result 😕,respond well result,False,noise,,,no category-exploration signal
I like this app because cod is available and delivery charges is free thankyou blinkit please aise hi rehna,2,2026-07-30 06:53:47 UTC,1,play_store,I like this app because cod is available and delivery charges is free thankyou blinkit please aise hi rehna,like app cod available delivery charge free thankyou blinkit please aise hi rehna,False,noise,,,no category-exploration signal
Good but rate is very high than others packing are v.good than others,5,2026-07-30 06:52:35 UTC,0,play_store,Good but rate is very high than others packing are v.good than others,good rate high others pack vgood others,False,noise,,,no category-exploration signal
badiya app hai bhai bahut Ameer log hain blinkit vale,5,2026-07-30 06:50:20 UTC,0,play_store,badiya app hai bhai bahut Ameer log hain blinkit vale,badiya app hai bhai bahut ameer log hain blinkit vale,False,noise,,,no category-exploration signal
if I recieve item in time than I will be very appreciate,5,2026-07-30 06:46:49 UTC,0,play_store,if I recieve item in time than I will be very appreciate,recieve item time appreciate,False,noise,,,no category-exploration signal
mydragon fruit was rotton,1,2026-07-30 06:46:03 UTC,0,play_store,mydragon fruit was rotton,mydragon fruit rotton,False,noise,,,no category-exploration signal
Easy and fast work.,4,2026-07-30 06:45:22 UTC,0,play_store,Easy and fast work.,easy fast work,False,noise,,,no category-exploration signal
Super fast delivery! Got my order in just 4 minutes. Everything was fresh and well packed. Very convenient app with a smooth experience. Highly recommended!,5,2026-07-30 06:43:25 UTC,0,play_store,Super fast delivery! Got my order in just 4 minutes. Everything was fresh and well packed. Very convenient app with a smooth experience. Highly recommended!,super fast delivery get order 4 minute everything fresh well packed convenient app smooth experience highly recommend,True,want_to_explore_blocked,dont_trust_quality_for_new_category,,intent or category talk with friction/barrier cues
gud👍🏻👍🏻,5,2026-07-30 06:38:14 UTC,0,play_store,gud👍🏻👍🏻,gud,False,noise,,,no category-exploration signal
😍😍😍,5,2026-07-30 06:37:56 UTC,0,play_store,😍😍😍,😍😍😍,False,noise,,,no category-exploration signal
"Placed the order. Paid for it. Waited for the delay. The order said ""arrived"" without arriving. ""Need help?"" Yes but for more than an hour no one was replying and the conversations kept closing themselves after each 15 minutes.",1,2026-07-30 06:37:34 UTC,0,play_store,"Placed the order. Paid for it. Waited for the delay. The order said ""arrived"" without arriving. ""Need help?"" Yes but for more than an hour no one was replying and the conversations kept closing themselves after each 15 minutes.",place order pay wait delay order say arrive without arrive need help yes hour one replying conversation keep close 15 minute,True,unclear,coverage_or_eta,,category or barrier cues without clear funnel stage
Service is excellent...,5,2026-07-30 06:36:51 UTC,0,play_store,Service is excellent...,service excellent,False,noise,,,no category-exploration signal
very nice service.,5,2026-07-30 06:32:52 UTC,0,play_store,very nice service.,nice service,False,noise,,,no category-exploration signal
"No problem, just deliver the order on time and everything is fine, now we provide good service.",5,2026-07-30 06:32:07 UTC,0,play_store,"No problem, just deliver the order on time and everything is fine, now we provide good service.",problem deliver order time everything fine provide good service,False,noise,,,no category-exploration signal
no cancellation,1,2026-07-30 06:31:39 UTC,0,play_store,no cancellation,cancellation,False,noise,,,no category-exploration signal
this app very very helpful to all emergency person....and this apps use provide all area in India....,4,2026-07-30 06:30:56 UTC,0,play_store,this app very very helpful to all emergency person....and this apps use provide all area in India....,app helpful emergency personand apps use provide area india,False,noise,,,no category-exploration signal
wow good best,5,2026-07-30 06:30:31 UTC,0,play_store,wow good best,wow good best,False,noise,,,no category-exploration signal
best experience but Product are lil bit costly as compare to other Shopping AAP,5,2026-07-30 06:29:46 UTC,0,play_store,best experience but Product are lil bit costly as compare to other Shopping AAP,best experience product lil bit costly compare shop aap,True,want_to_explore_blocked,price_uncertainty_new_category,,intent or category talk with friction/barrier cues
Excellent Service... I never ever before experienced this kind of fast delivery service. thanks to blinkit team.,5,2026-07-30 06:29:38 UTC,0,play_store,Excellent Service... I never ever before experienced this kind of fast delivery service. thanks to blinkit team.,excellent service never ever experience kind fast delivery service thanks blinkit team,False,noise,,,no category-exploration signal
"worst delivery partner s, they disappear with the order and customer support executive shakila is of no help",1,2026-07-30 06:27:22 UTC,0,play_store,"worst delivery partner s, they disappear with the order and customer support executive shakila is of no help",bad delivery partner disappear order customer support executive shakila help,False,noise,,,no category-exploration signal
good 👍👍,5,2026-07-30 06:25:38 UTC,0,play_store,good 👍👍,good,False,noise,,,no category-exploration signal
fraud,1,2026-07-30 06:23:54 UTC,0,play_store,fraud,fraud,False,noise,,,no category-exploration signal
good 👏,5,2026-07-30 06:15:47 UTC,0,play_store,good 👏,good,False,noise,,,no category-exploration signal
Authentic and reliable store.,5,2026-07-30 06:14:54 UTC,0,play_store,Authentic and reliable store.,authentic reliable store,False,noise,,,no category-exploration signal
price rate is ok but it's total is more than it is,1,2026-07-30 06:14:48 UTC,0,play_store,price rate is ok but it's total is more than it is,price rate ok total,True,want_to_explore_blocked,price_uncertainty_new_category,grocery,intent or category talk with friction/barrier cues
Good System for those who can't go out of house for buying very quick service and helpful. Thanks Blinkit making life Easier.,5,2026-07-30 06:14:36 UTC,0,play_store,Good System for those who can't go out of house for buying very quick service and helpful. Thanks Blinkit making life Easier.,good system cant go house buy quick service helpful thanks blinkit make life easy,False,noise,,,no category-exploration signal
lovely,5,2026-07-30 06:09:06 UTC,0,play_store,lovely,lovely,False,noise,,,no category-exploration signal
"too bad, xerox/print services are not available!!!",1,2026-07-30 06:06:40 UTC,1,play_store,"too bad, xerox/print services are not available!!!",bad xeroxprint service available,True,want_to_explore_blocked,coverage_or_eta|assortment_gap,,intent or category talk with friction/barrier cues
"best ,",5,2026-07-30 06:02:42 UTC,0,play_store,"best ,",best,False,noise,,,no category-exploration signal
"I ordered coffee and chicken but received only the coffee, yet was charged Rs. 27/- as handling and service charges for this one item. This is truly a bad experience!! Imagine paying a surcharge of over 10% just for one item........, daylight robbery indeed!! Am not happy!!",1,2026-07-30 06:00:43 UTC,1,play_store,"I ordered coffee and chicken but received only the coffee, yet was charged Rs. 27/- as handling and service charges for this one item. This is truly a bad experience!! Imagine paying a surcharge of over 10% just for one item........, daylight robbery indeed!! Am not happy!!",order coffee chicken receive coffee yet charge r 27 handling service charge one item truly bad experience imagine pay surcharge 10 one item daylight robbery indeed happy,False,noise,,,no category-exploration signal
Good products... But delivery agent c onfuse about my location... Not thorough with location,4,2026-07-30 05:59:04 UTC,0,play_store,Good products... But delivery agent c onfuse about my location... Not thorough with location,good product delivery agent c onfuse location thorough location,True,unclear,coverage_or_eta,,category or barrier cues without clear funnel stage
good handling and very affordable,5,2026-07-30 05:58:43 UTC,0,play_store,good handling and very affordable,good handling affordable,False,noise,,,no category-exploration signal
"blanket is better than any other app, the most important thing they have cash on delivery available, and I have also noticed that unavailable items on other applications are also available here ✨",5,2026-07-30 05:55:29 UTC,0,play_store,"blanket is better than any other app, the most important thing they have cash on delivery available, and I have also noticed that unavailable items on other applications are also available here ✨",blanket well app important thing cash delivery available also notice unavailable item application also available,False,noise,,,no category-exploration signal
very very very very very very very very very very very very very very very very very very very very very very very very good 👍👍👍👍👍👍👍👍👍👍👍👍👍👍👍👍👍👍👍👍👍👍👍👍👍👍👍👌👌👌👌👌👌👌👌👌👌👌,5,2026-07-30 05:54:36 UTC,0,play_store,very very very very very very very very very very very very very very very very very very very very very very very very good 👍👍👍👍👍👍👍👍👍👍👍👍👍👍👍👍👍👍👍👍👍👍👍👍👍👍👍👌👌👌👌👌👌👌👌👌👌👌,good,False,noise,,,no category-exploration signal
blink it always does the job in every situation. the need of the hour. keep doing what u do best 👌,5,2026-07-30 05:51:44 UTC,0,play_store,blink it always does the job in every situation. the need of the hour. keep doing what u do best 👌,blink always job every situation need hour keep u best,True,stuck_in_routine,,,routine/reorder language without exploration intent
👍😊😊😊,5,2026-07-30 05:47:32 UTC,0,play_store,👍😊😊😊,👍😊😊😊,False,noise,,,no category-exploration signal
gud service,5,2026-07-30 05:46:07 UTC,0,play_store,gud service,gud service,False,noise,,,no category-exploration signal
"""Make sure to give small cash change to the delivery staff.""",5,2026-07-30 05:45:14 UTC,0,play_store,"""Make sure to give small cash change to the delivery staff.""",make sure give small cash change delivery staff,False,noise,,,no category-exploration signal
Need to improve packing of items like milk packets because paper bag damaged quickly by keeping milk packets in it.,4,2026-07-30 05:44:08 UTC,0,play_store,Need to improve packing of items like milk packets because paper bag damaged quickly by keeping milk packets in it.,need improve pack item like milk packet paper bag damage quickly keep milk packet,True,want_to_explore_blocked,dont_trust_quality_for_new_category,grocery,intent or category talk with friction/barrier cues
blinkit service acchi hai but 15..20 rupye extra lete hai,3,2026-07-30 05:43:43 UTC,0,play_store,blinkit service acchi hai but 15..20 rupye extra lete hai,blinkit service acchi hai 1520 rupye extra lete hai,False,noise,,,no category-exploration signal
very good service and timing,5,2026-07-30 05:43:29 UTC,0,play_store,very good service and timing,good service timing,False,noise,,,no category-exploration signal
nice job,5,2026-07-30 05:39:37 UTC,0,play_store,nice job,nice job,False,noise,,,no category-exploration signal
after receive my order then I'll give you feedback 🙂,1,2026-07-30 05:36:07 UTC,0,play_store,after receive my order then I'll give you feedback 🙂,receive order ill give feedback,False,noise,,,no category-exploration signal
sahi h but thoda expensive saman h normal shop k according,3,2026-07-30 05:34:02 UTC,0,play_store,sahi h but thoda expensive saman h normal shop k according,sahi h thoda expensive saman h normal shop k accord,True,want_to_explore_blocked,price_uncertainty_new_category,,intent or category talk with friction/barrier cues
Just love it 😀,5,2026-07-30 05:32:39 UTC,0,play_store,Just love it 😀,love,False,noise,,,short generic praise/complaint without category cues
"This is a very bad company, there is no option to return items here.""This is how their staff makes fools of customers.""""Their staff tricks customers like this.""",1,2026-07-30 05:31:47 UTC,0,play_store,"This is a very bad company, there is no option to return items here.""This is how their staff makes fools of customers.""""Their staff tricks customers like this.""",bad company option return item herethis staff make fool customerstheir staff trick customer like,True,want_to_explore_blocked,dont_trust_quality_for_new_category,,intent or category talk with friction/barrier cues
why don't you guys use separate bags for edible and cosmetics,1,2026-07-30 05:31:07 UTC,0,play_store,why don't you guys use separate bags for edible and cosmetics,dont guy use separate bag edible cosmetic,True,unclear,,beauty,category or barrier cues without clear funnel stage
thankyou,3,2026-07-30 05:29:45 UTC,0,play_store,thankyou,thankyou,False,noise,,,no category-exploration signal
it's very helpful in urgent need,5,2026-07-30 05:28:45 UTC,0,play_store,it's very helpful in urgent need,helpful urgent need,False,noise,,,no category-exploration signal
bdiya. fine,5,2026-07-30 05:28:37 UTC,0,play_store,bdiya. fine,bdiya fine,False,noise,,,no category-exploration signal
nice and quick,5,2026-07-30 05:26:52 UTC,0,play_store,nice and quick,nice quick,False,noise,,,no category-exploration signal
"I recently required several grocery items and gifts for my loved ones. After downloading three apps, I found Blinkit to be the most useful and reliable option, thanks to its extensive product range, competitive pricing, and efficient delivery services. I placed three orders within two days to fulfill all my needs and was highly satisfied with the experience. I wholeheartedly recommend Blinkit as the premier shopping app for grocery essentials.",5,2026-07-30 05:26:20 UTC,1,play_store,"I recently required several grocery items and gifts for my loved ones. After downloading three apps, I found Blinkit to be the most useful and reliable option, thanks to its extensive product range, competitive pricing, and efficient delivery services. I placed three orders within two days to fulfill all my needs and was highly satisfied with the experience. I wholeheartedly recommend Blinkit as the premier shopping app for grocery essentials.",recently require several grocery item gift love one download three apps find blinkit useful reliable option thanks extensive product range competitive pricing efficient delivery service place three order within two day fulfill need highly satisfied experience wholeheartedly recommend blinkit premier shop app grocery essential,True,unclear,,grocery|pet,category or barrier cues without clear funnel stage
everything at one place,5,2026-07-30 05:26:14 UTC,0,play_store,everything at one place,everything one place,False,noise,,,no category-exploration signal
excellent app in metro cities,5,2026-07-30 05:26:11 UTC,0,play_store,excellent app in metro cities,excellent app metro city,False,noise,,,no category-exploration signal
super fast service,5,2026-07-30 05:21:26 UTC,0,play_store,super fast service,super fast service,False,noise,,,short generic praise/complaint without category cues
so much best 😍,3,2026-07-30 05:20:44 UTC,0,play_store,so much best 😍,much best,False,noise,,,no category-exploration signal
Awesome....,5,2026-07-30 05:17:23 UTC,0,play_store,Awesome....,awesome,False,noise,,,short generic praise/complaint without category cues
Ladies quick fix.,5,2026-07-30 05:15:52 UTC,0,play_store,Ladies quick fix.,lady quick fix,False,noise,,,no category-exploration signal
very usefull this app,5,2026-07-30 05:15:17 UTC,0,play_store,very usefull this app,usefull app,False,noise,,,no category-exploration signal
time to deliver,5,2026-07-30 05:14:42 UTC,0,play_store,time to deliver,time deliver,False,noise,,,no category-exploration signal
it's was good e commerce app but the offer is not good like zepto,2,2026-07-30 05:10:31 UTC,1,play_store,it's was good e commerce app but the offer is not good like zepto,good e commerce app offer good like zepto,False,noise,,,no category-exploration signal
Third class app and equally third class service.Take 40 mins to cancel the order.,1,2026-07-30 05:09:44 UTC,0,play_store,Third class app and equally third class service.Take 40 mins to cancel the order.,third class app equally third class servicetake 40 min cancel order,False,noise,,,no category-exploration signal
I liked the service here . They provide medical emergencies very quickly and food selection quite interesting. I recommend it that it should be trued once by everyone. The reason I gave it 4 star is sometimes when network is not there we don't get our cash refund,4,2026-07-30 05:08:28 UTC,0,play_store,I liked the service here . They provide medical emergencies very quickly and food selection quite interesting. I recommend it that it should be trued once by everyone. The reason I gave it 4 star is sometimes when network is not there we don't get our cash refund,liked service provide medical emergency quickly food selection quite interesting recommend true everyone reason give 4 star sometimes network dont get cash refund,True,want_to_explore_blocked,dont_trust_quality_for_new_category,,intent or category talk with friction/barrier cues
superstar 🤩,5,2026-07-30 05:07:25 UTC,0,play_store,superstar 🤩,superstar,False,noise,,,short generic praise/complaint without category cues
"copy is not good, it's page is rough",1,2026-07-30 05:06:06 UTC,0,play_store,"copy is not good, it's page is rough",copy good page rough,False,noise,,,no category-exploration signal
"what is the reason for handling charges, every week you guys are raising the handling charges......why ......and that too jabardasti",1,2026-07-30 05:04:53 UTC,0,play_store,"what is the reason for handling charges, every week you guys are raising the handling charges......why ......and that too jabardasti",reason handling charge every week guy raise handle chargeswhy jabardasti,True,want_to_explore_blocked,price_uncertainty_new_category,,intent or category talk with friction/barrier cues
thank you 👍👍,5,2026-07-30 05:04:02 UTC,0,play_store,thank you 👍👍,thank,False,noise,,,no category-exploration signal
nice to work,5,2026-07-30 05:03:54 UTC,1,play_store,nice to work,nice work,False,noise,,,no category-exploration signal
very poor.pscket in open condition,1,2026-07-30 05:03:34 UTC,0,play_store,very poor.pscket in open condition,poorpscket open condition,False,noise,,,no category-exploration signal
worst coustomer service,1,2026-07-30 05:02:40 UTC,0,play_store,worst coustomer service,worst coustomer service,False,noise,,,no category-exploration signal
wrong items get delivered,1,2026-07-30 05:00:03 UTC,0,play_store,wrong items get delivered,wrong item get deliver,False,noise,,,no category-exploration signal
No offers,1,2026-07-30 04:59:16 UTC,0,play_store,No offers,offer,False,noise,,,no category-exploration signal
easy to buy,5,2026-07-30 04:56:57 UTC,0,play_store,easy to buy,easy buy,False,noise,,,no category-exploration signal
VERY NICE 👍🏻,5,2026-07-30 04:55:55 UTC,0,play_store,VERY NICE 👍🏻,nice,False,noise,,,no category-exploration signal
best product or service,5,2026-07-30 04:54:17 UTC,0,play_store,best product or service,best product service,False,noise,,,no category-exploration signal
I can get anything I want under 10 minutes,5,2026-07-30 04:52:01 UTC,0,play_store,I can get anything I want under 10 minutes,get anything want 10 minute,False,noise,,,no category-exploration signal
good to review,4,2026-07-30 04:51:27 UTC,0,play_store,good to review,good review,False,noise,,,no category-exploration signal
good but they dont gives 9 rupees zone,5,2026-07-30 04:48:16 UTC,0,play_store,good but they dont gives 9 rupees zone,good dont give 9 rupee zone,False,noise,,,no category-exploration signal
Excellent quality & service 👍,5,2026-07-30 04:45:58 UTC,0,play_store,Excellent quality & service 👍,excellent quality service,True,want_to_explore_blocked,dont_trust_quality_for_new_category,,intent or category talk with friction/barrier cues
very very goood app.,2,2026-07-30 04:45:19 UTC,0,play_store,very very goood app.,goood app,False,noise,,,no category-exploration signal
"worst service and quality, there is just no end to the misery, chemicals and food packed in one bag twice in a row. lack of quality supervision and zero accountability 😕",1,2026-07-30 04:44:20 UTC,0,play_store,"worst service and quality, there is just no end to the misery, chemicals and food packed in one bag twice in a row. lack of quality supervision and zero accountability 😕",bad service quality end misery chemical food pack one bag twice row lack quality supervision zero accountability,True,want_to_explore_blocked,dont_trust_quality_for_new_category,,intent or category talk with friction/barrier cues
to much fast service,5,2026-07-30 04:41:25 UTC,0,play_store,to much fast service,much fast service,False,noise,,,no category-exploration signal
"brilliant service ,but give more credit card offers to apply",5,2026-07-30 04:35:55 UTC,0,play_store,"brilliant service ,but give more credit card offers to apply",brilliant service give credit card offer apply,False,noise,,,no category-exploration signal
prices are high,1,2026-07-30 04:34:00 UTC,0,play_store,prices are high,price high,True,want_to_explore_blocked,price_uncertainty_new_category,grocery,intent or category talk with friction/barrier cues
wow very dangerous 😳,5,2026-07-30 04:28:54 UTC,0,play_store,wow very dangerous 😳,wow dangerous,False,noise,,,no category-exploration signal
Great ... Delivery n Quality n Offers,5,2026-07-30 04:28:43 UTC,0,play_store,Great ... Delivery n Quality n Offers,great delivery n quality n offer,True,want_to_explore_blocked,dont_trust_quality_for_new_category,,intent or category talk with friction/barrier cues
"Dear Blinkit Support, I am writing to raise a complaint regarding Order I ordered a B-type charging cable through the Blinkit app, but I received an iPhone charging cable instead. Within approximately 5 minutes of receiving the delivery, I immediately raised a return/replacement request through the app. Shortly thereafter, I received a call from your customer support team informing me that a return was not possible. Despite explaining that the wrong item had been delivered",1,2026-07-30 04:27:19 UTC,1,play_store,"Dear Blinkit Support, I am writing to raise a complaint regarding Order I ordered a B-type charging cable through the Blinkit app, but I received an iPhone charging cable instead. Within approximately 5 minutes of receiving the delivery, I immediately raised a return/replacement request through the app. Shortly thereafter, I received a call from your customer support team informing me that a return was not possible. Despite explaining that the wrong item had been delivered",dear blinkit support write raise complaint regard order order btype charge cable blinkit app receive iphone charge cable instead within approximately 5 minute receive delivery immediately raise returnreplacement request app shortly thereafter receive call customer support team inform return possible despite explain wrong item deliver,True,want_to_explore_blocked,dont_trust_quality_for_new_category,electronics,intent or category talk with friction/barrier cues
my order is 2 Watter bottole 1 letters and pay 47Rs but received in only 1 litter 1 bottol,1,2026-07-30 04:24:41 UTC,0,play_store,my order is 2 Watter bottole 1 letters and pay 47Rs but received in only 1 litter 1 bottol,order 2 watter bottole 1 letter pay 47rs receive 1 litter 1 bottol,True,unclear,,pet,category or barrier cues without clear funnel stage
it's quick and simple please ask your delivery team to keep change,5,2026-07-30 04:23:15 UTC,0,play_store,it's quick and simple please ask your delivery team to keep change,quick simple please ask delivery team keep change,False,noise,,,no category-exploration signal
bad.,1,2026-07-30 04:21:57 UTC,0,play_store,bad.,bad,False,noise,,,no category-exploration signal
"ये app एक फालतू का App है। इसको कोई इंस्टॉल ना करे।अगर जो करे है उनसे अनुरोध है कि सिर्फ food item ही मंगवाए। क्योंकि ये Non-Responsible app है।कस्टमर केयर के नाम पर AI से मैसेज मैसेज खेलते रहिए। इसमें issue fix किया हुआ है,अपने तरफ से न कुछ बोल सकते हो और ना ही वो समझ सकता है।मैने एक पंखा मंगवाया था उसमें गड़बड़ी थी,ना ही exchange कर रहा है और ना ही return.यहां तक कि मैं पार्सल लेकर उस blinkit shop पर भी गया लेकिन कोई सुनने वाला नहीं।पहली बार कुछ मंगाया था।मेरे साथ धोखा हुआ है।other app best है",1,2026-07-30 04:19:15 UTC,0,play_store,"ये app एक फालतू का App है। इसको कोई इंस्टॉल ना करे।अगर जो करे है उनसे अनुरोध है कि सिर्फ food item ही मंगवाए। क्योंकि ये Non-Responsible app है।कस्टमर केयर के नाम पर AI से मैसेज मैसेज खेलते रहिए। इसमें issue fix किया हुआ है,अपने तरफ से न कुछ बोल सकते हो और ना ही वो समझ सकता है।मैने एक पंखा मंगवाया था उसमें गड़बड़ी थी,ना ही exchange कर रहा है और ना ही return.यहां तक कि मैं पार्सल लेकर उस blinkit shop पर भी गया लेकिन कोई सुनने वाला नहीं।पहली बार कुछ मंगाया था।मेरे साथ धोखा हुआ है।other app best है",app एक app food item nonresponsible app पर ai issue fix तरफ न और समझ एक exchange कर और तक उस blinkit shop पर app best,True,want_to_explore_blocked,dont_trust_quality_for_new_category,,intent or category talk with friction/barrier cues
this is very helpfull in daily life,5,2026-07-30 04:17:49 UTC,0,play_store,this is very helpfull in daily life,helpfull daily life,True,stuck_in_routine,,,routine/reorder language without exploration intent
good service but extra charge liyaa hai,4,2026-07-30 04:13:36 UTC,0,play_store,good service but extra charge liyaa hai,good service extra charge liyaa hai,False,noise,,,no category-exploration signal
well,5,2026-07-30 04:12:07 UTC,0,play_store,well,well,False,noise,,,no category-exploration signal
goood service,4,2026-07-30 04:09:27 UTC,0,play_store,goood service,goood service,False,noise,,,no category-exploration signal
very quick app,5,2026-07-30 04:07:53 UTC,0,play_store,very quick app,quick app,False,noise,,,no category-exploration signal
well service,5,2026-07-30 03:59:46 UTC,0,play_store,well service,well service,False,noise,,,no category-exploration signal
useless...always delivery late...delivery person always avoids call...shame,1,2026-07-30 03:57:50 UTC,0,play_store,useless...always delivery late...delivery person always avoids call...shame,uselessalways delivery latedelivery person always avoids callshame,True,stuck_in_routine,coverage_or_eta,,routine/reorder language without exploration intent
very good ap,5,2026-07-30 03:55:19 UTC,0,play_store,very good ap,good ap,False,noise,,,no category-exploration signal
I every time order from blink it only and this is my favourite app best app in the whole universe 🥰,5,2026-07-30 03:49:17 UTC,1,play_store,I every time order from blink it only and this is my favourite app best app in the whole universe 🥰,every time order blink favourite app best app whole universe,False,noise,,,no category-exploration signal
should remove the so called handling charge on every order like zepto... otherwise good,4,2026-07-30 03:44:54 UTC,0,play_store,should remove the so called handling charge on every order like zepto... otherwise good,remove call handle charge every order like zepto otherwise good,True,want_to_explore_blocked,price_uncertainty_new_category,,intent or category talk with friction/barrier cues
why we handling charges given,2,2026-07-30 03:41:01 UTC,0,play_store,why we handling charges given,handling charge give,True,want_to_explore_blocked,price_uncertainty_new_category,,intent or category talk with friction/barrier cues
vegetables are not getting fresh. The potatoes I order never cook properly or taste good.,1,2026-07-30 03:41:00 UTC,0,play_store,vegetables are not getting fresh. The potatoes I order never cook properly or taste good.,vegetable get fresh potato order never cook properly taste good,True,want_to_explore_blocked,dont_trust_quality_for_new_category,grocery,intent or category talk with friction/barrier cues
very bad,1,2026-07-30 03:39:38 UTC,0,play_store,very bad,bad,False,noise,,,no category-exploration signal
good for the daily need and fast delivery as your need,5,2026-07-30 03:38:47 UTC,0,play_store,good for the daily need and fast delivery as your need,good daily need fast delivery need,True,stuck_in_routine,,,routine/reorder language without exploration intent
The best app ever to ever buy from Blinkit,5,2026-07-30 03:36:18 UTC,0,play_store,The best app ever to ever buy from Blinkit,best app ever ever buy blinkit,False,noise,,,no category-exploration signal
fastest delivery,5,2026-07-30 03:35:01 UTC,0,play_store,fastest delivery,fast delivery,False,noise,,,no category-exploration signal
"Fqn MC app Giving The Grocery Worster Than Locals, The India Gate raw Rice I Bought From Blinkit its Really Disgusting And Also Faar More worst Than Ration Rice Distributed By Gov",1,2026-07-30 03:34:16 UTC,0,play_store,"Fqn MC app Giving The Grocery Worster Than Locals, The India Gate raw Rice I Bought From Blinkit its Really Disgusting And Also Faar More worst Than Ration Rice Distributed By Gov",fqn mc app give grocery worster local india gate raw rice buy blinkit really disgust also faar bad ration rice distribute gov,True,unclear,,grocery,category or barrier cues without clear funnel stage
service charge bahut jyada hai worker Sahi bhi nahin rahte time per nahin aate Hain aur phone lagakar 10 bar pareshan karte Hain sabse pahle workeron per Dhyan Dena chahie,1,2026-07-30 03:31:30 UTC,0,play_store,service charge bahut jyada hai worker Sahi bhi nahin rahte time per nahin aate Hain aur phone lagakar 10 bar pareshan karte Hain sabse pahle workeron per Dhyan Dena chahie,service charge bahut jyada hai worker sahi bhi nahin rahte time per nahin aate hain aur phone lagakar 10 bar pareshan karte hain sabse pahle workeron per dhyan dena chahie,True,unclear,,electronics,category or barrier cues without clear funnel stage
abhi use kar rahe use karen to pata chale bad mein,4,2026-07-30 03:26:20 UTC,0,play_store,abhi use kar rahe use karen to pata chale bad mein,abhi use kar rahe use karen pata chale bad mein,False,noise,,,no category-exploration signal
very good 👍🏻😊,5,2026-07-30 03:22:25 UTC,0,play_store,very good 👍🏻😊,good,False,noise,,,no category-exploration signal
all items are good and delivery time is very less as compared to other apps,5,2026-07-30 03:19:53 UTC,0,play_store,all items are good and delivery time is very less as compared to other apps,item good delivery time less compare apps,False,noise,,,no category-exploration signal
Thieves of first order. First they cancel the order then they keep on pushing the refund to a later date. Better delivery experience from other apps. Don't recommend at all! If I could give you guys 0 Star again and again! and again and again they fail in customer service,1,2026-07-30 03:19:29 UTC,1,play_store,Thieves of first order. First they cancel the order then they keep on pushing the refund to a later date. Better delivery experience from other apps. Don't recommend at all! If I could give you guys 0 Star again and again! and again and again they fail in customer service,thief first order first cancel order keep push refund later date well delivery experience apps dont recommend could give guy 0 star fail customer service,True,want_to_explore_blocked,dont_trust_quality_for_new_category|coverage_or_eta,,intent or category talk with friction/barrier cues
must hai,5,2026-07-30 03:16:15 UTC,0,play_store,must hai,must hai,False,noise,,,no category-exploration signal
good service withan 15 minit my house,4,2026-07-30 03:15:04 UTC,0,play_store,good service withan 15 minit my house,good service withan 15 minit house,False,noise,,,no category-exploration signal
asome,4,2026-07-30 03:14:37 UTC,0,play_store,asome,asome,False,noise,,,no category-exploration signal
very bad experience with Blinkit. Received Noise Pure Buds with missing left earbud. The box was already unsealed and the delivery executive took OTP before I could check the product. Support response was not helpful. This is unacceptable—expect better quality control and accountability.,1,2026-07-30 03:13:25 UTC,0,play_store,very bad experience with Blinkit. Received Noise Pure Buds with missing left earbud. The box was already unsealed and the delivery executive took OTP before I could check the product. Support response was not helpful. This is unacceptable—expect better quality control and accountability.,bad experience blinkit receive noise pure bud miss leave earbud box already unsealed delivery executive take otp could check product support response helpful unacceptable expect good quality control accountability,True,want_to_explore_blocked,dont_trust_quality_for_new_category|assortment_gap,,intent or category talk with friction/barrier cues
very good and fast delivery,5,2026-07-30 03:12:52 UTC,0,play_store,very good and fast delivery,good fast delivery,False,noise,,,no category-exploration signal
this is so fast,5,2026-07-30 03:07:27 UTC,0,play_store,this is so fast,fast,False,noise,,,no category-exploration signal
price drop when we need it is not coming,5,2026-07-30 03:06:36 UTC,0,play_store,price drop when we need it is not coming,price drop need come,True,want_to_explore_blocked,price_uncertainty_new_category,grocery,intent or category talk with friction/barrier cues
soo good,5,2026-07-30 03:06:13 UTC,0,play_store,soo good,soo good,False,noise,,,no category-exploration signal
Charging Both delivery and Handling charges.,1,2026-07-30 03:02:04 UTC,0,play_store,Charging Both delivery and Handling charges.,charge delivery handling charge,True,want_to_explore_blocked,price_uncertainty_new_category,,intent or category talk with friction/barrier cues
Ease of business !,5,2026-07-30 03:01:34 UTC,0,play_store,Ease of business !,ease business,False,noise,,,no category-exploration signal
good start,5,2026-07-30 03:00:00 UTC,0,play_store,good start,good start,False,noise,,,no category-exploration signal
blinkit provides the fastest delivery of all the other shopping apps,4,2026-07-30 02:59:59 UTC,0,play_store,blinkit provides the fastest delivery of all the other shopping apps,blinkit provide fast delivery shopping apps,False,noise,,,no category-exploration signal
so so happy,5,2026-07-30 02:59:11 UTC,0,play_store,so so happy,happy,False,noise,,,no category-exploration signal
there is no help if things as ordered are not delivered complete. bad service,1,2026-07-30 02:57:24 UTC,0,play_store,there is no help if things as ordered are not delivered complete. bad service,help thing order deliver complete bad service,False,noise,,,no category-exploration signal
prompt service,5,2026-07-30 02:57:00 UTC,0,play_store,prompt service,prompt service,False,noise,,,no category-exploration signal
poor service.....and no proper resolution of issues,1,2026-07-30 02:49:09 UTC,0,play_store,poor service.....and no proper resolution of issues,poor serviceand proper resolution issue,False,noise,,,no category-exploration signal
fast sarvice,5,2026-07-30 02:47:13 UTC,0,play_store,fast sarvice,fast sarvice,False,noise,,,no category-exploration signal
Very Good 😍,5,2026-07-30 02:45:39 UTC,0,play_store,Very Good 😍,good,False,noise,,,no category-exploration signal
on time delivery 🚚,5,2026-07-30 02:38:46 UTC,0,play_store,on time delivery 🚚,time delivery,False,noise,,,no category-exploration signal
very bad price high,1,2026-07-30 02:38:37 UTC,0,play_store,very bad price high,bad price high,True,want_to_explore_blocked,price_uncertainty_new_category,grocery,intent or category talk with friction/barrier cues
the costumer care don't help mad no return or replace is available if it is available then also they do return or replace your order it better to order in Amazon and wait for 2 to 3 days,1,2026-07-30 02:37:17 UTC,0,play_store,the costumer care don't help mad no return or replace is available if it is available then also they do return or replace your order it better to order in Amazon and wait for 2 to 3 days,costumer care dont help mad return replace available available also return replace order good order amazon wait 2 3 day,True,want_to_explore_blocked,dont_trust_quality_for_new_category,,intent or category talk with friction/barrier cues
best price and servcs,5,2026-07-30 02:31:41 UTC,0,play_store,best price and servcs,best price servcs,True,want_to_explore_blocked,price_uncertainty_new_category,grocery,intent or category talk with friction/barrier cues
It's okay for now,5,2026-07-30 02:29:09 UTC,0,play_store,It's okay for now,okay,False,noise,,,short generic praise/complaint without category cues
Japan level convenience 👌,5,2026-07-30 02:26:48 UTC,0,play_store,Japan level convenience 👌,japan level convenience,False,noise,,,no category-exploration signal
kush itam bahut costly hai,4,2026-07-30 02:22:46 UTC,0,play_store,kush itam bahut costly hai,kush itam bahut costly hai,True,want_to_explore_blocked,price_uncertainty_new_category,,intent or category talk with friction/barrier cues
better ❤️❤️,5,2026-07-30 02:15:10 UTC,0,play_store,better ❤️❤️,well,False,noise,,,no category-exploration signal
bahut hi achcha hai aur fast delivery,5,2026-07-30 02:12:19 UTC,0,play_store,bahut hi achcha hai aur fast delivery,bahut hi achcha hai aur fast delivery,False,noise,,,no category-exploration signal
wow 👌,5,2026-07-30 02:12:02 UTC,0,play_store,wow 👌,wow,False,noise,,,no category-exploration signal
grateful 🥰,3,2026-07-30 02:04:56 UTC,0,play_store,grateful 🥰,grateful,False,noise,,,no category-exploration signal
superfast delivery,5,2026-07-30 01:54:03 UTC,0,play_store,superfast delivery,superfast delivery,False,noise,,,short generic praise/complaint without category cues
exilent service,5,2026-07-30 01:51:54 UTC,0,play_store,exilent service,exilent service,False,noise,,,no category-exploration signal
otp time is very less so pl increase otp time,4,2026-07-30 01:50:55 UTC,0,play_store,otp time is very less so pl increase otp time,otp time less pl increase otp time,False,noise,,,no category-exploration signal
nice app for home delivery,5,2026-07-30 01:49:02 UTC,0,play_store,nice app for home delivery,nice app home delivery,True,unclear,,home,category or barrier cues without clear funnel stage
"they deliver defective articles don't not replace. reason they give is, they could not verify the defective articles. one should buy groceries only.",1,2026-07-30 01:48:03 UTC,0,play_store,"they deliver defective articles don't not replace. reason they give is, they could not verify the defective articles. one should buy groceries only.",deliver defective article dont replace reason give could verify defective article one buy grocery,False,noise,,,no category-exploration signal
bed service,1,2026-07-30 01:43:28 UTC,0,play_store,bed service,bed service,False,noise,,,no category-exploration signal
pahle jaisa aab delivery fast nhi rha hai bilinkit ka store pe hi bahut time lga deta hai or insaan ko burbak bnata hai ki sasta hai koi sasta nhi hai bhai sab bewkoof bna rha hai or paisa lut rha hai sab,1,2026-07-30 01:39:40 UTC,0,play_store,pahle jaisa aab delivery fast nhi rha hai bilinkit ka store pe hi bahut time lga deta hai or insaan ko burbak bnata hai ki sasta hai koi sasta nhi hai bhai sab bewkoof bna rha hai or paisa lut rha hai sab,pahle jaisa aab delivery fast nhi rha hai bilinkit ka store pe hi bahut time lga deta hai insaan ko burbak bnata hai ki sasta hai koi sasta nhi hai bhai sab bewkoof bna rha hai paisa lut rha hai sab,False,noise,,,no category-exploration signal
"monopoly near bagru, high convenience fee and delivery charges, bad behaviour from delivery partners",3,2026-07-30 01:32:01 UTC,0,play_store,"monopoly near bagru, high convenience fee and delivery charges, bad behaviour from delivery partners",monopoly near bagru high convenience fee delivery charge bad behaviour delivery partner,False,noise,,,no category-exploration signal
doctor calling you after you've ordered a med is absolutely clinical for those staying alone,5,2026-07-30 01:31:53 UTC,0,play_store,doctor calling you after you've ordered a med is absolutely clinical for those staying alone,doctor call youve order med absolutely clinical stay alone,False,noise,,,no category-exploration signal
I have been used this app last a year and this app is very useful and the material on time,5,2026-07-30 01:31:41 UTC,0,play_store,I have been used this app last a year and this app is very useful and the material on time,use app last year app useful material time,False,noise,,,no category-exploration signal
convenient,5,2026-07-30 01:30:16 UTC,0,play_store,convenient,convenient,False,noise,,,no category-exploration signal
Print out's is good option,5,2026-07-30 01:11:15 UTC,0,play_store,Print out's is good option,print out good option,False,noise,,,no category-exploration signal
not good customer support,1,2026-07-30 01:06:46 UTC,0,play_store,not good customer support,good customer support,False,noise,,,no category-exploration signal
good yaar ☺️,5,2026-07-30 01:02:32 UTC,0,play_store,good yaar ☺️,good yaar,False,noise,,,no category-exploration signal
excellent and wonderful service Replacement is also faster,5,2026-07-30 01:02:24 UTC,1,play_store,excellent and wonderful service Replacement is also faster,excellent wonderful service replacement also faster,False,noise,,,no category-exploration signal
I waited for my order from 15 minutes .....but in app shows your order will be dilevery in 9 minutes.....😞😞,3,2026-07-30 00:58:34 UTC,0,play_store,I waited for my order from 15 minutes .....but in app shows your order will be dilevery in 9 minutes.....😞😞,wait order 15 minute app show order dilevery 9 minute,False,noise,,,no category-exploration signal
makes life easy,5,2026-07-30 00:49:12 UTC,0,play_store,makes life easy,make life easy,False,noise,,,no category-exploration signal
"System is nice but,....... Support is bad......",5,2026-07-30 00:47:24 UTC,0,play_store,"System is nice but,....... Support is bad......",system nice support bad,False,noise,,,no category-exploration signal
all.are good but price is very high 😭. thanks,4,2026-07-30 00:42:48 UTC,0,play_store,all.are good but price is very high 😭. thanks,allare good price high thanks,True,want_to_explore_blocked,price_uncertainty_new_category,grocery,intent or category talk with friction/barrier cues
"Excellent app! It's easy to use, fast, and has a great user interface. Highly recommended.",5,2026-07-30 00:24:32 UTC,0,play_store,"Excellent app! It's easy to use, fast, and has a great user interface. Highly recommended.",excellent app easy use fast great user interface highly recommend,False,noise,,,no category-exploration signal
daily am order pintola prodecut mere lyi offer diya kro,5,2026-07-30 00:19:35 UTC,0,play_store,daily am order pintola prodecut mere lyi offer diya kro,daily order pintola prodecut mere lyi offer diya kro,True,stuck_in_routine,,,routine/reorder language without exploration intent
"best product, best offers , best grocery. I always love to buy with this app and I consider to my friends too.",5,2026-07-29 23:25:25 UTC,0,play_store,"best product, best offers , best grocery. I always love to buy with this app and I consider to my friends too.",best product best offer best grocery always love buy app consider friend,True,stuck_in_routine,,grocery,routine/reorder language without exploration intent
I love blinkit service,5,2026-07-29 23:12:50 UTC,0,play_store,I love blinkit service,love blinkit service,False,noise,,,no category-exploration signal
sometimes the package foods i received are damp and unusable,1,2026-07-29 22:41:37 UTC,0,play_store,sometimes the package foods i received are damp and unusable,sometimes package food receive damp unusable,False,noise,,,no category-exploration signal
reduce hideen charge.. overall good services,4,2026-07-29 22:29:31 UTC,0,play_store,reduce hideen charge.. overall good services,reduce hideen charge overall good service,False,noise,,,no category-exploration signal
nice experience with blinkit.very useful in all the way,5,2026-07-29 22:28:15 UTC,0,play_store,nice experience with blinkit.very useful in all the way,nice experience blinkitvery useful way,False,noise,,,no category-exploration signal
"installed zepto saved 30% cash,blinking too costly,",1,2026-07-29 22:01:42 UTC,0,play_store,"installed zepto saved 30% cash,blinking too costly,",instal zepto save 30 cashblinking costly,True,want_to_explore_blocked,price_uncertainty_new_category,,intent or category talk with friction/barrier cues
bht vuk lagisile emn rati khon je dibo ahibo dhoinobad,5,2026-07-29 21:52:30 UTC,0,play_store,bht vuk lagisile emn rati khon je dibo ahibo dhoinobad,bht vuk lagisile emn rati khon je dibo ahibo dhoinobad,False,noise,,,no category-exploration signal
very good job 👍,4,2026-07-29 21:40:11 UTC,0,play_store,very good job 👍,good job,False,noise,,,no category-exploration signal
welldone brother,5,2026-07-29 21:33:45 UTC,0,play_store,welldone brother,welldone brother,False,noise,,,no category-exploration signal
when we compare between zepto and blinkit .. pricing is a bit high .,3,2026-07-29 21:29:10 UTC,0,play_store,when we compare between zepto and blinkit .. pricing is a bit high .,compare zepto blinkit pricing bit high,False,noise,,,no category-exploration signal
It's been long since I am using blinkit to be honest used to hate it at times the deliveries and support used to trick me but now I am very happy how they make sure queries are resolved and with best possible way and with quick solutions I hope this remains consistent Blinkit !!!,5,2026-07-29 21:23:14 UTC,0,play_store,It's been long since I am using blinkit to be honest used to hate it at times the deliveries and support used to trick me but now I am very happy how they make sure queries are resolved and with best possible way and with quick solutions I hope this remains consistent Blinkit !!!,long since use blinkit honest use hate time deliveries support use trick happy make sure query resolve best possible way quick solution hope remain consistent blinkit,False,noise,,,no category-exploration signal
Had the best experience ever. I was too happy by their service. really kaabil e tareef,5,2026-07-29 21:02:16 UTC,0,play_store,Had the best experience ever. I was too happy by their service. really kaabil e tareef,best experience ever happy service really kaabil e tareef,False,noise,,,no category-exploration signal
worst app and mangengement,1,2026-07-29 20:55:18 UTC,0,play_store,worst app and mangengement,bad app mangengement,False,noise,,,no category-exploration signal
meri refund abhi tak nahi diya. so bad app . please don't used this app. this app is so bad .,1,2026-07-29 20:40:48 UTC,0,play_store,meri refund abhi tak nahi diya. so bad app . please don't used this app. this app is so bad .,meri refund abhi tak nahi diya bad app please dont use app app bad,True,want_to_explore_blocked,dont_trust_quality_for_new_category,,intent or category talk with friction/barrier cues
best service best delivery return policy very fast thanks 4 Blinkit partners,5,2026-07-29 20:28:29 UTC,0,play_store,best service best delivery return policy very fast thanks 4 Blinkit partners,best service best delivery return policy fast thanks 4 blinkit partner,True,want_to_explore_blocked,dont_trust_quality_for_new_category,,intent or category talk with friction/barrier cues
Good servings.,5,2026-07-29 20:26:19 UTC,0,play_store,Good servings.,good serving,False,noise,,,no category-exploration signal
amazing this app really,5,2026-07-29 20:09:41 UTC,0,play_store,amazing this app really,amaze app really,False,noise,,,no category-exploration signal
worst aap ever that I have used..they literally took my money and cancelled my order and haven't given me my money back and also deleted my order history of that cancelled order,1,2026-07-29 19:52:19 UTC,0,play_store,worst aap ever that I have used..they literally took my money and cancelled my order and haven't given me my money back and also deleted my order history of that cancelled order,bad aap ever usedthey literally take money cancel order havent give money back also delete order history cancel order,False,noise,,,no category-exploration signal
no coupons,1,2026-07-29 19:47:38 UTC,0,play_store,no coupons,coupon,False,noise,,,no category-exploration signal
theek hi hai,5,2026-07-29 19:47:14 UTC,0,play_store,theek hi hai,theek hi hai,False,noise,,,no category-exploration signal
thanx ur deliveryy too fast,5,2026-07-29 19:26:49 UTC,0,play_store,thanx ur deliveryy too fast,thanx ur deliveryy fast,False,noise,,,no category-exploration signal
"Blinkit is a great app for purchase fmcg product in your hand with in 15 minutes, Fast delivery go for it.",5,2026-07-29 19:26:03 UTC,0,play_store,"Blinkit is a great app for purchase fmcg product in your hand with in 15 minutes, Fast delivery go for it.",blinkit great app purchase fmcg product hand 15 minute fast delivery go,False,noise,,,no category-exploration signal
nice ok,5,2026-07-29 19:22:58 UTC,0,play_store,nice ok,nice ok,False,noise,,,short generic praise/complaint without category cues
very good response,5,2026-07-29 19:12:20 UTC,0,play_store,very good response,good response,False,noise,,,no category-exploration signal
very good app less charges very good,5,2026-07-29 19:06:00 UTC,0,play_store,very good app less charges very good,good app less charge good,False,noise,,,no category-exploration signal
pahle jaldi se delivery bhejo,5,2026-07-29 19:01:31 UTC,0,play_store,pahle jaldi se delivery bhejo,pahle jaldi se delivery bhejo,False,noise,,,no category-exploration signal
handling bag chart jyada lete ho,1,2026-07-29 18:59:23 UTC,0,play_store,handling bag chart jyada lete ho,handle bag chart jyada lete ho,False,noise,,,no category-exploration signal
blinkit is very good I m happy,4,2026-07-29 18:58:49 UTC,0,play_store,blinkit is very good I m happy,blinkit good happy,False,noise,,,no category-exploration signal
demge product only i have theme,1,2026-07-29 18:51:36 UTC,0,play_store,demge product only i have theme,demge product theme,False,noise,,,no category-exploration signal
best blinkit order now,5,2026-07-29 18:50:37 UTC,0,play_store,best blinkit order now,best blinkit order,False,noise,,,no category-exploration signal
it's very good and help full to my family,5,2026-07-29 18:49:56 UTC,0,play_store,it's very good and help full to my family,good help full family,False,noise,,,no category-exploration signal
best app for groceries and others,5,2026-07-29 18:49:07 UTC,0,play_store,best app for groceries and others,best app grocery others,False,noise,,,no category-exploration signal
thanks bhaiya,5,2026-07-29 18:48:17 UTC,0,play_store,thanks bhaiya,thanks bhaiya,False,noise,,,no category-exploration signal
why no scheduling feature available?,3,2026-07-29 18:47:41 UTC,0,play_store,why no scheduling feature available?,schedule feature available,False,noise,,,no category-exploration signal
🤮🤢,1,2026-07-29 18:45:09 UTC,0,play_store,🤮🤢,🤮🤢,False,noise,,,no category-exploration signal
"I like Blinkit service, always on time and anywhere in correct location. thanks",5,2026-07-29 18:43:49 UTC,0,play_store,"I like Blinkit service, always on time and anywhere in correct location. thanks",like blinkit service always time anywhere correct location thanks,True,stuck_in_routine,coverage_or_eta,,routine/reorder language without exploration intent
well done,5,2026-07-29 18:37:13 UTC,0,play_store,well done,well do,False,noise,,,no category-exploration signal
campny don't resolve chat and don't help,1,2026-07-29 18:36:26 UTC,0,play_store,campny don't resolve chat and don't help,campny dont resolve chat dont help,False,noise,,,no category-exploration signal
too much charge for the product for delivery and etc product rate 40 rs but I pay 98rs too bad,5,2026-07-29 18:33:21 UTC,0,play_store,too much charge for the product for delivery and etc product rate 40 rs but I pay 98rs too bad,much charge product delivery etc product rate 40 r pay 98rs bad,False,noise,,,no category-exploration signal
not like it blinkit app 😡😡,1,2026-07-29 18:32:32 UTC,0,play_store,not like it blinkit app 😡😡,like blinkit app,False,noise,,,no category-exploration signal
nice nice p,5,2026-07-29 18:27:34 UTC,0,play_store,nice nice p,nice nice p,False,noise,,,no category-exploration signal
to good 😊👍,5,2026-07-29 18:26:13 UTC,0,play_store,to good 😊👍,good,False,noise,,,no category-exploration signal
worst return policy,1,2026-07-29 18:23:09 UTC,0,play_store,worst return policy,bad return policy,True,want_to_explore_blocked,dont_trust_quality_for_new_category,,intent or category talk with friction/barrier cues
nice app❤️,5,2026-07-29 18:19:33 UTC,0,play_store,nice app❤️,nice app,False,noise,,,short generic praise/complaint without category cues
why not accept your delivery partner why delayed and failed and why not refund tips 😡😡,1,2026-07-29 18:18:42 UTC,0,play_store,why not accept your delivery partner why delayed and failed and why not refund tips 😡😡,accept delivery partner delay fail refund tip,True,want_to_explore_blocked,dont_trust_quality_for_new_category|coverage_or_eta,,intent or category talk with friction/barrier cues
👍 good job,4,2026-07-29 18:18:24 UTC,0,play_store,👍 good job,good job,False,noise,,,no category-exploration signal
superb service life top easy 👌🏻👍🏻,5,2026-07-29 18:17:59 UTC,0,play_store,superb service life top easy 👌🏻👍🏻,superb service life top easy,False,noise,,,no category-exploration signal
Excellent ...........,5,2026-07-29 18:17:18 UTC,0,play_store,Excellent ...........,excellent,False,noise,,,no category-exploration signal
good excellent,5,2026-07-29 18:15:59 UTC,0,play_store,good excellent,good excellent,False,noise,,,no category-exploration signal
your delivery time to time very nice 🙂 good job 👍,5,2026-07-29 18:10:27 UTC,0,play_store,your delivery time to time very nice 🙂 good job 👍,delivery time time nice good job,False,noise,,,no category-exploration signal
"one of the best grocery shopping 🛍 app in Patna [800011],Bihar",5,2026-07-29 18:09:02 UTC,0,play_store,"one of the best grocery shopping 🛍 app in Patna [800011],Bihar",one best grocery shopping app patna 800011bihar,True,unclear,,grocery,category or barrier cues without clear funnel stage
5 star rating for free ambulance ❤️❤️,5,2026-07-29 18:07:36 UTC,0,play_store,5 star rating for free ambulance ❤️❤️,5 star rating free ambulance,False,noise,,,no category-exploration signal
defected items,1,2026-07-29 18:03:33 UTC,0,play_store,defected items,defect item,False,noise,,,no category-exploration signal
good sevices,5,2026-07-29 18:03:07 UTC,0,play_store,good sevices,good sevices,False,noise,,,no category-exploration signal
very easy and fast delivery,5,2026-07-29 18:02:29 UTC,0,play_store,very easy and fast delivery,easy fast delivery,False,noise,,,no category-exploration signal
Super quick delivery and great packaging. Very satisfied with the service.,5,2026-07-29 18:02:13 UTC,0,play_store,Super quick delivery and great packaging. Very satisfied with the service.,super quick delivery great packaging satisfy service,False,noise,,,no category-exploration signal
A very nice platform ...for emergancy,5,2026-07-29 17:59:37 UTC,0,play_store,A very nice platform ...for emergancy,nice platform emergancy,False,noise,,,no category-exploration signal
"worst app , delivered new pack but showing old pack in front image , never gone order from Blinkit. Worst experience ever flipkart or amazon will do better than this. Does not deserve even a star. May god close their store for forever",1,2026-07-29 17:56:33 UTC,0,play_store,"worst app , delivered new pack but showing old pack in front image , never gone order from Blinkit. Worst experience ever flipkart or amazon will do better than this. Does not deserve even a star. May god close their store for forever",bad app deliver new pack show old pack front image never go order blinkit bad experience ever flipkart amazon good deserve even star may god close store forever,False,noise,,,no category-exploration signal
fast and good delivery,5,2026-07-29 17:56:28 UTC,0,play_store,fast and good delivery,fast good delivery,False,noise,,,no category-exploration signal
😀😀😀,5,2026-07-29 17:55:19 UTC,0,play_store,😀😀😀,😀😀😀,False,noise,,,no category-exploration signal
need i sing praises of blinkit,5,2026-07-29 17:54:33 UTC,0,play_store,need i sing praises of blinkit,need sing praise blinkit,False,noise,,,no category-exploration signal
"A very nice app,we can even get prints whatever the time may be.No need to be afraid of late night remembered things👏",5,2026-07-29 17:48:48 UTC,0,play_store,"A very nice app,we can even get prints whatever the time may be.No need to be afraid of late night remembered things👏",nice appwe even get print whatever time may beno need afraid late night remember thing,True,unclear,coverage_or_eta,,category or barrier cues without clear funnel stage
everything you need 👍🏻❤️,5,2026-07-29 17:47:42 UTC,0,play_store,everything you need 👍🏻❤️,everything need,False,noise,,,no category-exploration signal
"very slow service,please improve this",1,2026-07-29 17:47:10 UTC,0,play_store,"very slow service,please improve this",slow serviceplease improve,False,noise,,,no category-exploration signal
Kya cheez bnayi h yaar . Medicines banao bina prescription ki toh turant doctor se bi connect kara dete. worth it app . must use,5,2026-07-29 17:47:09 UTC,0,play_store,Kya cheez bnayi h yaar . Medicines banao bina prescription ki toh turant doctor se bi connect kara dete. worth it app . must use,kya cheez bnayi h yaar medicine banao bina prescription ki toh turant doctor se bi connect kara dete worth app must use,True,unclear,,pharmacy,category or barrier cues without clear funnel stage
thank you blinkit for late night delivery,5,2026-07-29 17:41:55 UTC,0,play_store,thank you blinkit for late night delivery,thank blinkit late night delivery,True,unclear,coverage_or_eta,,category or barrier cues without clear funnel stage
nice to get the thing within 10 min it's the perfect app,4,2026-07-29 17:40:38 UTC,0,play_store,nice to get the thing within 10 min it's the perfect app,nice get thing within 10 min perfect app,False,noise,,,no category-exploration signal
fast and reponsive,5,2026-07-29 17:39:30 UTC,0,play_store,fast and reponsive,fast reponsive,False,noise,,,no category-exploration signal
no any discount,3,2026-07-29 17:36:05 UTC,0,play_store,no any discount,discount,False,noise,,,no category-exploration signal
Nice pl,5,2026-07-29 17:34:07 UTC,0,play_store,Nice pl,nice pl,False,noise,,,no category-exploration signal
great 👍😃,4,2026-07-29 17:33:28 UTC,0,play_store,great 👍😃,great,False,noise,,,no category-exploration signal
it is good for any time,4,2026-07-29 17:33:00 UTC,0,play_store,it is good for any time,good time,False,noise,,,no category-exploration signal
exceptional 💫,5,2026-07-29 17:32:42 UTC,0,play_store,exceptional 💫,exceptional,False,noise,,,no category-exploration signal
It's very good for urgent people when no one at home honestly loves the app my all time fav❤️❤️✨✨✨👍😚😚,5,2026-07-29 17:32:07 UTC,0,play_store,It's very good for urgent people when no one at home honestly loves the app my all time fav❤️❤️✨✨✨👍😚😚,good urgent people one home honestly love app time fav,True,unclear,,home,category or barrier cues without clear funnel stage
suuuuuper,5,2026-07-29 17:31:45 UTC,0,play_store,suuuuuper,suuuuuper,False,noise,,,no category-exploration signal
please deliver at late night on cod,5,2026-07-29 17:31:10 UTC,0,play_store,please deliver at late night on cod,please deliver late night cod,True,unclear,coverage_or_eta,,category or barrier cues without clear funnel stage
it's service is amazing 😍,5,2026-07-29 17:28:24 UTC,0,play_store,it's service is amazing 😍,service amaze,False,noise,,,no category-exploration signal
nice app so fast delivery,5,2026-07-29 17:23:38 UTC,0,play_store,nice app so fast delivery,nice app fast delivery,False,noise,,,no category-exploration signal
"Not supported for credit card payment, always declined",1,2026-07-29 17:22:52 UTC,0,play_store,"Not supported for credit card payment, always declined",support credit card payment always decline,True,stuck_in_routine,,,routine/reorder language without exploration intent
fast service great blinkit,4,2026-07-29 17:22:32 UTC,0,play_store,fast service great blinkit,fast service great blinkit,False,noise,,,no category-exploration signal
excellent app,5,2026-07-29 17:19:13 UTC,0,play_store,excellent app,excellent app,False,noise,,,no category-exploration signal
very good aap,5,2026-07-29 17:18:55 UTC,0,play_store,very good aap,good aap,False,noise,,,no category-exploration signal
very useful I love is everything thing is their 🤩🤩,5,2026-07-29 17:18:23 UTC,0,play_store,very useful I love is everything thing is their 🤩🤩,useful love everything thing,False,noise,,,no category-exploration signal
this good 👍😊,5,2026-07-29 17:16:37 UTC,0,play_store,this good 👍😊,good,False,noise,,,no category-exploration signal
"Really A last minute app , Great experience Thank You",5,2026-07-29 17:15:06 UTC,0,play_store,"Really A last minute app , Great experience Thank You",really last minute app great experience thank,False,noise,,,no category-exploration signal
very best grosry app,5,2026-07-29 17:13:46 UTC,0,play_store,very best grosry app,best grosry app,False,noise,,,no category-exploration signal
ret mahanga ho raha hai,1,2026-07-29 17:13:00 UTC,0,play_store,ret mahanga ho raha hai,ret mahanga ho raha hai,False,noise,,,no category-exploration signal
pissa aapka bahud jada aata he offers doo plz request,1,2026-07-29 17:09:26 UTC,0,play_store,pissa aapka bahud jada aata he offers doo plz request,pissa aapka bahud jada aata offer doo plz request,False,noise,,,no category-exploration signal
Better,5,2026-07-29 17:08:23 UTC,0,play_store,Better,well,False,noise,,,no category-exploration signal
very great service,5,2026-07-29 17:07:52 UTC,0,play_store,very great service,great service,False,noise,,,no category-exploration signal
this aap was amazing and always order on blinkit blinkit gives awesome items in pocket friendly prices 😎,5,2026-07-29 17:07:23 UTC,0,play_store,this aap was amazing and always order on blinkit blinkit gives awesome items in pocket friendly prices 😎,aap amaze always order blinkit blinkit give awesome item pocket friendly price,True,want_to_explore_blocked,price_uncertainty_new_category|habit_reorder_only,grocery,intent or category talk with friction/barrier cues
it is very good,5,2026-07-29 17:06:55 UTC,0,play_store,it is very good,good,False,noise,,,no category-exploration signal
love u my darling blinkit,5,2026-07-29 17:05:23 UTC,0,play_store,love u my darling blinkit,love u darling blinkit,False,noise,,,no category-exploration signal
best delivery anytime,5,2026-07-29 17:03:15 UTC,0,play_store,best delivery anytime,best delivery anytime,False,noise,,,no category-exploration signal
superb performance elegant dear one,5,2026-07-29 17:02:32 UTC,0,play_store,superb performance elegant dear one,superb performance elegant dear one,False,noise,,,no category-exploration signal
Life saviour 💗😭,5,2026-07-29 16:59:52 UTC,0,play_store,Life saviour 💗😭,life saviour,False,noise,,,no category-exploration signal
on time delivery.,5,2026-07-29 16:59:00 UTC,0,play_store,on time delivery.,time delivery,False,noise,,,no category-exploration signal
bht Delivery charge hai,1,2026-07-29 16:55:53 UTC,0,play_store,bht Delivery charge hai,bht delivery charge hai,False,noise,,,no category-exploration signal
blinkit has improved a lot. also has fast delivery,5,2026-07-29 16:54:11 UTC,0,play_store,blinkit has improved a lot. also has fast delivery,blinkit improve lot also fast delivery,False,noise,,,no category-exploration signal
nothing more useful in urgent times,5,2026-07-29 16:50:35 UTC,0,play_store,nothing more useful in urgent times,nothing useful urgent time,False,noise,,,no category-exploration signal
user friendly,5,2026-07-29 16:48:08 UTC,0,play_store,user friendly,user friendly,False,noise,,,no category-exploration signal
surges charges always,1,2026-07-29 16:44:56 UTC,0,play_store,surges charges always,surge charge always,True,want_to_explore_blocked,price_uncertainty_new_category,,intent or category talk with friction/barrier cues
Fast And Superb,5,2026-07-29 16:42:18 UTC,0,play_store,Fast And Superb,fast superb,False,noise,,,short generic praise/complaint without category cues
Great experience always..,5,2026-07-29 16:39:58 UTC,0,play_store,Great experience always..,great experience always,True,stuck_in_routine,,,routine/reorder language without exploration intent
hyy pls nawahshehr punjab me nhi open kro,5,2026-07-29 16:34:02 UTC,0,play_store,hyy pls nawahshehr punjab me nhi open kro,hyy pls nawahshehr punjab nhi open kro,False,noise,,,no category-exploration signal
first time my order using item come very bad experience and BIINKIT NOT USED APP,1,2026-07-29 16:33:52 UTC,0,play_store,first time my order using item come very bad experience and BIINKIT NOT USED APP,first time order use item come bad experience biinkit use app,True,unclear,,,category or barrier cues without clear funnel stage
this app is best for giving us things that are needed argently and the delivery partners are so sweet and humble,5,2026-07-29 16:33:49 UTC,0,play_store,this app is best for giving us things that are needed argently and the delivery partners are so sweet and humble,app best give u thing need argently delivery partner sweet humble,False,noise,,,no category-exploration signal
pathetic app,1,2026-07-29 16:31:29 UTC,0,play_store,pathetic app,pathetic app,False,noise,,,no category-exploration signal
Payment Failure on Paid Online Bill,1,2026-07-29 16:31:15 UTC,0,play_store,Payment Failure on Paid Online Bill,payment failure pay online bill,False,noise,,,no category-exploration signal
for fast service,5,2026-07-29 16:28:53 UTC,0,play_store,for fast service,fast service,False,noise,,,no category-exploration signal
no return anything,1,2026-07-29 16:27:59 UTC,0,play_store,no return anything,return anything,True,want_to_explore_blocked,dont_trust_quality_for_new_category,,intent or category talk with friction/barrier cues
Blink had scammed me nearly 800 rps... I ordered the bulk items.. some of the items are missed.. customer care had initiated the refund.. but the delivery partners came to home and speaking rude with my mom and dad when I am not in the house... worst app I had used you ...... I would give you -100 rating for worst behavior with my parents,1,2026-07-29 16:27:42 UTC,0,play_store,Blink had scammed me nearly 800 rps... I ordered the bulk items.. some of the items are missed.. customer care had initiated the refund.. but the delivery partners came to home and speaking rude with my mom and dad when I am not in the house... worst app I had used you ...... I would give you -100 rating for worst behavior with my parents,blink scammed nearly 800 rps order bulk item item miss customer care initiate refund delivery partner come home speak rude mom dad house bad app use would give 100 rating bad behavior parent,True,want_to_explore_blocked,dont_trust_quality_for_new_category,home,intent or category talk with friction/barrier cues
many products to add for free delivery other apps are giving free delivery in 150 rs,2,2026-07-29 16:24:37 UTC,0,play_store,many products to add for free delivery other apps are giving free delivery in 150 rs,many product add free delivery apps give free delivery 150 r,False,noise,,,no category-exploration signal
first delivery so that's why I am not creating a review,2,2026-07-29 16:24:07 UTC,0,play_store,first delivery so that's why I am not creating a review,first delivery thats create review,False,noise,,,no category-exploration signal
"it comes very quick and is faster than other brands like zepto and Instamart,first club 👍👍👍👍👍",5,2026-07-29 16:22:02 UTC,0,play_store,"it comes very quick and is faster than other brands like zepto and Instamart,first club 👍👍👍👍👍",come quick faster brand like zepto instamartfirst club,False,noise,,,no category-exploration signal
goog,5,2026-07-29 16:20:49 UTC,0,play_store,goog,goog,False,noise,,,no category-exploration signal
"This is the worst app, do not buy anything from here. I had ordered an item that looked different in the app, but a completely different one was delivered. And on this app, it's not even possible to connect with customer care—they just keep asking for images and in the end, they say everything is fine and they can't do anything",1,2026-07-29 16:20:34 UTC,0,play_store,"This is the worst app, do not buy anything from here. I had ordered an item that looked different in the app, but a completely different one was delivered. And on this app, it's not even possible to connect with customer care—they just keep asking for images and in the end, they say everything is fine and they can't do anything",bad app buy anything ordered item look different app completely different one deliver app even possible connect customer care keep ask image end say everything fine cant anything,False,noise,,,no category-exploration signal
wow super my experience 😍🥰,5,2026-07-29 16:18:00 UTC,0,play_store,wow super my experience 😍🥰,wow super experience,False,noise,,,no category-exploration signal
good👍,5,2026-07-29 16:17:46 UTC,0,play_store,good👍,good,False,noise,,,no category-exploration signal
delivery boy do not listen instructions.,3,2026-07-29 16:16:53 UTC,0,play_store,delivery boy do not listen instructions.,delivery boy listen instruction,False,noise,,,no category-exploration signal
Nice dlevry,5,2026-07-29 16:16:43 UTC,0,play_store,Nice dlevry,nice dlevry,False,noise,,,no category-exploration signal
Nice 👍🏻,5,2026-07-29 16:14:59 UTC,0,play_store,Nice 👍🏻,nice,False,noise,,,no category-exploration signal
very bad . ordered ice cream which has melted at the time of delivery due to non availability of bag. Ice cream brought open,1,2026-07-29 16:14:50 UTC,0,play_store,very bad . ordered ice cream which has melted at the time of delivery due to non availability of bag. Ice cream brought open,bad order ice cream melt time delivery due non availability bag ice cream bring open,True,unclear,,snacks,category or barrier cues without clear funnel stage
bilkul bekar egg tute bheje,1,2026-07-29 16:14:28 UTC,0,play_store,bilkul bekar egg tute bheje,bilkul bekar egg tute bheje,False,noise,,,no category-exploration signal
🙂👍🏻,5,2026-07-29 16:12:29 UTC,0,play_store,🙂👍🏻,🙂👍🏻,False,noise,,,no category-exploration signal
very relevant app,5,2026-07-29 16:11:16 UTC,0,play_store,very relevant app,relevant app,False,noise,,,no category-exploration signal
nice game with a nice 💯 and fun ☺️,5,2026-07-29 16:11:05 UTC,0,play_store,nice game with a nice 💯 and fun ☺️,nice game nice fun,False,noise,,,no category-exploration signal
worst experience. recently I purchased tata 1mg clinically validated digital blood pressure monitor but I received used item. I paid new machine but I received used machine and no exchange option in blinkit.,1,2026-07-29 16:10:29 UTC,0,play_store,worst experience. recently I purchased tata 1mg clinically validated digital blood pressure monitor but I received used item. I paid new machine but I received used machine and no exchange option in blinkit.,bad experience recently purchase tata 1mg clinically validated digital blood pressure monitor receive used item pay new machine receive used machine exchange option blinkit,False,noise,,,no category-exploration signal
very nice 👍👍👍👍 service Good,5,2026-07-29 16:10:01 UTC,0,play_store,very nice 👍👍👍👍 service Good,nice service good,False,noise,,,no category-exploration signal
"If an item was ordered by mistake, there is nothing wrong with asking for it to be changed. However, you are refusing to make the change and showing a very poor attitude toward your customers. Amazon is a million times better than you—Shame on you.",1,2026-07-29 16:08:26 UTC,0,play_store,"If an item was ordered by mistake, there is nothing wrong with asking for it to be changed. However, you are refusing to make the change and showing a very poor attitude toward your customers. Amazon is a million times better than you—Shame on you.",item order mistake nothing wrong ask change however refuse make change show poor attitude toward customer amazon million time well shame,False,noise,,,no category-exploration signal
Great experience.,5,2026-07-29 16:07:24 UTC,0,play_store,Great experience.,great experience,False,noise,,,no category-exploration signal
I am not getting the spoon for the Matka ice cream. I am an order for guests How can I serve that? this is not the first time. it could happen three times. I feel very bad in front of my guest sorry 😟,3,2026-07-29 16:06:34 UTC,0,play_store,I am not getting the spoon for the Matka ice cream. I am an order for guests How can I serve that? this is not the first time. it could happen three times. I feel very bad in front of my guest sorry 😟,get spoon matka ice cream order guest serve first time could happen three time feel bad front guest sorry,True,unclear,,snacks,category or barrier cues without clear funnel stage
maze hi maze 😁,5,2026-07-29 16:05:09 UTC,0,play_store,maze hi maze 😁,maze hi maze,False,noise,,,no category-exploration signal
super 👍,5,2026-07-29 16:04:58 UTC,0,play_store,super 👍,super,False,noise,,,short generic praise/complaint without category cues
wow nice 👍,5,2026-07-29 16:03:06 UTC,0,play_store,wow nice 👍,wow nice,False,noise,,,no category-exploration signal
exylent good,5,2026-07-29 16:02:53 UTC,0,play_store,exylent good,exylent good,False,noise,,,no category-exploration signal
worsest service many times,1,2026-07-29 16:02:34 UTC,0,play_store,worsest service many times,worse service many time,False,noise,,,no category-exploration signal
I have never expected this kind of response from The BLINKIT.. I am very disappointed.. 😔,1,2026-07-29 15:58:57 UTC,0,play_store,I have never expected this kind of response from The BLINKIT.. I am very disappointed.. 😔,never expect kind response blinkit disappoint,False,noise,,,no category-exploration signal
"Evening after wrong item is received, no resolution from customer service.",2,2026-07-29 15:58:52 UTC,0,play_store,"Evening after wrong item is received, no resolution from customer service.",even wrong item receive resolution customer service,False,noise,,,no category-exploration signal
wowww,5,2026-07-29 15:58:32 UTC,0,play_store,wowww,wowww,False,noise,,,no category-exploration signal
please blinkit Madhya Pradesh ke Vidisha Jile sironj mein bhi blanket chalana chahie,1,2026-07-29 15:58:28 UTC,0,play_store,please blinkit Madhya Pradesh ke Vidisha Jile sironj mein bhi blanket chalana chahie,please blinkit madhya pradesh ke vidisha jile sironj mein bhi blanket chalana chahie,False,noise,,,no category-exploration signal
My experience is better than I thought,4,2026-07-29 15:57:29 UTC,0,play_store,My experience is better than I thought,experience well thought,False,noise,,,no category-exploration signal
pls can u stop giving add in between the process of ordering things it will help a lot 🙂,3,2026-07-29 15:57:21 UTC,0,play_store,pls can u stop giving add in between the process of ordering things it will help a lot 🙂,pls u stop give add process order thing help lot,False,noise,,,no category-exploration signal
not good very very very bad,1,2026-07-29 15:56:25 UTC,0,play_store,not good very very very bad,good bad,False,noise,,,no category-exploration signal
"Very helpful in daily needs, Fast delivery",5,2026-07-29 15:56:01 UTC,0,play_store,"Very helpful in daily needs, Fast delivery",helpful daily need fast delivery,True,stuck_in_routine,,,routine/reorder language without exploration intent
finally wait over I'm glad now blinkit is in our town,5,2026-07-29 15:54:52 UTC,0,play_store,finally wait over I'm glad now blinkit is in our town,finally wait im glad blinkit town,False,noise,,,no category-exploration signal
best in my city Raebareli,5,2026-07-29 15:53:19 UTC,0,play_store,best in my city Raebareli,best city raebareli,False,noise,,,no category-exploration signal
abhi nahi,4,2026-07-29 15:53:13 UTC,0,play_store,abhi nahi,abhi nahi,False,noise,,,no category-exploration signal
"very helpful, thanks blinkit",5,2026-07-29 15:51:37 UTC,0,play_store,"very helpful, thanks blinkit",helpful thanks blinkit,False,noise,,,no category-exploration signal
yay,5,2026-07-29 15:50:39 UTC,0,play_store,yay,yay,False,noise,,,no category-exploration signal
no revads,3,2026-07-29 15:49:31 UTC,0,play_store,no revads,revads,False,noise,,,no category-exploration signal
good service for me,5,2026-07-29 15:48:30 UTC,0,play_store,good service for me,good service,False,noise,,,no category-exploration signal
thnaku for amazing experience,5,2026-07-29 15:47:22 UTC,0,play_store,thnaku for amazing experience,thnaku amazing experience,False,noise,,,no category-exploration signal
very nice helped me so many times,5,2026-07-29 15:47:05 UTC,0,play_store,very nice helped me so many times,nice help many time,False,noise,,,no category-exploration signal
Excellent 👌👌👌👌,5,2026-07-29 15:44:33 UTC,0,play_store,Excellent 👌👌👌👌,excellent,False,noise,,,no category-exploration signal
services kafi acchi hai i am satisfied 👍👍,5,2026-07-29 15:43:19 UTC,0,play_store,services kafi acchi hai i am satisfied 👍👍,service kafi acchi hai satisfy,False,noise,,,no category-exploration signal
this is the best app for grocery and all the things,5,2026-07-29 15:43:07 UTC,0,play_store,this is the best app for grocery and all the things,best app grocery thing,True,unclear,,grocery,category or barrier cues without clear funnel stage
best and fast delevery,5,2026-07-29 15:41:46 UTC,0,play_store,best and fast delevery,best fast delevery,False,noise,,,no category-exploration signal
amazing delivery and fresh vegetables 👌 😋,5,2026-07-29 15:37:30 UTC,0,play_store,amazing delivery and fresh vegetables 👌 😋,amazing delivery fresh vegetable,True,want_to_explore_blocked,dont_trust_quality_for_new_category,grocery,intent or category talk with friction/barrier cues
verry good app,5,2026-07-29 15:37:03 UTC,0,play_store,verry good app,verry good app,False,noise,,,short generic praise/complaint without category cues
delivery late,1,2026-07-29 15:36:58 UTC,0,play_store,delivery late,delivery late,True,unclear,coverage_or_eta,,category or barrier cues without clear funnel stage
good product,5,2026-07-29 15:36:42 UTC,0,play_store,good product,good product,False,noise,,,no category-exploration signal
best e commerce platform ever,5,2026-07-29 15:36:22 UTC,0,play_store,best e commerce platform ever,best e commerce platform ever,False,noise,,,no category-exploration signal
Great job,5,2026-07-29 15:35:20 UTC,0,play_store,Great job,great job,False,noise,,,no category-exploration signal
"“Really impressed with Blinkit! The delivery is super fast, products are fresh, and the app is very easy to use. I’ve ordered groceries, snacks, and daily essentials multiple times, and the experience has always been smooth. The delivery partners are polite and orders usually arrive before the expected time. Very convenient for busy schedules. Highly recommended!”",5,2026-07-29 15:35:03 UTC,12,play_store,"“Really impressed with Blinkit! The delivery is super fast, products are fresh, and the app is very easy to use. I’ve ordered groceries, snacks, and daily essentials multiple times, and the experience has always been smooth. The delivery partners are polite and orders usually arrive before the expected time. Very convenient for busy schedules. Highly recommended!”",really impressed blinkit delivery super fast product fresh app easy use order grocery snack daily essential multiple time experience always smooth delivery partner polite order usually arrive expected time convenient busy schedule highly recommend,True,want_to_explore_blocked,dont_trust_quality_for_new_category|habit_reorder_only,snacks,intent or category talk with friction/barrier cues
good useful app,5,2026-07-29 15:32:51 UTC,0,play_store,good useful app,good useful app,False,noise,,,no category-exploration signal
very good😊💯👍,5,2026-07-29 15:31:43 UTC,0,play_store,very good😊💯👍,good,False,noise,,,no category-exploration signal
AMAZING . FAST FORWARD SERVICE,5,2026-07-29 15:31:26 UTC,0,play_store,AMAZING . FAST FORWARD SERVICE,amaze fast forward service,False,noise,,,no category-exploration signal
it's really a last minute aap,5,2026-07-29 15:31:19 UTC,0,play_store,it's really a last minute aap,really last minute aap,False,noise,,,no category-exploration signal
timing is too late,1,2026-07-29 15:30:46 UTC,0,play_store,timing is too late,timing late,True,unclear,coverage_or_eta,,category or barrier cues without clear funnel stage
can't find the address and some products,1,2026-07-29 15:30:15 UTC,0,play_store,can't find the address and some products,cant find address product,True,want_to_explore_blocked,hard_to_discover_in_app,,intent or category talk with friction/barrier cues
sabse best,5,2026-07-29 15:27:44 UTC,0,play_store,sabse best,sabse best,False,noise,,,no category-exploration signal
extra and imported items than other minute shops,5,2026-07-29 15:27:09 UTC,0,play_store,extra and imported items than other minute shops,extra import item minute shop,False,noise,,,no category-exploration signal
best in class,5,2026-07-29 15:25:09 UTC,0,play_store,best in class,best class,False,noise,,,no category-exploration signal
💯,4,2026-07-29 15:25:06 UTC,0,play_store,💯,💯,False,noise,,,no category-exploration signal
"Do not order groceries especially telugu....all r marked dead wrong description says one u get another and all the pain to replace it with customer care... meanwhile at home "" cheppanu ga online lo sariga undav ani "" beating 🥲",1,2026-07-29 15:25:03 UTC,0,play_store,"Do not order groceries especially telugu....all r marked dead wrong description says one u get another and all the pain to replace it with customer care... meanwhile at home "" cheppanu ga online lo sariga undav ani "" beating 🥲",order grocery especially teluguall r mark dead wrong description say one u get another pain replace customer care meanwhile home cheppanu ga online lo sariga undav ani beating,True,unclear,,home,category or barrier cues without clear funnel stage
nice work 😀,4,2026-07-29 15:23:19 UTC,0,play_store,nice work 😀,nice work,False,noise,,,no category-exploration signal
"⭐☆☆☆☆ Very disappointed with Blinkit. I received a broken trimmer and reported it within one hour with proof, but the customer support simply refused to help without giving any valid reason. I even sent emails, but still got no resolution. As a regular customer, I never expected such poor service. This experience has forced me to uninstall Blinkit and switch to Instamart. Extremely poor customer support.",1,2026-07-29 15:22:48 UTC,0,play_store,"⭐☆☆☆☆ Very disappointed with Blinkit. I received a broken trimmer and reported it within one hour with proof, but the customer support simply refused to help without giving any valid reason. I even sent emails, but still got no resolution. As a regular customer, I never expected such poor service. This experience has forced me to uninstall Blinkit and switch to Instamart. Extremely poor customer support.",disappointed blinkit receive broken trimmer report within one hour proof customer support simply refuse help without give valid reason even send email still get resolution regular customer never expect poor service experience force uninstall blinkit switch instamart extremely poor customer support,True,stuck_in_routine,habit_reorder_only,,routine/reorder language without exploration intent
"Superb Experience & Lightning Fast! Review: Blinkit has completely transformed how I order everyday essentials! The delivery is incredibly fast, order tracking is smooth, and the items always arrive fresh and well-packaged. Absolutely super service every single time!",4,2026-07-29 15:22:25 UTC,0,play_store,"Superb Experience & Lightning Fast! Review: Blinkit has completely transformed how I order everyday essentials! The delivery is incredibly fast, order tracking is smooth, and the items always arrive fresh and well-packaged. Absolutely super service every single time!",superb experience lightning fast review blinkit completely transform order everyday essential delivery incredibly fast order track smooth item always arrive fresh wellpackaged absolutely super service every single time,True,want_to_explore_blocked,dont_trust_quality_for_new_category,,intent or category talk with friction/barrier cues
nice 👌,5,2026-07-29 15:21:42 UTC,0,play_store,nice 👌,nice,False,noise,,,no category-exploration signal
"Worst app, useless, looted money",1,2026-07-29 15:21:04 UTC,0,play_store,"Worst app, useless, looted money",bad app useless loot money,False,noise,,,no category-exploration signal
best for delivery,5,2026-07-29 15:20:40 UTC,0,play_store,best for delivery,best delivery,False,noise,,,no category-exploration signal
"mst ,much better than Swiggy Instamart at least order received at home not to go outside to waive hand and search for delivery boy and order",5,2026-07-29 15:18:25 UTC,0,play_store,"mst ,much better than Swiggy Instamart at least order received at home not to go outside to waive hand and search for delivery boy and order",mst much good swiggy instamart least order receive home go outside waive hand search delivery boy order,True,want_to_explore_blocked,hard_to_discover_in_app,home,intent or category talk with friction/barrier cues
delivery partner behaviour is good,5,2026-07-29 15:18:13 UTC,0,play_store,delivery partner behaviour is good,delivery partner behaviour good,False,noise,,,no category-exploration signal
Best app forever',5,2026-07-29 15:18:05 UTC,0,play_store,Best app forever',best app forever,False,noise,,,short generic praise/complaint without category cues
please avaliable cash on delivery i faced many difficulties to order things ....otherwise app is very convenient....,5,2026-07-29 15:16:21 UTC,0,play_store,please avaliable cash on delivery i faced many difficulties to order things ....otherwise app is very convenient....,please avaliable cash delivery face many difficulty order thing otherwise app convenient,False,noise,,,no category-exploration signal
quality was very good,4,2026-07-29 15:14:46 UTC,0,play_store,quality was very good,quality good,True,want_to_explore_blocked,dont_trust_quality_for_new_category,,intent or category talk with friction/barrier cues
very poor service getting cancelled fees charge as order auto selected from your end,1,2026-07-29 15:14:45 UTC,0,play_store,very poor service getting cancelled fees charge as order auto selected from your end,poor service get cancelled fee charge order auto select end,False,noise,,,no category-exploration signal
it was 👍,5,2026-07-29 15:13:47 UTC,0,play_store,it was 👍,it was 👍,False,noise,,,no category-exploration signal
"I ordered some products through COD as my bank server was not working and my UPI was down. My order amount was Rs 141 and I tried paying the DP Rs 541 so that he could refund me Rs 400, alas, even they don't have that!!! Pathetic Service.",1,2026-07-29 15:13:23 UTC,0,play_store,"I ordered some products through COD as my bank server was not working and my UPI was down. My order amount was Rs 141 and I tried paying the DP Rs 541 so that he could refund me Rs 400, alas, even they don't have that!!! Pathetic Service.",order product cod bank server work upi order amount rs 141 tried pay dp r 541 could refund rs 400 ala even dont pathetic service,True,want_to_explore_blocked,dont_trust_quality_for_new_category|assortment_gap,,intent or category talk with friction/barrier cues
worst in delivery time and iteams given by hands with out hand bag never choose it in tumkuru,1,2026-07-29 15:07:59 UTC,0,play_store,worst in delivery time and iteams given by hands with out hand bag never choose it in tumkuru,worst delivery time iteams give hand hand bag never choose tumkuru,False,noise,,,no category-exploration signal
delivery person don't carry change,1,2026-07-29 15:07:55 UTC,0,play_store,delivery person don't carry change,delivery person dont carry change,False,noise,,,no category-exploration signal
On time delivery and good quality,5,2026-07-29 15:07:20 UTC,0,play_store,On time delivery and good quality,time delivery good quality,True,want_to_explore_blocked,dont_trust_quality_for_new_category,,intent or category talk with friction/barrier cues
sometimes some products are missing but they give it later overall 👍,4,2026-07-29 15:07:20 UTC,0,play_store,sometimes some products are missing but they give it later overall 👍,sometimes product miss give later overall,True,want_to_explore_blocked,coverage_or_eta|assortment_gap,,intent or category talk with friction/barrier cues
paan corner not opening,1,2026-07-29 15:06:57 UTC,0,play_store,paan corner not opening,paan corner open,False,noise,,,no category-exploration signal
very useful in day to day domestic work,5,2026-07-29 15:05:31 UTC,0,play_store,very useful in day to day domestic work,useful day day domestic work,False,noise,,,no category-exploration signal
hey user s ididnt received order and they didnt give my refund ammount = 1562₹ and the delivery man cancelled order no response from this froad app im going to file complaint consumer court dont use this app no safety for our online purchase and product s..... no customer care only ai app using this kind of apps,1,2026-07-29 15:04:23 UTC,0,play_store,hey user s ididnt received order and they didnt give my refund ammount = 1562₹ and the delivery man cancelled order no response from this froad app im going to file complaint consumer court dont use this app no safety for our online purchase and product s..... no customer care only ai app using this kind of apps,hey user ididnt receive order didnt give refund ammount delivery man cancel order response froad app im go file complaint consumer court dont use app safety online purchase product customer care ai app use kind apps,True,want_to_explore_blocked,dont_trust_quality_for_new_category,,intent or category talk with friction/barrier cues
how to change number but it was so 👍 good app 🥳🥳🤩🥰😍😘😚,5,2026-07-29 15:04:14 UTC,0,play_store,how to change number but it was so 👍 good app 🥳🥳🤩🥰😍😘😚,change number good app,False,noise,,,no category-exploration signal
blink it must improve the quality of there sellers. some of the seller doing unethical selling like tampered packaging. Two separate packing like prices on lamination and products are different or missing,1,2026-07-29 15:00:52 UTC,0,play_store,blink it must improve the quality of there sellers. some of the seller doing unethical selling like tampered packaging. Two separate packing like prices on lamination and products are different or missing,blink must improve quality seller seller unethical selling like tamper packaging two separate pack like price lamination product different miss,True,want_to_explore_blocked,price_uncertainty_new_category|dont_trust_quality_for_new_category|assortment_gap,grocery,intent or category talk with friction/barrier cues
ಸೂಪರ್,5,2026-07-29 14:59:11 UTC,0,play_store,ಸೂಪರ್,ಸೂಪರ್,False,noise,,,no category-exploration signal
its help full,5,2026-07-29 14:51:05 UTC,0,play_store,its help full,help full,False,noise,,,no category-exploration signal
outstanding creativity but wo thodi aur sasti ho jati to maza hi aa jata,5,2026-07-29 14:49:17 UTC,0,play_store,outstanding creativity but wo thodi aur sasti ho jati to maza hi aa jata,outstanding creativity wo thodi aur sasti ho jati maza hi aa jata,False,noise,,,no category-exploration signal
vey High charges,1,2026-07-29 14:48:35 UTC,0,play_store,vey High charges,vey high charge,False,noise,,,no category-exploration signal
it's really nice,5,2026-07-29 14:46:16 UTC,0,play_store,it's really nice,really nice,False,noise,,,no category-exploration signal
fast delivery to good 👍,4,2026-07-29 14:45:44 UTC,0,play_store,fast delivery to good 👍,fast delivery good,False,noise,,,no category-exploration signal
wonderful service,5,2026-07-29 14:43:25 UTC,0,play_store,wonderful service,wonderful service,False,noise,,,no category-exploration signal
ach nhi hai,1,2026-07-29 14:42:17 UTC,0,play_store,ach nhi hai,ach nhi hai,False,noise,,,no category-exploration signal
best app for bringing things earlier at home,5,2026-07-29 14:41:01 UTC,0,play_store,best app for bringing things earlier at home,best app bring thing earlier home,True,unclear,,home,category or barrier cues without clear funnel stage
buhot acha ap he,5,2026-07-29 14:39:34 UTC,0,play_store,buhot acha ap he,buhot acha ap,False,noise,,,no category-exploration signal
good continue the same upgrade the app according to customers need,5,2026-07-29 14:38:43 UTC,0,play_store,good continue the same upgrade the app according to customers need,good continue upgrade app accord customer need,True,stuck_in_routine,habit_reorder_only,,routine/reorder language without exploration intent
disputes resoluted promptly,5,2026-07-29 14:37:39 UTC,0,play_store,disputes resoluted promptly,dispute resoluted promptly,False,noise,,,no category-exploration signal
"best for alsiii log example me,tum,aur voo",5,2026-07-29 14:36:22 UTC,0,play_store,"best for alsiii log example me,tum,aur voo",best alsiii log example metumaur voo,False,noise,,,no category-exploration signal
service is good and fast.,3,2026-07-29 14:36:13 UTC,0,play_store,service is good and fast.,service good fast,False,noise,,,no category-exploration signal
nice👍,5,2026-07-29 14:35:37 UTC,0,play_store,nice👍,nice,False,noise,,,no category-exploration signal
Blinkit...❤️,5,2026-07-29 14:32:04 UTC,0,play_store,Blinkit...❤️,blinkit,False,noise,,,no category-exploration signal
cancellation policy is very poor,1,2026-07-29 14:30:29 UTC,0,play_store,cancellation policy is very poor,cancellation policy poor,False,noise,,,no category-exploration signal
too much of extra charge,1,2026-07-29 14:30:07 UTC,0,play_store,too much of extra charge,much extra charge,False,noise,,,no category-exploration signal
very nice add service very good 👍,4,2026-07-29 14:29:11 UTC,0,play_store,very nice add service very good 👍,nice add service good,False,noise,,,no category-exploration signal
ye mera first time tha jab mene blinkit use Kiya and it was amazing maine jo products order kiye the vo bhi kafi ache the or price bhi and dilivery boy bhi kafi humble tha ✨,5,2026-07-29 14:28:54 UTC,0,play_store,ye mera first time tha jab mene blinkit use Kiya and it was amazing maine jo products order kiye the vo bhi kafi ache the or price bhi and dilivery boy bhi kafi humble tha ✨,ye mera first time tha jab mene blinkit use kiya amaze maine jo product order kiye vo bhi kafi ache price bhi dilivery boy bhi kafi humble tha,True,want_to_explore_blocked,price_uncertainty_new_category,grocery,intent or category talk with friction/barrier cues
This is a nice app cuz it has everything I have been searching for where I didn't get in other app Like it's literally a friendly app ✨,5,2026-07-29 14:25:02 UTC,0,play_store,This is a nice app cuz it has everything I have been searching for where I didn't get in other app Like it's literally a friendly app ✨,nice app cuz everything search didnt get app like literally friendly app,True,want_to_explore_blocked,hard_to_discover_in_app,,intent or category talk with friction/barrier cues
tooo expensive,1,2026-07-29 14:24:38 UTC,0,play_store,tooo expensive,tooo expensive,True,want_to_explore_blocked,price_uncertainty_new_category,,intent or category talk with friction/barrier cues
good service and safe and fast service,5,2026-07-29 14:22:41 UTC,0,play_store,good service and safe and fast service,good service safe fast service,False,noise,,,no category-exploration signal
very good and quick app all things are good here the quality of things is also good no product is damaged or broken even the print potion in this app is very good the prints are nice and clear,5,2026-07-29 14:22:06 UTC,0,play_store,very good and quick app all things are good here the quality of things is also good no product is damaged or broken even the print potion in this app is very good the prints are nice and clear,good quick app thing good quality thing also good product damage broken even print potion app good print nice clear,True,want_to_explore_blocked,dont_trust_quality_for_new_category,,intent or category talk with friction/barrier cues
blinkit is a very good app it was delivering in time everything I need,5,2026-07-29 14:18:32 UTC,0,play_store,blinkit is a very good app it was delivering in time everything I need,blinkit good app deliver time everything need,False,noise,,,no category-exploration signal
very worst delivery service,1,2026-07-29 14:18:19 UTC,0,play_store,very worst delivery service,worst delivery service,False,noise,,,no category-exploration signal
great offer,4,2026-07-29 14:18:18 UTC,0,play_store,great offer,great offer,False,noise,,,no category-exploration signal
such a very best service ever,5,2026-07-29 14:18:06 UTC,0,play_store,such a very best service ever,best service ever,False,noise,,,no category-exploration signal
very good application,5,2026-07-29 14:18:00 UTC,0,play_store,very good application,good application,False,noise,,,short generic praise/complaint without category cues
to good for grocery appp,5,2026-07-29 14:17:04 UTC,0,play_store,to good for grocery appp,good grocery appp,True,unclear,,grocery,category or barrier cues without clear funnel stage
it's very fast delivery 🚚 by blinkit,5,2026-07-29 14:15:32 UTC,0,play_store,it's very fast delivery 🚚 by blinkit,fast delivery blinkit,False,noise,,,no category-exploration signal
love from khan family,5,2026-07-29 14:13:54 UTC,0,play_store,love from khan family,love khan family,False,noise,,,no category-exploration signal
ek no.,4,2026-07-29 14:13:46 UTC,0,play_store,ek no.,ek,False,noise,,,no category-exploration signal
we buy a chocolate price is 36 but it's charges is 91 rupees very bad,1,2026-07-29 14:13:09 UTC,0,play_store,we buy a chocolate price is 36 but it's charges is 91 rupees very bad,buy chocolate price 36 charge 91 rupee bad,True,want_to_explore_blocked,price_uncertainty_new_category|coverage_or_eta,grocery,intent or category talk with friction/barrier cues
"very useful for our urgent needs,thank you",5,2026-07-29 14:11:42 UTC,0,play_store,"very useful for our urgent needs,thank you",useful urgent needsthank,False,noise,,,no category-exploration signal
Jrurt ka saman to yaha hamesha out of stock rehta ha ya fr hota hi nhi hai baki sab thik hai,3,2026-07-29 14:09:45 UTC,0,play_store,Jrurt ka saman to yaha hamesha out of stock rehta ha ya fr hota hi nhi hai baki sab thik hai,jrurt ka saman yaha hamesha stock rehta ha ya fr hota hi nhi hai baki sab thik hai,True,want_to_explore_blocked,assortment_gap,,intent or category talk with friction/barrier cues
very nice aap I also got free 🎁,5,2026-07-29 14:08:38 UTC,0,play_store,very nice aap I also got free 🎁,nice aap also get free,False,noise,,,no category-exploration signal
good app for quick delivery,4,2026-07-29 14:08:37 UTC,0,play_store,good app for quick delivery,good app quick delivery,False,noise,,,no category-exploration signal
bahut delivery charge leta hai,3,2026-07-29 14:07:55 UTC,0,play_store,bahut delivery charge leta hai,bahut delivery charge leta hai,False,noise,,,no category-exploration signal
"this is the bestest online application... it's amazing.. and the service, unbelievable... ❤️",5,2026-07-29 14:06:10 UTC,0,play_store,"this is the bestest online application... it's amazing.. and the service, unbelievable... ❤️",best online application amaze service unbelievable,False,noise,,,no category-exploration signal
very fast and very good product and delivery,5,2026-07-29 14:06:09 UTC,0,play_store,very fast and very good product and delivery,fast good product delivery,False,noise,,,no category-exploration signal
very good very nice,5,2026-07-29 14:05:10 UTC,0,play_store,very good very nice,good nice,False,noise,,,no category-exploration signal
very poor quality product sell blinkit and not refunded,1,2026-07-29 14:05:05 UTC,0,play_store,very poor quality product sell blinkit and not refunded,poor quality product sell blinkit refund,True,want_to_explore_blocked,dont_trust_quality_for_new_category,,intent or category talk with friction/barrier cues
West quality and service 👑⭐💫,5,2026-07-29 14:04:55 UTC,0,play_store,West quality and service 👑⭐💫,west quality service,True,want_to_explore_blocked,dont_trust_quality_for_new_category,,intent or category talk with friction/barrier cues
free prescription from doctor. amazing!,5,2026-07-29 14:04:33 UTC,0,play_store,free prescription from doctor. amazing!,free prescription doctor amaze,False,noise,,,no category-exploration signal
"the best way to order things,,🤌",5,2026-07-29 14:01:50 UTC,0,play_store,"the best way to order things,,🤌",best way order thing,False,noise,,,no category-exploration signal
new,4,2026-07-29 14:01:00 UTC,0,play_store,new,new,False,noise,,,no category-exploration signal
Best hai. try it,4,2026-07-29 14:00:56 UTC,0,play_store,Best hai. try it,best hai try,False,noise,,,no category-exploration signal
very good but no cod available in most of the things,5,2026-07-29 14:00:28 UTC,0,play_store,very good but no cod available in most of the things,good cod available thing,False,noise,,,no category-exploration signal
app bohot accha ha,5,2026-07-29 13:59:41 UTC,0,play_store,app bohot accha ha,app bohot accha ha,False,noise,,,no category-exploration signal
no return policy,1,2026-07-29 13:56:27 UTC,0,play_store,no return policy,return policy,True,want_to_explore_blocked,dont_trust_quality_for_new_category,,intent or category talk with friction/barrier cues
amazing discount fastival offer nice blinkit,5,2026-07-29 13:56:08 UTC,0,play_store,amazing discount fastival offer nice blinkit,amaze discount fastival offer nice blinkit,False,noise,,,no category-exploration signal
Good but reduce some delivery charge,5,2026-07-29 13:55:26 UTC,0,play_store,Good but reduce some delivery charge,good reduce delivery charge,False,noise,,,no category-exploration signal
weast blinkit rate over,1,2026-07-29 13:53:21 UTC,0,play_store,weast blinkit rate over,weast blinkit rate,False,noise,,,no category-exploration signal
Excellent nice Services,5,2026-07-29 13:53:14 UTC,0,play_store,Excellent nice Services,excellent nice service,False,noise,,,no category-exploration signal
thankyu blinkit,5,2026-07-29 13:49:56 UTC,0,play_store,thankyu blinkit,thankyu blinkit,False,noise,,,no category-exploration signal
excellent!!,5,2026-07-29 13:49:21 UTC,0,play_store,excellent!!,excellent,False,noise,,,no category-exploration signal
Yoohoo !,5,2026-07-29 13:48:57 UTC,0,play_store,Yoohoo !,yoohoo,False,noise,,,no category-exploration signal
very rude behavior of rider very bad experience,1,2026-07-29 13:48:40 UTC,0,play_store,very rude behavior of rider very bad experience,rude behavior rider bad experience,False,noise,,,no category-exploration signal
worst product damage diya or coustomer support koi help nahi karta hai,1,2026-07-29 13:48:00 UTC,0,play_store,worst product damage diya or coustomer support koi help nahi karta hai,bad product damage diya coustomer support koi help nahi karta hai,False,noise,,,no category-exploration signal
Excellent service 👍,5,2026-07-29 13:47:33 UTC,0,play_store,Excellent service 👍,excellent service,False,noise,,,short generic praise/complaint without category cues
delivery boy and blinkit both have delivery issues . if you order it allready take wrong location and u pay extra for delivery your grocery,1,2026-07-29 13:47:31 UTC,0,play_store,delivery boy and blinkit both have delivery issues . if you order it allready take wrong location and u pay extra for delivery your grocery,delivery boy blinkit delivery issue order allready take wrong location u pay extra delivery grocery,True,unclear,coverage_or_eta,grocery,category or barrier cues without clear funnel stage
super😍,5,2026-07-29 13:47:13 UTC,0,play_store,super😍,super,False,noise,,,short generic praise/complaint without category cues
deliver fresh product,5,2026-07-29 13:46:38 UTC,0,play_store,deliver fresh product,deliver fresh product,True,want_to_explore_blocked,dont_trust_quality_for_new_category,,intent or category talk with friction/barrier cues
convenient and swift delivery. 👍👍,5,2026-07-29 13:46:24 UTC,0,play_store,convenient and swift delivery. 👍👍,convenient swift delivery,False,noise,,,no category-exploration signal
Good Service and Delivery Time,5,2026-07-29 13:45:57 UTC,0,play_store,Good Service and Delivery Time,good service delivery time,False,noise,,,no category-exploration signal
late delivery,1,2026-07-29 13:45:29 UTC,0,play_store,late delivery,late delivery,True,unclear,coverage_or_eta,,category or barrier cues without clear funnel stage
itss tooo nd tooo guud ✌️🫂,3,2026-07-29 13:43:38 UTC,0,play_store,itss tooo nd tooo guud ✌️🫂,itss tooo nd tooo guud,False,noise,,,no category-exploration signal
Extra charges in the name of free delivery wth,3,2026-07-29 13:41:30 UTC,0,play_store,Extra charges in the name of free delivery wth,extra charge name free delivery wth,False,noise,,,no category-exploration signal
thanks for blinkit,4,2026-07-29 13:41:20 UTC,0,play_store,thanks for blinkit,thanks blinkit,False,noise,,,no category-exploration signal
I loved the customer care.Thanks to tabyayya,5,2026-07-29 13:40:28 UTC,0,play_store,I loved the customer care.Thanks to tabyayya,love customer carethanks tabyayya,False,noise,,,no category-exploration signal
very good 👍 Work,5,2026-07-29 13:40:16 UTC,0,play_store,very good 👍 Work,good work,False,noise,,,no category-exploration signal
high rate of product,2,2026-07-29 13:39:08 UTC,0,play_store,high rate of product,high rate product,False,noise,,,no category-exploration signal
"The app deserves 5⭐, but your delivery partners are the reason I'm not giving it. The behavior of a 'FEW' delivery executives is completely unacceptable—rude, unprofessional, and disrespectful. Customer service doesn't end with the app; it ends at the doorstep. If you don't improve the quality and accountability of your delivery staff, you'll continue losing good ratings and valuable customers. Please take this issue seriously.",3,2026-07-29 13:36:53 UTC,0,play_store,"The app deserves 5⭐, but your delivery partners are the reason I'm not giving it. The behavior of a 'FEW' delivery executives is completely unacceptable—rude, unprofessional, and disrespectful. Customer service doesn't end with the app; it ends at the doorstep. If you don't improve the quality and accountability of your delivery staff, you'll continue losing good ratings and valuable customers. Please take this issue seriously.",app deserve 5 delivery partner reason im give behavior delivery executive completely unacceptable rude unprofessional disrespectful customer service doesnt end app end doorstep dont improve quality accountability delivery staff youll continue lose good rating valuable customer please take issue seriously,True,want_to_explore_blocked,dont_trust_quality_for_new_category,,intent or category talk with friction/barrier cues
good dilevery,5,2026-07-29 13:35:35 UTC,0,play_store,good dilevery,good dilevery,False,noise,,,no category-exploration signal
blinking is very nice app,5,2026-07-29 13:31:49 UTC,0,play_store,blinking is very nice app,blink nice app,False,noise,,,no category-exploration signal
thanks to the team who made this app🫡,5,2026-07-29 13:31:27 UTC,0,play_store,thanks to the team who made this app🫡,thanks team make app,False,noise,,,no category-exploration signal
good 👍🏼,5,2026-07-29 13:30:46 UTC,0,play_store,good 👍🏼,good,False,noise,,,no category-exploration signal
wonderful experience 😀😀,5,2026-07-29 13:30:41 UTC,0,play_store,wonderful experience 😀😀,wonderful experience,False,noise,,,no category-exploration signal
delivery very first,4,2026-07-29 13:30:25 UTC,0,play_store,delivery very first,delivery first,False,noise,,,no category-exploration signal
Blinkit service is awesome. every time on time.,5,2026-07-29 13:29:56 UTC,0,play_store,Blinkit service is awesome. every time on time.,blinkit service awesome every time time,False,noise,,,no category-exploration signal
very good app. we get just everything within few minutes at our door step. I really like the service.,5,2026-07-29 13:29:28 UTC,0,play_store,very good app. we get just everything within few minutes at our door step. I really like the service.,good app get everything within minute door step really like service,False,noise,,,no category-exploration signal
overprice selling item this app 🤬😡😡😡,1,2026-07-29 13:29:24 UTC,0,play_store,overprice selling item this app 🤬😡😡😡,overprice sell item app,True,want_to_explore_blocked,price_uncertainty_new_category,grocery,intent or category talk with friction/barrier cues
superb experience ever,5,2026-07-29 13:29:11 UTC,0,play_store,superb experience ever,superb experience ever,False,noise,,,short generic praise/complaint without category cues
super fast delivery,5,2026-07-29 13:28:09 UTC,0,play_store,super fast delivery,super fast delivery,False,noise,,,short generic praise/complaint without category cues
"you pork meat sell,....,",1,2026-07-29 13:26:10 UTC,0,play_store,"you pork meat sell,....,",pork meat sell,False,noise,,,no category-exploration signal
loo baget loo price best option,5,2026-07-29 13:23:12 UTC,0,play_store,loo baget loo price best option,loo baget loo price best option,True,want_to_explore_blocked,price_uncertainty_new_category,grocery,intent or category talk with friction/barrier cues
fastest,5,2026-07-29 13:23:06 UTC,0,play_store,fastest,fast,False,noise,,,no category-exploration signal
"worst service, sent me expired food items and when complaint.. refused to replace or refund.... big fraud scam .... NOT RECOMMENDED FOR FOOD ITEMS.",1,2026-07-29 13:20:57 UTC,0,play_store,"worst service, sent me expired food items and when complaint.. refused to replace or refund.... big fraud scam .... NOT RECOMMENDED FOR FOOD ITEMS.",bad service send expire food item complaint refuse replace refund big fraud scam recommend food item,True,want_to_explore_blocked,dont_trust_quality_for_new_category,,intent or category talk with friction/barrier cues
all products are good and available to products and fast delivery safe money,5,2026-07-29 13:19:52 UTC,0,play_store,all products are good and available to products and fast delivery safe money,product good available product fast delivery safe money,False,noise,,,no category-exploration signal
very nice delivery,5,2026-07-29 13:19:40 UTC,0,play_store,very nice delivery,nice delivery,False,noise,,,no category-exploration signal
shows 12 min takes 20,1,2026-07-29 13:19:16 UTC,0,play_store,shows 12 min takes 20,show 12 min take 20,False,noise,,,no category-exploration signal
"best, super",5,2026-07-29 13:17:55 UTC,0,play_store,"best, super",best super,False,noise,,,short generic praise/complaint without category cues
always convenient but nowadays support n all they don't even look out the genuine problem if a customer face,1,2026-07-29 13:17:38 UTC,0,play_store,always convenient but nowadays support n all they don't even look out the genuine problem if a customer face,always convenient nowadays support n dont even look genuine problem customer face,True,stuck_in_routine,,,routine/reorder language without exploration intent
bad expiration wrong product delivered,5,2026-07-29 13:16:41 UTC,0,play_store,bad expiration wrong product delivered,bad expiration wrong product deliver,False,noise,,,no category-exploration signal
small amount items not available,1,2026-07-29 13:16:16 UTC,0,play_store,small amount items not available,small amount item available,True,want_to_explore_blocked,coverage_or_eta|assortment_gap,,intent or category talk with friction/barrier cues
price is more than original MRP and u also mention free delivery,2,2026-07-29 13:15:38 UTC,0,play_store,price is more than original MRP and u also mention free delivery,price original mrp u also mention free delivery,True,want_to_explore_blocked,price_uncertainty_new_category,grocery,intent or category talk with friction/barrier cues
it becomes more expensive to buy cheap item,3,2026-07-29 13:14:55 UTC,0,play_store,it becomes more expensive to buy cheap item,becomes expensive buy cheap item,True,want_to_explore_blocked,price_uncertainty_new_category,,intent or category talk with friction/barrier cues
"guys, please remove the feature where when I'm checking out an item for it details, it swipes to another item. please please, it's so damn irritating. please remove",1,2026-07-29 13:14:39 UTC,0,play_store,"guys, please remove the feature where when I'm checking out an item for it details, it swipes to another item. please please, it's so damn irritating. please remove",guy please remove feature im check item detail swipe another item please please damn irritate please remove,False,noise,,,no category-exploration signal
😊,5,2026-07-29 13:11:43 UTC,0,play_store,😊,😊,False,noise,,,no category-exploration signal
nice app I like it,5,2026-07-29 13:08:11 UTC,0,play_store,nice app I like it,nice app like,False,noise,,,no category-exploration signal
nice n friendly,5,2026-07-29 13:08:03 UTC,0,play_store,nice n friendly,nice n friendly,False,noise,,,no category-exploration signal
this is good 👍,5,2026-07-29 13:06:37 UTC,0,play_store,this is good 👍,good,False,noise,,,no category-exploration signal
❤️❤️❤️ rr,1,2026-07-29 13:05:18 UTC,0,play_store,❤️❤️❤️ rr,rr,False,noise,,,no category-exploration signal
🙏😭 thanks blinkit for fast delivery,5,2026-07-29 13:05:04 UTC,0,play_store,🙏😭 thanks blinkit for fast delivery,thanks blinkit fast delivery,False,noise,,,no category-exploration signal
Any item expiry date is expired,1,2026-07-29 13:03:30 UTC,0,play_store,Any item expiry date is expired,item expiry date expire,True,want_to_explore_blocked,dont_trust_quality_for_new_category,,intent or category talk with friction/barrier cues
very fast service 😄 🫰🏻🩷❤️,5,2026-07-29 13:02:28 UTC,0,play_store,very fast service 😄 🫰🏻🩷❤️,fast service,False,noise,,,no category-exploration signal
happy 😁,5,2026-07-29 13:00:27 UTC,0,play_store,happy 😁,happy,False,noise,,,no category-exploration signal
## blinkit. why they are Charging handling fee always,3,2026-07-29 13:00:18 UTC,0,play_store,## blinkit. why they are Charging handling fee always,blinkit charge handle fee always,True,stuck_in_routine,,,routine/reorder language without exploration intent
iska delivery Sahi nahin Hai,4,2026-07-29 12:58:03 UTC,0,play_store,iska delivery Sahi nahin Hai,iska delivery sahi nahin hai,False,noise,,,no category-exploration signal
very convenient and hassle free,5,2026-07-29 12:56:50 UTC,0,play_store,very convenient and hassle free,convenient hassle free,False,noise,,,no category-exploration signal
the app is good but the charges are high,4,2026-07-29 12:56:11 UTC,0,play_store,the app is good but the charges are high,app good charge high,False,noise,,,no category-exploration signal
"Sometimes, Blinkit does not deliver us the items mentioned in the order summary but charge for that",2,2026-07-29 12:55:32 UTC,0,play_store,"Sometimes, Blinkit does not deliver us the items mentioned in the order summary but charge for that",sometimes blinkit deliver u item mention order summary charge,False,noise,,,no category-exploration signal
Good Gooder Goodest,5,2026-07-29 12:55:09 UTC,0,play_store,Good Gooder Goodest,good gooder goodest,False,noise,,,no category-exploration signal
VERY FAST DELIVEREY,5,2026-07-29 12:52:08 UTC,0,play_store,VERY FAST DELIVEREY,fast deliverey,False,noise,,,no category-exploration signal
very bad service online payment n kare only cash warna Paisa cut jaata hai ata bhi nahi hai. mera payment nahi aya hai abhi tak sir,1,2026-07-29 12:51:05 UTC,0,play_store,very bad service online payment n kare only cash warna Paisa cut jaata hai ata bhi nahi hai. mera payment nahi aya hai abhi tak sir,bad service online payment n kare cash warna paisa cut jaata hai ata bhi nahi hai mera payment nahi aya hai abhi tak sir,False,noise,,,no category-exploration signal
very nice 😊😊😊😊❤️😍😍,5,2026-07-29 12:49:05 UTC,0,play_store,very nice 😊😊😊😊❤️😍😍,nice,False,noise,,,no category-exploration signal
worst app misleading the customers about stock notification. after click for notification tab no notification by sms or whstsup for items.today cod not available,1,2026-07-29 12:46:29 UTC,0,play_store,worst app misleading the customers about stock notification. after click for notification tab no notification by sms or whstsup for items.today cod not available,bad app mislead customer stock notification click notification tab notification sms whstsup itemstoday cod available,True,want_to_explore_blocked,coverage_or_eta|assortment_gap,,intent or category talk with friction/barrier cues
Good to order during emergency time,4,2026-07-29 12:42:58 UTC,0,play_store,Good to order during emergency time,good order emergency time,False,noise,,,no category-exploration signal
blinkit bahut kharab order deta hai hum ek bottle mangaya usme bottle futa hua nikla ..or order return v nhi leta hai .,1,2026-07-29 12:41:59 UTC,0,play_store,blinkit bahut kharab order deta hai hum ek bottle mangaya usme bottle futa hua nikla ..or order return v nhi leta hai .,blinkit bahut kharab order deta hai hum ek bottle mangaya usme bottle futa hua nikla order return v nhi leta hai,True,want_to_explore_blocked,dont_trust_quality_for_new_category,,intent or category talk with friction/barrier cues
I m sharing my experience after using from months that blinkit is having pathetic customer care service because they send you rotten items dirty package first of all they will not return and the most they won't accept and not apologize for that so people's continue buying but order COD and checked everything on your doorstep and if it's not ok don't receive,2,2026-07-29 12:41:11 UTC,0,play_store,I m sharing my experience after using from months that blinkit is having pathetic customer care service because they send you rotten items dirty package first of all they will not return and the most they won't accept and not apologize for that so people's continue buying but order COD and checked everything on your doorstep and if it's not ok don't receive,share experience use month blinkit pathetic customer care service send rotten item dirty package first return wont accept apologize people continue buy order cod check everything doorstep ok dont receive,True,want_to_explore_blocked,dont_trust_quality_for_new_category,,intent or category talk with friction/barrier cues
delivery charges are to expensive 😭,3,2026-07-29 12:40:33 UTC,0,play_store,delivery charges are to expensive 😭,delivery charge expensive,True,want_to_explore_blocked,price_uncertainty_new_category,,intent or category talk with friction/barrier cues
randomly got hit with a 30 rs surge charge,1,2026-07-29 12:38:11 UTC,0,play_store,randomly got hit with a 30 rs surge charge,randomly get hit 30 r surge charge,True,want_to_explore_blocked,price_uncertainty_new_category,,intent or category talk with friction/barrier cues
ye log change nhi rakhte,1,2026-07-29 12:36:50 UTC,0,play_store,ye log change nhi rakhte,ye log change nhi rakhte,False,noise,,,no category-exploration signal
♥️,5,2026-07-29 12:36:01 UTC,0,play_store,♥️,♥️,False,noise,,,no category-exploration signal
app is a very nice trustable app,5,2026-07-29 12:32:25 UTC,0,play_store,app is a very nice trustable app,app nice trustable app,True,want_to_explore_blocked,dont_trust_quality_for_new_category,,intent or category talk with friction/barrier cues
easy to way buy products.,5,2026-07-29 12:32:14 UTC,0,play_store,easy to way buy products.,easy way buy product,False,noise,,,no category-exploration signal
"mind blowing app , which give me proper facility to your house gate and very polite delivery staff and agent .... nice app i like it very much ... appreciate to all the blinkit team..for this valuable services",5,2026-07-29 12:31:35 UTC,0,play_store,"mind blowing app , which give me proper facility to your house gate and very polite delivery staff and agent .... nice app i like it very much ... appreciate to all the blinkit team..for this valuable services",mind blow app give proper facility house gate polite delivery staff agent nice app like much appreciate blinkit teamfor valuable service,False,noise,,,no category-exploration signal
Thank's For Expressive Delivery,5,2026-07-29 12:29:41 UTC,0,play_store,Thank's For Expressive Delivery,thanks expressive delivery,False,noise,,,no category-exploration signal
good one,5,2026-07-29 12:28:45 UTC,0,play_store,good one,good one,False,noise,,,no category-exploration signal
dubble payment houi hai abhi refund nhi houi hai customer service very bad service,1,2026-07-29 12:28:38 UTC,0,play_store,dubble payment houi hai abhi refund nhi houi hai customer service very bad service,dubble payment houi hai abhi refund nhi houi hai customer service bad service,True,want_to_explore_blocked,dont_trust_quality_for_new_category,,intent or category talk with friction/barrier cues
Not available in my area so I order at my friend address Please make it available in my area soon,5,2026-07-29 12:28:25 UTC,0,play_store,Not available in my area so I order at my friend address Please make it available in my area soon,available area order friend address please make available area soon,True,want_to_explore_blocked,coverage_or_eta|assortment_gap,,intent or category talk with friction/barrier cues
v nice 👌,5,2026-07-29 12:28:15 UTC,0,play_store,v nice 👌,v nice,False,noise,,,no category-exploration signal
very good customer service ❤️,5,2026-07-29 12:27:46 UTC,0,play_store,very good customer service ❤️,good customer service,False,noise,,,no category-exploration signal
"no proper communication channel at all, you will not know unless you call and find out what's happening",1,2026-07-29 12:26:04 UTC,0,play_store,"no proper communication channel at all, you will not know unless you call and find out what's happening",proper communication channel know unless call find whats happen,False,noise,,,no category-exploration signal
🤟,5,2026-07-29 12:25:27 UTC,0,play_store,🤟,🤟,False,noise,,,no category-exploration signal
This is a fabulous app but there is always hope for improvement and I've a complaint of sometimes getting coffee tetra packs without straws apart from this one thing everything else is fine,4,2026-07-29 12:25:23 UTC,0,play_store,This is a fabulous app but there is always hope for improvement and I've a complaint of sometimes getting coffee tetra packs without straws apart from this one thing everything else is fine,fabulous app always hope improvement ive complaint sometimes get coffee tetra pack without straws apart one thing everything else fine,True,stuck_in_routine,,,routine/reorder language without exploration intent
they don't return items after delivery if product is not good,1,2026-07-29 12:24:33 UTC,0,play_store,they don't return items after delivery if product is not good,dont return item delivery product good,True,want_to_explore_blocked,dont_trust_quality_for_new_category,,intent or category talk with friction/barrier cues
fantastic service,5,2026-07-29 12:24:19 UTC,0,play_store,fantastic service,fantastic service,False,noise,,,no category-exploration signal
excellent gud superb,5,2026-07-29 12:23:19 UTC,0,play_store,excellent gud superb,excellent gud superb,False,noise,,,short generic praise/complaint without category cues
Fast delivery impressive🎉,4,2026-07-29 12:21:11 UTC,0,play_store,Fast delivery impressive🎉,fast delivery impressive,False,noise,,,no category-exploration signal
this app is the best,5,2026-07-29 12:20:45 UTC,0,play_store,this app is the best,app best,False,noise,,,no category-exploration signal
🥳 thank you,5,2026-07-29 12:20:33 UTC,0,play_store,🥳 thank you,thank,False,noise,,,no category-exploration signal
very good awesome quality and service is best.,5,2026-07-29 12:19:48 UTC,0,play_store,very good awesome quality and service is best.,good awesome quality service best,True,want_to_explore_blocked,dont_trust_quality_for_new_category,,intent or category talk with friction/barrier cues
don't buy electronics from this platform. they say 7day replacement yet they don't stick to their words even when the product is faulty.,1,2026-07-29 12:18:57 UTC,0,play_store,don't buy electronics from this platform. they say 7day replacement yet they don't stick to their words even when the product is faulty.,dont buy electronics platform say 7day replacement yet dont stick word even product faulty,True,unclear,,electronics,category or barrier cues without clear funnel stage
prompt service good 😊,5,2026-07-29 12:18:07 UTC,0,play_store,prompt service good 😊,prompt service good,False,noise,,,no category-exploration signal
one of the best item I get like groceries and other suppliments here...,5,2026-07-29 12:17:57 UTC,0,play_store,one of the best item I get like groceries and other suppliments here...,one best item get like grocery suppliments,False,noise,,,no category-exploration signal
good 👍 to you ☺️,5,2026-07-29 12:17:08 UTC,0,play_store,good 👍 to you ☺️,good,False,noise,,,no category-exploration signal
really useful in times of emergencies,5,2026-07-29 12:16:42 UTC,0,play_store,really useful in times of emergencies,really useful time emergency,False,noise,,,no category-exploration signal
Best choice,5,2026-07-29 12:13:51 UTC,0,play_store,Best choice,best choice,False,noise,,,no category-exploration signal
price jyada ha market se,3,2026-07-29 12:11:19 UTC,0,play_store,price jyada ha market se,price jyada ha market se,True,want_to_explore_blocked,price_uncertainty_new_category,grocery,intent or category talk with friction/barrier cues
ok fast delivery urgent,5,2026-07-29 12:10:48 UTC,0,play_store,ok fast delivery urgent,ok fast delivery urgent,False,noise,,,short generic praise/complaint without category cues
amazing 👏 🤩,5,2026-07-29 12:10:13 UTC,0,play_store,amazing 👏 🤩,amaze,False,noise,,,no category-exploration signal
very poor service,1,2026-07-29 12:09:37 UTC,0,play_store,very poor service,poor service,False,noise,,,no category-exploration signal
very good application to buy any product,5,2026-07-29 12:07:11 UTC,0,play_store,very good application to buy any product,good application buy product,False,noise,,,no category-exploration signal
they lie about estimated delivery all the time. say 10 mins and nothing even gets dispatched after 10 mins at least half the time,1,2026-07-29 12:06:13 UTC,0,play_store,they lie about estimated delivery all the time. say 10 mins and nothing even gets dispatched after 10 mins at least half the time,lie estimate delivery time say 10 min nothing even get dispatch 10 min least half time,False,noise,,,no category-exploration signal
GOOD RANGE AVAILABLE,5,2026-07-29 12:06:11 UTC,0,play_store,GOOD RANGE AVAILABLE,good range available,False,noise,,,no category-exploration signal
good app for groceries,5,2026-07-29 12:05:44 UTC,0,play_store,good app for groceries,good app grocery,False,noise,,,short generic praise/complaint without category cues
no change available always,1,2026-07-29 12:05:33 UTC,1,play_store,no change available always,change available always,True,stuck_in_routine,,,routine/reorder language without exploration intent
RS 30 chees ko 85 mai kyoo dei rha ho,2,2026-07-29 12:03:50 UTC,0,play_store,RS 30 chees ko 85 mai kyoo dei rha ho,r 30 chees ko 85 mai kyoo dei rha ho,False,noise,,,no category-exploration signal
verygood,5,2026-07-29 11:59:39 UTC,0,play_store,verygood,verygood,False,noise,,,no category-exploration signal
very usefull app,5,2026-07-29 11:58:41 UTC,0,play_store,very usefull app,usefull app,False,noise,,,no category-exploration signal
nice application,5,2026-07-29 11:57:27 UTC,0,play_store,nice application,nice application,False,noise,,,short generic praise/complaint without category cues
App is good but the discounts on cards and UPI are limited now. not like they used to offer earlier. local retailers now give more discount than blinkit. so now we are thinking of moving out from the app to the local store.,4,2026-07-29 11:56:58 UTC,0,play_store,App is good but the discounts on cards and UPI are limited now. not like they used to offer earlier. local retailers now give more discount than blinkit. so now we are thinking of moving out from the app to the local store.,app good discount card upi limit like use offer earlier local retailer give discount blinkit think move app local store,True,want_to_explore_blocked,assortment_gap,,intent or category talk with friction/barrier cues
how to cancel order there is no option it shows,1,2026-07-29 11:56:53 UTC,0,play_store,how to cancel order there is no option it shows,cancel order option show,False,noise,,,no category-exploration signal
thik thak,3,2026-07-29 11:56:12 UTC,0,play_store,thik thak,thik thak,False,noise,,,no category-exploration signal
very good 👍👍👍,5,2026-07-29 11:54:46 UTC,0,play_store,very good 👍👍👍,good,False,noise,,,no category-exploration signal
The delivery boy refused to come to the railway platform after reached the railway station,1,2026-07-29 11:52:06 UTC,0,play_store,The delivery boy refused to come to the railway platform after reached the railway station,delivery boy refuse come railway platform reach railway station,False,noise,,,no category-exploration signal
Good items And right time delivery but some problems never time cash on delivery close,5,2026-07-29 11:51:28 UTC,0,play_store,Good items And right time delivery but some problems never time cash on delivery close,good item right time delivery problem never time cash delivery close,False,noise,,,no category-exploration signal
badhiya kaam kar rahe ho blinkit ambulance very important for society,5,2026-07-29 11:50:03 UTC,0,play_store,badhiya kaam kar rahe ho blinkit ambulance very important for society,badhiya kaam kar rahe ho blinkit ambulance important society,False,noise,,,no category-exploration signal
better the flipkart minutes 🙌,5,2026-07-29 11:46:43 UTC,0,play_store,better the flipkart minutes 🙌,well flipkart minute,False,noise,,,no category-exploration signal
I order goods in which I have ordered 5 kg * 2 sugar packets with some other stuff . society have 3 lifts but rider said paper bag given by blinkit is worn out so kindly come down . pooor service by Muzaffarnagar blinkit. store gave him small paper bag for 10 kg sugar and other stuff amounting more than 1200 rupees . My father who is senior citizen had to pick the order from parking of society where blinkit boy was there . Everyone must order amount of Rs. 100/- maximum above not from blinkit,1,2026-07-29 11:43:04 UTC,0,play_store,I order goods in which I have ordered 5 kg * 2 sugar packets with some other stuff . society have 3 lifts but rider said paper bag given by blinkit is worn out so kindly come down . pooor service by Muzaffarnagar blinkit. store gave him small paper bag for 10 kg sugar and other stuff amounting more than 1200 rupees . My father who is senior citizen had to pick the order from parking of society where blinkit boy was there . Everyone must order amount of Rs. 100/- maximum above not from blinkit,order good order 5 kg 2 sugar packet stuff society 3 lift rider say paper bag give blinkit worn kindly come pooor service muzaffarnagar blinkit store give small paper bag 10 kg sugar stuff amount 1200 rupees father senior citizen pick order park society blinkit boy everyone must order amount rs 100 maximum blinkit,False,noise,,,no category-exploration signal
it's very good,5,2026-07-29 11:41:36 UTC,0,play_store,it's very good,good,False,noise,,,no category-exploration signal
i rate this 10/10 the fastest delivery,5,2026-07-29 11:40:45 UTC,0,play_store,i rate this 10/10 the fastest delivery,rate 1010 fast delivery,False,noise,,,no category-exploration signal
one more thing happened I haven't received my refund it shows it's already done,1,2026-07-29 11:35:01 UTC,1,play_store,one more thing happened I haven't received my refund it shows it's already done,one thing happen havent receive refund show already do,True,want_to_explore_blocked,dont_trust_quality_for_new_category,,intent or category talk with friction/barrier cues
my first order i check this dilivery time,5,2026-07-29 11:32:42 UTC,0,play_store,my first order i check this dilivery time,first order check dilivery time,False,noise,,,no category-exploration signal
Just don't get hyped by the returning facility cause it's very bad a damaged product returned will only give a coupon.,1,2026-07-29 11:31:53 UTC,0,play_store,Just don't get hyped by the returning facility cause it's very bad a damaged product returned will only give a coupon.,dont get hype return facility cause bad damage product return give coupon,True,want_to_explore_blocked,dont_trust_quality_for_new_category,,intent or category talk with friction/barrier cues
Ye bht helpful application 🎀,5,2026-07-29 11:31:34 UTC,0,play_store,Ye bht helpful application 🎀,ye bht helpful application,False,noise,,,no category-exploration signal
LOVE THIS APP TO BITS,5,2026-07-29 11:25:07 UTC,0,play_store,LOVE THIS APP TO BITS,love app bit,False,noise,,,no category-exploration signal
bahut achcha hai,5,2026-07-29 11:21:54 UTC,0,play_store,bahut achcha hai,bahut achcha hai,False,noise,,,no category-exploration signal
very useful,4,2026-07-29 11:20:58 UTC,0,play_store,very useful,useful,False,noise,,,no category-exploration signal
absolutely love their blinkit ambulance service such a helpful and needy thing,5,2026-07-29 11:20:09 UTC,0,play_store,absolutely love their blinkit ambulance service such a helpful and needy thing,absolutely love blinkit ambulance service helpful needy thing,False,noise,,,no category-exploration signal
gatiya app,1,2026-07-29 11:19:21 UTC,0,play_store,gatiya app,gatiya app,False,noise,,,no category-exploration signal
v good 👍,5,2026-07-29 11:16:32 UTC,0,play_store,v good 👍,v good,False,noise,,,no category-exploration signal
the app is really good ! very reliable. Happy with the service.,5,2026-07-29 11:14:40 UTC,0,play_store,the app is really good ! very reliable. Happy with the service.,app really good reliable happy service,False,noise,,,no category-exploration signal
good job 👏,4,2026-07-29 11:13:41 UTC,0,play_store,good job 👏,good job,False,noise,,,no category-exploration signal
The ice cream completely melted so didn't feel like having one. it shd have been collected last before delivery.,2,2026-07-29 11:13:41 UTC,0,play_store,The ice cream completely melted so didn't feel like having one. it shd have been collected last before delivery.,ice cream completely melt didnt feel like one shd collect last delivery,True,unclear,,snacks,category or barrier cues without clear funnel stage
fast delivery and good service,5,2026-07-29 11:06:52 UTC,0,play_store,fast delivery and good service,fast delivery good service,False,noise,,,no category-exploration signal
exelent,5,2026-07-29 11:03:08 UTC,0,play_store,exelent,exelent,False,noise,,,no category-exploration signal
I have been using this app for sometime now and today the delivery guy didn't give my money full change back .This is not acceptable.,1,2026-07-29 11:02:54 UTC,0,play_store,I have been using this app for sometime now and today the delivery guy didn't give my money full change back .This is not acceptable.,use app sometime today delivery guy didnt give money full change back acceptable,False,noise,,,no category-exploration signal
I lost ₹350 on Blinkit due to the absence of a cancellation and refund policy,1,2026-07-29 11:01:12 UTC,0,play_store,I lost ₹350 on Blinkit due to the absence of a cancellation and refund policy,lose blinkit due absence cancellation refund policy,True,want_to_explore_blocked,dont_trust_quality_for_new_category,,intent or category talk with friction/barrier cues
This is good one,5,2026-07-29 10:59:51 UTC,0,play_store,This is good one,good one,False,noise,,,no category-exploration signal
"they're charging surge fees but won't deliver on time , they'll get money from customers and won't give refunds for inconvenience caused too, only apologise , nothing else. don't use this app",1,2026-07-29 10:59:00 UTC,0,play_store,"they're charging surge fees but won't deliver on time , they'll get money from customers and won't give refunds for inconvenience caused too, only apologise , nothing else. don't use this app",theyre charge surge fee wont deliver time theyll get money customer wont give refund inconvenience cause apologise nothing else dont use app,True,want_to_explore_blocked,price_uncertainty_new_category|dont_trust_quality_for_new_category,,intent or category talk with friction/barrier cues
nce app,5,2026-07-29 10:57:38 UTC,0,play_store,nce app,nce app,False,noise,,,no category-exploration signal
Nice 🙂👍🏻,5,2026-07-29 10:56:57 UTC,0,play_store,Nice 🙂👍🏻,nice,False,noise,,,no category-exploration signal
worst experience. all the delivery partners take tips forcefully,1,2026-07-29 10:54:44 UTC,0,play_store,worst experience. all the delivery partners take tips forcefully,bad experience delivery partner take tip forcefully,False,noise,,,no category-exploration signal
Fantastic,5,2026-07-29 10:52:35 UTC,0,play_store,Fantastic,fantastic,False,noise,,,no category-exploration signal
mast aap hai 🫰🫰,5,2026-07-29 10:51:12 UTC,0,play_store,mast aap hai 🫰🫰,mast aap hai,False,noise,,,no category-exploration signal
Excellent Service !!,5,2026-07-29 10:50:44 UTC,0,play_store,Excellent Service !!,excellent service,False,noise,,,short generic praise/complaint without category cues
best for last time and best part is their free shipping delivery,4,2026-07-29 10:48:50 UTC,0,play_store,best for last time and best part is their free shipping delivery,best last time best part free shipping delivery,False,noise,,,no category-exploration signal
sometimes.. delay...,5,2026-07-29 10:46:16 UTC,0,play_store,sometimes.. delay...,sometimes delay,True,unclear,coverage_or_eta,,category or barrier cues without clear funnel stage
there is no cancellation,1,2026-07-29 10:44:34 UTC,0,play_store,there is no cancellation,cancellation,False,noise,,,no category-exploration signal
I like it so much one time their was nothing in bag than I complained than I got my refund but it is very nice and I request you that please deliver in near Villages,5,2026-07-29 10:44:17 UTC,0,play_store,I like it so much one time their was nothing in bag than I complained than I got my refund but it is very nice and I request you that please deliver in near Villages,like much one time nothing bag complain get refund nice request please deliver near village,True,want_to_explore_blocked,dont_trust_quality_for_new_category,,intent or category talk with friction/barrier cues
✨️✨️✨️✨️🤌🏻🤌🏻🤌🏻🤌🏻🥺,5,2026-07-29 10:44:14 UTC,0,play_store,✨️✨️✨️✨️🤌🏻🤌🏻🤌🏻🤌🏻🥺,✨️✨️✨️✨️🤌🏻🤌🏻🤌🏻🤌🏻🥺,False,noise,,,no category-exploration signal
Very nice and good,5,2026-07-29 10:43:00 UTC,0,play_store,Very nice and good,nice good,False,noise,,,no category-exploration signal
awesome 😎😎😎😎 Fast delivery 🚚🚚🚚,5,2026-07-29 10:42:09 UTC,0,play_store,awesome 😎😎😎😎 Fast delivery 🚚🚚🚚,awesome fast delivery,False,noise,,,no category-exploration signal
"It is so gooooooood app ,we can utilise our time.",4,2026-07-29 10:39:23 UTC,0,play_store,"It is so gooooooood app ,we can utilise our time.",gooooooood app utilise time,False,noise,,,no category-exploration signal
worst virtual assistant,1,2026-07-29 10:35:57 UTC,0,play_store,worst virtual assistant,bad virtual assistant,False,noise,,,no category-exploration signal
its a nice 💯,5,2026-07-29 10:35:28 UTC,0,play_store,its a nice 💯,nice,False,noise,,,no category-exploration signal
I'm waiting my order,5,2026-07-29 10:34:03 UTC,0,play_store,I'm waiting my order,im wait order,False,noise,,,no category-exploration signal
osm,5,2026-07-29 10:32:12 UTC,0,play_store,osm,osm,False,noise,,,no category-exploration signal
all good but decrease your delivery charges,4,2026-07-29 10:31:55 UTC,0,play_store,all good but decrease your delivery charges,good decrease delivery charge,False,noise,,,no category-exploration signal
very nice and reliable source of goods.,5,2026-07-29 10:31:44 UTC,0,play_store,very nice and reliable source of goods.,nice reliable source good,False,noise,,,no category-exploration signal
some new products should be added,4,2026-07-29 10:30:03 UTC,0,play_store,some new products should be added,new product add,False,noise,,,no category-exploration signal
there are no cancellation policy at all,1,2026-07-29 10:27:20 UTC,0,play_store,there are no cancellation policy at all,cancellation policy,False,noise,,,no category-exploration signal
"good app, fastest delivery ever",5,2026-07-29 10:23:14 UTC,0,play_store,"good app, fastest delivery ever",good app fast delivery ever,False,noise,,,no category-exploration signal
guys when I ever try the store is always unavailable,1,2026-07-29 10:22:53 UTC,0,play_store,guys when I ever try the store is always unavailable,guy ever try store always unavailable,True,stuck_in_routine,,,routine/reorder language without exploration intent
best delivery awesome products on time delivery quality products,5,2026-07-29 10:22:23 UTC,0,play_store,best delivery awesome products on time delivery quality products,best delivery awesome product time delivery quality product,True,want_to_explore_blocked,dont_trust_quality_for_new_category,,intent or category talk with friction/barrier cues
worse customer support and service,1,2026-07-29 10:21:38 UTC,0,play_store,worse customer support and service,bad customer support service,False,noise,,,no category-exploration signal
order is little 🫩 late,1,2026-07-29 10:16:59 UTC,1,play_store,order is little 🫩 late,order little late,True,unclear,coverage_or_eta,,category or barrier cues without clear funnel stage
such a nice app fast delivery,5,2026-07-29 10:13:20 UTC,0,play_store,such a nice app fast delivery,nice app fast delivery,False,noise,,,no category-exploration signal
the blinkit is very useful 👌 👍,5,2026-07-29 10:13:15 UTC,0,play_store,the blinkit is very useful 👌 👍,blinkit useful,False,noise,,,no category-exploration signal
y so rude the bliket rider he didn't reach the location n making drama. over all the location it's just near from blinkit to my house. n he can't still catch up location n making drama. his name shakeel. after reached location i was right there i told him is it my order he said no.. n i said u called me ryt n on call ur was making drama. he was hiding it not showing who's order n i was about to leave he said yes it urs. what is this....please look forward into it,2,2026-07-29 10:13:10 UTC,0,play_store,y so rude the bliket rider he didn't reach the location n making drama. over all the location it's just near from blinkit to my house. n he can't still catch up location n making drama. his name shakeel. after reached location i was right there i told him is it my order he said no.. n i said u called me ryt n on call ur was making drama. he was hiding it not showing who's order n i was about to leave he said yes it urs. what is this....please look forward into it,rude bliket rider didnt reach location n make drama location near blinkit house n cant still catch location n make drama name shakeel reach location right tell order say n say u call ryt n call ur make drama hide show whos order n leave say yes urs thisplease look forward,True,want_to_explore_blocked,hard_to_discover_in_app|coverage_or_eta,,intent or category talk with friction/barrier cues
easy to get item,5,2026-07-29 10:11:23 UTC,0,play_store,easy to get item,easy get item,False,noise,,,no category-exploration signal
"Excellent service! Blinkit delivers groceries and daily essentials very quickly. The app is easy to use, products are usually fresh, and delivery partners are prompt. Great for last-minute shopping. Have to improve for refunds and replacements, but overall it's a convenient and reliable service.",5,2026-07-29 10:09:18 UTC,0,play_store,"Excellent service! Blinkit delivers groceries and daily essentials very quickly. The app is easy to use, products are usually fresh, and delivery partners are prompt. Great for last-minute shopping. Have to improve for refunds and replacements, but overall it's a convenient and reliable service.",excellent service blinkit delivers grocery daily essential quickly app easy use product usually fresh delivery partner prompt great lastminute shopping improve refund replacement overall convenient reliable service,True,want_to_explore_blocked,dont_trust_quality_for_new_category|habit_reorder_only,,intent or category talk with friction/barrier cues
very bad the handling charges and delivery charges are to much can't order one single item because of handling charges and delivery charges.,1,2026-07-29 10:07:04 UTC,0,play_store,very bad the handling charges and delivery charges are to much can't order one single item because of handling charges and delivery charges.,bad handling charge delivery charge much cant order one single item handle charge delivery charge,True,want_to_explore_blocked,price_uncertainty_new_category,,intent or category talk with friction/barrier cues
very fast deliveries,5,2026-07-29 10:07:03 UTC,0,play_store,very fast deliveries,fast delivery,False,noise,,,no category-exploration signal
lest try,5,2026-07-29 10:06:34 UTC,0,play_store,lest try,l try,False,noise,,,no category-exploration signal
good 👍 👍 👍 👍 for easy find things fast delivery,5,2026-07-29 10:04:08 UTC,0,play_store,good 👍 👍 👍 👍 for easy find things fast delivery,good easy find thing fast delivery,False,noise,,,no category-exploration signal
very good and prompt service,5,2026-07-29 10:02:20 UTC,0,play_store,very good and prompt service,good prompt service,False,noise,,,no category-exploration signal
delivery charges are too high,4,2026-07-29 10:00:59 UTC,0,play_store,delivery charges are too high,delivery charge high,False,noise,,,no category-exploration signal
10/10 app just reduce free delivery amount make it 99₹ from 199₹,5,2026-07-29 09:58:55 UTC,0,play_store,10/10 app just reduce free delivery amount make it 99₹ from 199₹,1010 app reduce free delivery amount make,False,noise,,,no category-exploration signal
it is full 10 out of 10 dude,5,2026-07-29 09:57:41 UTC,0,play_store,it is full 10 out of 10 dude,full 10 10 dude,False,noise,,,no category-exploration signal
is good,4,2026-07-29 09:55:30 UTC,0,play_store,is good,good,False,noise,,,no category-exploration signal
zada hi paisa lete h,1,2026-07-29 09:54:20 UTC,0,play_store,zada hi paisa lete h,zada hi paisa lete h,False,noise,,,no category-exploration signal
"Unmatched Quality, Genius Design, and Total Game-Changer! ​I rarely leave reviews, but after using this kit consistently over the past few weeks, I felt compelled to share my experience. Simply put, this is hands-down one of the best investments I have ever made. From the moment the package arrived, it was clear that the creators put an immense amount of thought, care, and precision into every single detail. ​Unboxing & First Impressions ​The packaging alone deserves a five-star rating.",5,2026-07-29 09:47:51 UTC,0,play_store,"Unmatched Quality, Genius Design, and Total Game-Changer! ​I rarely leave reviews, but after using this kit consistently over the past few weeks, I felt compelled to share my experience. Simply put, this is hands-down one of the best investments I have ever made. From the moment the package arrived, it was clear that the creators put an immense amount of thought, care, and precision into every single detail. ​Unboxing & First Impressions ​The packaging alone deserves a five-star rating.",unmatched quality genius design total gamechanger rarely leave review use kit consistently past week felt compelled share experience simply put handsdown one best investment ever make moment package arrive clear creator put immense amount think care precision every single detail first impression package alone deserve fivestar rating,True,want_to_explore_blocked,dont_trust_quality_for_new_category,,intent or category talk with friction/barrier cues
brooo when i order milk they deliver it in the cardboard bag and it always torn apart as the milk is cold and have some water outside. please change ur bag while delivering milk and cold stuff,5,2026-07-29 09:47:48 UTC,0,play_store,brooo when i order milk they deliver it in the cardboard bag and it always torn apart as the milk is cold and have some water outside. please change ur bag while delivering milk and cold stuff,brooo order milk deliver cardboard bag always torn apart milk cold water outside please change ur bag deliver milk cold stuff,True,stuck_in_routine,,grocery,routine/reorder language without exploration intent
god products I'm happy😊,3,2026-07-29 09:44:35 UTC,0,play_store,god products I'm happy😊,god product im happy,False,noise,,,no category-exploration signal
nice 😆,5,2026-07-29 09:43:39 UTC,0,play_store,nice 😆,nice,False,noise,,,no category-exploration signal
"their customer service is very pathetic,they close the 7 day return window before time,they don't respond after completing the order,if the order is faulty, damaged,cheap then it's not their fault,it's your fault .",1,2026-07-29 09:42:33 UTC,0,play_store,"their customer service is very pathetic,they close the 7 day return window before time,they don't respond after completing the order,if the order is faulty, damaged,cheap then it's not their fault,it's your fault .",customer service patheticthey close 7 day return window timethey dont respond complete orderif order faulty damagedcheap faultits fault,True,want_to_explore_blocked,dont_trust_quality_for_new_category,,intent or category talk with friction/barrier cues
"very rude delivery partner. he is refusing to come on location. very bad experience from blinkit, I never think so blinkit can do this. I am very disappointed.",1,2026-07-29 09:42:27 UTC,0,play_store,"very rude delivery partner. he is refusing to come on location. very bad experience from blinkit, I never think so blinkit can do this. I am very disappointed.",rude delivery partner refuse come location bad experience blinkit never think blinkit disappoint,True,unclear,coverage_or_eta,,category or barrier cues without clear funnel stage
very bad service regarding product return I do not install this app and always send bad products I hv bad experience and install this app,1,2026-07-29 09:40:43 UTC,0,play_store,very bad service regarding product return I do not install this app and always send bad products I hv bad experience and install this app,bad service regard product return install app always send bad product hv bad experience install app,True,want_to_explore_blocked,dont_trust_quality_for_new_category,,intent or category talk with friction/barrier cues
5 star,4,2026-07-29 09:37:40 UTC,0,play_store,5 star,5 star,False,noise,,,no category-exploration signal
it is verygood,4,2026-07-29 09:37:17 UTC,0,play_store,it is verygood,verygood,False,noise,,,no category-exploration signal
सबसे बेस्ट डिलीवरी,5,2026-07-29 09:37:08 UTC,0,play_store,सबसे बेस्ट डिलीवरी,सबसे बेस्ट डिलीवरी,False,noise,,,no category-exploration signal
good performance 💯,4,2026-07-29 09:36:33 UTC,0,play_store,good performance 💯,good performance,False,noise,,,no category-exploration signal
Not working Blinkit In my fireboltt click 4g Smart watch,1,2026-07-29 09:35:28 UTC,0,play_store,Not working Blinkit In my fireboltt click 4g Smart watch,work blinkit fireboltt click 4g smart watch,False,noise,,,no category-exploration signal
better than other delivery apps,5,2026-07-29 09:34:11 UTC,0,play_store,better than other delivery apps,well delivery apps,False,noise,,,no category-exploration signal
no cancle option bc,2,2026-07-29 09:33:07 UTC,0,play_store,no cancle option bc,cancle option bc,False,noise,,,no category-exploration signal
satisfactory,5,2026-07-29 09:30:33 UTC,0,play_store,satisfactory,satisfactory,False,noise,,,no category-exploration signal
Items quality was very better then other online food apps,4,2026-07-29 09:28:59 UTC,0,play_store,Items quality was very better then other online food apps,item quality well online food apps,True,want_to_explore_blocked,dont_trust_quality_for_new_category,,intent or category talk with friction/barrier cues
worst.Cheater.Will spread the word not to buy from your app.charged surcharge 30rs and handling fees 5 rs with giving me the break up invoice bill.,1,2026-07-29 09:28:05 UTC,0,play_store,worst.Cheater.Will spread the word not to buy from your app.charged surcharge 30rs and handling fees 5 rs with giving me the break up invoice bill.,worstcheaterwill spread word buy appcharged surcharge 30rs handling fee 5 rs give break invoice bill,False,noise,,,no category-exploration signal
need to add option which sell only healthy thing which dont contain harmful chemicals,3,2026-07-29 09:27:42 UTC,0,play_store,need to add option which sell only healthy thing which dont contain harmful chemicals,need add option sell healthy thing dont contain harmful chemical,False,noise,,,no category-exploration signal
very bad experience please close the blinkit because you are selling experid items.i was order baby milk powder and I have received experid milk powder this is very bad ...,1,2026-07-29 09:26:51 UTC,0,play_store,very bad experience please close the blinkit because you are selling experid items.i was order baby milk powder and I have received experid milk powder this is very bad ...,bad experience please close blinkit sell experid itemsi order baby milk powder receive experid milk powder bad,True,unclear,,grocery,category or barrier cues without clear funnel stage
can t able to rate the orders first of all rude behaviour of driver,1,2026-07-29 09:25:57 UTC,0,play_store,can t able to rate the orders first of all rude behaviour of driver,able rate order first rude behaviour driver,False,noise,,,no category-exploration signal
😊👍👍,5,2026-07-29 09:23:46 UTC,0,play_store,😊👍👍,😊👍👍,False,noise,,,no category-exploration signal
blinkit has no idea how to deliver frozen items... long way to go.,1,2026-07-29 09:23:09 UTC,0,play_store,blinkit has no idea how to deliver frozen items... long way to go.,blinkit idea deliver frozen item long way go,False,noise,,,no category-exploration signal
Delivery agent not delivered at my place,1,2026-07-29 09:22:28 UTC,0,play_store,Delivery agent not delivered at my place,delivery agent deliver place,False,noise,,,no category-exploration signal
"Absolutely pathetic service. I ordered 2 chilled Diet Cokes, 1 chilled Pepsi, and 1 Amul Masti Chaas, but everything arrived warm. I requested a replacement, and Blinkit sent warm drinks again, with the Amul Masti Chaas missing. I returned the entire order, yet Blinkit refunded only ₹80 out of ₹170, even though I didn't keep or consume a single item. I'm still waiting for the remaining ₹90.Poor quality control, careless service, and an unacceptable refund process. This is how customers are treat",1,2026-07-29 09:22:20 UTC,0,play_store,"Absolutely pathetic service. I ordered 2 chilled Diet Cokes, 1 chilled Pepsi, and 1 Amul Masti Chaas, but everything arrived warm. I requested a replacement, and Blinkit sent warm drinks again, with the Amul Masti Chaas missing. I returned the entire order, yet Blinkit refunded only ₹80 out of ₹170, even though I didn't keep or consume a single item. I'm still waiting for the remaining ₹90.Poor quality control, careless service, and an unacceptable refund process. This is how customers are treat",absolutely pathetic service order 2 chilled diet coke 1 chill pepsi 1 amul masti chaas everything arrive warm request replacement blinkit send warm drink amul masti chaas miss return entire order yet blinkit refund even though didnt keep consume single item im still wait remain quality control careless service unacceptable refund process customer treat,True,want_to_explore_blocked,dont_trust_quality_for_new_category|assortment_gap,,intent or category talk with friction/barrier cues
dekho tumari store ache h lekin me ak delivery partner hu aaj mera order ak buliding me aaya tha me vaha niche khada tha me bola me gila tha me nhi aa skta upar uske bad mene customer ko dubara call lgya aur customer bola tere ko tamij nhi h tere ko kis bat ka Paisa milta h aur to tu upar aakar dekar aa lekin me fir order ko dene jabarjasti gya bola upar aaja ya Sam tak vahi khada re nhi lunga fir me upar gya to customer ne mere ko damki di ki dubara buliding se bahar nhi Jane dunga.,5,2026-07-29 09:15:45 UTC,0,play_store,dekho tumari store ache h lekin me ak delivery partner hu aaj mera order ak buliding me aaya tha me vaha niche khada tha me bola me gila tha me nhi aa skta upar uske bad mene customer ko dubara call lgya aur customer bola tere ko tamij nhi h tere ko kis bat ka Paisa milta h aur to tu upar aakar dekar aa lekin me fir order ko dene jabarjasti gya bola upar aaja ya Sam tak vahi khada re nhi lunga fir me upar gya to customer ne mere ko damki di ki dubara buliding se bahar nhi Jane dunga.,dekho tumari store ache h lekin ak delivery partner hu aaj mera order ak buliding aaya tha vaha niche khada tha bola gila tha nhi aa skta upar uske bad mene customer ko dubara call lgya aur customer bola tere ko tamij nhi h tere ko ki bat ka paisa milta h aur tu upar aakar dekar aa lekin fir order ko dene jabarjasti gya bola upar aaja ya sam tak vahi khada nhi lunga fir upar gya customer ne mere ko damki di ki dubara buliding se bahar nhi jane dunga,False,noise,,,no category-exploration signal
nice 👍 work,4,2026-07-29 09:15:32 UTC,0,play_store,nice 👍 work,nice work,False,noise,,,no category-exploration signal
"blikit is good but there are some things. I didn't liked above them. such as if they don't have that particular item they don't show us before that the item is unavailable after placing the order and paying the amount they tell is that, that particular item is unavailable. and they take too much time for refund.",3,2026-07-29 09:10:58 UTC,1,play_store,"blikit is good but there are some things. I didn't liked above them. such as if they don't have that particular item they don't show us before that the item is unavailable after placing the order and paying the amount they tell is that, that particular item is unavailable. and they take too much time for refund.",blikit good thing didnt like dont particular item dont show u item unavailable place order pay amount tell particular item unavailable take much time refund,True,want_to_explore_blocked,dont_trust_quality_for_new_category|assortment_gap,,intent or category talk with friction/barrier cues
love 😘,5,2026-07-29 09:09:33 UTC,0,play_store,love 😘,love,False,noise,,,no category-exploration signal
Good app service use it,5,2026-07-29 09:09:00 UTC,0,play_store,Good app service use it,good app service use,False,noise,,,no category-exploration signal
nyc app,5,2026-07-29 09:08:13 UTC,0,play_store,nyc app,nyc app,False,noise,,,no category-exploration signal
service is good,5,2026-07-29 09:07:30 UTC,0,play_store,service is good,service good,False,noise,,,no category-exploration signal
best 24*7,5,2026-07-29 09:06:07 UTC,0,play_store,best 24*7,best 247,False,noise,,,no category-exploration signal
it is very expensive as compared to any other app,3,2026-07-29 09:05:26 UTC,0,play_store,it is very expensive as compared to any other app,expensive compare app,True,want_to_explore_blocked,price_uncertainty_new_category,,intent or category talk with friction/barrier cues
Nice app. Always get clean packed product. delivery person is always humble,5,2026-07-29 09:02:25 UTC,0,play_store,Nice app. Always get clean packed product. delivery person is always humble,nice app always get clean packed product delivery person always humble,True,stuck_in_routine,,,routine/reorder language without exploration intent
God's 8,5,2026-07-29 09:00:40 UTC,0,play_store,God's 8,god 8,False,noise,,,no category-exploration signal
W app ever!!,5,2026-07-29 08:59:34 UTC,0,play_store,W app ever!!,w app ever,False,noise,,,no category-exploration signal
supper thank you,5,2026-07-29 08:58:05 UTC,0,play_store,supper thank you,supper thank,False,noise,,,no category-exploration signal
awsome,5,2026-07-29 08:55:24 UTC,0,play_store,awsome,awsome,False,noise,,,no category-exploration signal
Really satisfied.... 🥰🥰🥰🥰,5,2026-07-29 08:51:46 UTC,0,play_store,Really satisfied.... 🥰🥰🥰🥰,really satisfied,False,noise,,,no category-exploration signal
fast delivered,5,2026-07-29 08:50:17 UTC,0,play_store,fast delivered,fast deliver,False,noise,,,no category-exploration signal
delivery charges high,1,2026-07-29 08:49:59 UTC,0,play_store,delivery charges high,delivery charge high,False,noise,,,no category-exploration signal
Best application,5,2026-07-29 08:49:48 UTC,0,play_store,Best application,best application,False,noise,,,short generic praise/complaint without category cues
the orders take too much time these days broo wthh,2,2026-07-29 08:48:27 UTC,0,play_store,the orders take too much time these days broo wthh,order take much time day broo wthh,False,noise,,,no category-exploration signal
first time use no problem,5,2026-07-29 08:48:20 UTC,0,play_store,first time use no problem,first time use problem,True,unclear,,,category or barrier cues without clear funnel stage
fantastic and affordable,5,2026-07-29 08:47:36 UTC,0,play_store,fantastic and affordable,fantastic affordable,False,noise,,,no category-exploration signal
I bought something for 50 and got charged 140 lol,2,2026-07-29 08:47:35 UTC,0,play_store,I bought something for 50 and got charged 140 lol,buy something 50 get charge 140 lol,False,noise,,,no category-exploration signal
wonderful 👌👌👌👌👌👌,5,2026-07-29 08:46:59 UTC,0,play_store,wonderful 👌👌👌👌👌👌,wonderful,False,noise,,,no category-exploration signal
great for today's time,5,2026-07-29 08:46:30 UTC,0,play_store,great for today's time,great today time,False,noise,,,no category-exploration signal
nice 🙂 but not available all items,5,2026-07-29 08:44:26 UTC,0,play_store,nice 🙂 but not available all items,nice available item,True,want_to_explore_blocked,coverage_or_eta|assortment_gap,,intent or category talk with friction/barrier cues
Very cheap service,1,2026-07-29 08:43:43 UTC,0,play_store,Very cheap service,cheap service,False,noise,,,no category-exploration signal
very bad mangao kuch aata kuch or hai pkaya hua mango kcha dete hai paneer ke badle bs masala. milta hai,1,2026-07-29 08:39:47 UTC,0,play_store,very bad mangao kuch aata kuch or hai pkaya hua mango kcha dete hai paneer ke badle bs masala. milta hai,bad mangao kuch aata kuch hai pkaya hua mango kcha dete hai paneer ke badle b masala milta hai,False,noise,,,no category-exploration signal
no discount,2,2026-07-29 08:37:32 UTC,0,play_store,no discount,discount,False,noise,,,no category-exploration signal
delivery partner he nahi hai inke pass Bakwas hai App,1,2026-07-29 08:36:14 UTC,0,play_store,delivery partner he nahi hai inke pass Bakwas hai App,delivery partner nahi hai inke pas bakwas hai app,False,noise,,,no category-exploration signal
best app for grocery,5,2026-07-29 08:35:11 UTC,0,play_store,best app for grocery,best app grocery,True,unclear,,grocery,category or barrier cues without clear funnel stage
not fare deal,3,2026-07-29 08:33:41 UTC,0,play_store,not fare deal,fare deal,False,noise,,,no category-exploration signal
Avoid Blinkit for electronics. They sell damaged or used items and deny replacements.,1,2026-07-29 08:29:28 UTC,0,play_store,Avoid Blinkit for electronics. They sell damaged or used items and deny replacements.,avoid blinkit electronics sell damage used item deny replacement,True,want_to_explore_blocked,dont_trust_quality_for_new_category,electronics,intent or category talk with friction/barrier cues
fantastic and awesome helpful app,5,2026-07-29 08:28:33 UTC,0,play_store,fantastic and awesome helpful app,fantastic awesome helpful app,False,noise,,,no category-exploration signal
🎉🎉,5,2026-07-29 08:28:15 UTC,0,play_store,🎉🎉,🎉🎉,False,noise,,,no category-exploration signal
excellent on time delivery,5,2026-07-29 08:26:45 UTC,0,play_store,excellent on time delivery,excellent time delivery,False,noise,,,no category-exploration signal
nice 💯,5,2026-07-29 08:25:54 UTC,0,play_store,nice 💯,nice,False,noise,,,no category-exploration signal
niceee,5,2026-07-29 08:21:27 UTC,0,play_store,niceee,niceee,False,noise,,,no category-exploration signal
very bad experience third class service order placed kr skte ho but return or replace nahi me regular customer hu but ab is application ko uninstall kr raha hu maha ghatiya hai ye thukta hu is application pe,1,2026-07-29 08:19:05 UTC,0,play_store,very bad experience third class service order placed kr skte ho but return or replace nahi me regular customer hu but ab is application ko uninstall kr raha hu maha ghatiya hai ye thukta hu is application pe,bad experience third class service order place kr skte ho return replace nahi regular customer hu ab application ko uninstall kr raha hu maha ghatiya hai ye thukta hu application pe,True,want_to_explore_blocked,dont_trust_quality_for_new_category|habit_reorder_only,,intent or category talk with friction/barrier cues
not return order,1,2026-07-29 08:12:30 UTC,0,play_store,not return order,return order,True,want_to_explore_blocked,dont_trust_quality_for_new_category,,intent or category talk with friction/barrier cues
they sell expired product today when my order is not cash on delivery and now they are not helping even need help option is not working i tried to send photo and vedio i have photo and vedio of the product they are cheater and cheating 🇮🇳 no clue of returing my money,1,2026-07-29 08:12:04 UTC,0,play_store,they sell expired product today when my order is not cash on delivery and now they are not helping even need help option is not working i tried to send photo and vedio i have photo and vedio of the product they are cheater and cheating 🇮🇳 no clue of returing my money,sell expire product today order cash delivery help even need help option work tried send photo vedio photo vedio product cheater cheat clue returing money,True,want_to_explore_blocked,dont_trust_quality_for_new_category,,intent or category talk with friction/barrier cues
good service & good product 👍🏻,5,2026-07-29 08:07:38 UTC,1,play_store,good service & good product 👍🏻,good service good product,False,noise,,,no category-exploration signal
give me damage product,1,2026-07-29 08:03:53 UTC,0,play_store,give me damage product,give damage product,False,noise,,,no category-exploration signal
far better than others like zepto etc,5,2026-07-29 08:03:01 UTC,0,play_store,far better than others like zepto etc,far good others like zepto etc,False,noise,,,no category-exploration signal
thank you blink it,5,2026-07-29 08:02:08 UTC,0,play_store,thank you blink it,thank blink,False,noise,,,no category-exploration signal
bahut badhiya hai,5,2026-07-29 07:57:29 UTC,0,play_store,bahut badhiya hai,bahut badhiya hai,False,noise,,,no category-exploration signal
Nice so quick,5,2026-07-29 07:56:22 UTC,0,play_store,Nice so quick,nice quick,False,noise,,,no category-exploration signal
fabless,5,2026-07-29 07:55:22 UTC,0,play_store,fabless,fabless,False,noise,,,no category-exploration signal
really awesome,5,2026-07-29 07:54:02 UTC,0,play_store,really awesome,really awesome,False,noise,,,short generic praise/complaint without category cues
this is amazing fastest delivery really good,5,2026-07-29 07:53:53 UTC,0,play_store,this is amazing fastest delivery really good,amaze fast delivery really good,False,noise,,,no category-exploration signal
this is very useful app for old man and womens,4,2026-07-29 07:51:57 UTC,0,play_store,this is very useful app for old man and womens,useful app old man womens,False,noise,,,no category-exploration signal
its a nice option for marketing,5,2026-07-29 07:51:00 UTC,0,play_store,its a nice option for marketing,nice option marketing,False,noise,,,no category-exploration signal
quick,5,2026-07-29 07:50:22 UTC,0,play_store,quick,quick,False,noise,,,no category-exploration signal
the best,5,2026-07-29 07:49:29 UTC,0,play_store,the best,best,False,noise,,,no category-exploration signal
always good,1,2026-07-29 07:47:19 UTC,0,play_store,always good,always good,True,stuck_in_routine,,,routine/reorder language without exploration intent
fake products selling,1,2026-07-29 07:47:08 UTC,0,play_store,fake products selling,fake product sell,True,want_to_explore_blocked,dont_trust_quality_for_new_category,,intent or category talk with friction/barrier cues
best experience ever like I don't have to step out in emergency when guest comes it is so easy to order and not to step out for snacks or cold drink or any other things like I get all the things on time I loved it,5,2026-07-29 07:47:07 UTC,0,play_store,best experience ever like I don't have to step out in emergency when guest comes it is so easy to order and not to step out for snacks or cold drink or any other things like I get all the things on time I loved it,best experience ever like dont step emergency guest come easy order step snack cold drink thing like get thing time love,True,want_to_explore_blocked,assortment_gap,snacks,intent or category talk with friction/barrier cues
very poor service... order getting delayed and customer care executive is not available..,1,2026-07-29 07:47:02 UTC,0,play_store,very poor service... order getting delayed and customer care executive is not available..,poor service order get delay customer care executive available,True,want_to_explore_blocked,coverage_or_eta|assortment_gap,,intent or category talk with friction/barrier cues
good 💯,5,2026-07-29 07:46:08 UTC,0,play_store,good 💯,good,False,noise,,,no category-exploration signal
fadu app ha order cancel karna tha keya ni 400rs ka order 350 vapis da dena chya cancel kar ka,1,2026-07-29 07:45:43 UTC,0,play_store,fadu app ha order cancel karna tha keya ni 400rs ka order 350 vapis da dena chya cancel kar ka,fadu app ha order cancel karna tha keya ni 400rs ka order 350 vapis da dena chya cancel kar ka,False,noise,,,no category-exploration signal
Chhotu Kumar good job,5,2026-07-29 07:44:16 UTC,0,play_store,Chhotu Kumar good job,chhotu kumar good job,False,noise,,,no category-exploration signal
good service..and delivery boy behave very good 😊 😊🥳🥳,5,2026-07-29 07:43:45 UTC,0,play_store,good service..and delivery boy behave very good 😊 😊🥳🥳,good serviceand delivery boy behave good,False,noise,,,no category-exploration signal
Very pleased with the quality of your produce and the speed with which it is delivered home. Thank you for your service. It is much appreciated.,5,2026-07-29 07:42:45 UTC,0,play_store,Very pleased with the quality of your produce and the speed with which it is delivered home. Thank you for your service. It is much appreciated.,pleased quality produce speed deliver home thank service much appreciate,True,want_to_explore_blocked,dont_trust_quality_for_new_category,home,intent or category talk with friction/barrier cues
grate service,4,2026-07-29 07:40:48 UTC,0,play_store,grate service,grate service,False,noise,,,no category-exploration signal
work good if we use it in a proper way,5,2026-07-29 07:40:07 UTC,0,play_store,work good if we use it in a proper way,work good use proper way,False,noise,,,no category-exploration signal
good aap,5,2026-07-29 07:39:31 UTC,0,play_store,good aap,good aap,False,noise,,,no category-exploration signal
Very Good Service 👍👍,5,2026-07-29 07:38:57 UTC,0,play_store,Very Good Service 👍👍,good service,False,noise,,,no category-exploration signal
helpful thanks 🙏 for everything 🙏,5,2026-07-29 07:35:26 UTC,0,play_store,helpful thanks 🙏 for everything 🙏,helpful thanks everything,False,noise,,,no category-exploration signal
good service 💯,5,2026-07-29 07:34:17 UTC,0,play_store,good service 💯,good service,False,noise,,,no category-exploration signal
delivery is so late of timing,3,2026-07-29 07:31:02 UTC,0,play_store,delivery is so late of timing,delivery late timing,True,unclear,coverage_or_eta,,category or barrier cues without clear funnel stage
GREAT DAY,5,2026-07-29 07:27:26 UTC,0,play_store,GREAT DAY,great day,False,noise,,,no category-exploration signal
amazing. love it,5,2026-07-29 07:26:52 UTC,0,play_store,amazing. love it,amaze love,False,noise,,,short generic praise/complaint without category cues
i love this app,5,2026-07-29 07:26:28 UTC,0,play_store,i love this app,love app,False,noise,,,no category-exploration signal
thank blinkit and staff,3,2026-07-29 07:26:01 UTC,0,play_store,thank blinkit and staff,thank blinkit staff,False,noise,,,no category-exploration signal
very poor quality. ice cream contener is broken,1,2026-07-29 07:23:55 UTC,0,play_store,very poor quality. ice cream contener is broken,poor quality ice cream contener break,True,want_to_explore_blocked,dont_trust_quality_for_new_category,snacks,intent or category talk with friction/barrier cues
no option for replacement for unused packed product. worst service,1,2026-07-29 07:21:29 UTC,0,play_store,no option for replacement for unused packed product. worst service,option replacement unused pack product bad service,False,noise,,,no category-exploration signal
"I have never experienced such poor customer support, especially from Riya. I reported a damaged item and provided everything they requested, including videos and photos. Despite doing everything they asked, they kept delaying the process instead of resolving the issue. It feels like they are just trying to waste customers' time. Because of this experience, I cannot recommend Blinkit. I would rather choose its competitors, as their customer service has been extremely disappointing.",1,2026-07-29 07:20:28 UTC,1,play_store,"I have never experienced such poor customer support, especially from Riya. I reported a damaged item and provided everything they requested, including videos and photos. Despite doing everything they asked, they kept delaying the process instead of resolving the issue. It feels like they are just trying to waste customers' time. Because of this experience, I cannot recommend Blinkit. I would rather choose its competitors, as their customer service has been extremely disappointing.",never experience poor customer support especially riya report damaged item provide everything request include video photo despite everything ask kept delay process instead resolve issue feel like try waste customer time experience recommend blinkit would rather choose competitor customer service extremely disappointing,True,want_to_explore_blocked,dont_trust_quality_for_new_category|coverage_or_eta,pet,intent or category talk with friction/barrier cues
"I'm fully satisfied with the blinkit services, specifically for the cigarettes 🖤",5,2026-07-29 07:06:36 UTC,0,play_store,"I'm fully satisfied with the blinkit services, specifically for the cigarettes 🖤",im fully satisfy blinkit service specifically cigarette,False,noise,,,no category-exploration signal
"excellent experience with blinkit in outstanding services & finest exquisite quality of absolute perfection in delivery services of all products and items of daily essential requirements within no time at all almost instantly and complete satisfaction guaranteed 24 × 7 at blinkit for all essential daily needs of all types which come to your imagination , i can feel the happiness at blinkit at my home sweet home in almost no time at all to my immense pleasure fulfillment & complete satisfaction✅",5,2026-07-29 07:05:59 UTC,0,play_store,"excellent experience with blinkit in outstanding services & finest exquisite quality of absolute perfection in delivery services of all products and items of daily essential requirements within no time at all almost instantly and complete satisfaction guaranteed 24 × 7 at blinkit for all essential daily needs of all types which come to your imagination , i can feel the happiness at blinkit at my home sweet home in almost no time at all to my immense pleasure fulfillment & complete satisfaction✅",excellent experience blinkit outstanding service fine exquisite quality absolute perfection delivery service product item daily essential requirement within time almost instantly complete satisfaction guarantee 24 7 blinkit essential daily need type come imagination feel happiness blinkit home sweet home almost time immense pleasure fulfillment complete satisfaction,True,want_to_explore_blocked,dont_trust_quality_for_new_category,home,intent or category talk with friction/barrier cues
bhut accha he bu cash on delivery b hona chahiye kisi ke pass cash hi ho wo kya kare,5,2026-07-29 07:04:08 UTC,0,play_store,bhut accha he bu cash on delivery b hona chahiye kisi ke pass cash hi ho wo kya kare,bhut accha bu cash delivery b hona chahiye kisi ke pas cash hi ho wo kya kare,False,noise,,,no category-exploration signal
zepto is better,5,2026-07-29 07:00:57 UTC,0,play_store,zepto is better,zepto well,False,noise,,,no category-exploration signal
this app is nice,5,2026-07-29 06:59:27 UTC,0,play_store,this app is nice,app nice,False,noise,,,no category-exploration signal
additional discounts no problem,1,2026-07-29 06:58:27 UTC,0,play_store,additional discounts no problem,additional discount problem,False,noise,,,no category-exploration signal
Best 👌 service,5,2026-07-29 06:58:06 UTC,0,play_store,Best 👌 service,best service,False,noise,,,no category-exploration signal
good quality,5,2026-07-29 06:57:08 UTC,0,play_store,good quality,good quality,True,want_to_explore_blocked,dont_trust_quality_for_new_category,,intent or category talk with friction/barrier cues
short my delivery,5,2026-07-29 06:54:11 UTC,0,play_store,short my delivery,short delivery,False,noise,,,no category-exploration signal
Great Service..,5,2026-07-29 06:52:13 UTC,0,play_store,Great Service..,great service,False,noise,,,no category-exploration signal
🤗🤗,5,2026-07-29 06:48:43 UTC,0,play_store,🤗🤗,🤗🤗,False,noise,,,no category-exploration signal
amazing app,5,2026-07-29 06:47:55 UTC,0,play_store,amazing app,amaze app,False,noise,,,no category-exploration signal
good app..very useful when we in need,5,2026-07-29 06:47:50 UTC,0,play_store,good app..very useful when we in need,good appvery useful need,False,noise,,,no category-exploration signal
loved it,5,2026-07-29 06:47:18 UTC,0,play_store,loved it,love,False,noise,,,no category-exploration signal
outstanding...,5,2026-07-29 06:44:06 UTC,0,play_store,outstanding...,outstanding,False,noise,,,no category-exploration signal
so nice,5,2026-07-29 06:40:54 UTC,0,play_store,so nice,nice,False,noise,,,no category-exploration signal
it is more convenient for me to get things. quick n fasted delivery,5,2026-07-29 06:38:41 UTC,0,play_store,it is more convenient for me to get things. quick n fasted delivery,convenient get thing quick n fast delivery,False,noise,,,no category-exploration signal
worst reliability,1,2026-07-29 06:36:11 UTC,0,play_store,worst reliability,bad reliability,False,noise,,,no category-exploration signal
Used to be really good. The last few months service has gone down so bad. Deliveries now take an average of 20 to 30 mins.,1,2026-07-29 06:35:43 UTC,0,play_store,Used to be really good. The last few months service has gone down so bad. Deliveries now take an average of 20 to 30 mins.,use really good last month service go bad delivery take average 20 30 min,False,noise,,,no category-exploration signal
very very good fast delivery 8 min wow nice 👍,5,2026-07-29 06:34:44 UTC,0,play_store,very very good fast delivery 8 min wow nice 👍,good fast delivery 8 min wow nice,False,noise,,,no category-exploration signal
very service,5,2026-07-29 06:33:08 UTC,0,play_store,very service,service,False,noise,,,no category-exploration signal
nice service 👍👍,5,2026-07-29 06:28:53 UTC,0,play_store,nice service 👍👍,nice service,False,noise,,,no category-exploration signal
this site is very nice but it's prices are too high.,5,2026-07-29 06:26:07 UTC,0,play_store,this site is very nice but it's prices are too high.,site nice price high,True,want_to_explore_blocked,price_uncertainty_new_category,grocery,intent or category talk with friction/barrier cues
UNTRUSTED SERVICE... BY YR BLINKIT MANAGEMENT,1,2026-07-29 06:25:29 UTC,1,play_store,UNTRUSTED SERVICE... BY YR BLINKIT MANAGEMENT,untrusted service yr blinkit management,True,want_to_explore_blocked,dont_trust_quality_for_new_category,,intent or category talk with friction/barrier cues
"the products are bit overpriced, plus I used to love blinkit, it was so convenient but now they have increased the handling charge, like all other apps, which was not there, the price of handling charge is more than double the previous handling charges",3,2026-07-29 06:24:38 UTC,0,play_store,"the products are bit overpriced, plus I used to love blinkit, it was so convenient but now they have increased the handling charge, like all other apps, which was not there, the price of handling charge is more than double the previous handling charges",product bit overpriced plus used love blinkit convenient increase handle charge like apps price handle charge double previous handling charge,True,want_to_explore_blocked,price_uncertainty_new_category,grocery,intent or category talk with friction/barrier cues
just ok..ok..,3,2026-07-29 06:23:59 UTC,0,play_store,just ok..ok..,okok,False,noise,,,short generic praise/complaint without category cues
very good and very fast delivery,3,2026-07-29 06:23:52 UTC,0,play_store,very good and very fast delivery,good fast delivery,False,noise,,,no category-exploration signal
❤️.,5,2026-07-29 06:23:06 UTC,0,play_store,❤️.,❤️.,False,noise,,,no category-exploration signal
bhangaaaar hen,1,2026-07-29 06:20:22 UTC,0,play_store,bhangaaaar hen,bhangaaaar hen,False,noise,,,no category-exploration signal
fast delivery 🤗,4,2026-07-29 06:20:03 UTC,0,play_store,fast delivery 🤗,fast delivery,False,noise,,,no category-exploration signal
Very Good 😊😊,5,2026-07-29 06:18:25 UTC,0,play_store,Very Good 😊😊,good,False,noise,,,no category-exploration signal
Awesome nd fast delivery process 👍👍👍,5,2026-07-29 06:17:16 UTC,0,play_store,Awesome nd fast delivery process 👍👍👍,awesome nd fast delivery process,False,noise,,,no category-exploration signal
very poor services,1,2026-07-29 06:16:51 UTC,0,play_store,very poor services,poor service,False,noise,,,no category-exploration signal
Good platform for everything and help people to provide Ambulance 🚑 🙏,5,2026-07-29 06:16:22 UTC,0,play_store,Good platform for everything and help people to provide Ambulance 🚑 🙏,good platform everything help people provide ambulance,False,noise,,,no category-exploration signal
good l,4,2026-07-29 06:13:02 UTC,0,play_store,good l,good l,False,noise,,,no category-exploration signal
delivery is so so delay the delivery man always rest at the road delay the order repeatedly,1,2026-07-29 06:08:38 UTC,0,play_store,delivery is so so delay the delivery man always rest at the road delay the order repeatedly,delivery delay delivery man always rest road delay order repeatedly,True,stuck_in_routine,coverage_or_eta,,routine/reorder language without exploration intent
"The company said it would refund the money within 2 hours if the item was returned, but the company never refunded any money.",1,2026-07-29 06:06:24 UTC,0,play_store,"The company said it would refund the money within 2 hours if the item was returned, but the company never refunded any money.",company say would refund money within 2 hour item return company never refund money,True,want_to_explore_blocked,dont_trust_quality_for_new_category,,intent or category talk with friction/barrier cues
very good service. but sometimes it goes to another place,4,2026-07-29 06:03:15 UTC,0,play_store,very good service. but sometimes it goes to another place,good service sometimes go another place,False,noise,,,no category-exploration signal
very good app for online stuff it's trusted and they gave good prices and offers just bought the whole harry Potter pack,4,2026-07-29 06:02:23 UTC,0,play_store,very good app for online stuff it's trusted and they gave good prices and offers just bought the whole harry Potter pack,good app online stuff trust give good price offer buy whole harry potter pack,True,want_to_explore_blocked,price_uncertainty_new_category|dont_trust_quality_for_new_category,grocery,intent or category talk with friction/barrier cues
very nice and comfortable thank you so much plz give more offers,5,2026-07-29 06:01:37 UTC,0,play_store,very nice and comfortable thank you so much plz give more offers,nice comfortable thank much plz give offer,False,noise,,,no category-exploration signal
it can help in emergency thank you blinkit,5,2026-07-29 06:01:18 UTC,0,play_store,it can help in emergency thank you blinkit,help emergency thank blinkit,False,noise,,,no category-exploration signal
it's an amazing app to use. I got good deals to order. I think now I'm going to be addicted,5,2026-07-29 05:56:44 UTC,0,play_store,it's an amazing app to use. I got good deals to order. I think now I'm going to be addicted,amaze app use get good deal order think im go addict,False,noise,,,no category-exploration signal
very effective,5,2026-07-29 05:55:58 UTC,0,play_store,very effective,effective,False,noise,,,no category-exploration signal
ગુડ,5,2026-07-29 05:55:11 UTC,0,play_store,ગુડ,ગુડ,False,noise,,,no category-exploration signal
I wish best and fastest delivery,5,2026-07-29 05:54:55 UTC,0,play_store,I wish best and fastest delivery,wish best fast delivery,False,noise,,,no category-exploration signal
ye log bhot galat kerte ha mene order 690 rupees ka mangwaya or delevery boy ne mujhe 700 liye this is scam very bad app,1,2026-07-29 05:53:45 UTC,0,play_store,ye log bhot galat kerte ha mene order 690 rupees ka mangwaya or delevery boy ne mujhe 700 liye this is scam very bad app,ye log bhot galat kerte ha mene order 690 rupee ka mangwaya delevery boy ne mujhe 700 liye scam bad app,False,noise,,,no category-exploration signal
non customer cooperative behaviour order a product that was not as expected and quality is inadequate but customer support doesn't support and avoid providing the support I will appeal to people to avoid this app for good There have been so many incidents recently regarding this app,1,2026-07-29 05:51:12 UTC,0,play_store,non customer cooperative behaviour order a product that was not as expected and quality is inadequate but customer support doesn't support and avoid providing the support I will appeal to people to avoid this app for good There have been so many incidents recently regarding this app,non customer cooperative behaviour order product expect quality inadequate customer support doesnt support avoid provide support appeal people avoid app good many incident recently regard app,True,want_to_explore_blocked,dont_trust_quality_for_new_category,,intent or category talk with friction/barrier cues
very bad not serving this area👎🏻,1,2026-07-29 05:48:02 UTC,0,play_store,very bad not serving this area👎🏻,bad serve area,False,noise,,,no category-exploration signal
a good last minute delivery site,4,2026-07-29 05:46:55 UTC,0,play_store,a good last minute delivery site,good last minute delivery site,False,noise,,,no category-exploration signal
gud job blinkit,5,2026-07-29 05:46:14 UTC,0,play_store,gud job blinkit,gud job blinkit,False,noise,,,no category-exploration signal
"everything is good but your cash on delivery options block in other devices in my hotel so please always on cash on delivery options so some time we choose other option insta Mart and big basket, because not available money every time in Bank account, thank you",5,2026-07-29 05:43:46 UTC,0,play_store,"everything is good but your cash on delivery options block in other devices in my hotel so please always on cash on delivery options so some time we choose other option insta Mart and big basket, because not available money every time in Bank account, thank you",everything good cash delivery option block device hotel please always cash delivery option time choose option insta mart big basket available money every time bank account thank,True,want_to_explore_blocked,coverage_or_eta|assortment_gap,,intent or category talk with friction/barrier cues
Ekdum Mast app hai re! 👌🏼👍🏼,5,2026-07-29 05:41:42 UTC,0,play_store,Ekdum Mast app hai re! 👌🏼👍🏼,ekdum mast app hai,False,noise,,,no category-exploration signal
great app 👍,5,2026-07-29 05:37:55 UTC,0,play_store,great app 👍,great app,False,noise,,,no category-exploration signal
hey blinkit i justt wanna say your product/iteam are very high money uh doesn't give uss discount.one product price are high its very difficult to buy any item in your shop .soo i just say suggested to you low/decrease the price of all product. if item is 500 yoou just showing us 1000 why? thiss all prices aree high and soo many issues yaar sometime your cash on delivery doesn't wroking and the high prices whyyy is thiss blinkit .its not good,1,2026-07-29 05:35:48 UTC,0,play_store,hey blinkit i justt wanna say your product/iteam are very high money uh doesn't give uss discount.one product price are high its very difficult to buy any item in your shop .soo i just say suggested to you low/decrease the price of all product. if item is 500 yoou just showing us 1000 why? thiss all prices aree high and soo many issues yaar sometime your cash on delivery doesn't wroking and the high prices whyyy is thiss blinkit .its not good,hey blinkit justt wan na say productiteam high money uh doesnt give uss discountone product price high difficult buy item shop soo say suggested lowdecrease price product item 500 yoou show u 1000 thiss price aree high soo many issue yaar sometime cash delivery doesnt wroking high price whyyy thiss blinkit good,True,want_to_explore_blocked,price_uncertainty_new_category,grocery,intent or category talk with friction/barrier cues
We are satisfied Yes I am satisfied,5,2026-07-29 05:34:45 UTC,0,play_store,We are satisfied Yes I am satisfied,satisfied yes satisfy,False,noise,,,no category-exploration signal
superb job,5,2026-07-29 05:33:57 UTC,0,play_store,superb job,superb job,False,noise,,,short generic praise/complaint without category cues
fasttt service and very polite delevery person 😉💓,5,2026-07-29 05:30:53 UTC,0,play_store,fasttt service and very polite delevery person 😉💓,fasttt service polite delevery person,False,noise,,,no category-exploration signal
"Blinkit has been a huge help for me. Whenever I need vegetables, fruits, or any grocery items urgently, Blinkit delivers them very quickly. The products are usually fresh and of good quality, and the service is reliable and convenient. It has saved me a lot of time and effort. The only downside is that sometimes the delivery or platform charges become a bit high, which can be difficult for a middle-class family. Overall, I’m happy with the service and would recommend Blinkit for its speed and c",5,2026-07-29 05:25:43 UTC,0,play_store,"Blinkit has been a huge help for me. Whenever I need vegetables, fruits, or any grocery items urgently, Blinkit delivers them very quickly. The products are usually fresh and of good quality, and the service is reliable and convenient. It has saved me a lot of time and effort. The only downside is that sometimes the delivery or platform charges become a bit high, which can be difficult for a middle-class family. Overall, I’m happy with the service and would recommend Blinkit for its speed and c",blinkit huge help whenever need vegetables fruit grocery item urgently blinkit delivers quickly product usually fresh good quality service reliable convenient save lot time effort downside sometimes delivery platform charge become bit high difficult middleclass family overall happy service would recommend blinkit speed c,True,want_to_explore_blocked,dont_trust_quality_for_new_category|habit_reorder_only,grocery,intent or category talk with friction/barrier cues
very nice app for many items,5,2026-07-29 05:23:45 UTC,0,play_store,very nice app for many items,nice app many item,False,noise,,,no category-exploration signal
"very bad whenever I order pomegranate, Banana I always get rotten ones .. no fresh items got delivered",1,2026-07-29 05:21:02 UTC,0,play_store,"very bad whenever I order pomegranate, Banana I always get rotten ones .. no fresh items got delivered",bad whenever order pomegranate banana always get rotten one fresh item get deliver,True,want_to_explore_blocked,dont_trust_quality_for_new_category,,intent or category talk with friction/barrier cues
thank you 🙏☺️,5,2026-07-29 05:16:35 UTC,0,play_store,thank you 🙏☺️,thank,False,noise,,,no category-exploration signal
please add cash on delivery please,5,2026-07-29 05:15:30 UTC,0,play_store,please add cash on delivery please,please add cash delivery please,False,noise,,,no category-exploration signal
Sometimes deliver wrong items,2,2026-07-29 05:14:06 UTC,0,play_store,Sometimes deliver wrong items,sometimes deliver wrong item,False,noise,,,no category-exploration signal
koi bhi chiz ache pack ho k ni milti hai maine kulcha ka packet mangvaya hai abhi wo bhi open packet aaya hai,1,2026-07-29 05:09:11 UTC,0,play_store,koi bhi chiz ache pack ho k ni milti hai maine kulcha ka packet mangvaya hai abhi wo bhi open packet aaya hai,koi bhi chiz ache pack ho k ni milti hai maine kulcha ka packet mangvaya hai abhi wo bhi open packet aaya hai,False,noise,,,no category-exploration signal
just a wonderful app all you need is delivered at your door step,5,2026-07-29 05:04:47 UTC,0,play_store,just a wonderful app all you need is delivered at your door step,wonderful app need deliver door step,False,noise,,,no category-exploration signal
best apps,5,2026-07-29 05:03:12 UTC,0,play_store,best apps,best apps,False,noise,,,short generic praise/complaint without category cues
oder cancel ka option nhi deta h ye saman bhi kafi mehga deta h,1,2026-07-29 05:02:22 UTC,0,play_store,oder cancel ka option nhi deta h ye saman bhi kafi mehga deta h,oder cancel ka option nhi deta h ye saman bhi kafi mehga deta h,False,noise,,,no category-exploration signal
not good for electronic products,1,2026-07-29 05:01:41 UTC,0,play_store,not good for electronic products,good electronic product,False,noise,,,no category-exploration signal
"return option is not there, I bought a product which is not functioning correctly raised a concern not useful. wasted",1,2026-07-29 05:01:07 UTC,0,play_store,"return option is not there, I bought a product which is not functioning correctly raised a concern not useful. wasted",return option buy product function correctly raise concern useful waste,True,want_to_explore_blocked,dont_trust_quality_for_new_category,,intent or category talk with friction/barrier cues
ok app,4,2026-07-29 04:58:38 UTC,0,play_store,ok app,ok app,False,noise,,,short generic praise/complaint without category cues
prompt action as after blink of an eye excellent 👌,5,2026-07-29 04:55:23 UTC,0,play_store,prompt action as after blink of an eye excellent 👌,prompt action blink eye excellent,False,noise,,,no category-exploration signal
It has nice,5,2026-07-29 04:54:04 UTC,0,play_store,It has nice,nice,False,noise,,,no category-exploration signal
y all the package s so dirty worst service,1,2026-07-29 04:47:34 UTC,0,play_store,y all the package s so dirty worst service,package dirty bad service,False,noise,,,no category-exploration signal
I have very good experience with blinkit executives as well as customer care support. I had talked with Aabidaa who is very polite and co- operative. Thank you very much for your kind help,5,2026-07-29 04:46:20 UTC,0,play_store,I have very good experience with blinkit executives as well as customer care support. I had talked with Aabidaa who is very polite and co- operative. Thank you very much for your kind help,good experience blinkit executive well customer care support talk aabidaa polite co operative thank much kind help,False,noise,,,no category-exploration signal
so happy bat so thanks,5,2026-07-29 04:44:13 UTC,0,play_store,so happy bat so thanks,happy bat thanks,False,noise,,,no category-exploration signal
it's really good and there product paking is also nice it would be very nice and helpful for us without any difficulties we have purchase anything thanku blinkit,5,2026-07-29 04:43:57 UTC,0,play_store,it's really good and there product paking is also nice it would be very nice and helpful for us without any difficulties we have purchase anything thanku blinkit,really good product paking also nice would nice helpful u without difficulty purchase anything thanku blinkit,False,noise,,,no category-exploration signal
helping app,5,2026-07-29 04:43:24 UTC,0,play_store,helping app,help app,False,noise,,,no category-exploration signal
brilliant,5,2026-07-29 04:42:39 UTC,0,play_store,brilliant,brilliant,False,noise,,,no category-exploration signal
it's very bad app and there coustmer support is so bad don't use this,1,2026-07-29 04:42:08 UTC,0,play_store,it's very bad app and there coustmer support is so bad don't use this,bad app coustmer support bad dont use,False,noise,,,no category-exploration signal
it's exciting,5,2026-07-29 04:41:59 UTC,0,play_store,it's exciting,excite,False,noise,,,no category-exploration signal
"received unhygenic products , overall details are not mentioned, sometime they delivered expired products. ek dum bakwas",1,2026-07-29 04:41:12 UTC,0,play_store,"received unhygenic products , overall details are not mentioned, sometime they delivered expired products. ek dum bakwas",receive unhygenic product overall detail mention sometime deliver expired product ek dum bakwas,True,want_to_explore_blocked,dont_trust_quality_for_new_category,,intent or category talk with friction/barrier cues
good doorstep delivery by blinkit,5,2026-07-29 04:40:59 UTC,0,play_store,good doorstep delivery by blinkit,good doorstep delivery blinkit,False,noise,,,no category-exploration signal
Fake offers and high rate from other apps like from zepto,1,2026-07-29 04:40:56 UTC,0,play_store,Fake offers and high rate from other apps like from zepto,fake offer high rate apps like zepto,True,want_to_explore_blocked,dont_trust_quality_for_new_category,,intent or category talk with friction/barrier cues
thanks for make this app,5,2026-07-29 04:40:39 UTC,0,play_store,thanks for make this app,thanks make app,False,noise,,,no category-exploration signal
very Good Service I like it',5,2026-07-29 04:36:59 UTC,0,play_store,very Good Service I like it',good service like,False,noise,,,no category-exploration signal
vry good sarvice,5,2026-07-29 04:35:37 UTC,0,play_store,vry good sarvice,vry good sarvice,False,noise,,,no category-exploration signal
"Worst support , they will just check issue at high level and say Customer is at mistake and not them or their agents. It was very easy for them to say the customer is wrong but not think twice before checking their side. Their support is very limited and all ai which irritates more.",1,2026-07-29 04:33:22 UTC,0,play_store,"Worst support , they will just check issue at high level and say Customer is at mistake and not them or their agents. It was very easy for them to say the customer is wrong but not think twice before checking their side. Their support is very limited and all ai which irritates more.",bad support check issue high level say customer mistake agent easy say customer wrong think twice check side support limit ai irritates,True,want_to_explore_blocked,assortment_gap,,intent or category talk with friction/barrier cues
very good service. but return policy is difficult. thanku blinkit,4,2026-07-29 04:32:48 UTC,0,play_store,very good service. but return policy is difficult. thanku blinkit,good service return policy difficult thanku blinkit,True,want_to_explore_blocked,dont_trust_quality_for_new_category,,intent or category talk with friction/barrier cues
please cash on delivery hamesha available rakho,4,2026-07-29 04:22:52 UTC,0,play_store,please cash on delivery hamesha available rakho,please cash delivery hamesha available rakho,False,noise,,,no category-exploration signal
wipe pack is dirty kindly replace,1,2026-07-29 04:19:50 UTC,0,play_store,wipe pack is dirty kindly replace,wipe pack dirty kindly replace,False,noise,,,no category-exploration signal
it's helpful and saving aur time so thank you blinkit,5,2026-07-29 04:17:01 UTC,0,play_store,it's helpful and saving aur time so thank you blinkit,helpful save aur time thank blinkit,False,noise,,,no category-exploration signal
every time delivery is late,1,2026-07-29 04:15:45 UTC,0,play_store,every time delivery is late,every time delivery late,True,unclear,coverage_or_eta,,category or barrier cues without clear funnel stage
no happy,5,2026-07-29 04:13:59 UTC,0,play_store,no happy,happy,False,noise,,,no category-exploration signal
"only for groceries, don't go for print ,, charged me 400 for 100 pages received only 50",1,2026-07-29 04:13:40 UTC,0,play_store,"only for groceries, don't go for print ,, charged me 400 for 100 pages received only 50",grocery dont go print charge 400 100 page receive 50,False,noise,,,no category-exploration signal
to late delevery,1,2026-07-29 04:12:02 UTC,0,play_store,to late delevery,late delevery,True,unclear,coverage_or_eta,,category or barrier cues without clear funnel stage
Excellent 👌👍,5,2026-07-29 04:10:09 UTC,0,play_store,Excellent 👌👍,excellent,False,noise,,,no category-exploration signal
so nice service,5,2026-07-29 04:06:14 UTC,0,play_store,so nice service,nice service,False,noise,,,no category-exploration signal
rly good app and service,5,2026-07-29 04:05:57 UTC,0,play_store,rly good app and service,rly good app service,False,noise,,,no category-exploration signal
payment methors,4,2026-07-29 04:04:34 UTC,0,play_store,payment methors,payment methors,False,noise,,,no category-exploration signal
nice 👍 app,5,2026-07-29 04:02:42 UTC,0,play_store,nice 👍 app,nice app,False,noise,,,no category-exploration signal
Always works for me ...good delivery ppl n on time has not disappointed me till now.Thank you to all especially delivery ppl.,5,2026-07-29 03:59:44 UTC,0,play_store,Always works for me ...good delivery ppl n on time has not disappointed me till now.Thank you to all especially delivery ppl.,always work good delivery ppl n time disappoint till nowthank especially delivery ppl,True,stuck_in_routine,,,routine/reorder language without exploration intent
not a flawless app Some products have their listed price more than double the MRP...which is then given 50% off and people buy it considering the offer but effectively they pay full price without realising the trick. such items have thousands of false positive reviews & u can't view the real reviews on the product page.one such product Arabian dates by wonderland(MRP 99₹ listed price 185₹ blinkit sells @₹100). many more are also there highly unethical and unprofessional by blinkit.,1,2026-07-29 03:59:32 UTC,0,play_store,not a flawless app Some products have their listed price more than double the MRP...which is then given 50% off and people buy it considering the offer but effectively they pay full price without realising the trick. such items have thousands of false positive reviews & u can't view the real reviews on the product page.one such product Arabian dates by wonderland(MRP 99₹ listed price 185₹ blinkit sells @₹100). many more are also there highly unethical and unprofessional by blinkit.,flawless app product list price double mrpwhich give 50 people buy consider offer effectively pay full price without realise trick item thousand false positive review u cant view real review product pageone product arabian date wonderlandmrp list price blinkit sell many also highly unethical unprofessional blinkit,True,want_to_explore_blocked,price_uncertainty_new_category,grocery,intent or category talk with friction/barrier cues
excellent 🌹,5,2026-07-29 03:57:41 UTC,0,play_store,excellent 🌹,excellent,False,noise,,,no category-exploration signal
My First Blinkit Order,4,2026-07-29 03:54:57 UTC,0,play_store,My First Blinkit Order,first blinkit order,False,noise,,,no category-exploration signal
one of the best last time apps😉🛴. helped many a times,4,2026-07-29 03:51:55 UTC,0,play_store,one of the best last time apps😉🛴. helped many a times,one best last time apps help many time,False,noise,,,no category-exploration signal
time Bach jata h and samaan turant aa jata h,5,2026-07-29 03:51:15 UTC,0,play_store,time Bach jata h and samaan turant aa jata h,time bach jata h samaan turant aa jata h,False,noise,,,no category-exploration signal
too long time,2,2026-07-29 03:50:00 UTC,0,play_store,too long time,long time,False,noise,,,no category-exploration signal
super app🎀💞✨,4,2026-07-29 03:49:53 UTC,0,play_store,super app🎀💞✨,super app,False,noise,,,short generic praise/complaint without category cues
ఫాస్ట్ డెలివరీ సూపర్ 👍,5,2026-07-29 03:48:59 UTC,0,play_store,ఫాస్ట్ డెలివరీ సూపర్ 👍,ఫాస్ట్ డెలివరీ సూపర్ 👍,False,noise,,,no category-exploration signal
app which helps me when i am low even printout essentials,5,2026-07-29 03:48:03 UTC,0,play_store,app which helps me when i am low even printout essentials,app help low even printout essential,False,noise,,,no category-exploration signal
Good one. Always helpful,5,2026-07-29 03:47:51 UTC,0,play_store,Good one. Always helpful,good one always helpful,True,stuck_in_routine,,,routine/reorder language without exploration intent
delivery servise was good..but my ordered milk was bursted while boiled,3,2026-07-29 03:46:04 UTC,1,play_store,delivery servise was good..but my ordered milk was bursted while boiled,delivery servise goodbut order milk burst boil,True,unclear,,grocery,category or barrier cues without clear funnel stage
"Best instant delivery app, no extra charges ,delivery is within 7 minutes . If you are in hurry and can't go to shop Blinkit is the best option .You can get all products A-Z ,all daily essentials, even you can order phone, TV , PS5!! and they'll deliver within an hour .Best experience with Blinkit so far ,just go for it!",5,2026-07-29 03:45:28 UTC,0,play_store,"Best instant delivery app, no extra charges ,delivery is within 7 minutes . If you are in hurry and can't go to shop Blinkit is the best option .You can get all products A-Z ,all daily essentials, even you can order phone, TV , PS5!! and they'll deliver within an hour .Best experience with Blinkit so far ,just go for it!",best instant delivery app extra charge delivery within 7 minute hurry cant go shop blinkit best option get product az daily essential even order phone tv ps5 theyll deliver within hour best experience blinkit far go,True,stuck_in_routine,,electronics,routine/reorder language without exploration intent
"⭐⭐⭐⭐⭐ I am very satisfied with Blinkit’s service. The delivery was quick, the products were fresh and well-packed, and everything arrived exactly as ordered. The app is easy to use, and the overall experience has been smooth and reliable. Thank you to the Blinkit team for providing such excellent service. Keep up the great work",5,2026-07-29 03:45:17 UTC,0,play_store,"⭐⭐⭐⭐⭐ I am very satisfied with Blinkit’s service. The delivery was quick, the products were fresh and well-packed, and everything arrived exactly as ordered. The app is easy to use, and the overall experience has been smooth and reliable. Thank you to the Blinkit team for providing such excellent service. Keep up the great work",satisfied blinkit service delivery quick product fresh wellpacked everything arrive exactly order app easy use overall experience smooth reliable thank blinkit team provide excellent service keep great work,True,want_to_explore_blocked,dont_trust_quality_for_new_category,,intent or category talk with friction/barrier cues
good delivery and fast,5,2026-07-29 03:43:16 UTC,0,play_store,good delivery and fast,good delivery fast,False,noise,,,no category-exploration signal
very useful application. I just love it.,5,2026-07-29 03:41:41 UTC,0,play_store,very useful application. I just love it.,useful application love,False,noise,,,no category-exploration signal
very easy and convenient to order. Fast delivery of good quality products.,5,2026-07-29 03:37:19 UTC,0,play_store,very easy and convenient to order. Fast delivery of good quality products.,easy convenient order fast delivery good quality product,True,want_to_explore_blocked,dont_trust_quality_for_new_category,,intent or category talk with friction/barrier cues
"More charges , Like the product cost is low price, But they added most of Handling charges, Bag charges, Delivery charges, It's much more expensive than the product cost ... if we urgently have to go to a nearby store,they will also add the same amount of charges if the distances is 2km and 100metres also they add the same charges why...? I don't know if taking too much I will one product (it's cost is 72 Rs they adding what u know Handling charges(5) Bag (30) Delivery (30) Total=(137)",3,2026-07-29 03:37:05 UTC,1,play_store,"More charges , Like the product cost is low price, But they added most of Handling charges, Bag charges, Delivery charges, It's much more expensive than the product cost ... if we urgently have to go to a nearby store,they will also add the same amount of charges if the distances is 2km and 100metres also they add the same charges why...? I don't know if taking too much I will one product (it's cost is 72 Rs they adding what u know Handling charges(5) Bag (30) Delivery (30) Total=(137)",charge like product cost low price add handling charge bag charge delivery charge much expensive product cost urgently go nearby storethey also add amount charge distance 2km 100metres also add charge dont know take much one product cost 72 r add u know handle charges5 bag 30 delivery 30 total137,True,want_to_explore_blocked,price_uncertainty_new_category|habit_reorder_only,grocery,intent or category talk with friction/barrier cues
10 minutes,5,2026-07-29 03:35:29 UTC,0,play_store,10 minutes,10 minute,False,noise,,,no category-exploration signal
delevery fast hai lekin add to Cart karne par paise bahut hi jayada badh jata hai,4,2026-07-29 03:34:24 UTC,0,play_store,delevery fast hai lekin add to Cart karne par paise bahut hi jayada badh jata hai,delevery fast hai lekin add cart karne par paisa bahut hi jayada badh jata hai,False,noise,,,no category-exploration signal
fingers automatically choose Blinkit to order something.....,5,2026-07-29 03:32:49 UTC,0,play_store,fingers automatically choose Blinkit to order something.....,finger automatically choose blinkit order something,False,noise,,,no category-exploration signal
delivery amount high,1,2026-07-29 03:30:15 UTC,0,play_store,delivery amount high,delivery amount high,False,noise,,,no category-exploration signal
good👍👍👍,5,2026-07-29 03:29:59 UTC,0,play_store,good👍👍👍,good,False,noise,,,no category-exploration signal
excellent delivery very fast and product so good,5,2026-07-29 03:26:30 UTC,0,play_store,excellent delivery very fast and product so good,excellent delivery fast product good,False,noise,,,no category-exploration signal
nice market,4,2026-07-29 03:24:01 UTC,0,play_store,nice market,nice market,False,noise,,,no category-exploration signal
so fast,5,2026-07-29 03:19:09 UTC,0,play_store,so fast,fast,False,noise,,,no category-exploration signal
app is not good,1,2026-07-29 03:18:59 UTC,0,play_store,app is not good,app good,False,noise,,,no category-exploration signal
Good for everyone,5,2026-07-29 03:18:40 UTC,0,play_store,Good for everyone,good everyone,False,noise,,,no category-exploration signal
😊 good and very fast,5,2026-07-29 03:18:13 UTC,0,play_store,😊 good and very fast,good fast,False,noise,,,no category-exploration signal
fast delivery 🤑🤑🤑🤑🤑🤑🤑🤑🤑🤑🤑🤑🤑🤑🤑🤑🤑🤑🤑🤑🤑🤑🤑🤑🤑🤑🤑🤑🤑,5,2026-07-29 03:16:31 UTC,0,play_store,fast delivery 🤑🤑🤑🤑🤑🤑🤑🤑🤑🤑🤑🤑🤑🤑🤑🤑🤑🤑🤑🤑🤑🤑🤑🤑🤑🤑🤑🤑🤑,fast delivery,False,noise,,,no category-exploration signal
good 👍 service,3,2026-07-29 03:15:50 UTC,1,play_store,good 👍 service,good service,False,noise,,,no category-exploration signal
sometimes payment get cancelled and refund is not there,3,2026-07-29 03:14:28 UTC,0,play_store,sometimes payment get cancelled and refund is not there,sometimes payment get cancel refund,True,want_to_explore_blocked,dont_trust_quality_for_new_category,,intent or category talk with friction/barrier cues
best aap,5,2026-07-29 03:13:55 UTC,0,play_store,best aap,best aap,False,noise,,,no category-exploration signal
👍 Best,5,2026-07-29 03:13:53 UTC,0,play_store,👍 Best,best,False,noise,,,no category-exploration signal
thank you so much discount,5,2026-07-29 03:11:55 UTC,0,play_store,thank you so much discount,thank much discount,False,noise,,,no category-exploration signal
very happy and fast delivery,3,2026-07-29 03:10:48 UTC,1,play_store,very happy and fast delivery,happy fast delivery,False,noise,,,no category-exploration signal
very very good delivery,5,2026-07-29 03:03:57 UTC,0,play_store,very very good delivery,good delivery,False,noise,,,no category-exploration signal
price should be reduced for all items,4,2026-07-29 03:02:15 UTC,0,play_store,price should be reduced for all items,price reduce item,True,want_to_explore_blocked,price_uncertainty_new_category,grocery,intent or category talk with friction/barrier cues
very good service and fast delivery,5,2026-07-29 03:01:16 UTC,0,play_store,very good service and fast delivery,good service fast delivery,False,noise,,,no category-exploration signal
Good 🤩,5,2026-07-29 03:01:06 UTC,0,play_store,Good 🤩,good,False,noise,,,no category-exploration signal
superb experience,5,2026-07-29 02:59:30 UTC,0,play_store,superb experience,superb experience,False,noise,,,short generic praise/complaint without category cues
"best service,fast service 👍",5,2026-07-29 02:58:11 UTC,0,play_store,"best service,fast service 👍",best servicefast service,False,noise,,,no category-exploration signal
excellent app 👌,5,2026-07-29 02:57:40 UTC,0,play_store,excellent app 👌,excellent app,False,noise,,,no category-exploration signal
I appreciate Blinkit's free Ambulance service for the masses. Hence I have shifted all my purchases to Blinkit. That is how I feel I am contributing to the noble cause. Vijay Sthalekar,5,2026-07-29 02:57:37 UTC,0,play_store,I appreciate Blinkit's free Ambulance service for the masses. Hence I have shifted all my purchases to Blinkit. That is how I feel I am contributing to the noble cause. Vijay Sthalekar,appreciate blinkits free ambulance service mass hence shift purchase blinkit feel contribute noble cause vijay sthalekar,False,noise,,,no category-exploration signal
"The option to edit an existing address is no more available, looks like a bug",1,2026-07-29 02:54:05 UTC,0,play_store,"The option to edit an existing address is no more available, looks like a bug",option edit exist address available look like bug,False,noise,,,no category-exploration signal
very good delivery app,5,2026-07-29 02:53:35 UTC,0,play_store,very good delivery app,good delivery app,False,noise,,,no category-exploration signal
this app is amazing as it works when you don't have time to go out and buy stuff you need..,5,2026-07-29 02:50:44 UTC,0,play_store,this app is amazing as it works when you don't have time to go out and buy stuff you need..,app amaze work dont time go buy stuff need,True,want_to_explore_blocked,assortment_gap,,intent or category talk with friction/barrier cues
fabulous 👌,5,2026-07-29 02:46:27 UTC,0,play_store,fabulous 👌,fabulous,False,noise,,,no category-exploration signal
"bad service, worst delivery partner",1,2026-07-29 02:42:07 UTC,0,play_store,"bad service, worst delivery partner",bad service bad delivery partner,False,noise,,,no category-exploration signal
Making lives easier ... love Blinkit,5,2026-07-29 02:41:13 UTC,0,play_store,Making lives easier ... love Blinkit,make life easy love blinkit,False,noise,,,no category-exploration signal
good to use,5,2026-07-29 02:26:52 UTC,0,play_store,good to use,good use,False,noise,,,no category-exploration signal
"Misleading, There's no window where I can speak about product malfunction.... seriously even after paying over price there's no service",1,2026-07-29 02:26:22 UTC,0,play_store,"Misleading, There's no window where I can speak about product malfunction.... seriously even after paying over price there's no service",mislead there window speak product malfunction seriously even pay price there service,True,want_to_explore_blocked,price_uncertainty_new_category,grocery,intent or category talk with friction/barrier cues
bad resolution to simple problems. hate customer experience with them,1,2026-07-29 02:22:07 UTC,0,play_store,bad resolution to simple problems. hate customer experience with them,bad resolution simple problem hate customer experience,False,noise,,,no category-exploration signal
Delivery in time.,5,2026-07-29 02:20:16 UTC,0,play_store,Delivery in time.,delivery time,False,noise,,,no category-exploration signal
late delevery without any reason,1,2026-07-29 02:12:21 UTC,0,play_store,late delevery without any reason,late delevery without reason,True,unclear,coverage_or_eta,,category or barrier cues without clear funnel stage
good services,5,2026-07-29 02:09:57 UTC,0,play_store,good services,good service,False,noise,,,no category-exploration signal
this app is not so as they show ...,2,2026-07-29 02:08:47 UTC,0,play_store,this app is not so as they show ...,app show,False,noise,,,no category-exploration signal
very bad system and delivery,1,2026-07-29 02:05:12 UTC,0,play_store,very bad system and delivery,bad system delivery,False,noise,,,no category-exploration signal
"Nice job, 👍👍",5,2026-07-29 02:04:10 UTC,0,play_store,"Nice job, 👍👍",nice job,False,noise,,,no category-exploration signal
Very good and well organised app. But should include more offers for regular buyers.,5,2026-07-29 02:01:22 UTC,0,play_store,Very good and well organised app. But should include more offers for regular buyers.,good well organised app include offer regular buyer,True,stuck_in_routine,habit_reorder_only,,routine/reorder language without exploration intent
Excellent Service and very economical prices,5,2026-07-29 02:01:16 UTC,0,play_store,Excellent Service and very economical prices,excellent service economical price,True,want_to_explore_blocked,price_uncertainty_new_category,grocery,intent or category talk with friction/barrier cues
❣️,5,2026-07-29 01:58:09 UTC,0,play_store,❣️,❣️,False,noise,,,no category-exploration signal
so bad wrong products recived 👎🏻,1,2026-07-29 01:58:03 UTC,0,play_store,so bad wrong products recived 👎🏻,bad wrong product recived,False,noise,,,no category-exploration signal
you give More expensive items and also do not give the tip added by the consumer for Gig workers. It is shameful.,1,2026-07-29 01:54:39 UTC,0,play_store,you give More expensive items and also do not give the tip added by the consumer for Gig workers. It is shameful.,give expensive item also give tip added consumer gig worker shameful,True,want_to_explore_blocked,price_uncertainty_new_category,,intent or category talk with friction/barrier cues
keep it up 👍,5,2026-07-29 01:54:37 UTC,0,play_store,keep it up 👍,keep,False,noise,,,no category-exploration signal
Good App Good service,5,2026-07-29 01:50:32 UTC,0,play_store,Good App Good service,good app good service,False,noise,,,short generic praise/complaint without category cues
I should receive fast,4,2026-07-29 01:42:13 UTC,1,play_store,I should receive fast,receive fast,False,noise,,,no category-exploration signal
நன்றாக உள்ளது,5,2026-07-29 01:41:18 UTC,0,play_store,நன்றாக உள்ளது,நன்றாக உள்ளது,False,noise,,,no category-exploration signal
good and fast services,4,2026-07-29 01:40:37 UTC,0,play_store,good and fast services,good fast service,False,noise,,,no category-exploration signal
stupid cx service sending an email @your support is not helpful,1,2026-07-29 01:36:27 UTC,0,play_store,stupid cx service sending an email @your support is not helpful,stupid cx service send email support helpful,False,noise,,,no category-exploration signal
very good but delivery charge bhot hai ise accha flipkart minutes hai,5,2026-07-29 01:34:29 UTC,0,play_store,very good but delivery charge bhot hai ise accha flipkart minutes hai,good delivery charge bhot hai ise accha flipkart minute hai,False,noise,,,no category-exploration signal
good delivery and it the comes under 5 min,4,2026-07-29 01:31:51 UTC,0,play_store,good delivery and it the comes under 5 min,good delivery come 5 min,False,noise,,,no category-exploration signal
is very nice 👍👍👍👍,5,2026-07-29 01:24:12 UTC,0,play_store,is very nice 👍👍👍👍,nice,False,noise,,,no category-exploration signal
very efficient,5,2026-07-29 01:22:31 UTC,0,play_store,very efficient,efficient,False,noise,,,no category-exploration signal
charging extra 5 rs.. and delivery is always late...,1,2026-07-29 01:21:01 UTC,0,play_store,charging extra 5 rs.. and delivery is always late...,charge extra 5 r delivery always late,True,stuck_in_routine,coverage_or_eta,,routine/reorder language without exploration intent
blinkit not provided door step delivery and delivery person not talk to manors,2,2026-07-29 00:45:34 UTC,0,play_store,blinkit not provided door step delivery and delivery person not talk to manors,blinkit provide door step delivery delivery person talk manor,False,noise,,,no category-exploration signal
achi service h,5,2026-07-29 00:43:07 UTC,0,play_store,achi service h,achi service h,False,noise,,,no category-exploration signal
Excellent service always,5,2026-07-29 00:37:37 UTC,0,play_store,Excellent service always,excellent service always,False,noise,,,short generic praise/complaint without category cues
baby 🍼,5,2026-07-29 00:24:45 UTC,1,play_store,baby 🍼,baby,False,noise,,,no category-exploration signal
good 👍🏽😊,5,2026-07-28 23:06:28 UTC,0,play_store,good 👍🏽😊,good,False,noise,,,no category-exploration signal
lovely at 3.15am service,5,2026-07-28 21:59:32 UTC,0,play_store,lovely at 3.15am service,lovely 315am service,False,noise,,,no category-exploration signal
so poor service,1,2026-07-28 20:57:12 UTC,0,play_store,so poor service,poor service,False,noise,,,no category-exploration signal
not good app,1,2026-07-28 20:41:43 UTC,0,play_store,not good app,good app,False,noise,,,short generic praise/complaint without category cues
exceptional,5,2026-07-28 20:37:30 UTC,0,play_store,exceptional,exceptional,False,noise,,,no category-exploration signal
Except for the late night fee and handling fee everything is best. They too want some profits so it's totally fine ❤️🥰,5,2026-07-28 20:30:53 UTC,0,play_store,Except for the late night fee and handling fee everything is best. They too want some profits so it's totally fine ❤️🥰,except late night fee handle fee everything best want profit totally fine,True,unclear,coverage_or_eta,,category or barrier cues without clear funnel stage
super good,5,2026-07-28 20:25:29 UTC,0,play_store,super good,super good,False,noise,,,short generic praise/complaint without category cues
very good 👍😊😊😊👍👍👍,5,2026-07-28 20:23:44 UTC,0,play_store,very good 👍😊😊😊👍👍👍,good,False,noise,,,no category-exploration signal
best service 🐕‍🦺,5,2026-07-28 20:18:37 UTC,0,play_store,best service 🐕‍🦺,best service,False,noise,,,no category-exploration signal
very good and great,5,2026-07-28 20:18:27 UTC,0,play_store,very good and great,good great,False,noise,,,no category-exploration signal
worst experience no help,1,2026-07-28 20:06:32 UTC,0,play_store,worst experience no help,bad experience help,False,noise,,,no category-exploration signal
beste,3,2026-07-28 20:06:21 UTC,1,play_store,beste,beste,False,noise,,,no category-exploration signal
"A big platform like Blinket but our experience here has been very bad every time. Whenever we order any of our personal items, we always find that it is opened, broken or already used and this is not our first experience. We have received many such orders before this also. Why do the store owners do this, it is a matter of great shame. make sure personal things hamesha personal hi Rahe 😡👎🏻 every time worst experience",1,2026-07-28 20:05:51 UTC,0,play_store,"A big platform like Blinket but our experience here has been very bad every time. Whenever we order any of our personal items, we always find that it is opened, broken or already used and this is not our first experience. We have received many such orders before this also. Why do the store owners do this, it is a matter of great shame. make sure personal things hamesha personal hi Rahe 😡👎🏻 every time worst experience",big platform like blinket experience bad every time whenever order personal item always find opened broken already use first experience receive many order also store owner matter great shame make sure personal thing hamesha personal hi rahe every time worst experience,True,stuck_in_routine,,,routine/reorder language without exploration intent
the best appp,5,2026-07-28 19:59:23 UTC,0,play_store,the best appp,best appp,False,noise,,,short generic praise/complaint without category cues
"wowww app , I am really love blinkit fast and safe application ever 😍",5,2026-07-28 19:58:12 UTC,0,play_store,"wowww app , I am really love blinkit fast and safe application ever 😍",wowww app really love blinkit fast safe application ever,False,noise,,,no category-exploration signal
very good customer care service,5,2026-07-28 19:55:18 UTC,0,play_store,very good customer care service,good customer care service,False,noise,,,no category-exploration signal
gst and delivery charges are high,1,2026-07-28 19:51:11 UTC,0,play_store,gst and delivery charges are high,gst delivery charge high,False,noise,,,no category-exploration signal
very good service 😃😃 very good customer care 👍🏻,5,2026-07-28 19:41:58 UTC,0,play_store,very good service 😃😃 very good customer care 👍🏻,good service good customer care,False,noise,,,no category-exploration signal
literally the delevery was expecting the time in if fAst as,5,2026-07-28 19:28:10 UTC,0,play_store,literally the delevery was expecting the time in if fAst as,literally delevery expect time fast,False,noise,,,no category-exploration signal
accha,5,2026-07-28 19:21:31 UTC,0,play_store,accha,accha,False,noise,,,no category-exploration signal
My particular experience with ordering ice creams from blinkit has always been bad whenever I order ice cream cones from flipkart they are always chewy and never crunchy. I don't know what is the exact issue with the dark stores or storage facilities or maybe the stock is old I don't know.,1,2026-07-28 19:21:14 UTC,0,play_store,My particular experience with ordering ice creams from blinkit has always been bad whenever I order ice cream cones from flipkart they are always chewy and never crunchy. I don't know what is the exact issue with the dark stores or storage facilities or maybe the stock is old I don't know.,particular experience order ice cream blinkit always bad whenever order ice cream cone flipkart always chewy never crunchy dont know exact issue dark store storage facility maybe stock old dont know,True,stuck_in_routine,,snacks,routine/reorder language without exploration intent
what is problem why you don't let the app open if I don't let the background wifi scanning. disabling it the app doesn't work. What kind of cache is this.,1,2026-07-28 19:19:10 UTC,0,play_store,what is problem why you don't let the app open if I don't let the background wifi scanning. disabling it the app doesn't work. What kind of cache is this.,problem dont let app open dont let background wifi scan disable app doesnt work kind cache,False,noise,,,no category-exploration signal
"just the worst experience first you show me that the store is open, only to tell me later that my order has been cancelled after having me waiting for 45 minutes that too multiple occasions then assisting agent also like can't do anything at least have some accountability",1,2026-07-28 19:17:18 UTC,0,play_store,"just the worst experience first you show me that the store is open, only to tell me later that my order has been cancelled after having me waiting for 45 minutes that too multiple occasions then assisting agent also like can't do anything at least have some accountability",bad experience first show store open tell later order cancel wait 45 minute multiple occasion assist agent also like cant anything least accountability,True,unclear,coverage_or_eta,,category or barrier cues without clear funnel stage
very fast service,5,2026-07-28 19:08:26 UTC,0,play_store,very fast service,fast service,False,noise,,,no category-exploration signal
emergency tha isliye right book kara per Kisi Ne accept nahin kara yahan taki Maine ismein rs 100 bhi dene ke liye taiyar tha fir bhi right accept nahin 😡,1,2026-07-28 19:08:17 UTC,0,play_store,emergency tha isliye right book kara per Kisi Ne accept nahin kara yahan taki Maine ismein rs 100 bhi dene ke liye taiyar tha fir bhi right accept nahin 😡,emergency tha isliye right book kara per kisi ne accept nahin kara yahan taki maine ismein rs 100 bhi dene ke liye taiyar tha fir bhi right accept nahin,False,noise,,,no category-exploration signal
High Price and Unprofessional delivery boy,1,2026-07-28 18:46:19 UTC,0,play_store,High Price and Unprofessional delivery boy,high price unprofessional delivery boy,True,want_to_explore_blocked,price_uncertainty_new_category,grocery,intent or category talk with friction/barrier cues
superb service,5,2026-07-28 18:42:42 UTC,0,play_store,superb service,superb service,False,noise,,,short generic praise/complaint without category cues
his says dilivery charge as free but his chargeble on 35 rs in 1km . its very bad,1,2026-07-28 18:40:07 UTC,0,play_store,his says dilivery charge as free but his chargeble on 35 rs in 1km . its very bad,say dilivery charge free chargeble 35 r 1km bad,False,noise,,,no category-exploration signal
worst app slow and delivery is pathetic,1,2026-07-28 18:32:51 UTC,0,play_store,worst app slow and delivery is pathetic,bad app slow delivery pathetic,False,noise,,,no category-exploration signal
Great option to purchasing groceries and other items smartly.,5,2026-07-28 18:32:51 UTC,0,play_store,Great option to purchasing groceries and other items smartly.,great option purchase grocery item smartly,False,noise,,,no category-exploration signal
it is the best app on play store,5,2026-07-28 18:30:18 UTC,0,play_store,it is the best app on play store,best app play store,False,noise,,,no category-exploration signal
late assign rider,1,2026-07-28 18:28:16 UTC,0,play_store,late assign rider,late assign rider,True,unclear,coverage_or_eta,,category or barrier cues without clear funnel stage
"bad experiance for Return ,& refund, they all are illetrate & without common scence person, they follosh team came for return of amul taza opened boiled fata hua doodh ...without any carry bag",1,2026-07-28 18:28:11 UTC,0,play_store,"bad experiance for Return ,& refund, they all are illetrate & without common scence person, they follosh team came for return of amul taza opened boiled fata hua doodh ...without any carry bag",bad experiance return refund illetrate without common scence person follosh team come return amul taza open boil fata hua doodh without carry bag,True,want_to_explore_blocked,dont_trust_quality_for_new_category,,intent or category talk with friction/barrier cues
Awful experience with blink it these days.,1,2026-07-28 18:26:19 UTC,0,play_store,Awful experience with blink it these days.,awful experience blink day,False,noise,,,no category-exploration signal
delivery partner app glithc,1,2026-07-28 18:20:38 UTC,0,play_store,delivery partner app glithc,delivery partner app glithc,False,noise,,,no category-exploration signal
blinkit is a Good app for Shopping at home it for easy on order 🙂 and thanks to blinkit team partner's.,5,2026-07-28 18:20:11 UTC,0,play_store,blinkit is a Good app for Shopping at home it for easy on order 🙂 and thanks to blinkit team partner's.,blinkit good app shopping home easy order thanks blinkit team partner,True,unclear,,home,category or barrier cues without clear funnel stage
Iam very Thankful for late night delivery and your partners are polite and respectful and please keep it very well,5,2026-07-28 18:15:03 UTC,0,play_store,Iam very Thankful for late night delivery and your partners are polite and respectful and please keep it very well,iam thankful late night delivery partner polite respectful please keep well,True,unclear,coverage_or_eta,,category or barrier cues without clear funnel stage
ok ok hai time se aa jate hai,5,2026-07-28 18:12:40 UTC,0,play_store,ok ok hai time se aa jate hai,ok ok hai time se aa jate hai,False,noise,,,no category-exploration signal
"Fast, safe delivery service initiated in DHULE CITY, MAHARASHTRA, welcome Blinkit.",5,2026-07-28 18:12:17 UTC,0,play_store,"Fast, safe delivery service initiated in DHULE CITY, MAHARASHTRA, welcome Blinkit.",fast safe delivery service initiate dhule city maharashtra welcome blinkit,False,noise,,,no category-exploration signal
this aap is so use full,5,2026-07-28 18:05:57 UTC,0,play_store,this aap is so use full,aap use full,False,noise,,,no category-exploration signal
Thankful Service..,5,2026-07-28 18:03:54 UTC,0,play_store,Thankful Service..,thankful service,False,noise,,,no category-exploration signal
nice👌❤️ delivery,5,2026-07-28 18:03:28 UTC,0,play_store,nice👌❤️ delivery,nice delivery,False,noise,,,no category-exploration signal
gud work form your Rider's,5,2026-07-28 18:03:20 UTC,0,play_store,gud work form your Rider's,gud work form rider,False,noise,,,no category-exploration signal
Add cancel option,2,2026-07-28 17:59:44 UTC,0,play_store,Add cancel option,add cancel option,False,noise,,,no category-exploration signal
Blinkit - waqt bewaqt sabka sahara😀,5,2026-07-28 17:58:32 UTC,0,play_store,Blinkit - waqt bewaqt sabka sahara😀,blinkit waqt bewaqt sabka sahara,False,noise,,,no category-exploration signal
very annoying,2,2026-07-28 17:48:37 UTC,0,play_store,very annoying,annoy,False,noise,,,no category-exploration signal
wow ante wow,5,2026-07-28 17:44:36 UTC,0,play_store,wow ante wow,wow ante wow,False,noise,,,no category-exploration signal
outstanding 😍,5,2026-07-28 17:44:00 UTC,0,play_store,outstanding 😍,outstanding,False,noise,,,no category-exploration signal
Groceries delivered at your door step with discounted price.,5,2026-07-28 17:43:51 UTC,0,play_store,Groceries delivered at your door step with discounted price.,grocery deliver door step discount price,True,want_to_explore_blocked,price_uncertainty_new_category,grocery,intent or category talk with friction/barrier cues
too many additional charges,1,2026-07-28 17:42:23 UTC,0,play_store,too many additional charges,many additional charge,False,noise,,,no category-exploration signal
excellent good person fast delivery good behaviour delivery partner freese vegetable and fruit affordable,5,2026-07-28 17:40:50 UTC,0,play_store,excellent good person fast delivery good behaviour delivery partner freese vegetable and fruit affordable,excellent good person fast delivery good behaviour delivery partner freese vegetable fruit affordable,False,noise,,,no category-exploration signal
worst app ever,1,2026-07-28 17:39:32 UTC,0,play_store,worst app ever,bad app ever,False,noise,,,no category-exploration signal
veri confusing address,4,2026-07-28 17:37:45 UTC,0,play_store,veri confusing address,veri confuse address,False,noise,,,no category-exploration signal
unprofessional delivery guys hired and they loot extra money from clients. Pathetic experience with delivery guys,1,2026-07-28 17:34:59 UTC,0,play_store,unprofessional delivery guys hired and they loot extra money from clients. Pathetic experience with delivery guys,unprofessional delivery guy hire loot extra money client pathetic experience delivery guy,False,noise,,,no category-exploration signal
"This app is awesome and nice 👍🏻👍🏻 app service is good the app is unbelievable and good service is fast, reliable and awesome i am really so happy 😀😀",5,2026-07-28 17:33:58 UTC,0,play_store,"This app is awesome and nice 👍🏻👍🏻 app service is good the app is unbelievable and good service is fast, reliable and awesome i am really so happy 😀😀",app awesome nice app service good app unbelievable good service fast reliable awesome really happy,False,noise,,,no category-exploration signal
experience 👏,1,2026-07-28 17:31:37 UTC,0,play_store,experience 👏,experience,False,noise,,,no category-exploration signal
helpfull,4,2026-07-28 17:31:32 UTC,0,play_store,helpfull,helpfull,False,noise,,,no category-exploration signal
where is my order after payment,1,2026-07-28 17:31:16 UTC,0,play_store,where is my order after payment,order payment,False,noise,,,no category-exploration signal
awesome#very FAST DELIVERY 🚚,5,2026-07-28 17:29:43 UTC,0,play_store,awesome#very FAST DELIVERY 🚚,awesomevery fast delivery,False,noise,,,short generic praise/complaint without category cues
I want to cancel my order,1,2026-07-28 17:26:37 UTC,0,play_store,I want to cancel my order,want cancel order,False,noise,,,no category-exploration signal
superb service Sira ya,5,2026-07-28 17:26:09 UTC,0,play_store,superb service Sira ya,superb service sira ya,False,noise,,,short generic praise/complaint without category cues
offer not available any time,2,2026-07-28 17:25:11 UTC,0,play_store,offer not available any time,offer available time,True,want_to_explore_blocked,coverage_or_eta|assortment_gap,,intent or category talk with friction/barrier cues
delivery partner not received my order,1,2026-07-28 17:24:42 UTC,0,play_store,delivery partner not received my order,delivery partner receive order,False,noise,,,no category-exploration signal
So honestly this app is very good and this app helps us a lot in our daily life...,4,2026-07-28 17:23:38 UTC,0,play_store,So honestly this app is very good and this app helps us a lot in our daily life...,honestly app good app help u lot daily life,True,stuck_in_routine,,,routine/reorder language without exploration intent
"very good service, Problem resolves quickly, newly added Dr call for prescription also helpful.",5,2026-07-28 17:23:18 UTC,0,play_store,"very good service, Problem resolves quickly, newly added Dr call for prescription also helpful.",good service problem resolve quickly newly add dr call prescription also helpful,False,noise,,,no category-exploration signal
Nice service experience,5,2026-07-28 17:22:29 UTC,0,play_store,Nice service experience,nice service experience,False,noise,,,no category-exploration signal
very promt,5,2026-07-28 17:22:18 UTC,0,play_store,very promt,promt,False,noise,,,no category-exploration signal
nice 🙂🙂,5,2026-07-28 17:20:45 UTC,0,play_store,nice 🙂🙂,nice,False,noise,,,no category-exploration signal
to good 👍,5,2026-07-28 17:19:16 UTC,0,play_store,to good 👍,good,False,noise,,,no category-exploration signal
best hehe,5,2026-07-28 17:18:35 UTC,0,play_store,best hehe,best hehe,False,noise,,,no category-exploration signal
Hi I am facing issues in using blinkit I have reinstalled also. the search tab is not working and even it is not showing my login name and other details,3,2026-07-28 17:17:54 UTC,1,play_store,Hi I am facing issues in using blinkit I have reinstalled also. the search tab is not working and even it is not showing my login name and other details,hi face issue use blinkit reinstall also search tab work even show login name detail,True,want_to_explore_blocked,hard_to_discover_in_app,,intent or category talk with friction/barrier cues
it's very easy to order,5,2026-07-28 17:14:24 UTC,0,play_store,it's very easy to order,easy order,False,noise,,,no category-exploration signal
Bad customer service. Spillage and packaging issues occuring more often after the app has become popular. Dirty products also delivered from warehouses.,1,2026-07-28 17:09:46 UTC,0,play_store,Bad customer service. Spillage and packaging issues occuring more often after the app has become popular. Dirty products also delivered from warehouses.,bad customer service spillage packaging issue occur often app become popular dirty product also deliver warehouse,False,noise,,,no category-exploration signal
d good 👍🏻👍🏻👍🏻,5,2026-07-28 17:09:05 UTC,0,play_store,d good 👍🏻👍🏻👍🏻,good,False,noise,,,no category-exploration signal
excellent services,5,2026-07-28 17:06:54 UTC,0,play_store,excellent services,excellent service,False,noise,,,short generic praise/complaint without category cues
delivery time ♥️,5,2026-07-28 17:06:14 UTC,0,play_store,delivery time ♥️,delivery time,False,noise,,,no category-exploration signal
absolutely sensational!,5,2026-07-28 17:03:16 UTC,0,play_store,absolutely sensational!,absolutely sensational,False,noise,,,no category-exploration signal
nice👍👍👍,5,2026-07-28 17:02:18 UTC,0,play_store,nice👍👍👍,nice,False,noise,,,no category-exploration signal
it's a so usefull app but order charge is too much if you buy your groceries so many that it's so usefull.,5,2026-07-28 17:02:17 UTC,0,play_store,it's a so usefull app but order charge is too much if you buy your groceries so many that it's so usefull.,usefull app order charge much buy grocery many usefull,False,noise,,,no category-exploration signal
"Hello Blinkit Team, I am a resident of Bezera, Kamrup, Assam (PIN: 781121), near Bezera–Balikuchi Road. Many people in our area would like to use Blinkit, but the service is not available here. Please consider expanding Blinkit to Bezera (781121). We would really appreciate having quick grocery and daily essentials delivery in our area. Thank you for your consideration.",1,2026-07-28 17:01:06 UTC,0,play_store,"Hello Blinkit Team, I am a resident of Bezera, Kamrup, Assam (PIN: 781121), near Bezera–Balikuchi Road. Many people in our area would like to use Blinkit, but the service is not available here. Please consider expanding Blinkit to Bezera (781121). We would really appreciate having quick grocery and daily essentials delivery in our area. Thank you for your consideration.",hello blinkit team resident bezera kamrup assam pin 781121 near bezera balikuchi road many people area would like use blinkit service available please consider expand blinkit bezera 781121 would really appreciate quick grocery daily essential delivery area thank consideration,True,want_to_explore_blocked,coverage_or_eta|assortment_gap,grocery,intent or category talk with friction/barrier cues
op amzing,5,2026-07-28 17:01:03 UTC,0,play_store,op amzing,op amzing,False,noise,,,no category-exploration signal
❤️👍,4,2026-07-28 16:58:33 UTC,0,play_store,❤️👍,❤️👍,False,noise,,,no category-exploration signal
delivery on time,5,2026-07-28 16:58:09 UTC,0,play_store,delivery on time,delivery time,False,noise,,,no category-exploration signal
"worst constumer service ,they srwed my first order and never gonna order again",1,2026-07-28 16:57:39 UTC,0,play_store,"worst constumer service ,they srwed my first order and never gonna order again",worst constumer service srwed first order never gon na order,False,noise,,,no category-exploration signal
good but give a cash back 200,5,2026-07-28 16:54:54 UTC,0,play_store,good but give a cash back 200,good give cash back 200,False,noise,,,no category-exploration signal
received wrong item,1,2026-07-28 16:54:49 UTC,0,play_store,received wrong item,receive wrong item,False,noise,,,no category-exploration signal
absolutely an amazing aap for people like us who always think at the last moment.,5,2026-07-28 16:52:18 UTC,0,play_store,absolutely an amazing aap for people like us who always think at the last moment.,absolutely amazing aap people like u always think last moment,True,stuck_in_routine,,,routine/reorder language without exploration intent
cut twice my money unable to contact customer care .,1,2026-07-28 16:48:24 UTC,0,play_store,cut twice my money unable to contact customer care .,cut twice money unable contact customer care,False,noise,,,no category-exploration signal
the delivery person doesn't deliver at desired address,1,2026-07-28 16:47:39 UTC,0,play_store,the delivery person doesn't deliver at desired address,delivery person doesnt deliver desire address,False,noise,,,no category-exploration signal
"delivery is fast and delivery guys are also very respectful in my town,but please increase the products list and variety. still Many day to day use products are missing in your list. my hometown is Ichalkaranji",4,2026-07-28 16:45:50 UTC,0,play_store,"delivery is fast and delivery guys are also very respectful in my town,but please increase the products list and variety. still Many day to day use products are missing in your list. my hometown is Ichalkaranji",delivery fast delivery guy also respectful townbut please increase product list variety still many day day use product miss list hometown ichalkaranji,True,want_to_explore_blocked,assortment_gap,home,intent or category talk with friction/barrier cues
got scamed 2 times,2,2026-07-28 16:41:19 UTC,0,play_store,got scamed 2 times,get scam 2 time,False,noise,,,no category-exploration signal
Akshay Kumar good ji very good 💯,5,2026-07-28 16:38:55 UTC,0,play_store,Akshay Kumar good ji very good 💯,akshay kumar good ji good,False,noise,,,no category-exploration signal
very nice app for instant delivery system more than instamart or zepto,5,2026-07-28 16:36:07 UTC,0,play_store,very nice app for instant delivery system more than instamart or zepto,nice app instant delivery system instamart zepto,False,noise,,,no category-exploration signal
ok good,4,2026-07-28 16:34:58 UTC,0,play_store,ok good,ok good,False,noise,,,short generic praise/complaint without category cues
"so far i.e. upto placing order and making what I can say is it's not just customer satisfaction, it's customer ecstasy.",5,2026-07-28 16:34:50 UTC,0,play_store,"so far i.e. upto placing order and making what I can say is it's not just customer satisfaction, it's customer ecstasy.",far ie upto place order make say customer satisfaction customer ecstasy,False,noise,,,no category-exploration signal
I frequently use this to get instant missing items. super,5,2026-07-28 16:34:15 UTC,0,play_store,I frequently use this to get instant missing items. super,frequently use get instant miss item super,True,want_to_explore_blocked,assortment_gap,,intent or category talk with friction/barrier cues
this app is very good app for get item,5,2026-07-28 16:33:01 UTC,0,play_store,this app is very good app for get item,app good app get item,False,noise,,,no category-exploration signal
pahle istemal karo FIR Vishwas karo,3,2026-07-28 16:24:08 UTC,1,play_store,pahle istemal karo FIR Vishwas karo,pahle istemal karo fir vishwas karo,False,noise,,,no category-exploration signal
Blink it provides wrong time to get the delivery. it showed 15 minutes after 15 minutes they show 12 minutes. why can't you show the actual time. it may be urgency for someone he will choose need to order from you or not.,1,2026-07-28 16:23:27 UTC,0,play_store,Blink it provides wrong time to get the delivery. it showed 15 minutes after 15 minutes they show 12 minutes. why can't you show the actual time. it may be urgency for someone he will choose need to order from you or not.,blink provide wrong time get delivery show 15 minute 15 minute show 12 minute cant show actual time may urgency someone choose need order,False,noise,,,no category-exploration signal
blinkit delivery partners are arguing with the customer and they are very rude with the customers and their worst ever I have seen because the scene on the social media page also or any trusted online website but the blinked delivery partner is the worst I have ever seen because of the delivery partner the blanket has getting the baddest review ever from my side,1,2026-07-28 16:22:03 UTC,0,play_store,blinkit delivery partners are arguing with the customer and they are very rude with the customers and their worst ever I have seen because the scene on the social media page also or any trusted online website but the blinked delivery partner is the worst I have ever seen because of the delivery partner the blanket has getting the baddest review ever from my side,blinkit delivery partner argue customer rude customer worst ever see scene social medium page also trust online website blink delivery partner bad ever see delivery partner blanket get baddest review ever side,True,want_to_explore_blocked,dont_trust_quality_for_new_category,,intent or category talk with friction/barrier cues
Quick n Easy,5,2026-07-28 16:19:07 UTC,0,play_store,Quick n Easy,quick n easy,False,noise,,,no category-exploration signal
nice performance,5,2026-07-28 16:19:04 UTC,0,play_store,nice performance,nice performance,False,noise,,,no category-exploration signal
good 🥰🤌🏼🎀,5,2026-07-28 16:17:48 UTC,0,play_store,good 🥰🤌🏼🎀,good,False,noise,,,no category-exploration signal
They add products to cart that we don't want and deny return. If you are using the app very careful before placing an order.,1,2026-07-28 16:16:04 UTC,0,play_store,They add products to cart that we don't want and deny return. If you are using the app very careful before placing an order.,add product cart dont want deny return use app careful placing order,True,want_to_explore_blocked,dont_trust_quality_for_new_category,,intent or category talk with friction/barrier cues
"best app we love it ,",5,2026-07-28 16:15:16 UTC,0,play_store,"best app we love it ,",best app love,False,noise,,,no category-exploration signal
Deliver everything in time 👍,5,2026-07-28 16:14:01 UTC,0,play_store,Deliver everything in time 👍,deliver everything time,False,noise,,,no category-exploration signal
Nice sarvice,5,2026-07-28 16:11:43 UTC,0,play_store,Nice sarvice,nice sarvice,False,noise,,,no category-exploration signal
I have ordered grapes 🍇 400 grms . but I received only 178 grms,1,2026-07-28 16:10:47 UTC,0,play_store,I have ordered grapes 🍇 400 grms . but I received only 178 grms,order grape 400 grms receive 178 grms,False,noise,,,no category-exploration signal
it is used full app I give 5 star rate,5,2026-07-28 16:09:50 UTC,0,play_store,it is used full app I give 5 star rate,use full app give 5 star rate,False,noise,,,no category-exploration signal
👍🏼,5,2026-07-28 16:09:32 UTC,0,play_store,👍🏼,👍🏼,False,noise,,,no category-exploration signal
coming things very late 😔 and getting wrong product i ordered maggi of pack 6 but I got only one of the pack of 6 and one is pack of 4 even there is no option for cancellation worst experience with blinkit,1,2026-07-28 16:08:23 UTC,0,play_store,coming things very late 😔 and getting wrong product i ordered maggi of pack 6 but I got only one of the pack of 6 and one is pack of 4 even there is no option for cancellation worst experience with blinkit,come thing late get wrong product order maggi pack 6 get one pack 6 one pack 4 even option cancellation bad experience blinkit,True,unclear,coverage_or_eta,,category or barrier cues without clear funnel stage
very fast and easy way to order,5,2026-07-28 16:07:57 UTC,0,play_store,very fast and easy way to order,fast easy way order,False,noise,,,no category-exploration signal
varey good,5,2026-07-28 16:07:18 UTC,0,play_store,varey good,varey good,False,noise,,,no category-exploration signal
it's right time to deliver,5,2026-07-28 16:06:00 UTC,0,play_store,it's right time to deliver,right time deliver,False,noise,,,no category-exploration signal
"Your efficient service, good product & quick delivery service, I am satisfied & I expect the same service in the near future",5,2026-07-28 16:05:02 UTC,0,play_store,"Your efficient service, good product & quick delivery service, I am satisfied & I expect the same service in the near future",efficient service good product quick delivery service satisfy expect service near future,True,stuck_in_routine,habit_reorder_only,,routine/reorder language without exploration intent
best app and always timely delivery,5,2026-07-28 16:03:39 UTC,0,play_store,best app and always timely delivery,best app always timely delivery,True,stuck_in_routine,,,routine/reorder language without exploration intent
It was very much nice and easy to accommodate with and fast service. I use it every day and never been a time to regret it . nice service.,5,2026-07-28 16:02:29 UTC,0,play_store,It was very much nice and easy to accommodate with and fast service. I use it every day and never been a time to regret it . nice service.,much nice easy accommodate fast service use every day never time regret nice service,True,stuck_in_routine,,,routine/reorder language without exploration intent
whenever I order always one thing is missing and every time they make excuses 😕,1,2026-07-28 16:01:41 UTC,0,play_store,whenever I order always one thing is missing and every time they make excuses 😕,whenever order always one thing miss every time make excuse,True,want_to_explore_blocked,assortment_gap,,intent or category talk with friction/barrier cues
worst service,1,2026-07-28 16:01:27 UTC,0,play_store,worst service,bad service,False,noise,,,no category-exploration signal
very very good 👍😊 delivery boys are also good,5,2026-07-28 16:00:22 UTC,0,play_store,very very good 👍😊 delivery boys are also good,good delivery boy also good,False,noise,,,no category-exploration signal
very nice blinkit making customer Happy,3,2026-07-28 15:59:50 UTC,1,play_store,very nice blinkit making customer Happy,nice blinkit make customer happy,False,noise,,,no category-exploration signal
good service but charges too high for lowest price product,5,2026-07-28 15:59:46 UTC,0,play_store,good service but charges too high for lowest price product,good service charge high low price product,True,want_to_explore_blocked,price_uncertainty_new_category,grocery,intent or category talk with friction/barrier cues
lt is to good app,5,2026-07-28 15:58:47 UTC,0,play_store,lt is to good app,lt good app,False,noise,,,no category-exploration signal
great 👍👍👍👍 👍 👍 👍 👍,5,2026-07-28 15:54:35 UTC,0,play_store,great 👍👍👍👍 👍 👍 👍 👍,great,False,noise,,,no category-exploration signal
best in industry,5,2026-07-28 15:53:57 UTC,0,play_store,best in industry,best industry,False,noise,,,no category-exploration signal
the people who work in this company was very good,5,2026-07-28 15:52:02 UTC,0,play_store,the people who work in this company was very good,people work company good,False,noise,,,no category-exploration signal
thank you for delivery in 10 minutes 🙏,5,2026-07-28 15:47:16 UTC,0,play_store,thank you for delivery in 10 minutes 🙏,thank delivery 10 minute,False,noise,,,no category-exploration signal
Real one,5,2026-07-28 15:44:20 UTC,0,play_store,Real one,real one,False,noise,,,no category-exploration signal
prompt services,4,2026-07-28 15:44:12 UTC,0,play_store,prompt services,prompt service,False,noise,,,no category-exploration signal
coupons are not that good,3,2026-07-28 15:43:42 UTC,1,play_store,coupons are not that good,coupon good,False,noise,,,no category-exploration signal
"Review Toh dena chaunga lekin usse pehle Mein ye bolna, chaunga, ki itni raat ko aagar Koi order, karte Hain Toh. Please ladkiyon se delivery Mat karvaya karijiye, larkiyon, se delivery karwana achha nahin lagata itni. Raat ko ladke log bhej dijiya kariye, wo Koi dikkat, nahin, hai, samaj kesa h ap samjh skte ho .",4,2026-07-28 15:42:52 UTC,0,play_store,"Review Toh dena chaunga lekin usse pehle Mein ye bolna, chaunga, ki itni raat ko aagar Koi order, karte Hain Toh. Please ladkiyon se delivery Mat karvaya karijiye, larkiyon, se delivery karwana achha nahin lagata itni. Raat ko ladke log bhej dijiya kariye, wo Koi dikkat, nahin, hai, samaj kesa h ap samjh skte ho .",review toh dena chaunga lekin usse pehle mein ye bolna chaunga ki itni raat ko aagar koi order karte hain toh please ladkiyon se delivery mat karvaya karijiye larkiyon se delivery karwana achha nahin lagata itni raat ko ladke log bhej dijiya kariye wo koi dikkat nahin hai samaj kesa h ap samjh skte ho,False,noise,,,no category-exploration signal
already my oder upi payment refund pending,4,2026-07-28 15:42:38 UTC,0,play_store,already my oder upi payment refund pending,already oder upi payment refund pending,True,want_to_explore_blocked,dont_trust_quality_for_new_category,,intent or category talk with friction/barrier cues
such a pathetic service #blinkit provide. you support only knows to copy paste. I don't know if there is any human sitting to resolve the issue. i think for such a small issue i need to write up to NCH.,1,2026-07-28 15:42:13 UTC,0,play_store,such a pathetic service #blinkit provide. you support only knows to copy paste. I don't know if there is any human sitting to resolve the issue. i think for such a small issue i need to write up to NCH.,pathetic service blinkit provide support know copy paste dont know human sit resolve issue think small issue need write nch,False,noise,,,no category-exploration signal
good experience 🫠👌,5,2026-07-28 15:40:56 UTC,0,play_store,good experience 🫠👌,good experience,False,noise,,,no category-exploration signal
Maggie acchi deta hai,5,2026-07-28 15:40:36 UTC,0,play_store,Maggie acchi deta hai,maggie acchi deta hai,False,noise,,,no category-exploration signal
"order water melon 🍈 got very bad quality, request you all not to order any food product there are just delivery lowest quality food product it's health concern issue and there is No one to listen very bad , also can Share picture and blinkit invoice.",1,2026-07-28 15:40:21 UTC,0,play_store,"order water melon 🍈 got very bad quality, request you all not to order any food product there are just delivery lowest quality food product it's health concern issue and there is No one to listen very bad , also can Share picture and blinkit invoice.",order water melon get bad quality request order food product delivery low quality food product health concern issue one listen bad also share picture blinkit invoice,True,want_to_explore_blocked,dont_trust_quality_for_new_category,,intent or category talk with friction/barrier cues
I like it and it is very helpful,5,2026-07-28 15:39:30 UTC,0,play_store,I like it and it is very helpful,like helpful,False,noise,,,no category-exploration signal
great and fast delivery of your daily needs,5,2026-07-28 15:38:11 UTC,0,play_store,great and fast delivery of your daily needs,great fast delivery daily need,True,stuck_in_routine,,,routine/reorder language without exploration intent
it was very good 😊,5,2026-07-28 15:37:28 UTC,0,play_store,it was very good 😊,good,False,noise,,,no category-exploration signal
Bad Delivery I oeder Hot water pillow but charger not given,1,2026-07-28 15:36:14 UTC,0,play_store,Bad Delivery I oeder Hot water pillow but charger not given,bad delivery oeder hot water pillow charger give,True,unclear,,electronics,category or barrier cues without clear funnel stage
Good option for shopping,5,2026-07-28 15:34:04 UTC,0,play_store,Good option for shopping,good option shopping,False,noise,,,no category-exploration signal
bhout accha hai service sunder hai,5,2026-07-28 15:33:17 UTC,0,play_store,bhout accha hai service sunder hai,bhout accha hai service sunder hai,False,noise,,,no category-exploration signal
waiting for delivery,5,2026-07-28 15:32:40 UTC,0,play_store,waiting for delivery,wait delivery,False,noise,,,no category-exploration signal
They will not provide the free items which they displayed. after delivery they will tell that the store manager refused to take free item and also he said please raise ticket you wilm get refund. while seeking need a help from app simply chatted for 1 hours with out any solutions. They simple write the mesage i apologize for the same.,1,2026-07-28 15:32:05 UTC,0,play_store,They will not provide the free items which they displayed. after delivery they will tell that the store manager refused to take free item and also he said please raise ticket you wilm get refund. while seeking need a help from app simply chatted for 1 hours with out any solutions. They simple write the mesage i apologize for the same.,provide free item display delivery tell store manager refuse take free item also say please raise ticket wilm get refund seek need help app simply chatted 1 hour solution simple write mesage apologize,True,want_to_explore_blocked,dont_trust_quality_for_new_category|habit_reorder_only,,intent or category talk with friction/barrier cues
nice aap of blinkit,5,2026-07-28 15:31:50 UTC,0,play_store,nice aap of blinkit,nice aap blinkit,False,noise,,,no category-exploration signal
I like the fact that they care about privacy enough to delete the files after ordering ... responsible and good 🙂✨🙌,4,2026-07-28 15:28:20 UTC,0,play_store,I like the fact that they care about privacy enough to delete the files after ordering ... responsible and good 🙂✨🙌,like fact care privacy enough delete file order responsible good,False,noise,,,no category-exploration signal
awsam,3,2026-07-28 15:27:16 UTC,1,play_store,awsam,awsam,False,noise,,,no category-exploration signal
It is a really good app but I am not satisfied because in most of areas they are not able to provide services which makes it really hard because of this I am forced to order the delivery in a different location then pick it from there which makes the app useless. I hope they expand their services.,1,2026-07-28 15:26:05 UTC,0,play_store,It is a really good app but I am not satisfied because in most of areas they are not able to provide services which makes it really hard because of this I am forced to order the delivery in a different location then pick it from there which makes the app useless. I hope they expand their services.,really good app satisfy area able provide service make really hard force order delivery different location pick make app useless hope expand service,True,unclear,coverage_or_eta,,category or barrier cues without clear funnel stage
"everything is good but the charges are unnecessary delivery charges, handling charges, or pta ni kya kya",2,2026-07-28 15:25:32 UTC,0,play_store,"everything is good but the charges are unnecessary delivery charges, handling charges, or pta ni kya kya",everything good charge unnecessary delivery charge handle charge pta ni kya kya,True,want_to_explore_blocked,price_uncertainty_new_category,,intent or category talk with friction/barrier cues
extra charge add and price to much high other app,1,2026-07-28 15:24:33 UTC,0,play_store,extra charge add and price to much high other app,extra charge add price much high app,True,want_to_explore_blocked,price_uncertainty_new_category,grocery,intent or category talk with friction/barrier cues
it's lagging. can't even call the delivery person. It's new in our area. Still it's not fair to give such service.,1,2026-07-28 15:24:22 UTC,0,play_store,it's lagging. can't even call the delivery person. It's new in our area. Still it's not fair to give such service.,lag cant even call delivery person new area still fair give service,False,noise,,,no category-exploration signal
super service 👌 👏,5,2026-07-28 15:24:04 UTC,0,play_store,super service 👌 👏,super service,False,noise,,,short generic praise/complaint without category cues
"best app for fast deliveries and is rapidly expanding in many cities , only 1-2 times it has got problems , otherwise it is good",5,2026-07-28 15:21:13 UTC,0,play_store,"best app for fast deliveries and is rapidly expanding in many cities , only 1-2 times it has got problems , otherwise it is good",best app fast delivery rapidly expand many city 12 time get problem otherwise good,False,noise,,,no category-exploration signal
I love you blanket ❤️ this is popular,4,2026-07-28 15:20:40 UTC,0,play_store,I love you blanket ❤️ this is popular,love blanket popular,False,noise,,,no category-exploration signal
worst app and worst service,1,2026-07-28 15:19:56 UTC,0,play_store,worst app and worst service,bad app bad service,False,noise,,,no category-exploration signal
good rides,5,2026-07-28 15:18:31 UTC,0,play_store,good rides,good ride,False,noise,,,no category-exploration signal
"Only one stock available was showing for a birthday gift, i ordered because i wanted to present it to someone on their birthday. but the packing box was old and the product was broken. is this a kind of service i should rate? Seems u people are shameless to pack a broken product",1,2026-07-28 15:18:02 UTC,0,play_store,"Only one stock available was showing for a birthday gift, i ordered because i wanted to present it to someone on their birthday. but the packing box was old and the product was broken. is this a kind of service i should rate? Seems u people are shameless to pack a broken product",one stock available show birthday gift order wanted present someone birthday pack box old product break kind service rate seem u people shameless pack broken product,False,noise,,,no category-exploration signal
noise app,5,2026-07-28 15:17:43 UTC,0,play_store,noise app,noise app,False,noise,,,no category-exploration signal
theek hai,4,2026-07-28 15:16:15 UTC,0,play_store,theek hai,theek hai,False,noise,,,no category-exploration signal
great app thank you blinkit,5,2026-07-28 15:13:51 UTC,0,play_store,great app thank you blinkit,great app thank blinkit,False,noise,,,no category-exploration signal
Maybe Blinkit Needs To Sponsor me will take less than 3000 and even sponsor them in a video and a short,5,2026-07-28 15:12:26 UTC,0,play_store,Maybe Blinkit Needs To Sponsor me will take less than 3000 and even sponsor them in a video and a short,maybe blinkit need sponsor take less 3000 even sponsor video short,False,noise,,,no category-exploration signal
useful to home work,5,2026-07-28 15:11:52 UTC,0,play_store,useful to home work,useful home work,True,unclear,,home,category or barrier cues without clear funnel stage
👍 good service,5,2026-07-28 15:09:48 UTC,0,play_store,👍 good service,good service,False,noise,,,no category-exploration signal
delivery too fast,5,2026-07-28 15:05:50 UTC,0,play_store,delivery too fast,delivery fast,False,noise,,,no category-exploration signal
good work and beheavier very nice 👍,5,2026-07-28 15:04:19 UTC,0,play_store,good work and beheavier very nice 👍,good work beheavier nice,False,noise,,,no category-exploration signal
very nice and good app,5,2026-07-28 15:03:50 UTC,0,play_store,very nice and good app,nice good app,False,noise,,,no category-exploration signal
shows delivered in 15 minutes from past 20 minutes,1,2026-07-28 15:03:00 UTC,0,play_store,shows delivered in 15 minutes from past 20 minutes,show deliver 15 minute past 20 minute,False,noise,,,no category-exploration signal
return is very difficult,1,2026-07-28 14:59:51 UTC,0,play_store,return is very difficult,return difficult,True,want_to_explore_blocked,dont_trust_quality_for_new_category,,intent or category talk with friction/barrier cues
very fast service..👍,5,2026-07-28 14:55:46 UTC,0,play_store,very fast service..👍,fast service,False,noise,,,no category-exploration signal
so grateful,5,2026-07-28 14:52:20 UTC,0,play_store,so grateful,grateful,False,noise,,,no category-exploration signal
very poor paking and delay service,1,2026-07-28 14:50:16 UTC,0,play_store,very poor paking and delay service,poor paking delay service,True,unclear,coverage_or_eta,,category or barrier cues without clear funnel stage
good app for home products,5,2026-07-28 14:48:47 UTC,0,play_store,good app for home products,good app home product,True,unclear,,home,category or barrier cues without clear funnel stage
Very useful 👌,5,2026-07-28 14:48:26 UTC,0,play_store,Very useful 👌,useful,False,noise,,,no category-exploration signal
Mera problm koi sun hi nhi rha h koi customer care number hi nhi h khan apne problm ko btaye,1,2026-07-28 14:48:06 UTC,0,play_store,Mera problm koi sun hi nhi rha h koi customer care number hi nhi h khan apne problm ko btaye,mera problm koi sun hi nhi rha h koi customer care number hi nhi h khan apne problm ko btaye,False,noise,,,no category-exploration signal
do work very smoothly,5,2026-07-28 14:47:36 UTC,0,play_store,do work very smoothly,work smoothly,False,noise,,,no category-exploration signal
nice application &good deliver boy 😀,5,2026-07-28 14:47:35 UTC,0,play_store,nice application &good deliver boy 😀,nice application good deliver boy,False,noise,,,no category-exploration signal
it's my first order so I am waiting My order,2,2026-07-28 14:47:20 UTC,0,play_store,it's my first order so I am waiting My order,first order wait order,False,noise,,,no category-exploration signal
I really like it. I will recommend this for everything 👌,5,2026-07-28 14:43:46 UTC,0,play_store,I really like it. I will recommend this for everything 👌,really like recommend everything,False,noise,,,no category-exploration signal
Very Unique Offers And Way Of Presention..🫂🐒,5,2026-07-28 14:42:31 UTC,0,play_store,Very Unique Offers And Way Of Presention..🫂🐒,unique offer way presention,False,noise,,,no category-exploration signal
always good Working,5,2026-07-28 14:40:45 UTC,0,play_store,always good Working,always good working,True,stuck_in_routine,,,routine/reorder language without exploration intent
this is good and very helpfulful app for sudden need.... thank you,5,2026-07-28 14:38:11 UTC,0,play_store,this is good and very helpfulful app for sudden need.... thank you,good helpfulful app sudden need thank,False,noise,,,no category-exploration signal
"very bad, not for poor people",1,2026-07-28 14:37:47 UTC,0,play_store,"very bad, not for poor people",bad poor people,False,noise,,,no category-exploration signal
prize was so high,1,2026-07-28 14:37:16 UTC,0,play_store,prize was so high,prize high,False,noise,,,no category-exploration signal
good but in my grandfather's account they Blacklisted because I cancelled my order cause I was not Willing to take the free items,5,2026-07-28 14:34:23 UTC,0,play_store,good but in my grandfather's account they Blacklisted because I cancelled my order cause I was not Willing to take the free items,good grandfather account blacklist cancelled order cause willing take free item,False,noise,,,no category-exploration signal
cery good,5,2026-07-28 14:32:30 UTC,0,play_store,cery good,cery good,False,noise,,,no category-exploration signal
lovely that app,5,2026-07-28 14:30:05 UTC,0,play_store,lovely that app,lovely app,False,noise,,,no category-exploration signal
Please make Cash On Delivery Available,4,2026-07-28 14:27:05 UTC,0,play_store,Please make Cash On Delivery Available,please make cash delivery available,False,noise,,,no category-exploration signal
prices are too high,1,2026-07-28 14:26:40 UTC,0,play_store,prices are too high,price high,True,want_to_explore_blocked,price_uncertainty_new_category,grocery,intent or category talk with friction/barrier cues
best grocery shopping app. their delivery service is soo god.😍😍😍🩷,5,2026-07-28 14:23:19 UTC,0,play_store,best grocery shopping app. their delivery service is soo god.😍😍😍🩷,best grocery shopping app delivery service soo god,True,unclear,,grocery,category or barrier cues without clear funnel stage
good experience and 👍🙂,4,2026-07-28 14:21:52 UTC,0,play_store,good experience and 👍🙂,good experience,False,noise,,,no category-exploration signal
Good To See Blinkit In Dhule,5,2026-07-28 14:20:01 UTC,0,play_store,Good To See Blinkit In Dhule,good see blinkit dhule,False,noise,,,no category-exploration signal
vare nice 👌,5,2026-07-28 14:19:35 UTC,0,play_store,vare nice 👌,vare nice,False,noise,,,no category-exploration signal
worst app I'll never seen they are sending fake product and damaged products and also not responding to customers and also didn't give refund to customers,1,2026-07-28 14:15:13 UTC,0,play_store,worst app I'll never seen they are sending fake product and damaged products and also not responding to customers and also didn't give refund to customers,bad app ill never see send fake product damage product also respond customer also didnt give refund customer,True,want_to_explore_blocked,dont_trust_quality_for_new_category,,intent or category talk with friction/barrier cues
good experience 🙂,5,2026-07-28 14:14:44 UTC,0,play_store,good experience 🙂,good experience,False,noise,,,no category-exploration signal
very nice ap,4,2026-07-28 14:13:44 UTC,0,play_store,very nice ap,nice ap,False,noise,,,no category-exploration signal
very bad answer from the staff.i order mozerela chese ea 119. but they can't provide...it's order cancelled from blinkit ...and they diduct 20 rs from my paid money....if they cancel the order then why they diduct the money ...also phone operators also don't want to talk...she discanate the phone. while i talking .....blinkit company is only for making money don't want to make business and respect from coustomer..before I order from zomato and others but they don't behave like this,1,2026-07-28 14:13:34 UTC,1,play_store,very bad answer from the staff.i order mozerela chese ea 119. but they can't provide...it's order cancelled from blinkit ...and they diduct 20 rs from my paid money....if they cancel the order then why they diduct the money ...also phone operators also don't want to talk...she discanate the phone. while i talking .....blinkit company is only for making money don't want to make business and respect from coustomer..before I order from zomato and others but they don't behave like this,bad answer staffi order mozerela chese ea 119 cant provideits order cancel blinkit diduct 20 r pay moneyif cancel order diduct money also phone operator also dont want talkshe discanate phone talk blinkit company make money dont want make business respect coustomerbefore order zomato others dont behave like,True,unclear,,electronics,category or barrier cues without clear funnel stage
last delivery he cam 40 min late he waste my time then also blinkit not have any composition,1,2026-07-28 14:11:17 UTC,0,play_store,last delivery he cam 40 min late he waste my time then also blinkit not have any composition,last delivery cam 40 min late waste time also blinkit composition,True,unclear,coverage_or_eta,,category or barrier cues without clear funnel stage
good app 👍,5,2026-07-28 14:09:21 UTC,0,play_store,good app 👍,good app,False,noise,,,short generic praise/complaint without category cues
nice app for ordering things online,5,2026-07-28 14:08:05 UTC,0,play_store,nice app for ordering things online,nice app order thing online,False,noise,,,no category-exploration signal
Best fast delivery app 👍,5,2026-07-28 14:08:00 UTC,0,play_store,Best fast delivery app 👍,best fast delivery app,False,noise,,,no category-exploration signal
instant delivery,5,2026-07-28 14:07:46 UTC,0,play_store,instant delivery,instant delivery,False,noise,,,no category-exploration signal
An excellent app which provides every thing in minutes . Especially their free ambulance 🚑 service.,5,2026-07-28 14:05:28 UTC,0,play_store,An excellent app which provides every thing in minutes . Especially their free ambulance 🚑 service.,excellent app provide every thing minute especially free ambulance service,False,noise,,,no category-exploration signal
poor service,1,2026-07-28 14:05:23 UTC,0,play_store,poor service,poor service,False,noise,,,no category-exploration signal
This aap is very good,4,2026-07-28 14:04:45 UTC,0,play_store,This aap is very good,aap good,False,noise,,,no category-exploration signal
Fast and Exonomical Rates with Plenty of options and Fast Delivery,5,2026-07-28 14:04:41 UTC,0,play_store,Fast and Exonomical Rates with Plenty of options and Fast Delivery,fast exonomical rate plenty option fast delivery,False,noise,,,no category-exploration signal
Excellent Service.Item delivered my door step.,5,2026-07-28 14:02:54 UTC,0,play_store,Excellent Service.Item delivered my door step.,excellent serviceitem deliver door step,False,noise,,,no category-exploration signal
the delivery fast this the best delivery app,5,2026-07-28 14:01:50 UTC,0,play_store,the delivery fast this the best delivery app,delivery fast best delivery app,False,noise,,,no category-exploration signal
they delivered me wrong product,1,2026-07-28 14:01:31 UTC,0,play_store,they delivered me wrong product,deliver wrong product,False,noise,,,no category-exploration signal
every app is defined by its customer service. Yours is useless when human take command. you have no regards for loyalty of your customers. People have to wait for significant period for seeking support. completely useless,1,2026-07-28 14:00:22 UTC,0,play_store,every app is defined by its customer service. Yours is useless when human take command. you have no regards for loyalty of your customers. People have to wait for significant period for seeking support. completely useless,every app define customer service useless human take command regard loyalty customer people wait significant period seek support completely useless,False,noise,,,no category-exploration signal
If there's a free gift with the order then the option should be there whether the customer wants it . Chances are vegan customers won't go for meat/milk/honey based products.The same error happened this time.,3,2026-07-28 13:59:12 UTC,3,play_store,If there's a free gift with the order then the option should be there whether the customer wants it . Chances are vegan customers won't go for meat/milk/honey based products.The same error happened this time.,there free gift order option whether customer want chance vegan customer wont go meatmilkhoney base productsthe error happen time,True,stuck_in_routine,habit_reorder_only,grocery,routine/reorder language without exploration intent
exc,1,2026-07-28 13:55:58 UTC,0,play_store,exc,exc,False,noise,,,no category-exploration signal
very good 👍🏻,5,2026-07-28 13:55:12 UTC,0,play_store,very good 👍🏻,good,False,noise,,,no category-exploration signal
5 🌟 🤩,5,2026-07-28 13:53:05 UTC,0,play_store,5 🌟 🤩,5,False,noise,,,no category-exploration signal
it's a better option,5,2026-07-28 13:53:00 UTC,0,play_store,it's a better option,good option,False,noise,,,no category-exploration signal
good👍😊💯 so help ful,5,2026-07-28 13:52:53 UTC,0,play_store,good👍😊💯 so help ful,good help ful,False,noise,,,no category-exploration signal
I love blinkit to order grocery and other things,5,2026-07-28 13:52:35 UTC,0,play_store,I love blinkit to order grocery and other things,love blinkit order grocery thing,True,unclear,,grocery,category or barrier cues without clear funnel stage
Dirty goods delivered without carry bags but handling charges applies,1,2026-07-28 13:52:03 UTC,0,play_store,Dirty goods delivered without carry bags but handling charges applies,dirty good deliver without carry bag handle charge applies,True,want_to_explore_blocked,price_uncertainty_new_category,,intent or category talk with friction/barrier cues
"as compared to zepto, you are adding surge charges, rain charges, handling charges, and sometimes your minimum order amount is also high, I'm frustrated with this service. improve your service and don't add additional charges",1,2026-07-28 13:51:58 UTC,0,play_store,"as compared to zepto, you are adding surge charges, rain charges, handling charges, and sometimes your minimum order amount is also high, I'm frustrated with this service. improve your service and don't add additional charges",compare zepto add surge charge rain charge handle charge sometimes minimum order amount also high im frustrate service improve service dont add additional charge,True,want_to_explore_blocked,price_uncertainty_new_category,,intent or category talk with friction/barrier cues
customer friendly,5,2026-07-28 13:49:29 UTC,0,play_store,customer friendly,customer friendly,False,noise,,,no category-exploration signal
Satisfactory Service in Jorhat .,5,2026-07-28 13:47:33 UTC,0,play_store,Satisfactory Service in Jorhat .,satisfactory service jorhat,False,noise,,,no category-exploration signal
"they offer free gifts but they don't deliver ,a fraud app ,",1,2026-07-28 13:43:30 UTC,0,play_store,"they offer free gifts but they don't deliver ,a fraud app ,",offer free gift dont deliver fraud app,False,noise,,,no category-exploration signal
very bad delivery charges,1,2026-07-28 13:42:32 UTC,0,play_store,very bad delivery charges,bad delivery charge,False,noise,,,no category-exploration signal
marvelous I'm very happy to shopping the last minute hero,5,2026-07-28 13:41:13 UTC,0,play_store,marvelous I'm very happy to shopping the last minute hero,marvelous im happy shopping last minute hero,False,noise,,,no category-exploration signal
nice but rate of delivery is very much,5,2026-07-28 13:40:42 UTC,0,play_store,nice but rate of delivery is very much,nice rate delivery much,False,noise,,,no category-exploration signal
"Hello, my Cash on Delivery option has been unavailable for several months on my Blinkit account. Please check my account and let me know why COD is not available and if it can be enabled....",4,2026-07-28 13:39:38 UTC,0,play_store,"Hello, my Cash on Delivery option has been unavailable for several months on my Blinkit account. Please check my account and let me know why COD is not available and if it can be enabled....",hello cash delivery option unavailable several month blinkit account please check account let know cod available enable,True,want_to_explore_blocked,coverage_or_eta|assortment_gap,,intent or category talk with friction/barrier cues
expiry product bejta hai blinkit,1,2026-07-28 13:37:08 UTC,0,play_store,expiry product bejta hai blinkit,expiry product bejta hai blinkit,False,noise,,,no category-exploration signal
werry nice,5,2026-07-28 13:35:20 UTC,0,play_store,werry nice,werry nice,False,noise,,,no category-exploration signal
charging high prize in app Above product price,3,2026-07-28 13:35:00 UTC,1,play_store,charging high prize in app Above product price,charge high prize app product price,True,want_to_explore_blocked,price_uncertainty_new_category,grocery,intent or category talk with friction/barrier cues
no offer on blinkit,3,2026-07-28 13:30:50 UTC,1,play_store,no offer on blinkit,offer blinkit,False,noise,,,no category-exploration signal
very g00d,5,2026-07-28 13:29:35 UTC,0,play_store,very g00d,g00d,False,noise,,,no category-exploration signal
Good deliver fastly and safe,5,2026-07-28 13:28:01 UTC,0,play_store,Good deliver fastly and safe,good deliver fastly safe,False,noise,,,no category-exploration signal
bed support,2,2026-07-28 13:27:46 UTC,0,play_store,bed support,bed support,False,noise,,,no category-exploration signal
there is price difference in products you can separately ask for delivering charges but keep products mrp same as market,4,2026-07-28 13:23:10 UTC,0,play_store,there is price difference in products you can separately ask for delivering charges but keep products mrp same as market,price difference product separately ask deliver charge keep product mrp market,True,want_to_explore_blocked,price_uncertainty_new_category|habit_reorder_only,grocery,intent or category talk with friction/barrier cues
good job 👍,5,2026-07-28 13:22:51 UTC,0,play_store,good job 👍,good job,False,noise,,,no category-exploration signal
wow nice,5,2026-07-28 13:22:05 UTC,0,play_store,wow nice,wow nice,False,noise,,,no category-exploration signal
bhaiii tum log use kro mst ha but me ek or review funga after my order,5,2026-07-28 13:17:10 UTC,0,play_store,bhaiii tum log use kro mst ha but me ek or review funga after my order,bhaiii tum log use kro mst ha ek review funga order,False,noise,,,no category-exploration signal
this app is so bad i don't want to buy anything form this they can't give our refund back,1,2026-07-28 13:17:04 UTC,0,play_store,this app is so bad i don't want to buy anything form this they can't give our refund back,app bad dont want buy anything form cant give refund back,True,want_to_explore_blocked,dont_trust_quality_for_new_category,,intent or category talk with friction/barrier cues
very bad there is no check ....atall,1,2026-07-28 13:16:56 UTC,0,play_store,very bad there is no check ....atall,bad check atall,False,noise,,,no category-exploration signal
you charge too much for rain surge and handling charges inline zepto,2,2026-07-28 13:15:53 UTC,0,play_store,you charge too much for rain surge and handling charges inline zepto,charge much rain surge handling charge inline zepto,True,want_to_explore_blocked,price_uncertainty_new_category,,intent or category talk with friction/barrier cues
Superb yaar Super se bhi Upar wala service,5,2026-07-28 13:15:00 UTC,0,play_store,Superb yaar Super se bhi Upar wala service,superb yaar super se bhi upar wala service,False,noise,,,no category-exploration signal
awesome app,5,2026-07-28 13:14:59 UTC,0,play_store,awesome app,awesome app,False,noise,,,short generic praise/complaint without category cues
"the delivery was not probided on timeand when raised a complaint they closed the chat by saying it was delivered and no call service , worst app and no proper customer service.",1,2026-07-28 13:14:26 UTC,0,play_store,"the delivery was not probided on timeand when raised a complaint they closed the chat by saying it was delivered and no call service , worst app and no proper customer service.",delivery probided timeand raise complaint close chat say deliver call service bad app proper customer service,False,noise,,,no category-exploration signal
best option,5,2026-07-28 13:12:24 UTC,0,play_store,best option,best option,False,noise,,,no category-exploration signal
very bad service,1,2026-07-28 13:11:05 UTC,0,play_store,very bad service,bad service,False,noise,,,no category-exploration signal
i ordered groceries from this app n it's not delivered to me and in the app it's showing its delivered before time... i m complaining bt there is no response from there end.... will nt suggest anyone to buy from this app,1,2026-07-28 13:08:29 UTC,0,play_store,i ordered groceries from this app n it's not delivered to me and in the app it's showing its delivered before time... i m complaining bt there is no response from there end.... will nt suggest anyone to buy from this app,ordered grocery app n deliver app show delivered time complain bt response end nt suggest anyone buy app,False,noise,,,no category-exploration signal
suberb service,5,2026-07-28 13:08:06 UTC,0,play_store,suberb service,suberb service,False,noise,,,no category-exploration signal
The delivery partners are very polite and well-behaved.,5,2026-07-28 13:05:54 UTC,0,play_store,The delivery partners are very polite and well-behaved.,delivery partner polite wellbehaved,False,noise,,,no category-exploration signal
it's totally great app,5,2026-07-28 13:04:05 UTC,0,play_store,it's totally great app,totally great app,False,noise,,,no category-exploration signal
delivery charges are not there with blinkit good product great price,5,2026-07-28 13:03:00 UTC,0,play_store,delivery charges are not there with blinkit good product great price,delivery charge blinkit good product great price,True,want_to_explore_blocked,price_uncertainty_new_category,grocery,intent or category talk with friction/barrier cues
fraud company,1,2026-07-28 13:02:08 UTC,0,play_store,fraud company,fraud company,False,noise,,,no category-exploration signal
The Delivery was exactly delivered at the specific time and everything came neat and tidy,5,2026-07-28 12:59:23 UTC,0,play_store,The Delivery was exactly delivered at the specific time and everything came neat and tidy,delivery exactly deliver specific time everything come neat tidy,False,noise,,,no category-exploration signal
veri nice super duper,5,2026-07-28 12:58:52 UTC,0,play_store,veri nice super duper,veri nice super duper,False,noise,,,short generic praise/complaint without category cues
rates high no discounts no offers,1,2026-07-28 12:58:10 UTC,0,play_store,rates high no discounts no offers,rate high discount offer,False,noise,,,no category-exploration signal
i ordered ice cream and it became water.... unable to eat,1,2026-07-28 12:58:01 UTC,0,play_store,i ordered ice cream and it became water.... unable to eat,order ice cream become water unable eat,True,unclear,,snacks,category or barrier cues without clear funnel stage
It's a good app but in rainy season bags/ paper bags get toren or somethings won't be available but that's okay because app is very good,4,2026-07-28 12:57:15 UTC,0,play_store,It's a good app but in rainy season bags/ paper bags get toren or somethings won't be available but that's okay because app is very good,good app rainy season bag paper bag get toren somethings wont available thats okay app good,False,noise,,,no category-exploration signal
worst servicing not having change....and unnecessary bills like extra charges were taking,1,2026-07-28 12:56:42 UTC,0,play_store,worst servicing not having change....and unnecessary bills like extra charges were taking,worst service changeand unnecessary bill like extra charge take,False,noise,,,no category-exploration signal
good 👍🏻👍🏻,5,2026-07-28 12:56:38 UTC,0,play_store,good 👍🏻👍🏻,good,False,noise,,,no category-exploration signal
goo app mat download Karo isko,1,2026-07-28 12:52:59 UTC,0,play_store,goo app mat download Karo isko,goo app mat download karo isko,False,noise,,,no category-exploration signal
fast delivery very good 👍,4,2026-07-28 12:52:28 UTC,0,play_store,fast delivery very good 👍,fast delivery good,False,noise,,,no category-exploration signal
very poor delivery. Firstly it was shown that the order is coming in 7 min and suddenly it turned to 20 mins,1,2026-07-28 12:50:54 UTC,0,play_store,very poor delivery. Firstly it was shown that the order is coming in 7 min and suddenly it turned to 20 mins,poor delivery firstly show order come 7 min suddenly turn 20 min,False,noise,,,no category-exploration signal
add option change a contact no,5,2026-07-28 12:50:49 UTC,1,play_store,add option change a contact no,add option change contact,False,noise,,,no category-exploration signal
India's last minute app is good enough for instant things,5,2026-07-28 12:50:39 UTC,0,play_store,India's last minute app is good enough for instant things,india last minute app good enough instant thing,False,noise,,,no category-exploration signal
very good very 😊,5,2026-07-28 12:50:07 UTC,0,play_store,very good very 😊,good,False,noise,,,no category-exploration signal
best under minutes app in india🎉,5,2026-07-28 12:46:42 UTC,0,play_store,best under minutes app in india🎉,best minute app india,False,noise,,,no category-exploration signal
zero civics sense in your delivery partner don't we know how to talk and behave rudly,1,2026-07-28 12:45:07 UTC,0,play_store,zero civics sense in your delivery partner don't we know how to talk and behave rudly,zero civics sense delivery partner dont know talk behave rudly,False,noise,,,no category-exploration signal
Very much helpful app delivers every thing on time easy to handle and all BUT sometimes they don't accept the money change through coins or just deliver the wrong order,3,2026-07-28 12:43:46 UTC,1,play_store,Very much helpful app delivers every thing on time easy to handle and all BUT sometimes they don't accept the money change through coins or just deliver the wrong order,much helpful app delivers every thing time easy handle sometimes dont accept money change coin deliver wrong order,False,noise,,,no category-exploration signal
It is the best grocery delivery app. Blinkit provides a very quick service and never fails.,5,2026-07-28 12:43:28 UTC,0,play_store,It is the best grocery delivery app. Blinkit provides a very quick service and never fails.,best grocery delivery app blinkit provide quick service never fail,True,unclear,,grocery,category or barrier cues without clear funnel stage
Outstanding service.,5,2026-07-28 12:42:49 UTC,0,play_store,Outstanding service.,outstanding service,False,noise,,,no category-exploration signal
This app deserve 5 ⭐️⭐️⭐️⭐️⭐️ rating.,5,2026-07-28 12:40:47 UTC,0,play_store,This app deserve 5 ⭐️⭐️⭐️⭐️⭐️ rating.,app deserve 5 rating,False,noise,,,no category-exploration signal
faster than my internet 😯,5,2026-07-28 12:39:00 UTC,0,play_store,faster than my internet 😯,faster internet,False,noise,,,no category-exploration signal
"very rude behaviour delivery boy , don't like",1,2026-07-28 12:38:19 UTC,0,play_store,"very rude behaviour delivery boy , don't like",rude behaviour delivery boy dont like,False,noise,,,no category-exploration signal
very good service.thanks,5,2026-07-28 12:36:24 UTC,0,play_store,very good service.thanks,good servicethanks,False,noise,,,no category-exploration signal
veey slow delivery,3,2026-07-28 12:36:18 UTC,1,play_store,veey slow delivery,veey slow delivery,False,noise,,,no category-exploration signal
The blinkit app is the worst app I have ordered one ice cream jar delivered free but next day I have ordered snacks then it includes the delivery charges and it says the delivery is free your first ten order,1,2026-07-28 12:35:39 UTC,0,play_store,The blinkit app is the worst app I have ordered one ice cream jar delivered free but next day I have ordered snacks then it includes the delivery charges and it says the delivery is free your first ten order,blinkit app bad app order one ice cream jar deliver free next day order snack include delivery charge say delivery free first ten order,True,unclear,,snacks,category or barrier cues without clear funnel stage
bohut hi ghatiya barsati thi fati hue ayi thi,1,2026-07-28 12:35:29 UTC,0,play_store,bohut hi ghatiya barsati thi fati hue ayi thi,bohut hi ghatiya barsati thi fati hue ayi thi,False,noise,,,no category-exploration signal
"I ordered one lifelong brand 'hot bag' for my cervical pain. I received without power cord. so if I try to chat with customer support team in app. Simply my chat is closing,says mail us the problem. Poor Customer support from blinkit. So,should I wait for their reply, and pause my pain upto their reply. If they give reply also its says sorry for inconvenience, next time we try to not make this mistake. Without Power cord how can I use the hot bag. Very Poor service from blinkit.",1,2026-07-28 12:35:29 UTC,0,play_store,"I ordered one lifelong brand 'hot bag' for my cervical pain. I received without power cord. so if I try to chat with customer support team in app. Simply my chat is closing,says mail us the problem. Poor Customer support from blinkit. So,should I wait for their reply, and pause my pain upto their reply. If they give reply also its says sorry for inconvenience, next time we try to not make this mistake. Without Power cord how can I use the hot bag. Very Poor service from blinkit.",order one lifelong brand hot bag cervical pain receive without power cord try chat customer support team app simply chat closingsays mail u problem poor customer support blinkit soshould wait reply pause pain upto reply give reply also say sorry inconvenience next time try make mistake without power cord use hot bag poor service blinkit,False,noise,,,no category-exploration signal
SUPERFAST 👍,5,2026-07-28 12:35:15 UTC,0,play_store,SUPERFAST 👍,superfast,False,noise,,,short generic praise/complaint without category cues
big basket is giving 150 off on first order but blinkit only 50 very bad,1,2026-07-28 12:34:40 UTC,0,play_store,big basket is giving 150 off on first order but blinkit only 50 very bad,big basket give 150 first order blinkit 50 bad,False,noise,,,no category-exploration signal
love it,5,2026-07-28 12:33:48 UTC,0,play_store,love it,love,False,noise,,,short generic praise/complaint without category cues
fastest service in the city,5,2026-07-28 12:31:59 UTC,0,play_store,fastest service in the city,fast service city,False,noise,,,no category-exploration signal
I think its a lot more afordable than other delivery apps. But I think the availability to a lot of places is limited when compared. Good app 👍🏻,4,2026-07-28 12:29:48 UTC,0,play_store,I think its a lot more afordable than other delivery apps. But I think the availability to a lot of places is limited when compared. Good app 👍🏻,think lot afordable delivery apps think availability lot place limit compare good app,True,want_to_explore_blocked,assortment_gap,,intent or category talk with friction/barrier cues
very worst customer care Not proper verification,1,2026-07-28 12:29:36 UTC,0,play_store,very worst customer care Not proper verification,worst customer care proper verification,False,noise,,,no category-exploration signal
the delivery boys always argue and their behaviour is very bad. but truly have to say blinkit is India's last minute all,2,2026-07-28 12:28:50 UTC,0,play_store,the delivery boys always argue and their behaviour is very bad. but truly have to say blinkit is India's last minute all,delivery boy always argue behaviour bad truly say blinkit india last minute,True,stuck_in_routine,,,routine/reorder language without exploration intent
do not receive my product,1,2026-07-28 12:28:10 UTC,0,play_store,do not receive my product,receive product,False,noise,,,no category-exploration signal
its good app they come under 59 minutes i like it 👌 😌 😏 😋 ☺️ 😎,4,2026-07-28 12:25:43 UTC,0,play_store,its good app they come under 59 minutes i like it 👌 😌 😏 😋 ☺️ 😎,good app come 59 minute like,False,noise,,,no category-exploration signal
i have a good experience and the suppertive exe. Geeta mam is very helpful,5,2026-07-28 12:22:57 UTC,0,play_store,i have a good experience and the suppertive exe. Geeta mam is very helpful,good experience suppertive exe geeta mam helpful,False,noise,,,no category-exploration signal
this is little expensive then other apps but it is good,5,2026-07-28 12:22:45 UTC,0,play_store,this is little expensive then other apps but it is good,little expensive apps good,True,want_to_explore_blocked,price_uncertainty_new_category,,intent or category talk with friction/barrier cues
"Excellent experience with Blinkit! The delivery was incredibly fast, the products were fresh and well-packed, and everything arrived exactly as ordered. The app is easy to use, and the delivery partner was polite and professional. It's very convenient for last-minute grocery and household needs. Highly recommended for anyone looking for quick and reliable service!",5,2026-07-28 12:22:36 UTC,0,play_store,"Excellent experience with Blinkit! The delivery was incredibly fast, the products were fresh and well-packed, and everything arrived exactly as ordered. The app is easy to use, and the delivery partner was polite and professional. It's very convenient for last-minute grocery and household needs. Highly recommended for anyone looking for quick and reliable service!",excellent experience blinkit delivery incredibly fast product fresh wellpacked everything arrive exactly order app easy use delivery partner polite professional convenient lastminute grocery household need highly recommended anyone look quick reliable service,True,want_to_explore_blocked,dont_trust_quality_for_new_category,grocery,intent or category talk with friction/barrier cues
Blinkit service is third quality.,1,2026-07-28 12:19:57 UTC,0,play_store,Blinkit service is third quality.,blinkit service third quality,True,want_to_explore_blocked,dont_trust_quality_for_new_category,,intent or category talk with friction/barrier cues
nice.convenient,5,2026-07-28 12:13:39 UTC,0,play_store,nice.convenient,niceconvenient,False,noise,,,no category-exploration signal
oso bad,1,2026-07-28 12:12:29 UTC,0,play_store,oso bad,oso bad,False,noise,,,no category-exploration signal
delivery time is good,5,2026-07-28 12:10:16 UTC,0,play_store,delivery time is good,delivery time good,False,noise,,,no category-exploration signal
it has made everything so convenient for day to day life couldn't be more happy,5,2026-07-28 12:09:59 UTC,0,play_store,it has made everything so convenient for day to day life couldn't be more happy,make everything convenient day day life couldnt happy,False,noise,,,no category-exploration signal
app is good but it is really expensive in small town and delivery charges,1,2026-07-28 12:07:50 UTC,0,play_store,app is good but it is really expensive in small town and delivery charges,app good really expensive small town delivery charge,True,want_to_explore_blocked,price_uncertainty_new_category,,intent or category talk with friction/barrier cues
very good app for everything thank you ❤️💕,5,2026-07-28 12:07:12 UTC,0,play_store,very good app for everything thank you ❤️💕,good app everything thank,False,noise,,,no category-exploration signal
👍😊,5,2026-07-28 12:07:10 UTC,0,play_store,👍😊,👍😊,False,noise,,,no category-exploration signal
too bad,1,2026-07-28 12:07:07 UTC,0,play_store,too bad,bad,False,noise,,,no category-exploration signal
👏,1,2026-07-28 12:05:11 UTC,0,play_store,👏,👏,False,noise,,,no category-exploration signal
delivery partner was good,5,2026-07-28 12:04:08 UTC,0,play_store,delivery partner was good,delivery partner good,False,noise,,,no category-exploration signal
naw odar dilevarye,5,2026-07-28 12:03:23 UTC,0,play_store,naw odar dilevarye,naw odar dilevarye,False,noise,,,no category-exploration signal
they should give cod as an option in my area,3,2026-07-28 12:02:58 UTC,0,play_store,they should give cod as an option in my area,give cod option area,True,unclear,coverage_or_eta,,category or barrier cues without clear funnel stage
i love this app and i always order everything I want for myself and my loved once from u most trusted and with very good service 💓🥹,5,2026-07-28 12:01:35 UTC,0,play_store,i love this app and i always order everything I want for myself and my loved once from u most trusted and with very good service 💓🥹,love app always order everything want love u trust good service,True,want_to_explore_blocked,dont_trust_quality_for_new_category|habit_reorder_only,,intent or category talk with friction/barrier cues
don't give free items,2,2026-07-28 12:01:00 UTC,0,play_store,don't give free items,dont give free item,False,noise,,,no category-exploration signal
it's good app 👍,5,2026-07-28 11:58:11 UTC,0,play_store,it's good app 👍,good app,False,noise,,,short generic praise/complaint without category cues
very nice app hai,5,2026-07-28 11:57:53 UTC,0,play_store,very nice app hai,nice app hai,False,noise,,,short generic praise/complaint without category cues
nice experience nd fast delivry,5,2026-07-28 11:55:21 UTC,0,play_store,nice experience nd fast delivry,nice experience nd fast delivry,False,noise,,,no category-exploration signal
deliver at door step,3,2026-07-28 11:52:51 UTC,0,play_store,deliver at door step,deliver door step,False,noise,,,no category-exploration signal
excellent💯👍👏,5,2026-07-28 11:52:50 UTC,0,play_store,excellent💯👍👏,excellent,False,noise,,,no category-exploration signal
it doesn't gives change but the delivery is fastest,4,2026-07-28 11:51:56 UTC,0,play_store,it doesn't gives change but the delivery is fastest,doesnt give change delivery fastest,False,noise,,,no category-exploration signal
best products best delivery. For payment Google pay comes by default there should be payment options and in that meno gpay cash on delivery should appear.also add preferred delivery partner option if possible.,3,2026-07-28 11:51:55 UTC,5,play_store,best products best delivery. For payment Google pay comes by default there should be payment options and in that meno gpay cash on delivery should appear.also add preferred delivery partner option if possible.,best product best delivery payment google pay come default payment option meno gpay cash delivery appearalso add preferred delivery partner option possible,False,noise,,,no category-exploration signal
VERY GOOD :),5,2026-07-28 11:51:42 UTC,0,play_store,VERY GOOD :),good,False,noise,,,no category-exploration signal
best last time app.. good offers and best Ux and UI.. 👍,5,2026-07-28 11:45:40 UTC,0,play_store,best last time app.. good offers and best Ux and UI.. 👍,best last time app good offer best ux ui,False,noise,,,no category-exploration signal
most excellent app in the world 😇,5,2026-07-28 11:44:32 UTC,0,play_store,most excellent app in the world 😇,excellent app world,False,noise,,,no category-exploration signal
payment option should be more easy by phone pe also,4,2026-07-28 11:42:34 UTC,0,play_store,payment option should be more easy by phone pe also,payment option easy phone pe also,True,unclear,,electronics,category or barrier cues without clear funnel stage
Very useful. as mom of 3 months old baby its very helpful for me.,5,2026-07-28 11:41:48 UTC,0,play_store,Very useful. as mom of 3 months old baby its very helpful for me.,useful mom 3 month old baby helpful,False,noise,,,no category-exploration signal
very good for everything👍🏻🤘🏻❤️,5,2026-07-28 11:35:12 UTC,0,play_store,very good for everything👍🏻🤘🏻❤️,good everything,False,noise,,,no category-exploration signal
Exillelent ! till date,4,2026-07-28 11:30:48 UTC,0,play_store,Exillelent ! till date,exillelent till date,False,noise,,,no category-exploration signal
okay 👌👌👍👍,5,2026-07-28 11:29:29 UTC,0,play_store,okay 👌👌👍👍,okay,False,noise,,,short generic praise/complaint without category cues
"I,m very happy with the blinkit service",5,2026-07-28 11:26:29 UTC,0,play_store,"I,m very happy with the blinkit service",im happy blinkit service,False,noise,,,no category-exploration signal
good services but pipe not given tetra pack,5,2026-07-28 11:25:50 UTC,0,play_store,good services but pipe not given tetra pack,good service pipe give tetra pack,False,noise,,,no category-exploration signal
10 on 10 app,5,2026-07-28 11:20:15 UTC,0,play_store,10 on 10 app,10 10 app,False,noise,,,no category-exploration signal
bad product and fraud,1,2026-07-28 11:19:36 UTC,0,play_store,bad product and fraud,bad product fraud,False,noise,,,no category-exploration signal
nice nice,5,2026-07-28 11:18:51 UTC,0,play_store,nice nice,nice nice,False,noise,,,no category-exploration signal
address option is very difficult to put the address always asking to put the address correctly,1,2026-07-28 11:18:19 UTC,0,play_store,address option is very difficult to put the address always asking to put the address correctly,address option difficult put address always ask put address correctly,True,stuck_in_routine,,,routine/reorder language without exploration intent
"No delivery partners. No response in App, only useless bots.",1,2026-07-28 11:17:59 UTC,0,play_store,"No delivery partners. No response in App, only useless bots.",delivery partner response app useless bot,False,noise,,,no category-exploration signal
plz change your packing system if needed plz add packing charges,2,2026-07-28 11:16:48 UTC,0,play_store,plz change your packing system if needed plz add packing charges,plz change pack system need plz add packing charge,False,noise,,,no category-exploration signal
"Not Happy with Blinkit Service. ""Delivered"" in the Blinkit app, even though I have not received the order. Despite repeatedly trying to contact your customer support through the app, I have received no response or resolution. This lack of customer service is extremely disappointing. It is unacceptable that an order can be marked as delivered without being handed over to the customer, and that there is no timely support or refund process. This has caused significant inconvenience.",1,2026-07-28 11:16:20 UTC,1,play_store,"Not Happy with Blinkit Service. ""Delivered"" in the Blinkit app, even though I have not received the order. Despite repeatedly trying to contact your customer support through the app, I have received no response or resolution. This lack of customer service is extremely disappointing. It is unacceptable that an order can be marked as delivered without being handed over to the customer, and that there is no timely support or refund process. This has caused significant inconvenience.",happy blinkit service deliver blinkit app even though receive order despite repeatedly try contact customer support app receive response resolution lack customer service extremely disappointing unacceptable order mark deliver without hand customer timely support refund process cause significant inconvenience,True,want_to_explore_blocked,dont_trust_quality_for_new_category,,intent or category talk with friction/barrier cues
"one of the worst delivery app till date their delivery partners are ill mannered and very impatient I just told one delivery guy to wait and return my money back but instead of returning back he ran away like a coward and stole my money, absolutely ridiculous support team instead of giving me money they just initially a promo code .Never order anything from this store ,poor service",1,2026-07-28 11:16:14 UTC,0,play_store,"one of the worst delivery app till date their delivery partners are ill mannered and very impatient I just told one delivery guy to wait and return my money back but instead of returning back he ran away like a coward and stole my money, absolutely ridiculous support team instead of giving me money they just initially a promo code .Never order anything from this store ,poor service",one bad delivery app till date delivery partner ill mannered impatient tell one delivery guy wait return money back instead return back run away like coward stole money absolutely ridiculous support team instead give money initially promo code never order anything store poor service,True,want_to_explore_blocked,dont_trust_quality_for_new_category,,intent or category talk with friction/barrier cues
good for delivery like you blinkit,5,2026-07-28 11:16:05 UTC,0,play_store,good for delivery like you blinkit,good delivery like blinkit,False,noise,,,no category-exploration signal
the best app because it gives health and pocket friendly prices for anyone..Thanks for comming in faridkot,5,2026-07-28 11:15:24 UTC,0,play_store,the best app because it gives health and pocket friendly prices for anyone..Thanks for comming in faridkot,best app give health pocket friendly price anyonethanks comming faridkot,True,want_to_explore_blocked,price_uncertainty_new_category,grocery,intent or category talk with friction/barrier cues
expired products.,1,2026-07-28 11:13:46 UTC,0,play_store,expired products.,expire product,True,want_to_explore_blocked,dont_trust_quality_for_new_category,,intent or category talk with friction/barrier cues
Nice.,5,2026-07-28 11:12:48 UTC,0,play_store,Nice.,nice,False,noise,,,no category-exploration signal
super 😍,5,2026-07-28 11:12:16 UTC,0,play_store,super 😍,super,False,noise,,,short generic praise/complaint without category cues
🥳,5,2026-07-28 11:11:46 UTC,0,play_store,🥳,🥳,False,noise,,,no category-exploration signal
awesome 👍🏻,5,2026-07-28 11:07:57 UTC,0,play_store,awesome 👍🏻,awesome,False,noise,,,short generic praise/complaint without category cues
great app....,5,2026-07-28 11:07:09 UTC,0,play_store,great app....,great app,False,noise,,,no category-exploration signal
good like it's so good morning,5,2026-07-28 11:07:05 UTC,0,play_store,good like it's so good morning,good like good morning,False,noise,,,no category-exploration signal
it will come fast,5,2026-07-28 11:07:02 UTC,0,play_store,it will come fast,come fast,False,noise,,,no category-exploration signal
need more offers,5,2026-07-28 11:04:44 UTC,0,play_store,need more offers,need offer,False,noise,,,no category-exploration signal
sooooo good delivery 🤌🏻🥀,5,2026-07-28 11:01:25 UTC,0,play_store,sooooo good delivery 🤌🏻🥀,sooooo good delivery,False,noise,,,no category-exploration signal
nice app to order things,5,2026-07-28 11:01:13 UTC,0,play_store,nice app to order things,nice app order thing,False,noise,,,no category-exploration signal
"worst delivery partner,, before when it was new their service was amazing but now a whole trash.",1,2026-07-28 11:00:01 UTC,0,play_store,"worst delivery partner,, before when it was new their service was amazing but now a whole trash.",bad delivery partner new service amazing whole trash,False,noise,,,no category-exploration signal
damage loose pkt or bahut ganda pkt tha or sara khula hua tha veet ka pkt,1,2026-07-28 10:56:00 UTC,0,play_store,damage loose pkt or bahut ganda pkt tha or sara khula hua tha veet ka pkt,damage loose pkt bahut ganda pkt tha sara khula hua tha veet ka pkt,False,noise,,,no category-exploration signal
ok hai,5,2026-07-28 10:52:51 UTC,0,play_store,ok hai,ok hai,False,noise,,,short generic praise/complaint without category cues
sometimes it's very poor quality stuff. things r missing. we need to follow up. it's very irritating,2,2026-07-28 10:52:02 UTC,0,play_store,sometimes it's very poor quality stuff. things r missing. we need to follow up. it's very irritating,sometimes poor quality stuff thing r miss need follow irritate,True,want_to_explore_blocked,dont_trust_quality_for_new_category|assortment_gap,,intent or category talk with friction/barrier cues
mujhe koi discount nahi milta Hai,5,2026-07-28 10:51:11 UTC,0,play_store,mujhe koi discount nahi milta Hai,mujhe koi discount nahi milta hai,False,noise,,,no category-exploration signal
delay in query revert,1,2026-07-28 10:47:36 UTC,0,play_store,delay in query revert,delay query revert,True,unclear,coverage_or_eta,,category or barrier cues without clear funnel stage
niceeeeeee,5,2026-07-28 10:47:26 UTC,0,play_store,niceeeeeee,niceeeeeee,False,noise,,,no category-exploration signal
superb ✨,5,2026-07-28 10:47:05 UTC,0,play_store,superb ✨,superb,False,noise,,,short generic praise/complaint without category cues
ultimate fast delivery,5,2026-07-28 10:43:39 UTC,0,play_store,ultimate fast delivery,ultimate fast delivery,False,noise,,,no category-exploration signal
"I love the blinkit,,,but additional fee on the products look bit dissaapointed...",4,2026-07-28 10:42:48 UTC,0,play_store,"I love the blinkit,,,but additional fee on the products look bit dissaapointed...",love blinkitbut additional fee product look bit dissaapointed,False,noise,,,no category-exploration signal
unsatisfied,1,2026-07-28 10:41:53 UTC,0,play_store,unsatisfied,unsatisfied,False,noise,,,no category-exploration signal
today I ordered some items from blinkit as usual.. but today's order I got a product which is empty... there is only a box,4,2026-07-28 10:39:50 UTC,0,play_store,today I ordered some items from blinkit as usual.. but today's order I got a product which is empty... there is only a box,today order item blinkit usual today order get product empty box,True,stuck_in_routine,habit_reorder_only,,routine/reorder language without exploration intent
you cnt even cancel order sometimes,1,2026-07-28 10:39:08 UTC,0,play_store,you cnt even cancel order sometimes,cnt even cancel order sometimes,False,noise,,,no category-exploration signal
"Very good service, products, fast service",5,2026-07-28 10:38:40 UTC,0,play_store,"Very good service, products, fast service",good service product fast service,False,noise,,,no category-exploration signal
very worst experience ever in a bread packet s,1,2026-07-28 10:37:34 UTC,0,play_store,very worst experience ever in a bread packet s,bad experience ever bread packet,False,noise,,,no category-exploration signal
"I had a bad day, payment portal failed randomly, I needed that item urgently, and I don't have COD option too. forced to pay using upi, the payment failed and now I have to wait 3-5 days, l app.",1,2026-07-28 10:36:30 UTC,0,play_store,"I had a bad day, payment portal failed randomly, I needed that item urgently, and I don't have COD option too. forced to pay using upi, the payment failed and now I have to wait 3-5 days, l app.",bad day payment portal fail randomly need item urgently dont cod option force pay use upi payment fail wait 35 day l app,True,want_to_explore_blocked,assortment_gap,,intent or category talk with friction/barrier cues
on time delivery by highly civilized delivery personnwl,5,2026-07-28 10:34:56 UTC,0,play_store,on time delivery by highly civilized delivery personnwl,time delivery highly civilize delivery personnwl,False,noise,,,no category-exploration signal
always feeling like a king make a wish and they just complit in 15 minutes,5,2026-07-28 10:34:53 UTC,0,play_store,always feeling like a king make a wish and they just complit in 15 minutes,always feel like king make wish complit 15 minute,True,stuck_in_routine,,,routine/reorder language without exploration intent
very bad service as they charged extra for booking .,5,2026-07-28 10:34:26 UTC,0,play_store,very bad service as they charged extra for booking .,bad service charge extra booking,False,noise,,,no category-exploration signal
superb App..very smooth functioning and reliable products,5,2026-07-28 10:33:45 UTC,0,play_store,superb App..very smooth functioning and reliable products,superb appvery smooth function reliable product,False,noise,,,no category-exploration signal
the best service in the world,5,2026-07-28 10:32:20 UTC,0,play_store,the best service in the world,best service world,False,noise,,,no category-exploration signal
"a delivery person was arrogant and rude . even after complaint in support no update, no message, no credibility. what is this blinkit",1,2026-07-28 10:31:43 UTC,0,play_store,"a delivery person was arrogant and rude . even after complaint in support no update, no message, no credibility. what is this blinkit",delivery person arrogant rude even complaint support update message credibility blinkit,False,noise,,,no category-exploration signal
superb app,5,2026-07-28 10:30:47 UTC,0,play_store,superb app,superb app,False,noise,,,short generic praise/complaint without category cues
very good platform for instant delivery,5,2026-07-28 10:29:07 UTC,0,play_store,very good platform for instant delivery,good platform instant delivery,False,noise,,,no category-exploration signal
very easy sir,5,2026-07-28 10:26:55 UTC,0,play_store,very easy sir,easy sir,False,noise,,,no category-exploration signal
Did not receive all the products I paid for(online payment),1,2026-07-28 10:26:54 UTC,0,play_store,Did not receive all the products I paid for(online payment),receive product pay foronline payment,False,noise,,,no category-exploration signal
This app is for what if it cannot service in my area (biswanath chariali🤣),1,2026-07-28 10:25:31 UTC,0,play_store,This app is for what if it cannot service in my area (biswanath chariali🤣),app service area biswanath chariali,True,unclear,coverage_or_eta,,category or barrier cues without clear funnel stage
too much late order. give that deliver the items in 8 minute and then delivered order in 20 to 30 minutes blinkts too late but product are god but there is no coupon or free delivery only give unnecessarily charge .....,2,2026-07-28 10:24:35 UTC,0,play_store,too much late order. give that deliver the items in 8 minute and then delivered order in 20 to 30 minutes blinkts too late but product are god but there is no coupon or free delivery only give unnecessarily charge .....,much late order give deliver item 8 minute deliver order 20 30 minute blinkts late product god coupon free delivery give unnecessarily charge,True,unclear,coverage_or_eta,,category or barrier cues without clear funnel stage
"MULTIGRAIN BREAD is packed dated 23.07.2026 , not satisfied, I will avoid blinkit",1,2026-07-28 10:24:21 UTC,0,play_store,"MULTIGRAIN BREAD is packed dated 23.07.2026 , not satisfied, I will avoid blinkit",multigrain bread pack dated 23072026 satisfied avoid blinkit,False,noise,,,no category-exploration signal
ambulance blinkit ki hi ho. time pe to aayega.,5,2026-07-28 10:22:03 UTC,0,play_store,ambulance blinkit ki hi ho. time pe to aayega.,ambulance blinkit ki hi ho time pe aayega,False,noise,,,no category-exploration signal
"I am a fan of blinkit, how to use extra money, in good work wow, like ambulance service so many more coming. good app amazing service, next level.",5,2026-07-28 10:21:36 UTC,0,play_store,"I am a fan of blinkit, how to use extra money, in good work wow, like ambulance service so many more coming. good app amazing service, next level.",fan blinkit use extra money good work wow like ambulance service many come good app amaze service next level,False,noise,,,no category-exploration signal
more items not available in this app ...try to stock all items,3,2026-07-28 10:21:11 UTC,0,play_store,more items not available in this app ...try to stock all items,item available app try stock item,True,want_to_explore_blocked,coverage_or_eta|assortment_gap,,intent or category talk with friction/barrier cues
prices are high for more commodities through this platform,5,2026-07-28 10:19:39 UTC,0,play_store,prices are high for more commodities through this platform,price high commodity platform,True,want_to_explore_blocked,price_uncertainty_new_category,grocery,intent or category talk with friction/barrier cues
wow nice nice good app,5,2026-07-28 10:19:01 UTC,0,play_store,wow nice nice good app,wow nice nice good app,False,noise,,,no category-exploration signal
good app easy for daily use,5,2026-07-28 10:17:06 UTC,0,play_store,good app easy for daily use,good app easy daily use,True,stuck_in_routine,,,routine/reorder language without exploration intent
very very good,5,2026-07-28 10:16:34 UTC,0,play_store,very very good,good,False,noise,,,no category-exploration signal
worst customer service I am trying from 2 days to get help but no one is helping only chatbot gave reply and stuck on assigning you a assistant,1,2026-07-28 10:15:16 UTC,0,play_store,worst customer service I am trying from 2 days to get help but no one is helping only chatbot gave reply and stuck on assigning you a assistant,worst customer service try 2 day get help one help chatbot give reply stuck assigning assistant,False,noise,,,no category-exploration signal
it is very fast and easy to,5,2026-07-28 10:13:46 UTC,0,play_store,it is very fast and easy to,fast easy,False,noise,,,no category-exploration signal
"Very disappointed with Blinkit. My order was delivered with a missing item (Cadbury Dairy Milk Mini Treats worth ₹149). I reported it immediately and even tried calling the delivery partner, but received no response. Blinkit rejected my complaint based only on internal records without providing any evidence that the item was packed or delivered. After multiple follow-ups and no fair resolution, I had to escalate the matter to the National Consumer Helpline. Poor customer support.",1,2026-07-28 10:11:12 UTC,0,play_store,"Very disappointed with Blinkit. My order was delivered with a missing item (Cadbury Dairy Milk Mini Treats worth ₹149). I reported it immediately and even tried calling the delivery partner, but received no response. Blinkit rejected my complaint based only on internal records without providing any evidence that the item was packed or delivered. After multiple follow-ups and no fair resolution, I had to escalate the matter to the National Consumer Helpline. Poor customer support.",disappointed blinkit order deliver miss item cadbury dairy milk mini treat worth report immediately even try call delivery partner receive response blinkit reject complaint base internal record without provide evidence item pack delivered multiple followup fair resolution escalate matter national consumer helpline poor customer support,True,want_to_explore_blocked,coverage_or_eta|assortment_gap,grocery,intent or category talk with friction/barrier cues
very bad experience because 2 time I ordered blinkit delivered rong and defective product,1,2026-07-28 10:10:34 UTC,0,play_store,very bad experience because 2 time I ordered blinkit delivered rong and defective product,bad experience 2 time order blinkit deliver rong defective product,False,noise,,,no category-exploration signal
Always comes with the last second help,5,2026-07-28 10:10:01 UTC,0,play_store,Always comes with the last second help,always come last second help,True,stuck_in_routine,,,routine/reorder language without exploration intent
very fast service and good 🥑🥝,5,2026-07-28 10:08:51 UTC,0,play_store,very fast service and good 🥑🥝,fast service good,False,noise,,,no category-exploration signal
it is helpful,4,2026-07-28 10:07:26 UTC,0,play_store,it is helpful,helpful,False,noise,,,no category-exploration signal
"Default This is extremely disappointing. This is not the first time I have faced this issue with Blinkit. I ordered Fortune Rozana Gold Basmati Rice expecting good-quality, full-length grains, but I received rice with a large number of broken grains. Despite reporting the issue with clear details, my complaint was not resolved. As a customer, I expect quality products and fair customer support. Ignoring genuine quality issues and refusing to provide a proper resolution is unacceptable. I have",1,2026-07-28 10:05:26 UTC,0,play_store,"Default This is extremely disappointing. This is not the first time I have faced this issue with Blinkit. I ordered Fortune Rozana Gold Basmati Rice expecting good-quality, full-length grains, but I received rice with a large number of broken grains. Despite reporting the issue with clear details, my complaint was not resolved. As a customer, I expect quality products and fair customer support. Ignoring genuine quality issues and refusing to provide a proper resolution is unacceptable. I have",default extremely disappointing first time face issue blinkit order fortune rozana gold basmati rice expect goodquality fulllength grain receive rice large number break grain despite report issue clear detail complaint resolve customer expect quality product fair customer support ignore genuine quality issue refuse provide proper resolution unacceptable,True,explored_new,dont_trust_quality_for_new_category,grocery,mentions trying/buying beyond routine categories
order procecc is easy,5,2026-07-28 10:00:29 UTC,0,play_store,order procecc is easy,order procecc easy,False,noise,,,no category-exploration signal
👌👌👌,5,2026-07-28 10:00:08 UTC,0,play_store,👌👌👌,👌👌👌,False,noise,,,no category-exploration signal
nyc service,5,2026-07-28 09:59:11 UTC,0,play_store,nyc service,nyc service,False,noise,,,no category-exploration signal
"great , fast delivery, wish more items were added",4,2026-07-28 09:58:42 UTC,0,play_store,"great , fast delivery, wish more items were added",great fast delivery wish item add,False,noise,,,no category-exploration signal
"want to suggest, try to deliver product neat and clean where manufacturing date is clearly visible",2,2026-07-28 09:55:29 UTC,0,play_store,"want to suggest, try to deliver product neat and clean where manufacturing date is clearly visible",want suggest try deliver product neat clean manufacturing date clearly visible,False,noise,,,no category-exploration signal
bad app . bad customer service,1,2026-07-28 09:55:18 UTC,0,play_store,bad app . bad customer service,bad app bad customer service,False,noise,,,no category-exploration signal
very fast service 🐕‍🦺,5,2026-07-28 09:53:01 UTC,0,play_store,very fast service 🐕‍🦺,fast service,False,noise,,,no category-exploration signal
door tak nhi laye,1,2026-07-28 09:51:14 UTC,0,play_store,door tak nhi laye,door tak nhi laye,False,noise,,,no category-exploration signal
it's so good thank you❤,5,2026-07-28 09:51:13 UTC,0,play_store,it's so good thank you❤,good thank,False,noise,,,no category-exploration signal
nice delivery app,5,2026-07-28 09:51:05 UTC,0,play_store,nice delivery app,nice delivery app,False,noise,,,no category-exploration signal
this very good,5,2026-07-28 09:50:51 UTC,0,play_store,this very good,good,False,noise,,,no category-exploration signal
"Blinkit is really a amazing app, everytime.they give easy refunds and instant response to resolve my problem💗😭",5,2026-07-28 09:46:36 UTC,0,play_store,"Blinkit is really a amazing app, everytime.they give easy refunds and instant response to resolve my problem💗😭",blinkit really amazing app everytimethey give easy refund instant response resolve problem,True,want_to_explore_blocked,dont_trust_quality_for_new_category,,intent or category talk with friction/barrier cues
payment is too much,5,2026-07-28 09:45:58 UTC,1,play_store,payment is too much,payment much,False,noise,,,no category-exploration signal
best app for everyone,5,2026-07-28 09:44:51 UTC,0,play_store,best app for everyone,best app everyone,False,noise,,,short generic praise/complaint without category cues
very nice work 👍🏻😃,5,2026-07-28 09:44:35 UTC,0,play_store,very nice work 👍🏻😃,nice work,False,noise,,,no category-exploration signal
customer care service is not available so payment query is not managed.my payment is done but item is not delivered.what is the process of return My payment.,3,2026-07-28 09:40:59 UTC,1,play_store,customer care service is not available so payment query is not managed.my payment is done but item is not delivered.what is the process of return My payment.,customer care service available payment query managedmy payment do item deliveredwhat process return payment,True,want_to_explore_blocked,dont_trust_quality_for_new_category|coverage_or_eta|assortment_gap,,intent or category talk with friction/barrier cues
little bit costly,4,2026-07-28 09:40:35 UTC,0,play_store,little bit costly,little bit costly,True,want_to_explore_blocked,price_uncertainty_new_category,,intent or category talk with friction/barrier cues
all item not good,1,2026-07-28 09:39:20 UTC,0,play_store,all item not good,item good,False,noise,,,no category-exploration signal
great😃,5,2026-07-28 09:35:13 UTC,0,play_store,great😃,great,False,noise,,,no category-exploration signal
Easy and Fast,5,2026-07-28 09:33:44 UTC,0,play_store,Easy and Fast,easy fast,False,noise,,,no category-exploration signal
. thank you 😊,5,2026-07-28 09:31:41 UTC,0,play_store,. thank you 😊,thank,False,noise,,,no category-exploration signal
ok -ok,4,2026-07-28 09:31:13 UTC,0,play_store,ok -ok,ok ok,False,noise,,,short generic praise/complaint without category cues
excellent app 😃,5,2026-07-28 09:30:23 UTC,0,play_store,excellent app 😃,excellent app,False,noise,,,no category-exploration signal
not good experience. i placed order of spine gourd and also pay for that but in order not received fully. i complained for that but didn't get solution. worst application. i share my order id by mail. resolve my complain.,1,2026-07-28 09:27:51 UTC,0,play_store,not good experience. i placed order of spine gourd and also pay for that but in order not received fully. i complained for that but didn't get solution. worst application. i share my order id by mail. resolve my complain.,good experience place order spine gourd also pay order receive fully complain didnt get solution bad application share order id mail resolve complain,False,noise,,,no category-exploration signal
best app ...deliver in mints ..👍🏻,5,2026-07-28 09:26:47 UTC,0,play_store,best app ...deliver in mints ..👍🏻,best app deliver mint,False,noise,,,no category-exploration signal
poor quality products and no response from the customer support,1,2026-07-28 09:26:13 UTC,0,play_store,poor quality products and no response from the customer support,poor quality product response customer support,True,want_to_explore_blocked,dont_trust_quality_for_new_category,,intent or category talk with friction/barrier cues
the app is good but there is one problem that it is not free delivery tell me not at the items still 199 but there should be rs 100 that would be more suitable,4,2026-07-28 09:25:42 UTC,0,play_store,the app is good but there is one problem that it is not free delivery tell me not at the items still 199 but there should be rs 100 that would be more suitable,app good one problem free delivery tell item still 199 rs 100 would suitable,False,noise,,,no category-exploration signal
Best app 👌,5,2026-07-28 09:22:03 UTC,0,play_store,Best app 👌,best app,False,noise,,,short generic praise/complaint without category cues
way too much delay,1,2026-07-28 09:19:37 UTC,0,play_store,way too much delay,way much delay,True,unclear,coverage_or_eta,,category or barrier cues without clear funnel stage
nyc❤️,5,2026-07-28 09:18:37 UTC,0,play_store,nyc❤️,nyc,False,noise,,,no category-exploration signal
why always cod is not available on the app 😡😡😡😡😡😡😡😡😡😐,1,2026-07-28 09:16:18 UTC,0,play_store,why always cod is not available on the app 😡😡😡😡😡😡😡😡😡😐,always cod available app,True,want_to_explore_blocked,coverage_or_eta|assortment_gap,,intent or category talk with friction/barrier cues
i love blinkit but it is not available in my city please get you make it available .,4,2026-07-28 09:14:30 UTC,0,play_store,i love blinkit but it is not available in my city please get you make it available .,love blinkit available city please get make available,True,want_to_explore_blocked,coverage_or_eta|assortment_gap,,intent or category talk with friction/barrier cues
Overall experience is ok .But once they sent me a 1 Litre detergent which had only 400 ml .They offered replacement but thats not the point .Icaught it bcoz it felt light .,3,2026-07-28 09:12:20 UTC,1,play_store,Overall experience is ok .But once they sent me a 1 Litre detergent which had only 400 ml .They offered replacement but thats not the point .Icaught it bcoz it felt light .,overall experience ok send 1 litre detergent 400 ml offer replacement thats point icaught bcoz felt light,True,unclear,,home,category or barrier cues without clear funnel stage
amazing 😍,5,2026-07-28 09:11:50 UTC,0,play_store,amazing 😍,amaze,False,noise,,,no category-exploration signal
is areaa me store mere se 1 km dur he fir bhi delivery nahi dete man chahe order available or man chahe order unavailable kitne din se request kr raha hu lekin koi sollution nahi he isse achha big basket,1,2026-07-28 09:11:01 UTC,0,play_store,is areaa me store mere se 1 km dur he fir bhi delivery nahi dete man chahe order available or man chahe order unavailable kitne din se request kr raha hu lekin koi sollution nahi he isse achha big basket,areaa store mere se 1 km dur fir bhi delivery nahi dete man chahe order available man chahe order unavailable kitne din se request kr raha hu lekin koi sollution nahi isse achha big basket,False,noise,,,no category-exploration signal
blink it take extra money for making an excuses 3rd class app,1,2026-07-28 09:09:35 UTC,0,play_store,blink it take extra money for making an excuses 3rd class app,blink take extra money making excuse 3rd class app,False,noise,,,no category-exploration signal
👍🏻🙂 nice,5,2026-07-28 09:06:01 UTC,0,play_store,👍🏻🙂 nice,nice,False,noise,,,no category-exploration signal
Great effort by mirayam & blinkit team in delivery of food to a poor and deserving girl in Jharkhand kudos to you,5,2026-07-28 09:05:32 UTC,0,play_store,Great effort by mirayam & blinkit team in delivery of food to a poor and deserving girl in Jharkhand kudos to you,great effort mirayam blinkit team delivery food poor deserve girl jharkhand kudos,False,noise,,,no category-exploration signal
Very Nice Services,5,2026-07-28 09:05:15 UTC,0,play_store,Very Nice Services,nice service,False,noise,,,no category-exploration signal
best experience low price in very nice product I buy guitar from blinkit,5,2026-07-28 09:03:58 UTC,0,play_store,best experience low price in very nice product I buy guitar from blinkit,best experience low price nice product buy guitar blinkit,True,want_to_explore_blocked,price_uncertainty_new_category,grocery,intent or category talk with friction/barrier cues
very mast h mazaaa aa jayga saman kharid ke itni jldi delivery,5,2026-07-28 08:59:38 UTC,0,play_store,very mast h mazaaa aa jayga saman kharid ke itni jldi delivery,mast h mazaaa aa jayga saman kharid ke itni jldi delivery,False,noise,,,no category-exploration signal
"charge more, expensive, take extra unnecessary charges",1,2026-07-28 08:57:27 UTC,0,play_store,"charge more, expensive, take extra unnecessary charges",charge expensive take extra unnecessary charge,True,want_to_explore_blocked,price_uncertainty_new_category,,intent or category talk with friction/barrier cues
what the app is this never visit in exact location,1,2026-07-28 08:56:47 UTC,0,play_store,what the app is this never visit in exact location,app never visit exact location,True,unclear,coverage_or_eta,,category or barrier cues without clear funnel stage
made life easier,4,2026-07-28 08:56:26 UTC,0,play_store,made life easier,make life easy,False,noise,,,no category-exploration signal
Best 👍💯,5,2026-07-28 08:55:28 UTC,0,play_store,Best 👍💯,best,False,noise,,,no category-exploration signal
this is one of the best delivery app come in 10 minute,5,2026-07-28 08:50:54 UTC,0,play_store,this is one of the best delivery app come in 10 minute,one best delivery app come 10 minute,False,noise,,,no category-exploration signal
mera order ni receive hua or pese cut gye,1,2026-07-28 08:48:03 UTC,0,play_store,mera order ni receive hua or pese cut gye,mera order ni receive hua pese cut gye,False,noise,,,no category-exploration signal
best app for ever,5,2026-07-28 08:37:48 UTC,0,play_store,best app for ever,best app ever,False,noise,,,short generic praise/complaint without category cues
always ready and quick,5,2026-07-28 08:36:37 UTC,0,play_store,always ready and quick,always ready quick,True,stuck_in_routine,,,routine/reorder language without exploration intent
but don't shows best and cheapest price,4,2026-07-28 08:34:02 UTC,0,play_store,but don't shows best and cheapest price,dont show best cheap price,True,want_to_explore_blocked,price_uncertainty_new_category,grocery,intent or category talk with friction/barrier cues
extra leta h,1,2026-07-28 08:33:26 UTC,0,play_store,extra leta h,extra leta h,False,noise,,,no category-exploration signal
very good. 👍,5,2026-07-28 08:30:02 UTC,0,play_store,very good. 👍,good,False,noise,,,no category-exploration signal
easy to order,5,2026-07-28 08:29:57 UTC,0,play_store,easy to order,easy order,False,noise,,,no category-exploration signal
they send me spillage items and when I try to complaint they didn't assign a support executive for one hr still waiting for there response,1,2026-07-28 08:29:18 UTC,0,play_store,they send me spillage items and when I try to complaint they didn't assign a support executive for one hr still waiting for there response,send spillage item try complaint didnt assign support executive one hr still wait response,False,noise,,,no category-exploration signal
Quick delivery Polite support team Variety of products,5,2026-07-28 08:23:19 UTC,0,play_store,Quick delivery Polite support team Variety of products,quick delivery polite support team variety product,False,noise,,,no category-exploration signal
"last minute app, doing fab, rate is little high but everything is available",5,2026-07-28 08:17:03 UTC,0,play_store,"last minute app, doing fab, rate is little high but everything is available",last minute app fab rate little high everything available,False,noise,,,no category-exploration signal
absolutely night service,5,2026-07-28 08:16:35 UTC,0,play_store,absolutely night service,absolutely night service,False,noise,,,no category-exploration signal
not delivered properly...items were leaking.. all items got leaked and not good...,1,2026-07-28 08:15:50 UTC,0,play_store,not delivered properly...items were leaking.. all items got leaked and not good...,deliver properlyitems leak item get leaked good,False,noise,,,no category-exploration signal
first time check your service,3,2026-07-28 08:14:26 UTC,1,play_store,first time check your service,first time check service,True,unclear,,,category or barrier cues without clear funnel stage
"Very fast delivery,everything of need is available",5,2026-07-28 08:13:32 UTC,0,play_store,"Very fast delivery,everything of need is available",fast deliveryeverything need available,False,noise,,,no category-exploration signal
order missing more please check before you receive the order neither you cannot get money,1,2026-07-28 08:10:37 UTC,0,play_store,order missing more please check before you receive the order neither you cannot get money,order miss please check receive order neither get money,True,want_to_explore_blocked,assortment_gap,,intent or category talk with friction/barrier cues
great app from great people with great services,5,2026-07-28 08:10:05 UTC,0,play_store,great app from great people with great services,great app great people great service,False,noise,,,no category-exploration signal
one of the worst app they are something that i didn't even order and also they didn't give me what i ordered and they say they can't resolve this issue seriously i want my replacements and refunddddddddddddddd,1,2026-07-28 08:08:42 UTC,0,play_store,one of the worst app they are something that i didn't even order and also they didn't give me what i ordered and they say they can't resolve this issue seriously i want my replacements and refunddddddddddddddd,one bad app something didnt even order also didnt give ordered say cant resolve issue seriously want replacement refunddddddddddddddd,True,want_to_explore_blocked,dont_trust_quality_for_new_category,,intent or category talk with friction/barrier cues
I luv it🙌,5,2026-07-28 08:08:29 UTC,0,play_store,I luv it🙌,luv,False,noise,,,no category-exploration signal
very fast and good behaviour of delivery man,5,2026-07-28 08:07:03 UTC,0,play_store,very fast and good behaviour of delivery man,fast good behaviour delivery man,False,noise,,,no category-exploration signal
sometimes order change or damaged,4,2026-07-28 08:04:32 UTC,0,play_store,sometimes order change or damaged,sometimes order change damage,True,want_to_explore_blocked,dont_trust_quality_for_new_category,,intent or category talk with friction/barrier cues
u could Add some medical things and can make it as a 10 min amazon,4,2026-07-28 08:04:31 UTC,0,play_store,u could Add some medical things and can make it as a 10 min amazon,u could add medical thing make 10 min amazon,False,noise,,,no category-exploration signal
good work bu blinkit,5,2026-07-28 08:04:03 UTC,0,play_store,good work bu blinkit,good work bu blinkit,False,noise,,,no category-exploration signal
super fast delivery of quality items.,5,2026-07-28 08:01:26 UTC,0,play_store,super fast delivery of quality items.,super fast delivery quality item,True,want_to_explore_blocked,dont_trust_quality_for_new_category,,intent or category talk with friction/barrier cues
best dilevery app,5,2026-07-28 08:01:25 UTC,0,play_store,best dilevery app,best dilevery app,False,noise,,,no category-exploration signal
This platform always provides lesser quantity than stated in its app. Never order fruits and vegetables from Blinkit. If you reach their customer care they will ask you to weigh and give proof like customer is supposed to keep weighing machine in their house,1,2026-07-28 08:00:07 UTC,0,play_store,This platform always provides lesser quantity than stated in its app. Never order fruits and vegetables from Blinkit. If you reach their customer care they will ask you to weigh and give proof like customer is supposed to keep weighing machine in their house,platform always provide less quantity state app never order fruit vegetable blinkit reach customer care ask weigh give proof like customer suppose keep weigh machine house,True,stuck_in_routine,,grocery,routine/reorder language without exploration intent
❤️✨,5,2026-07-28 07:59:49 UTC,0,play_store,❤️✨,❤️✨,False,noise,,,no category-exploration signal
"worst customer service product not replacing and refund, money waste blinkit products, don't buy from blinkit",1,2026-07-28 07:59:44 UTC,0,play_store,"worst customer service product not replacing and refund, money waste blinkit products, don't buy from blinkit",worst customer service product replace refund money waste blinkit product dont buy blinkit,True,want_to_explore_blocked,dont_trust_quality_for_new_category,,intent or category talk with friction/barrier cues
ULTIMATE PRODUCT & ULTIMATE DISCOUNT PRICE,5,2026-07-28 07:59:08 UTC,0,play_store,ULTIMATE PRODUCT & ULTIMATE DISCOUNT PRICE,ultimate product ultimate discount price,True,want_to_explore_blocked,price_uncertainty_new_category,grocery,intent or category talk with friction/barrier cues
Greater than expected,4,2026-07-28 07:58:36 UTC,0,play_store,Greater than expected,great expect,False,noise,,,no category-exploration signal
Very fast delivery and very awesome thank you blinkit app today I order second time very fast delivery thank you so much blinkit,5,2026-07-28 07:56:46 UTC,0,play_store,Very fast delivery and very awesome thank you blinkit app today I order second time very fast delivery thank you so much blinkit,fast delivery awesome thank blinkit app today order second time fast delivery thank much blinkit,False,noise,,,no category-exploration signal
blinkit is very good work and right time delivered your product.,5,2026-07-28 07:56:04 UTC,0,play_store,blinkit is very good work and right time delivered your product.,blinkit good work right time deliver product,False,noise,,,no category-exploration signal
"like your service, really very helpful this 10 min service. one suggestion you dont need to give big paper bag. i can directly collect my stuff from your delivery man.",5,2026-07-28 07:54:11 UTC,0,play_store,"like your service, really very helpful this 10 min service. one suggestion you dont need to give big paper bag. i can directly collect my stuff from your delivery man.",like service really helpful 10 min service one suggestion dont need give big paper bag directly collect stuff delivery man,False,noise,,,no category-exploration signal
Mohd Ramzan 👍,5,2026-07-28 07:51:34 UTC,0,play_store,Mohd Ramzan 👍,mohd ramzan,False,noise,,,no category-exploration signal
Too Bad experience also customer care not responding positively,1,2026-07-28 07:51:06 UTC,0,play_store,Too Bad experience also customer care not responding positively,bad experience also customer care respond positively,False,noise,,,no category-exploration signal
"Mera money account se cut gaya,order nahi hua ,money refunded nahi hua , 5 - 7 working day se jyada ho gya ,kiya refund nahi hota hai blinkit pe , next time se aap use nahi karunga ,very disappointed, ordered fail wala aap se remove ho gaya hai,jo order hua received kiye wahi sirf show kar raha hai",1,2026-07-28 07:50:22 UTC,0,play_store,"Mera money account se cut gaya,order nahi hua ,money refunded nahi hua , 5 - 7 working day se jyada ho gya ,kiya refund nahi hota hai blinkit pe , next time se aap use nahi karunga ,very disappointed, ordered fail wala aap se remove ho gaya hai,jo order hua received kiye wahi sirf show kar raha hai",mera money account se cut gayaorder nahi hua money refund nahi hua 5 7 work day se jyada ho gya kiya refund nahi hota hai blinkit pe next time se aap use nahi karunga disappoint ordered fail wala aap se remove ho gaya haijo order hua receive kiye wahi sirf show kar raha hai,True,want_to_explore_blocked,dont_trust_quality_for_new_category,,intent or category talk with friction/barrier cues
this app is very fast delivery,5,2026-07-28 07:49:02 UTC,0,play_store,this app is very fast delivery,app fast delivery,False,noise,,,no category-exploration signal
"as the first time the buyer ordered a boatt c-c charger with adapter and received only cable, delivery person is not taking responsibility, and help and support is totally missing, this feels like a scam to me",1,2026-07-28 07:49:01 UTC,0,play_store,"as the first time the buyer ordered a boatt c-c charger with adapter and received only cable, delivery person is not taking responsibility, and help and support is totally missing, this feels like a scam to me",first time buyer order boatt cc charger adapter receive cable delivery person take responsibility help support totally miss feel like scam,True,explored_new,assortment_gap,electronics,mentions trying/buying beyond routine categories
bahut badhiya,5,2026-07-28 07:47:47 UTC,0,play_store,bahut badhiya,bahut badhiya,False,noise,,,no category-exploration signal
"abhi kya review dene ka inko, sab ek jaiseeeEe h😂😂",1,2026-07-28 07:45:17 UTC,0,play_store,"abhi kya review dene ka inko, sab ek jaiseeeEe h😂😂",abhi kya review dene ka inko sab ek jaiseeeee h,False,noise,,,no category-exploration signal
just WOW,5,2026-07-28 07:45:05 UTC,0,play_store,just WOW,wow,False,noise,,,no category-exploration signal
veerrry ggggggoooooodddddddd,5,2026-07-28 07:41:28 UTC,0,play_store,veerrry ggggggoooooodddddddd,veerrry ggggggoooooodddddddd,False,noise,,,no category-exploration signal
"Yes helpful app in this monsoon no other apps delivered any more products but blinkit is still in the field in this situation, but his Dilevry partner is so liaer he don't deliver the product, he stolen my product",5,2026-07-28 07:40:02 UTC,0,play_store,"Yes helpful app in this monsoon no other apps delivered any more products but blinkit is still in the field in this situation, but his Dilevry partner is so liaer he don't deliver the product, he stolen my product",yes helpful app monsoon apps deliver product blinkit still field situation dilevry partner liaer dont deliver product steal product,False,noise,,,no category-exploration signal
wrong item received but body ready to listen,1,2026-07-28 07:39:38 UTC,0,play_store,wrong item received but body ready to listen,wrong item receive body ready listen,False,noise,,,no category-exploration signal
very nice thnx blinkit to provide service at home❤️,5,2026-07-28 07:39:06 UTC,0,play_store,very nice thnx blinkit to provide service at home❤️,nice thnx blinkit provide service home,True,unclear,,home,category or barrier cues without clear funnel stage
kharab sade huye vegetables delivery,2,2026-07-28 07:36:26 UTC,1,play_store,kharab sade huye vegetables delivery,kharab sade huye vegetable delivery,True,unclear,,grocery,category or barrier cues without clear funnel stage
best delivery app ever 🫶🏻,5,2026-07-28 07:33:39 UTC,0,play_store,best delivery app ever 🫶🏻,best delivery app ever,False,noise,,,no category-exploration signal
very nice and trusted,5,2026-07-28 07:33:17 UTC,0,play_store,very nice and trusted,nice trust,True,want_to_explore_blocked,dont_trust_quality_for_new_category,,intent or category talk with friction/barrier cues
Awesome interface and service experience,5,2026-07-28 07:32:26 UTC,0,play_store,Awesome interface and service experience,awesome interface service experience,False,noise,,,no category-exploration signal
fast Dilevery parsal,4,2026-07-28 07:30:54 UTC,0,play_store,fast Dilevery parsal,fast dilevery parsal,False,noise,,,no category-exploration signal
i am impressed 💯😁,5,2026-07-28 07:27:52 UTC,0,play_store,i am impressed 💯😁,impressed,False,noise,,,no category-exploration signal
don't help any Time,1,2026-07-28 07:27:45 UTC,0,play_store,don't help any Time,dont help time,False,noise,,,no category-exploration signal
amazing app and services,5,2026-07-28 07:24:11 UTC,0,play_store,amazing app and services,amaze app service,False,noise,,,no category-exploration signal
really good service,5,2026-07-28 07:22:47 UTC,0,play_store,really good service,really good service,False,noise,,,no category-exploration signal
"Bought an item at 29, ended up paying 89 for the product. 2km distance and charging 30 rupees for delivery, 20 for small cart charges and 10 rupees for handling charges. is there not any percentage of the product price to apply these charges? i orefer to uninstall once the order is delivered.",1,2026-07-28 07:22:34 UTC,0,play_store,"Bought an item at 29, ended up paying 89 for the product. 2km distance and charging 30 rupees for delivery, 20 for small cart charges and 10 rupees for handling charges. is there not any percentage of the product price to apply these charges? i orefer to uninstall once the order is delivered.",bought item 29 end pay 89 product 2km distance charge 30 rupee delivery 20 small cart charge 10 rupee handle charge percentage product price apply charge orefer uninstall order deliver,True,want_to_explore_blocked,price_uncertainty_new_category,grocery,intent or category talk with friction/barrier cues
good but give gift on my birthday dx,4,2026-07-28 07:20:51 UTC,0,play_store,good but give gift on my birthday dx,good give gift birthday dx,False,noise,,,no category-exploration signal
"They never refunded for the wrong product delivery ,returned also but still no refund 👎👎. Disappointing . UNINSTALLED.",1,2026-07-28 07:20:17 UTC,0,play_store,"They never refunded for the wrong product delivery ,returned also but still no refund 👎👎. Disappointing . UNINSTALLED.",never refund wrong product delivery return also still refund disappoint uninstalled,True,want_to_explore_blocked,dont_trust_quality_for_new_category,,intent or category talk with friction/barrier cues
very disappointed with the return policy of this app I have ordered 100 plus products on this app but I wanted to return one product but they will not do it 100 excuses against state very disappointed and so uninstalling it,1,2026-07-28 07:19:59 UTC,0,play_store,very disappointed with the return policy of this app I have ordered 100 plus products on this app but I wanted to return one product but they will not do it 100 excuses against state very disappointed and so uninstalling it,disappointed return policy app order 100 plus product app want return one product 100 excuse state disappoint uninstalling,True,want_to_explore_blocked,dont_trust_quality_for_new_category,,intent or category talk with friction/barrier cues
best app. 😚😚,5,2026-07-28 07:18:03 UTC,0,play_store,best app. 😚😚,best app,False,noise,,,short generic praise/complaint without category cues
"costing compare to other platforms, hidden charges always lies with chor blinkit",1,2026-07-28 07:16:30 UTC,0,play_store,"costing compare to other platforms, hidden charges always lies with chor blinkit",cost compare platform hide charge always lie chor blinkit,True,stuck_in_routine,,,routine/reorder language without exploration intent
sometimes quality not good and it's very difficult to return it. when it's not good you should make arrangement to take back on the spot of delivery,3,2026-07-28 07:13:58 UTC,1,play_store,sometimes quality not good and it's very difficult to return it. when it's not good you should make arrangement to take back on the spot of delivery,sometimes quality good difficult return good make arrangement take back spot delivery,True,want_to_explore_blocked,dont_trust_quality_for_new_category,,intent or category talk with friction/barrier cues
very nice 👍🏻👍🏻👍🏻,5,2026-07-28 07:13:46 UTC,0,play_store,very nice 👍🏻👍🏻👍🏻,nice,False,noise,,,no category-exploration signal
the best app for ordering....easy to order and fast delivery,5,2026-07-28 07:12:26 UTC,0,play_store,the best app for ordering....easy to order and fast delivery,best app orderingeasy order fast delivery,False,noise,,,no category-exploration signal
"getting delivered in last minute is something to be appreciated, I really liked ur services like well packed without plastic used and safely delivered on time or sometimes earlier. delivery agents deserve to be thankful for their services. Thank you🙌🏻",4,2026-07-28 07:06:08 UTC,0,play_store,"getting delivered in last minute is something to be appreciated, I really liked ur services like well packed without plastic used and safely delivered on time or sometimes earlier. delivery agents deserve to be thankful for their services. Thank you🙌🏻",get deliver last minute something appreciate really like ur service like well pack without plastic use safely delivered time sometimes earlier delivery agent deserve thankful service thank,False,noise,,,no category-exploration signal
bhut axa app hai,5,2026-07-28 07:03:34 UTC,0,play_store,bhut axa app hai,bhut axa app hai,False,noise,,,no category-exploration signal
very good👍,5,2026-07-28 07:03:05 UTC,0,play_store,very good👍,good,False,noise,,,no category-exploration signal
This is the best,5,2026-07-28 07:02:09 UTC,0,play_store,This is the best,best,False,noise,,,no category-exploration signal
some time never come at door step,4,2026-07-28 07:00:59 UTC,0,play_store,some time never come at door step,time never come door step,False,noise,,,no category-exploration signal
worst behavior of your delivery partner very worst means very worst I was try to cancle the order but it won't if it is like this how can we order again in your store very worst I will never purchase anything from you,1,2026-07-28 06:56:02 UTC,0,play_store,worst behavior of your delivery partner very worst means very worst I was try to cancle the order but it won't if it is like this how can we order again in your store very worst I will never purchase anything from you,worst behavior delivery partner bad mean worst try cancle order wont like order store worst never purchase anything,False,noise,,,no category-exploration signal
for instance delivery but very expensives,4,2026-07-28 06:55:09 UTC,0,play_store,for instance delivery but very expensives,instance delivery expensives,True,want_to_explore_blocked,price_uncertainty_new_category,,intent or category talk with friction/barrier cues
this is amazing,5,2026-07-28 06:53:34 UTC,0,play_store,this is amazing,amaze,False,noise,,,no category-exploration signal
Different variety and different sizes of products not available.,1,2026-07-28 06:53:17 UTC,0,play_store,Different variety and different sizes of products not available.,different variety different size product available,True,want_to_explore_blocked,coverage_or_eta|assortment_gap,,intent or category talk with friction/barrier cues
They deliver the wrong product and then stall when it comes to the return process.,1,2026-07-28 06:48:42 UTC,0,play_store,They deliver the wrong product and then stall when it comes to the return process.,deliver wrong product stall come return process,True,want_to_explore_blocked,dont_trust_quality_for_new_category,,intent or category talk with friction/barrier cues
Items and especially the delivery boy both are too good. thank you for such prompt services. keep it up. Radhe Radhe,5,2026-07-28 06:41:27 UTC,0,play_store,Items and especially the delivery boy both are too good. thank you for such prompt services. keep it up. Radhe Radhe,item especially delivery boy good thank prompt service keep radhe radhe,False,noise,,,no category-exploration signal
no doubt this app is realy nice but the prices of groceries is expensive comparing with other apps because so much of charges are there and not only charges but many things are expensive for no reason than other apps,4,2026-07-28 06:41:11 UTC,0,play_store,no doubt this app is realy nice but the prices of groceries is expensive comparing with other apps because so much of charges are there and not only charges but many things are expensive for no reason than other apps,doubt app realy nice price grocery expensive compare apps much charge charge many thing expensive reason apps,True,want_to_explore_blocked,price_uncertainty_new_category,grocery,intent or category talk with friction/barrier cues
very bad experience with customer care everyone should try unother aap,1,2026-07-28 06:39:16 UTC,0,play_store,very bad experience with customer care everyone should try unother aap,bad experience customer care everyone try unother aap,False,noise,,,no category-exploration signal
good sevice a,5,2026-07-28 06:39:12 UTC,0,play_store,good sevice a,good sevice,False,noise,,,no category-exploration signal
lightening speed delivery..,5,2026-07-28 06:37:00 UTC,0,play_store,lightening speed delivery..,lighten speed delivery,False,noise,,,no category-exploration signal
just blink it 🤗 and you will receive whatever you want 💕,5,2026-07-28 06:36:13 UTC,0,play_store,just blink it 🤗 and you will receive whatever you want 💕,blink receive whatever want,False,noise,,,no category-exploration signal
nice when ur are needed,5,2026-07-28 06:35:22 UTC,0,play_store,nice when ur are needed,nice ur need,False,noise,,,no category-exploration signal
better than others,5,2026-07-28 06:28:53 UTC,0,play_store,better than others,good others,False,noise,,,no category-exploration signal
delivery charges is very high,5,2026-07-28 06:26:12 UTC,0,play_store,delivery charges is very high,delivery charge high,False,noise,,,no category-exploration signal
nice work for blinkit,5,2026-07-28 06:25:37 UTC,0,play_store,nice work for blinkit,nice work blinkit,False,noise,,,no category-exploration signal
This is very good,5,2026-07-28 06:21:20 UTC,0,play_store,This is very good,good,False,noise,,,no category-exploration signal
mast sarvice fast delivery 5 star rating,5,2026-07-28 06:20:05 UTC,0,play_store,mast sarvice fast delivery 5 star rating,mast sarvice fast delivery 5 star rating,False,noise,,,no category-exploration signal
Best app for fastest delivery available on playstore unlike jiomart which crashes regularly blinkit never does I used to order things which are very necessary at the point of time and it never dissappointed me. A big thanks from me to the developers and delivery persons.,5,2026-07-28 06:16:56 UTC,0,play_store,Best app for fastest delivery available on playstore unlike jiomart which crashes regularly blinkit never does I used to order things which are very necessary at the point of time and it never dissappointed me. A big thanks from me to the developers and delivery persons.,best app fast delivery available playstore unlike jiomart crash regularly blinkit never use order thing necessary point time never dissappointed big thanks developer delivery person,True,stuck_in_routine,habit_reorder_only,,routine/reorder language without exploration intent
man other websites give damaged product but blinkit does not it is very good but they increased the amount to get free delivery very goood,5,2026-07-28 06:16:06 UTC,0,play_store,man other websites give damaged product but blinkit does not it is very good but they increased the amount to get free delivery very goood,man websites give damage product blinkit good increase amount get free delivery goood,True,want_to_explore_blocked,dont_trust_quality_for_new_category,,intent or category talk with friction/barrier cues
viraj residency near by,5,2026-07-28 06:15:22 UTC,0,play_store,viraj residency near by,viraj residency near,False,noise,,,no category-exploration signal
शानदार,5,2026-07-28 06:07:37 UTC,0,play_store,शानदार,शानदार,False,noise,,,no category-exploration signal
good ui,5,2026-07-28 06:07:35 UTC,0,play_store,good ui,good ui,False,noise,,,no category-exploration signal
rude delivery personel,3,2026-07-28 06:06:21 UTC,1,play_store,rude delivery personel,rude delivery personel,False,noise,,,no category-exploration signal
worst app did not deliver all items and also they did not refund my money. don't order bulk items from this app.,1,2026-07-28 06:05:27 UTC,0,play_store,worst app did not deliver all items and also they did not refund my money. don't order bulk items from this app.,bad app deliver item also refund money dont order bulk item app,True,want_to_explore_blocked,dont_trust_quality_for_new_category,,intent or category talk with friction/barrier cues
nice app 🙂👍,5,2026-07-28 06:03:03 UTC,0,play_store,nice app 🙂👍,nice app,False,noise,,,short generic praise/complaint without category cues
This Company Service is Best For emergency BEAUTIFUL App,5,2026-07-28 06:00:35 UTC,0,play_store,This Company Service is Best For emergency BEAUTIFUL App,company service best emergency beautiful app,False,noise,,,no category-exploration signal
very bad . because I order something less is coming and we are paying for that items 😞 bad experience,2,2026-07-28 05:59:15 UTC,0,play_store,very bad . because I order something less is coming and we are paying for that items 😞 bad experience,bad order something less come pay item bad experience,False,noise,,,no category-exploration signal
it's really good,5,2026-07-28 05:57:33 UTC,0,play_store,it's really good,really good,False,noise,,,no category-exploration signal
nice 👍👍👍👍👍👍👍👍👍👍,5,2026-07-28 05:57:16 UTC,0,play_store,nice 👍👍👍👍👍👍👍👍👍👍,nice,False,noise,,,no category-exploration signal
very good service 👍,5,2026-07-28 05:55:58 UTC,0,play_store,very good service 👍,good service,False,noise,,,no category-exploration signal
promoting offers through third party app and not giving cashback as mentioned,1,2026-07-28 05:54:18 UTC,0,play_store,promoting offers through third party app and not giving cashback as mentioned,promote offer third party app give cashback mention,False,noise,,,no category-exploration signal
"It's good that you're providing service to the public, but there should also be an option to return goods that don't deliver, otherwise, the customer's trust will be lost, and this isn't good for business. I love blanket But the service needs to be better.",1,2026-07-28 05:54:12 UTC,0,play_store,"It's good that you're providing service to the public, but there should also be an option to return goods that don't deliver, otherwise, the customer's trust will be lost, and this isn't good for business. I love blanket But the service needs to be better.",good youre provide service public also option return good dont deliver otherwise customer trust lose isnt good business love blanket service need well,True,want_to_explore_blocked,dont_trust_quality_for_new_category,,intent or category talk with friction/barrier cues
good job for bli plnkit people,5,2026-07-28 05:51:05 UTC,0,play_store,good job for bli plnkit people,good job bli plnkit people,False,noise,,,no category-exploration signal
"I placed a COD order for ice cream worth ₹302. At the time of delivery, I tried paying online via Google Pay. The payment initially showed as failed, so I paid ₹302 in cash to the delivery partner. However, two payments of ₹302 were deducted via Google Pay from my brother's account. I have received the refund for one, but the second payment of ₹302 is still not refunded. Since I already paid in cash, please process the refund for this extra Google Pay transaction as soon as possible",1,2026-07-28 05:50:10 UTC,0,play_store,"I placed a COD order for ice cream worth ₹302. At the time of delivery, I tried paying online via Google Pay. The payment initially showed as failed, so I paid ₹302 in cash to the delivery partner. However, two payments of ₹302 were deducted via Google Pay from my brother's account. I have received the refund for one, but the second payment of ₹302 is still not refunded. Since I already paid in cash, please process the refund for this extra Google Pay transaction as soon as possible",place cod order ice cream worth time delivery try pay online via google pay payment initially show failed pay cash delivery partner however two payment deduct via google pay brother account receive refund one second payment still refund since already pay cash please process refund extra google pay transaction soon possible,True,want_to_explore_blocked,dont_trust_quality_for_new_category,snacks,intent or category talk with friction/barrier cues
Nice 👍 hai,5,2026-07-28 05:49:10 UTC,0,play_store,Nice 👍 hai,nice hai,False,noise,,,no category-exploration signal
this is the best but it took 12 rupees handling charge which I do not understand why ?,5,2026-07-28 05:45:03 UTC,0,play_store,this is the best but it took 12 rupees handling charge which I do not understand why ?,best take 12 rupee handle charge understand,True,want_to_explore_blocked,price_uncertainty_new_category,,intent or category talk with friction/barrier cues
dry fruits items is not fresh & heavy cost,1,2026-07-28 05:43:41 UTC,0,play_store,dry fruits items is not fresh & heavy cost,dry fruit item fresh heavy cost,True,want_to_explore_blocked,dont_trust_quality_for_new_category,grocery,intent or category talk with friction/barrier cues
🤘🏾,5,2026-07-28 05:41:16 UTC,0,play_store,🤘🏾,🤘🏾,False,noise,,,no category-exploration signal
They will mention 7 days replacement in the product page but after ordering and when product does not work they will not provide replacement. scamming people. even after providing video proof they are not ready to provide replacement. scam service.,1,2026-07-28 05:40:31 UTC,0,play_store,They will mention 7 days replacement in the product page but after ordering and when product does not work they will not provide replacement. scamming people. even after providing video proof they are not ready to provide replacement. scam service.,mention 7 day replacement product page order product work provide replacement scamming people even provide video proof ready provide replacement scam service,False,noise,,,no category-exploration signal
pure product nhi bhejata missing rahata hai ab kabhi nhi mangaungi,1,2026-07-28 05:35:52 UTC,0,play_store,pure product nhi bhejata missing rahata hai ab kabhi nhi mangaungi,pure product nhi bhejata miss rahata hai ab kabhi nhi mangaungi,True,want_to_explore_blocked,assortment_gap,,intent or category talk with friction/barrier cues
it's Good 😊 I am Happy With Blenkint,5,2026-07-28 05:35:23 UTC,0,play_store,it's Good 😊 I am Happy With Blenkint,good happy blenkint,False,noise,,,no category-exploration signal
This is very useful app,5,2026-07-28 05:35:07 UTC,0,play_store,This is very useful app,useful app,False,noise,,,no category-exploration signal
the services are so poor products are missing with even payment is full,1,2026-07-28 05:32:37 UTC,1,play_store,the services are so poor products are missing with even payment is full,service poor product miss even payment full,True,want_to_explore_blocked,assortment_gap,,intent or category talk with friction/barrier cues
good ☺️,1,2026-07-28 05:32:16 UTC,0,play_store,good ☺️,good,False,noise,,,no category-exploration signal
price thoda jada le liya,5,2026-07-28 05:31:46 UTC,0,play_store,price thoda jada le liya,price thoda jada le liya,True,want_to_explore_blocked,price_uncertainty_new_category,grocery,intent or category talk with friction/barrier cues
"too much expensive ( amazon now, zepto are better than blinkit)",1,2026-07-28 05:29:56 UTC,0,play_store,"too much expensive ( amazon now, zepto are better than blinkit)",much expensive amazon zepto well blinkit,True,want_to_explore_blocked,price_uncertainty_new_category,,intent or category talk with friction/barrier cues
very good 💯,5,2026-07-28 05:28:55 UTC,0,play_store,very good 💯,good,False,noise,,,no category-exploration signal
good service near my home,4,2026-07-28 05:23:23 UTC,0,play_store,good service near my home,good service near home,True,unclear,,home,category or barrier cues without clear funnel stage
it app is very easy to order but. I have ordered one c type connector but it's not working when i try to exchange that problem their is no option in this app and i wrote mails also they didn't resolve my issue if you want order any electronic thinks don't order others app better than this they provide return and exchange and refund also if product is not good in this add every time need to write a mail if product is not good this not good app time wast money also waste.offically uninstalling app,2,2026-07-28 05:20:43 UTC,1,play_store,it app is very easy to order but. I have ordered one c type connector but it's not working when i try to exchange that problem their is no option in this app and i wrote mails also they didn't resolve my issue if you want order any electronic thinks don't order others app better than this they provide return and exchange and refund also if product is not good in this add every time need to write a mail if product is not good this not good app time wast money also waste.offically uninstalling app,app easy order order one c type connector work try exchange problem option app write mail also didnt resolve issue want order electronic think dont order others app good provide return exchange refund also product good add every time need write mail product good good app time wast money also wasteoffically uninstalling app,True,want_to_explore_blocked,dont_trust_quality_for_new_category,,intent or category talk with friction/barrier cues
waste customer support ... simply looting money,1,2026-07-28 05:19:34 UTC,1,play_store,waste customer support ... simply looting money,waste customer support simply loot money,False,noise,,,no category-exploration signal
very good 😊😊😊😊😊😊😊 very very happy 😊😊😊,5,2026-07-28 05:18:39 UTC,0,play_store,very good 😊😊😊😊😊😊😊 very very happy 😊😊😊,good happy,False,noise,,,no category-exploration signal
App works smoothly. Delivery is quick.,5,2026-07-28 05:17:43 UTC,0,play_store,App works smoothly. Delivery is quick.,app work smoothly delivery quick,False,noise,,,no category-exploration signal
it's very is very good but that you order something it cannot be cancelled,4,2026-07-28 05:15:15 UTC,0,play_store,it's very is very good but that you order something it cannot be cancelled,good order something cancel,False,noise,,,no category-exploration signal
this is best aap India's fastest delivery aap 👍,5,2026-07-28 05:14:35 UTC,0,play_store,this is best aap India's fastest delivery aap 👍,best aap india fast delivery aap,False,noise,,,no category-exploration signal
very nice ☺️,5,2026-07-28 05:12:34 UTC,0,play_store,very nice ☺️,nice,False,noise,,,no category-exploration signal
One thing I dont like about delivery is that the delivery persons do not wear helmet. Blinkit should make it mandatory for delivery persons to wear helmet while delivery.,3,2026-07-28 05:10:43 UTC,1,play_store,One thing I dont like about delivery is that the delivery persons do not wear helmet. Blinkit should make it mandatory for delivery persons to wear helmet while delivery.,one thing dont like delivery delivery person wear helmet blinkit make mandatory delivery person wear helmet delivery,False,noise,,,no category-exploration signal
i ordered chicken on blikit they are fully expired all expired items sending blinkit dont use The App costomor support Closing chat without resolving my solution my child food poisoning after etan chicken now at hospital dont oder at blinkit place High charges also place go market and buy,1,2026-07-28 05:10:13 UTC,0,play_store,i ordered chicken on blikit they are fully expired all expired items sending blinkit dont use The App costomor support Closing chat without resolving my solution my child food poisoning after etan chicken now at hospital dont oder at blinkit place High charges also place go market and buy,order chicken blikit fully expire expired item send blinkit dont use app costomor support close chat without resolve solution child food poison etan chicken hospital dont oder blinkit place high charge also place go market buy,True,want_to_explore_blocked,dont_trust_quality_for_new_category,,intent or category talk with friction/barrier cues
first time order,4,2026-07-28 05:07:31 UTC,0,play_store,first time order,first time order,True,unclear,,,category or barrier cues without clear funnel stage
very good app blinkit,5,2026-07-28 05:06:15 UTC,0,play_store,very good app blinkit,good app blinkit,False,noise,,,short generic praise/complaint without category cues
fooling people by posting wrong quantities of product. customer support is also very poor,1,2026-07-28 05:04:59 UTC,0,play_store,fooling people by posting wrong quantities of product. customer support is also very poor,fool people post wrong quantity product customer support also poor,False,noise,,,no category-exploration signal
this is a nice app very best to order,5,2026-07-28 05:04:47 UTC,0,play_store,this is a nice app very best to order,nice app best order,False,noise,,,no category-exploration signal
bahut hi aacha,4,2026-07-28 05:03:58 UTC,0,play_store,bahut hi aacha,bahut hi aacha,False,noise,,,no category-exploration signal
"This app is bad, they don't take any accountability, so I ordered olive oil for my family staying in my hometown and I stay at a different place. So now they delivered the order without the cap of the bottle. My family shared images but there is no option to upload images on the customer support channel. I even mailed them the pictures and asked for a replacement but they said they can't do anything. So the final result - I have deleted my account.",1,2026-07-28 05:01:42 UTC,0,play_store,"This app is bad, they don't take any accountability, so I ordered olive oil for my family staying in my hometown and I stay at a different place. So now they delivered the order without the cap of the bottle. My family shared images but there is no option to upload images on the customer support channel. I even mailed them the pictures and asked for a replacement but they said they can't do anything. So the final result - I have deleted my account.",app bad dont take accountability order olive oil family stay hometown stay different place deliver order without cap bottle family share image option upload image customer support channel even mail picture ask replacement say cant anything final result delete account,True,unclear,,home,category or barrier cues without clear funnel stage
thenks,5,2026-07-28 05:00:05 UTC,0,play_store,thenks,thenks,False,noise,,,no category-exploration signal
it provide us damage old used products it's not worth it is very poor app I recommended do not download it stall my money,1,2026-07-28 04:59:52 UTC,0,play_store,it provide us damage old used products it's not worth it is very poor app I recommended do not download it stall my money,provide u damage old use product worth poor app recommend download stall money,False,noise,,,no category-exploration signal
it is a very nice app.. i am very satisfied 😊😊,5,2026-07-28 04:59:41 UTC,0,play_store,it is a very nice app.. i am very satisfied 😊😊,nice app satisfy,False,noise,,,no category-exploration signal
Saviour,5,2026-07-28 04:59:19 UTC,0,play_store,Saviour,saviour,False,noise,,,no category-exploration signal
The delivery is instant fast and I truly like their services..The riders are also very familiar.. A thing I would recommend is that you should focus on particular uniforms for the delivery guys ...overall it's a great choice for me..I will be glad if you'll include more and more options..I highly recommend this ...and you all are doing a great job...I'll Keep BLINKING ♥️.. Highly recommended...✨💫 Thank you 💫✨🥰..,5,2026-07-28 04:59:15 UTC,0,play_store,The delivery is instant fast and I truly like their services..The riders are also very familiar.. A thing I would recommend is that you should focus on particular uniforms for the delivery guys ...overall it's a great choice for me..I will be glad if you'll include more and more options..I highly recommend this ...and you all are doing a great job...I'll Keep BLINKING ♥️.. Highly recommended...✨💫 Thank you 💫✨🥰..,delivery instant fast truly like servicesthe rider also familiar thing would recommend focus particular uniform delivery guy overall great choice mei glad youll include optionsi highly recommend great jobill keep blinking highly recommend thank,False,noise,,,no category-exploration signal
good app for rainy season & other emergencies,5,2026-07-28 04:58:48 UTC,0,play_store,good app for rainy season & other emergencies,good app rainy season emergency,False,noise,,,no category-exploration signal
very nyc,5,2026-07-28 04:56:00 UTC,0,play_store,very nyc,nyc,False,noise,,,no category-exploration signal
please check before product missing and items is there box in 4 pcs available but girls take 2 pcs take box check and take money no return no response company,1,2026-07-28 04:47:46 UTC,0,play_store,please check before product missing and items is there box in 4 pcs available but girls take 2 pcs take box check and take money no return no response company,please check product miss item box 4 pc available girl take 2 pc take box check take money return response company,True,want_to_explore_blocked,dont_trust_quality_for_new_category|assortment_gap,,intent or category talk with friction/barrier cues
Bast For Gym person because a lots of protein intact just do anything in a blinkit,5,2026-07-28 04:46:35 UTC,0,play_store,Bast For Gym person because a lots of protein intact just do anything in a blinkit,bast gym person lot protein intact anything blinkit,False,noise,,,no category-exploration signal
Don't buy any product from Blinkit they are totally unprofessional. They don't know how to retain there loyal customer,1,2026-07-28 04:44:48 UTC,0,play_store,Don't buy any product from Blinkit they are totally unprofessional. They don't know how to retain there loyal customer,dont buy product blinkit totally unprofessional dont know retain loyal customer,False,noise,,,no category-exploration signal
Good Deleviry System,4,2026-07-28 04:43:42 UTC,0,play_store,Good Deleviry System,good deleviry system,False,noise,,,no category-exploration signal
great experience shopping with blinkit,5,2026-07-28 04:43:21 UTC,0,play_store,great experience shopping with blinkit,great experience shopping blinkit,False,noise,,,no category-exploration signal
wonderful app,5,2026-07-28 04:39:24 UTC,0,play_store,wonderful app,wonderful app,False,noise,,,no category-exploration signal
too much good,5,2026-07-28 04:38:39 UTC,0,play_store,too much good,much good,False,noise,,,no category-exploration signal
poor customer service. i have to pay two times for the same item 😠😠😠😠,1,2026-07-28 04:38:31 UTC,0,play_store,poor customer service. i have to pay two times for the same item 😠😠😠😠,poor customer service pay two time item,True,stuck_in_routine,habit_reorder_only,,routine/reorder language without exploration intent
they don't have change anytime then pls cancel the cash option,1,2026-07-28 04:30:21 UTC,0,play_store,they don't have change anytime then pls cancel the cash option,dont change anytime pls cancel cash option,True,want_to_explore_blocked,assortment_gap,,intent or category talk with friction/barrier cues
Fast and accurate door to door delivery,5,2026-07-28 04:29:04 UTC,0,play_store,Fast and accurate door to door delivery,fast accurate door door delivery,False,noise,,,no category-exploration signal
superb on dot service.,5,2026-07-28 04:28:35 UTC,0,play_store,superb on dot service.,superb dot service,False,noise,,,short generic praise/complaint without category cues
good and fast delivery,5,2026-07-28 04:26:35 UTC,0,play_store,good and fast delivery,good fast delivery,False,noise,,,no category-exploration signal
we have paid money but not got the items which were ordered,1,2026-07-28 04:22:52 UTC,0,play_store,we have paid money but not got the items which were ordered,pay money get item order,False,noise,,,no category-exploration signal
great service experience,5,2026-07-28 04:22:19 UTC,0,play_store,great service experience,great service experience,False,noise,,,no category-exploration signal
Fast service 👌🏻👍🏻,5,2026-07-28 04:20:10 UTC,0,play_store,Fast service 👌🏻👍🏻,fast service,False,noise,,,no category-exploration signal
quick service,5,2026-07-28 04:19:46 UTC,0,play_store,quick service,quick service,False,noise,,,no category-exploration signal
service is too good,5,2026-07-28 04:18:41 UTC,0,play_store,service is too good,service good,False,noise,,,no category-exploration signal
thik,5,2026-07-28 04:14:41 UTC,0,play_store,thik,thik,False,noise,,,no category-exploration signal
"Blinkit proves it all!!! My busy work schedule and my accommodation, too away from nearby shops, which don't have groceries of my preference, Blinkit provides what I wish, within the specified time. Thank you Blinkit Team Mehsana..",5,2026-07-28 04:13:56 UTC,0,play_store,"Blinkit proves it all!!! My busy work schedule and my accommodation, too away from nearby shops, which don't have groceries of my preference, Blinkit provides what I wish, within the specified time. Thank you Blinkit Team Mehsana..",blinkit prove busy work schedule accommodation away nearby shop dont grocery preference blinkit provide wish within specified time thank blinkit team mehsana,True,want_to_explore_blocked,assortment_gap,,intent or category talk with friction/barrier cues
too good and fast,5,2026-07-28 04:12:58 UTC,0,play_store,too good and fast,good fast,False,noise,,,no category-exploration signal
worst experience ever,1,2026-07-28 04:08:03 UTC,0,play_store,worst experience ever,bad experience ever,False,noise,,,no category-exploration signal
Things are available but costly,4,2026-07-28 04:05:20 UTC,0,play_store,Things are available but costly,thing available costly,True,want_to_explore_blocked,price_uncertainty_new_category,,intent or category talk with friction/barrier cues
satisfied service by blinkit,5,2026-07-28 04:05:10 UTC,0,play_store,satisfied service by blinkit,satisfied service blinkit,False,noise,,,no category-exploration signal
fine,4,2026-07-28 04:03:48 UTC,0,play_store,fine,fine,False,noise,,,no category-exploration signal
good app services,5,2026-07-28 04:03:35 UTC,0,play_store,good app services,good app service,False,noise,,,short generic praise/complaint without category cues
amazing and so good all fresh. I feel so go on go at your door step in no minutes. love Blinkit very convenient,5,2026-07-28 03:57:59 UTC,0,play_store,amazing and so good all fresh. I feel so go on go at your door step in no minutes. love Blinkit very convenient,amaze good fresh feel go go door step minute love blinkit convenient,True,want_to_explore_blocked,dont_trust_quality_for_new_category,,intent or category talk with friction/barrier cues
thank you for everything.,5,2026-07-28 03:56:13 UTC,0,play_store,thank you for everything.,thank everything,False,noise,,,no category-exploration signal
very nice and fast delivery,5,2026-07-28 03:55:16 UTC,0,play_store,very nice and fast delivery,nice fast delivery,False,noise,,,no category-exploration signal
price high,4,2026-07-28 03:55:04 UTC,0,play_store,price high,price high,True,want_to_explore_blocked,price_uncertainty_new_category,grocery,intent or category talk with friction/barrier cues
very nice work,5,2026-07-28 03:54:22 UTC,0,play_store,very nice work,nice work,False,noise,,,no category-exploration signal
very great app. For when we forget to bring gifts etc it's perfect. But I gave 4 stars 🌟 because it just prevents from leaving the house but it is a great app for elderly people,4,2026-07-28 03:47:33 UTC,0,play_store,very great app. For when we forget to bring gifts etc it's perfect. But I gave 4 stars 🌟 because it just prevents from leaving the house but it is a great app for elderly people,great app forget bring gift etc perfect give 4 star prevents leave house great app elderly people,False,noise,,,no category-exploration signal
its very helpful app I wish ke y sb city's me available ho kuch place ese h jha ye ab tk nhi phoch pai pls blanket do something,5,2026-07-28 03:45:57 UTC,0,play_store,its very helpful app I wish ke y sb city's me available ho kuch place ese h jha ye ab tk nhi phoch pai pls blanket do something,helpful app wish ke sb city available ho kuch place ese h jha ye ab tk nhi phoch pai pls blanket something,False,noise,,,no category-exploration signal
ek number service hai,5,2026-07-28 03:41:11 UTC,0,play_store,ek number service hai,ek number service hai,False,noise,,,no category-exploration signal
very Quick service,5,2026-07-28 03:38:06 UTC,0,play_store,very Quick service,quick service,False,noise,,,no category-exploration signal
sending faulty goods with fake promises to be replaced in 7 days after the complaint they need to video in the chat box or their system doesn't work for uploading video very bad experience with blinkit.,1,2026-07-28 03:34:31 UTC,0,play_store,sending faulty goods with fake promises to be replaced in 7 days after the complaint they need to video in the chat box or their system doesn't work for uploading video very bad experience with blinkit.,send faulty good fake promise replace 7 day complaint need video chat box system doesnt work upload video bad experience blinkit,True,want_to_explore_blocked,dont_trust_quality_for_new_category,,intent or category talk with friction/barrier cues
Fastest delivery service in our city.👏👏👍👍🇮🇳,5,2026-07-28 03:33:15 UTC,0,play_store,Fastest delivery service in our city.👏👏👍👍🇮🇳,fast delivery service city,False,noise,,,no category-exploration signal
best service and timeing is very perfect,5,2026-07-28 03:32:33 UTC,0,play_store,best service and timeing is very perfect,best service time perfect,False,noise,,,no category-exploration signal
nicee aap,5,2026-07-28 03:27:10 UTC,0,play_store,nicee aap,nicee aap,False,noise,,,no category-exploration signal
The delivery was delayed around half an hour.,1,2026-07-28 03:26:15 UTC,0,play_store,The delivery was delayed around half an hour.,delivery delay around half hour,True,unclear,coverage_or_eta,,category or barrier cues without clear funnel stage
very poor service...we order one thing and they deliver something else,1,2026-07-28 03:21:58 UTC,0,play_store,very poor service...we order one thing and they deliver something else,poor servicewe order one thing deliver something else,False,noise,,,no category-exploration signal
Fantastic 🤩,5,2026-07-28 03:13:42 UTC,0,play_store,Fantastic 🤩,fantastic,False,noise,,,no category-exploration signal
grear work,5,2026-07-28 03:10:47 UTC,0,play_store,grear work,grear work,False,noise,,,no category-exploration signal
you are not providing offers to be applied mentioning can be applied once. Multiple times payment options should be there,2,2026-07-28 03:10:42 UTC,0,play_store,you are not providing offers to be applied mentioning can be applied once. Multiple times payment options should be there,provide offer apply mention apply multiple time payment option,False,noise,,,no category-exploration signal
good app if you have mo8,4,2026-07-28 03:10:31 UTC,0,play_store,good app if you have mo8,good app mo8,False,noise,,,no category-exploration signal
"Blinkit is genuinely one of the best things to have happened. I may not know the people behind it, but the way the business is built and the service it delivers reflects remarkable thoughtfulness, humility, and care. If Blinkit were a person, I'd see someone who leads with innovation and intelligence while always putting people first. Every interaction feels inclusive, personalized, and deeply customer-centric, making it seem as though the goal is to improve people's lives rather than profit.",5,2026-07-28 03:07:47 UTC,0,play_store,"Blinkit is genuinely one of the best things to have happened. I may not know the people behind it, but the way the business is built and the service it delivers reflects remarkable thoughtfulness, humility, and care. If Blinkit were a person, I'd see someone who leads with innovation and intelligence while always putting people first. Every interaction feels inclusive, personalized, and deeply customer-centric, making it seem as though the goal is to improve people's lives rather than profit.",blinkit genuinely one best thing happen may know people behind way business build service delivers reflect remarkable thoughtfulness humility care blinkit person id see someone lead innovation intelligence always put people first every interaction feel inclusive personalize deeply customercentric make seem though goal improve people live rather profit,True,stuck_in_routine,,,routine/reorder language without exploration intent
very late service but good quality of things,4,2026-07-28 02:59:59 UTC,0,play_store,very late service but good quality of things,late service good quality thing,True,want_to_explore_blocked,dont_trust_quality_for_new_category|coverage_or_eta,,intent or category talk with friction/barrier cues
"Mother Dairy cow Milk recieved same day expiry kab se blinkit se milk use karna suru kiya hai. No one hearing my voice. kuch bhi feedback me likho no action, no any change by blinkit.",3,2026-07-28 02:59:25 UTC,1,play_store,"Mother Dairy cow Milk recieved same day expiry kab se blinkit se milk use karna suru kiya hai. No one hearing my voice. kuch bhi feedback me likho no action, no any change by blinkit.",mother dairy cow milk recieved day expiry kab se blinkit se milk use karna suru kiya hai one hearing voice kuch bhi feedback likho action change blinkit,True,stuck_in_routine,habit_reorder_only,grocery,routine/reorder language without exploration intent
good delivery service ❤️,4,2026-07-28 02:59:24 UTC,0,play_store,good delivery service ❤️,good delivery service,False,noise,,,no category-exploration signal
"Great app,quick delivery, amazing quality products 👌",5,2026-07-28 02:58:34 UTC,0,play_store,"Great app,quick delivery, amazing quality products 👌",great appquick delivery amaze quality product,True,want_to_explore_blocked,dont_trust_quality_for_new_category,,intent or category talk with friction/barrier cues
"very helpful But some things, like pet clothes, are not available on Blinkit.",5,2026-07-28 02:56:06 UTC,0,play_store,"very helpful But some things, like pet clothes, are not available on Blinkit.",helpful thing like pet clothes available blinkit,True,want_to_explore_blocked,coverage_or_eta|assortment_gap,pet,intent or category talk with friction/barrier cues
The service is good but pricesvare definitely higher than other players in the grocery delivery segment.,3,2026-07-28 02:49:54 UTC,1,play_store,The service is good but pricesvare definitely higher than other players in the grocery delivery segment.,service good pricesvare definitely high player grocery delivery segment,True,want_to_explore_blocked,price_uncertainty_new_category,grocery,intent or category talk with friction/barrier cues
Emargency delivery. Good support. Value for money & Friendly attitude.,5,2026-07-28 02:47:38 UTC,0,play_store,Emargency delivery. Good support. Value for money & Friendly attitude.,emargency delivery good support value money friendly attitude,False,noise,,,no category-exploration signal
worst service I have order flavour of kiwi I get tango in creatine,1,2026-07-28 02:46:27 UTC,0,play_store,worst service I have order flavour of kiwi I get tango in creatine,worst service order flavour kiwi get tango creatine,False,noise,,,no category-exploration signal
not good 👎,1,2026-07-28 02:36:59 UTC,0,play_store,not good 👎,good,False,noise,,,no category-exploration signal
I'm so happy😊,5,2026-07-28 02:35:38 UTC,0,play_store,I'm so happy😊,im happy,False,noise,,,no category-exploration signal
Some items are left out and some are in reduced weight example Vegetables you tell it is half kg but weight is 300 gms please dont cheat the consumer,2,2026-07-28 02:32:31 UTC,0,play_store,Some items are left out and some are in reduced weight example Vegetables you tell it is half kg but weight is 300 gms please dont cheat the consumer,item leave reduced weight example vegetable tell half kg weight 300 gm please dont cheat consumer,True,unclear,,grocery,category or barrier cues without clear funnel stage
woooooooow,4,2026-07-28 02:25:54 UTC,0,play_store,woooooooow,woooooooow,False,noise,,,no category-exploration signal
besttttt experience just download it and useee fast nd furious orderr bestt of all time thank youu,5,2026-07-28 02:21:10 UTC,0,play_store,besttttt experience just download it and useee fast nd furious orderr bestt of all time thank youu,besttttt experience download useee fast nd furious orderr bestt time thank youu,False,noise,,,no category-exploration signal
"Fruits and vegetables items are useless and poor quality, price are very high as market price.",1,2026-07-28 02:20:54 UTC,0,play_store,"Fruits and vegetables items are useless and poor quality, price are very high as market price.",fruit vegetable item useless poor quality price high market price,True,want_to_explore_blocked,price_uncertainty_new_category|dont_trust_quality_for_new_category,grocery,intent or category talk with friction/barrier cues
handling charge nahi lgana chahiye,4,2026-07-28 02:17:57 UTC,0,play_store,handling charge nahi lgana chahiye,handle charge nahi lgana chahiye,True,want_to_explore_blocked,price_uncertainty_new_category,,intent or category talk with friction/barrier cues
not available in my area pls blinkit available your app in our. area,1,2026-07-28 02:13:23 UTC,0,play_store,not available in my area pls blinkit available your app in our. area,available area pls blinkit available app area,True,want_to_explore_blocked,coverage_or_eta|assortment_gap,,intent or category talk with friction/barrier cues
Exceptional convenience,4,2026-07-28 02:13:04 UTC,0,play_store,Exceptional convenience,exceptional convenience,False,noise,,,no category-exploration signal
"They deliver products very late, delivery partners stops at some place, deliberately delivering late orders.",1,2026-07-28 02:12:30 UTC,0,play_store,"They deliver products very late, delivery partners stops at some place, deliberately delivering late orders.",deliver product late delivery partner stop place deliberately deliver late order,True,unclear,coverage_or_eta,,category or barrier cues without clear funnel stage
okkk,5,2026-07-28 02:10:13 UTC,0,play_store,okkk,okkk,False,noise,,,short generic praise/complaint without category cues
very useful app for urgent needs👍😍,4,2026-07-28 02:10:02 UTC,0,play_store,very useful app for urgent needs👍😍,useful app urgent need,False,noise,,,no category-exploration signal
"Grocery service is top notch but hat's off for the Ambulance service from Blinkit, keep up the good work.",5,2026-07-28 02:09:48 UTC,0,play_store,"Grocery service is top notch but hat's off for the Ambulance service from Blinkit, keep up the good work.",grocery service top notch hat ambulance service blinkit keep good work,True,unclear,,grocery|pharmacy,category or barrier cues without clear funnel stage
"blinkit is really a last minute saver app , it is the best and fast online delivery app , all the things will arrive fresh and neatly packed with maintaining the best cleanliness , thank you",5,2026-07-28 02:03:47 UTC,0,play_store,"blinkit is really a last minute saver app , it is the best and fast online delivery app , all the things will arrive fresh and neatly packed with maintaining the best cleanliness , thank you",blinkit really last minute saver app best fast online delivery app thing arrive fresh neatly pack maintain best cleanliness thank,True,want_to_explore_blocked,dont_trust_quality_for_new_category,,intent or category talk with friction/barrier cues
delivered in fast delivery staff is very humble,5,2026-07-28 01:59:18 UTC,0,play_store,delivered in fast delivery staff is very humble,deliver fast delivery staff humble,False,noise,,,no category-exploration signal
deli er boy 600 total bill I have given two 500 notes change he is not giving or he is balance amt to my gpay and orguing with me in the morning morning,1,2026-07-28 01:58:59 UTC,0,play_store,deli er boy 600 total bill I have given two 500 notes change he is not giving or he is balance amt to my gpay and orguing with me in the morning morning,deli er boy 600 total bill give two 500 note change give balance amt gpay orguing morning morning,False,noise,,,no category-exploration signal
lot of cancels and refunds take 7 days at least,4,2026-07-28 01:52:11 UTC,0,play_store,lot of cancels and refunds take 7 days at least,lot cancel refund take 7 day least,True,want_to_explore_blocked,dont_trust_quality_for_new_category,,intent or category talk with friction/barrier cues
he is best grosriye delivery app free delivery,5,2026-07-28 01:49:15 UTC,0,play_store,he is best grosriye delivery app free delivery,best grosriye delivery app free delivery,False,noise,,,no category-exploration signal
problem hai,1,2026-07-28 01:48:12 UTC,0,play_store,problem hai,problem hai,False,noise,,,no category-exploration signal
"guyz Don't buy anything from blinkit. they only provide rotten things and then they don't have any option open for customer for resolution. better use Bigbasket, flipkart,jio mart and other delivery. they are 1000 times better than this. there is no option to give ZERO star else I could have given that.",1,2026-07-28 01:43:20 UTC,0,play_store,"guyz Don't buy anything from blinkit. they only provide rotten things and then they don't have any option open for customer for resolution. better use Bigbasket, flipkart,jio mart and other delivery. they are 1000 times better than this. there is no option to give ZERO star else I could have given that.",guyz dont buy anything blinkit provide rotten thing dont option open customer resolution well use bigbasket flipkartjio mart delivery 1000 time well option give zero star else could give,True,want_to_explore_blocked,assortment_gap,,intent or category talk with friction/barrier cues
piz reduce the price of item,4,2026-07-28 01:41:24 UTC,0,play_store,piz reduce the price of item,piz reduce price item,True,want_to_explore_blocked,price_uncertainty_new_category,grocery,intent or category talk with friction/barrier cues
weri easy to use iam soo happy,5,2026-07-28 01:40:08 UTC,0,play_store,weri easy to use iam soo happy,weri easy use iam soo happy,False,noise,,,no category-exploration signal
"I received my earbuds order from Chembur via Blinkit. Both earbuds appear to be the same side, so they do not fit properly in the charging case. Also, the earbuds were loose in a plastic packet instead of being placed correctly inside the charging caseorder the ear buds both are same ears and fitting in shell the buds has came in plastic not in shell it is from chembur blinkit",1,2026-07-28 01:36:28 UTC,0,play_store,"I received my earbuds order from Chembur via Blinkit. Both earbuds appear to be the same side, so they do not fit properly in the charging case. Also, the earbuds were loose in a plastic packet instead of being placed correctly inside the charging caseorder the ear buds both are same ears and fitting in shell the buds has came in plastic not in shell it is from chembur blinkit",receive earbuds order chembur via blinkit earbuds appear side fit properly charge case also earbuds loose plastic packet instead place correctly inside charge caseorder ear bud ear fit shell bud come plastic shell chembur blinkit,True,stuck_in_routine,habit_reorder_only,,routine/reorder language without exploration intent
Great! I like how functional this app is.,5,2026-07-28 01:36:16 UTC,0,play_store,Great! I like how functional this app is.,great like functional app,False,noise,,,no category-exploration signal
Quick and best app,5,2026-07-28 01:19:54 UTC,0,play_store,Quick and best app,quick best app,False,noise,,,short generic praise/complaint without category cues
best products,5,2026-07-28 01:06:12 UTC,0,play_store,best products,best product,False,noise,,,no category-exploration signal
User friendly. can be a little more competetive,5,2026-07-28 00:55:26 UTC,0,play_store,User friendly. can be a little more competetive,user friendly little competetive,True,unclear,,pet,category or barrier cues without clear funnel stage
best app...,5,2026-07-28 00:51:27 UTC,0,play_store,best app...,best app,False,noise,,,short generic praise/complaint without category cues
rain charge is taken 20rs but rain is not there in my area,1,2026-07-28 00:44:41 UTC,0,play_store,rain charge is taken 20rs but rain is not there in my area,rain charge take 20rs rain area,True,unclear,coverage_or_eta,,category or barrier cues without clear funnel stage
Thank you!,5,2026-07-28 00:31:42 UTC,0,play_store,Thank you!,thank,False,noise,,,no category-exploration signal
BLINKIT SAVE MY LIFE WHEN I WAS SUFFERING FROM HUNGER U SAVE ME 😢❤️🥺,5,2026-07-28 00:25:28 UTC,0,play_store,BLINKIT SAVE MY LIFE WHEN I WAS SUFFERING FROM HUNGER U SAVE ME 😢❤️🥺,blinkit save life suffering hunger u save,False,noise,,,no category-exploration signal
delivery charges are high,4,2026-07-28 00:25:24 UTC,0,play_store,delivery charges are high,delivery charge high,False,noise,,,no category-exploration signal
కొంచెం మంచి కూరగాయలు పంపించండి ఫ్రూట్స్ గాని ఇలా కూరగాయలు గాని కొంచెం క్వాలిటీ ఉండట్లేదు నెక్స్ట్ వచ్చేసి ఒకదాంట్లో రేటు పెంచుతున్నారు తగ్గిస్తున్నారు ఎవరైనా బ్యాగ్ కి మినిమం ఫైవ్ రుపీస్ తీసుకుంటే బెటర్ మిగతా వ్యాపులు అంతే తీసుకుంటున్నాను,4,2026-07-28 00:04:15 UTC,0,play_store,కొంచెం మంచి కూరగాయలు పంపించండి ఫ్రూట్స్ గాని ఇలా కూరగాయలు గాని కొంచెం క్వాలిటీ ఉండట్లేదు నెక్స్ట్ వచ్చేసి ఒకదాంట్లో రేటు పెంచుతున్నారు తగ్గిస్తున్నారు ఎవరైనా బ్యాగ్ కి మినిమం ఫైవ్ రుపీస్ తీసుకుంటే బెటర్ మిగతా వ్యాపులు అంతే తీసుకుంటున్నాను,కొంచెం మంచి కూరగాయలు పంపించండి ఫ్రూట్స్ గాని ఇలా కూరగాయలు గాని కొంచెం క్వాలిటీ ఉండట్లేదు నెక్స్ట్ వచ్చేసి ఒకదాంట్లో రేటు పెంచుతున్నారు తగ్గిస్తున్నారు ఎవరైనా బ్యాగ్ కి మినిమం ఫైవ్ రుపీస్ తీసుకుంటే బెటర్ మిగతా వ్యాపులు అంతే తీసుకుంటున్నాను,False,noise,,,no category-exploration signal
not good experience bakwas h ye app delivery delay h bohot problem h isme,1,2026-07-28 00:02:14 UTC,0,play_store,not good experience bakwas h ye app delivery delay h bohot problem h isme,good experience bakwas h ye app delivery delay h bohot problem h isme,True,unclear,coverage_or_eta,,category or barrier cues without clear funnel stage
return karna hai,1,2026-07-27 23:06:23 UTC,0,play_store,return karna hai,return karna hai,True,want_to_explore_blocked,dont_trust_quality_for_new_category,,intent or category talk with friction/barrier cues
achha hai aap,5,2026-07-27 21:27:41 UTC,0,play_store,achha hai aap,achha hai aap,False,noise,,,no category-exploration signal
handling charges are very high. No customer support to make complaints about after delivery issues.,1,2026-07-27 21:21:04 UTC,0,play_store,handling charges are very high. No customer support to make complaints about after delivery issues.,handling charge high customer support make complaint delivery issue,True,want_to_explore_blocked,price_uncertainty_new_category,,intent or category talk with friction/barrier cues
"Some innovations make life easier. Others save lives.A heartfelt thank you to the entire Blinkit Ambulance team for showing up when every second mattered.Your speed, professionalism, and compassion gave us hope in one of our most difficult moments.A special appreciation to Albinder Dhindsa for the vision behind Blinkit's 10-minute ambulance service. This isn't just innovation—it's a lifeline for countless families.Thank you for proving that the fastest delivery can also be the most meaningful.",5,2026-07-27 20:56:40 UTC,0,play_store,"Some innovations make life easier. Others save lives.A heartfelt thank you to the entire Blinkit Ambulance team for showing up when every second mattered.Your speed, professionalism, and compassion gave us hope in one of our most difficult moments.A special appreciation to Albinder Dhindsa for the vision behind Blinkit's 10-minute ambulance service. This isn't just innovation—it's a lifeline for countless families.Thank you for proving that the fastest delivery can also be the most meaningful.",innovation make life easy others save livesa heartfelt thank entire blinkit ambulance team show every second matteredyour speed professionalism compassion give u hope one difficult momentsa special appreciation albinder dhindsa vision behind blinkits 10minute ambulance service isnt innovation lifeline countless familiesthank prove fast delivery also meaningful,False,noise,,,no category-exploration signal
Bahot Khatarnaak Log He 2 Baze Raat Me DELIVERY Karte Hain inko To Medicine Bhi Delver Karna Chahiye Aur Ambulance Services Shuru Karna Chahiye,5,2026-07-27 20:54:26 UTC,0,play_store,Bahot Khatarnaak Log He 2 Baze Raat Me DELIVERY Karte Hain inko To Medicine Bhi Delver Karna Chahiye Aur Ambulance Services Shuru Karna Chahiye,bahot khatarnaak log 2 baze raat delivery karte hain inko medicine bhi delver karna chahiye aur ambulance service shuru karna chahiye,True,unclear,,pharmacy,category or barrier cues without clear funnel stage
"it's one of the most convenient apps ever. But I had one suggestion, it would be great if we could have scheduled delivery options so it becomes even more convenient. kudos to the team for their constant efforts!",5,2026-07-27 20:27:20 UTC,0,play_store,"it's one of the most convenient apps ever. But I had one suggestion, it would be great if we could have scheduled delivery options so it becomes even more convenient. kudos to the team for their constant efforts!",one convenient apps ever one suggestion would great could schedule delivery option become even convenient kudos team constant effort,False,noise,,,no category-exploration signal
worst experiance my refund is not credited in my acccount but blinkit shows refund is complete where is my money ?? dont buy,1,2026-07-27 20:21:10 UTC,0,play_store,worst experiance my refund is not credited in my acccount but blinkit shows refund is complete where is my money ?? dont buy,bad experiance refund credit acccount blinkit show refund complete money dont buy,True,want_to_explore_blocked,dont_trust_quality_for_new_category,,intent or category talk with friction/barrier cues
blinkit per scam ho raha hai main sabse request Karta Hun Ki is app per koi bhi Saman Na Le return ki guarantee lete hain per yah return nahin lete aapse yah baat bhi nahin karenge aur baat karenge to aapko bhi jakar rakhenge main sach mein Kah Raha Hun Main abhi tak Apne rs 2000 is app per koi bhi app mat Apne paise kharab karne ho to please chalaea per bahut ganda scam ho raha hai yaar,1,2026-07-27 20:18:19 UTC,0,play_store,blinkit per scam ho raha hai main sabse request Karta Hun Ki is app per koi bhi Saman Na Le return ki guarantee lete hain per yah return nahin lete aapse yah baat bhi nahin karenge aur baat karenge to aapko bhi jakar rakhenge main sach mein Kah Raha Hun Main abhi tak Apne rs 2000 is app per koi bhi app mat Apne paise kharab karne ho to please chalaea per bahut ganda scam ho raha hai yaar,blinkit per scam ho raha hai main sabse request karta hun ki app per koi bhi saman na le return ki guarantee lete hain per yah return nahin lete aapse yah baat bhi nahin karenge aur baat karenge aapko bhi jakar rakhenge main sach mein kah raha hun main abhi tak apne r 2000 app per koi bhi app mat apne paisa kharab karne ho please chalaea per bahut ganda scam ho raha hai yaar,True,want_to_explore_blocked,dont_trust_quality_for_new_category,,intent or category talk with friction/barrier cues
rain sergu kaun leta hai bhai,1,2026-07-27 19:55:30 UTC,0,play_store,rain sergu kaun leta hai bhai,rain sergu kaun leta hai bhai,False,noise,,,no category-exploration signal
awesome 💯,5,2026-07-27 19:49:04 UTC,0,play_store,awesome 💯,awesome,False,noise,,,short generic praise/complaint without category cues
good performance..,4,2026-07-27 19:36:46 UTC,0,play_store,good performance..,good performance,False,noise,,,no category-exploration signal
no office,1,2026-07-27 19:33:43 UTC,0,play_store,no office,office,False,noise,,,no category-exploration signal
instamart se sahi hai but ek dikkat hai blinkit mai nutrujona fash wash kafi cheej nhi milti hai istamart mai 12 baje ke bad kuch nhi milta,5,2026-07-27 19:28:28 UTC,0,play_store,instamart se sahi hai but ek dikkat hai blinkit mai nutrujona fash wash kafi cheej nhi milti hai istamart mai 12 baje ke bad kuch nhi milta,instamart se sahi hai ek dikkat hai blinkit mai nutrujona fash wash kafi cheej nhi milti hai istamart mai 12 baje ke bad kuch nhi milta,False,noise,,,no category-exploration signal
great...awesome service specially medicine very easy and convenient.,5,2026-07-27 19:25:52 UTC,0,play_store,great...awesome service specially medicine very easy and convenient.,greatawesome service specially medicine easy convenient,True,unclear,,pharmacy,category or barrier cues without clear funnel stage
no response bad blinkit,1,2026-07-27 19:08:44 UTC,0,play_store,no response bad blinkit,response bad blinkit,False,noise,,,no category-exploration signal
"Emergency: Heavy Rain 🌧️ Solution: Blinkit ☔ Unknown location + Heavy Rain = No Problem! 😎 Kuch hi der me Raincoat doorstep par! 😂🚀 Aaj laga Blinkit sirf convenience nahi, emergency partner bhi hai! 💛",5,2026-07-27 19:07:02 UTC,0,play_store,"Emergency: Heavy Rain 🌧️ Solution: Blinkit ☔ Unknown location + Heavy Rain = No Problem! 😎 Kuch hi der me Raincoat doorstep par! 😂🚀 Aaj laga Blinkit sirf convenience nahi, emergency partner bhi hai! 💛",emergency heavy rain solution blinkit unknown location heavy rain problem kuch hi der raincoat doorstep par aaj laga blinkit sirf convenience nahi emergency partner bhi hai,True,unclear,coverage_or_eta,,category or barrier cues without clear funnel stage
"blinkit will charge you for anything like handling charge, surge charge or late night charge etc!! they never delivered on time..nor did they handle the order properly... deleting this app ..the worst",1,2026-07-27 19:01:28 UTC,0,play_store,"blinkit will charge you for anything like handling charge, surge charge or late night charge etc!! they never delivered on time..nor did they handle the order properly... deleting this app ..the worst",blinkit charge anything like handle charge surge charge late night charge etc never deliver timenor handle order properly delete app bad,True,want_to_explore_blocked,price_uncertainty_new_category|coverage_or_eta,,intent or category talk with friction/barrier cues
gooood🚘,5,2026-07-27 18:57:56 UTC,0,play_store,gooood🚘,gooood,False,noise,,,no category-exploration signal
worst delivery experience,1,2026-07-27 18:55:19 UTC,0,play_store,worst delivery experience,bad delivery experience,False,noise,,,no category-exploration signal
very nice and good 😊😊😊😊,5,2026-07-27 18:48:58 UTC,0,play_store,very nice and good 😊😊😊😊,nice good,False,noise,,,no category-exploration signal
nic service n very helpfull..,5,2026-07-27 18:45:18 UTC,0,play_store,nic service n very helpfull..,nic service n helpfull,False,noise,,,no category-exploration signal
very good delivery partner,4,2026-07-27 18:44:27 UTC,0,play_store,very good delivery partner,good delivery partner,False,noise,,,no category-exploration signal
fast and super quality,5,2026-07-27 18:43:00 UTC,0,play_store,fast and super quality,fast super quality,True,want_to_explore_blocked,dont_trust_quality_for_new_category,,intent or category talk with friction/barrier cues
too much delay,1,2026-07-27 18:34:30 UTC,0,play_store,too much delay,much delay,True,unclear,coverage_or_eta,,category or barrier cues without clear funnel stage
bhadiya,5,2026-07-27 18:33:18 UTC,0,play_store,bhadiya,bhadiya,False,noise,,,no category-exploration signal
best app rn even ambulance services are provided,5,2026-07-27 18:29:13 UTC,0,play_store,best app rn even ambulance services are provided,best app rn even ambulance service provide,False,noise,,,no category-exploration signal
very faster delivery,5,2026-07-27 18:28:44 UTC,0,play_store,very faster delivery,faster delivery,False,noise,,,no category-exploration signal
really helpful,5,2026-07-27 18:25:00 UTC,0,play_store,really helpful,really helpful,False,noise,,,no category-exploration signal
🤙,5,2026-07-27 18:21:59 UTC,0,play_store,🤙,🤙,False,noise,,,no category-exploration signal
"I lovetheir service,....itsmy all time fav day or night....",5,2026-07-27 18:21:19 UTC,0,play_store,"I lovetheir service,....itsmy all time fav day or night....",lovetheir serviceitsmy time fav day night,False,noise,,,no category-exploration signal
On time,5,2026-07-27 18:17:31 UTC,0,play_store,On time,time,False,noise,,,no category-exploration signal
very poor service..cid available but delivery foes not return any cash to owner,2,2026-07-27 18:16:59 UTC,0,play_store,very poor service..cid available but delivery foes not return any cash to owner,poor servicecid available delivery foe return cash owner,True,want_to_explore_blocked,dont_trust_quality_for_new_category,,intent or category talk with friction/barrier cues
worst app worst experience they are sending expired products. don't buy.,1,2026-07-27 18:10:24 UTC,0,play_store,worst app worst experience they are sending expired products. don't buy.,bad app bad experience send expire product dont buy,True,want_to_explore_blocked,dont_trust_quality_for_new_category,,intent or category talk with friction/barrier cues
"the app is quite expensive, as compared to other similar platforms, same product is given at a higher price although the quality of fruits is good, but still the high prices cannot be afforded by everyone.",3,2026-07-27 18:08:48 UTC,1,play_store,"the app is quite expensive, as compared to other similar platforms, same product is given at a higher price although the quality of fruits is good, but still the high prices cannot be afforded by everyone.",app quite expensive compare similar platform product give high price although quality fruit good still high price afford everyone,True,want_to_explore_blocked,price_uncertainty_new_category|dont_trust_quality_for_new_category|habit_reorder_only,grocery,intent or category talk with friction/barrier cues
"It's the best app to order your grocery items or fruits and vegetables, if their is any problem with your order then it literally resolves it efficiently.",5,2026-07-27 18:07:38 UTC,0,play_store,"It's the best app to order your grocery items or fruits and vegetables, if their is any problem with your order then it literally resolves it efficiently.",best app order grocery item fruit vegetable problem order literally resolve efficiently,True,unclear,,grocery,category or barrier cues without clear funnel stage
very convenient at odd timings,4,2026-07-27 18:06:51 UTC,0,play_store,very convenient at odd timings,convenient odd timing,False,noise,,,no category-exploration signal
thank you so much blinket is very nice app,5,2026-07-27 18:05:55 UTC,0,play_store,thank you so much blinket is very nice app,thank much blinket nice app,False,noise,,,no category-exploration signal
supertt work 👩🏻‍💻,5,2026-07-27 18:04:30 UTC,0,play_store,supertt work 👩🏻‍💻,supertt work,False,noise,,,short generic praise/complaint without category cues
Really loved it 😍,5,2026-07-27 18:02:19 UTC,0,play_store,Really loved it 😍,really love,False,noise,,,no category-exploration signal
nice work,5,2026-07-27 17:57:00 UTC,0,play_store,nice work,nice work,False,noise,,,no category-exploration signal
very very fast,5,2026-07-27 17:55:25 UTC,0,play_store,very very fast,fast,False,noise,,,no category-exploration signal
fast and reliable,5,2026-07-27 17:54:53 UTC,0,play_store,fast and reliable,fast reliable,False,noise,,,no category-exploration signal
"Quick response team.. great going , never loose your trusted one.",5,2026-07-27 17:54:28 UTC,0,play_store,"Quick response team.. great going , never loose your trusted one.",quick response team great go never loose trust one,True,want_to_explore_blocked,dont_trust_quality_for_new_category,,intent or category talk with friction/barrier cues
sirf sirf duplicate sirf sirf duplicate sirf sirf duplicate all product,1,2026-07-27 17:53:46 UTC,0,play_store,sirf sirf duplicate sirf sirf duplicate sirf sirf duplicate all product,sirf sirf duplicate sirf sirf duplicate sirf sirf duplicate product,False,noise,,,no category-exploration signal
the store is just 980 m away from my home i ordered too many things many times sometimes i got freebies with the orders the delivery is fast reliable and it never let down thank you blinkit and blinkit delivery partners,5,2026-07-27 17:52:13 UTC,0,play_store,the store is just 980 m away from my home i ordered too many things many times sometimes i got freebies with the orders the delivery is fast reliable and it never let down thank you blinkit and blinkit delivery partners,store 980 away home order many thing many time sometimes get freebie order delivery fast reliable never let thank blinkit blinkit delivery partner,True,unclear,,home,category or barrier cues without clear funnel stage
not bad this is very good app,5,2026-07-27 17:50:44 UTC,0,play_store,not bad this is very good app,bad good app,False,noise,,,no category-exploration signal
Best service 🥰,5,2026-07-27 17:46:24 UTC,0,play_store,Best service 🥰,best service,False,noise,,,no category-exploration signal
"pathetic experience. Despite paying for the order, some or the other item is missing and there is no customer support. The automated response and AI are of no help. just get rid of the customer support and at this point because whatever you are offering is useless. it's not support. it's just ""trouble the customer""",1,2026-07-27 17:43:40 UTC,0,play_store,"pathetic experience. Despite paying for the order, some or the other item is missing and there is no customer support. The automated response and AI are of no help. just get rid of the customer support and at this point because whatever you are offering is useless. it's not support. it's just ""trouble the customer""",pathetic experience despite pay order item miss customer support automate response ai help get rid customer support point whatever offer useless support trouble customer,True,want_to_explore_blocked,assortment_gap,,intent or category talk with friction/barrier cues
blinkit Is a very convenient app. it's very good for daily essential.,4,2026-07-27 17:41:14 UTC,0,play_store,blinkit Is a very convenient app. it's very good for daily essential.,blinkit convenient app good daily essential,True,stuck_in_routine,,,routine/reorder language without exploration intent
super blinkit within 5 minutes lo delevery complete chesthunaru,5,2026-07-27 17:39:16 UTC,0,play_store,super blinkit within 5 minutes lo delevery complete chesthunaru,super blinkit within 5 minute lo delevery complete chesthunaru,False,noise,,,no category-exploration signal
best h yaar,5,2026-07-27 17:37:29 UTC,0,play_store,best h yaar,best h yaar,False,noise,,,no category-exploration signal
always charge more and more handing and platform fees each time on each order,1,2026-07-27 17:37:01 UTC,0,play_store,always charge more and more handing and platform fees each time on each order,always charge hand platform fee time order,True,stuck_in_routine,,,routine/reorder language without exploration intent
nice 😊,5,2026-07-27 17:36:51 UTC,0,play_store,nice 😊,nice,False,noise,,,no category-exploration signal
not as seen in image,1,2026-07-27 17:35:56 UTC,0,play_store,not as seen in image,see image,False,noise,,,no category-exploration signal
as expected,5,2026-07-27 17:32:27 UTC,0,play_store,as expected,expect,False,noise,,,no category-exploration signal
always share incorrect order,2,2026-07-27 17:32:21 UTC,0,play_store,always share incorrect order,always share incorrect order,True,stuck_in_routine,,,routine/reorder language without exploration intent
it's very good I like very much,5,2026-07-27 17:31:21 UTC,0,play_store,it's very good I like very much,good like much,False,noise,,,no category-exploration signal
brand acga bahut hai,4,2026-07-27 17:30:57 UTC,0,play_store,brand acga bahut hai,brand acga bahut hai,False,noise,,,no category-exploration signal
Sirf Dublycat Maal he iske paas bhi ise load mat karo,1,2026-07-27 17:30:21 UTC,0,play_store,Sirf Dublycat Maal he iske paas bhi ise load mat karo,sirf dublycat maal iske paas bhi ise load mat karo,False,noise,,,no category-exploration signal
trusted app,5,2026-07-27 17:29:05 UTC,0,play_store,trusted app,trust app,True,want_to_explore_blocked,dont_trust_quality_for_new_category,,intent or category talk with friction/barrier cues
on time order,5,2026-07-27 17:23:41 UTC,0,play_store,on time order,time order,False,noise,,,no category-exploration signal
i have selected 3 article which one Free product but free product not received. this is not good for customer point of view.,1,2026-07-27 17:21:58 UTC,0,play_store,i have selected 3 article which one Free product but free product not received. this is not good for customer point of view.,select 3 article one free product free product receive good customer point view,False,noise,,,no category-exploration signal
first i firstly orderd for more than 3 then the cancel my order after accept and refund place for 3-4 business day very cheap service don't order.,1,2026-07-27 17:21:41 UTC,0,play_store,first i firstly orderd for more than 3 then the cancel my order after accept and refund place for 3-4 business day very cheap service don't order.,first firstly orderd 3 cancel order accept refund place 34 business day cheap service dont order,True,want_to_explore_blocked,dont_trust_quality_for_new_category,,intent or category talk with friction/barrier cues
it's to be good experience every time,5,2026-07-27 17:20:59 UTC,0,play_store,it's to be good experience every time,good experience every time,False,noise,,,no category-exploration signal
Blinkit use cold storage stores to deliver rotten and expired products don't ever trust them for your family health. They even manipulated labels to alter manufacturing dates and expiry dates. In india they knew they could easily get away with such malpractice. Don't rate them just for convenience and quick delivery. Quality and authenticity of products are not reliable.,1,2026-07-27 17:19:15 UTC,0,play_store,Blinkit use cold storage stores to deliver rotten and expired products don't ever trust them for your family health. They even manipulated labels to alter manufacturing dates and expiry dates. In india they knew they could easily get away with such malpractice. Don't rate them just for convenience and quick delivery. Quality and authenticity of products are not reliable.,blinkit use cold storage store deliver rotten expire product dont ever trust family health even manipulate label alter manufacture date expiry date india knew could easily get away malpractice dont rate convenience quick delivery quality authenticity product reliable,True,want_to_explore_blocked,dont_trust_quality_for_new_category|coverage_or_eta,,intent or category talk with friction/barrier cues
very useful app. I hope you give me more discount 😅 after the review 😂,5,2026-07-27 17:17:55 UTC,0,play_store,very useful app. I hope you give me more discount 😅 after the review 😂,useful app hope give discount review,False,noise,,,no category-exploration signal
I Love Your Service Now Thank You,5,2026-07-27 17:17:28 UTC,0,play_store,I Love Your Service Now Thank You,love service thank,False,noise,,,no category-exploration signal
pleasant,5,2026-07-27 17:17:01 UTC,0,play_store,pleasant,pleasant,False,noise,,,no category-exploration signal
well it was good app to order groceries,4,2026-07-27 17:15:09 UTC,0,play_store,well it was good app to order groceries,well good app order grocery,False,noise,,,no category-exploration signal
nice app to use,5,2026-07-27 17:13:14 UTC,0,play_store,nice app to use,nice app use,False,noise,,,short generic praise/complaint without category cues
old stock item delivered sometimes,1,2026-07-27 17:11:04 UTC,0,play_store,old stock item delivered sometimes,old stock item deliver sometimes,False,noise,,,no category-exploration signal
it's good I enjoy the delivery drivers are the best .today experience was my best experience I got delivery from deepak he was the best devilery partner till today .i really appreciate his work,5,2026-07-27 17:10:49 UTC,0,play_store,it's good I enjoy the delivery drivers are the best .today experience was my best experience I got delivery from deepak he was the best devilery partner till today .i really appreciate his work,good enjoy delivery driver best today experience best experience get delivery deepak best devilery partner till today really appreciate work,False,noise,,,no category-exploration signal
very late service at my region,1,2026-07-27 17:09:44 UTC,0,play_store,very late service at my region,late service region,True,unclear,coverage_or_eta,,category or barrier cues without clear funnel stage
worst chat support,1,2026-07-27 17:08:07 UTC,0,play_store,worst chat support,bad chat support,False,noise,,,no category-exploration signal
all best,5,2026-07-27 17:06:38 UTC,0,play_store,all best,best,False,noise,,,no category-exploration signal
really usefull app with great customer support good job blinkit,5,2026-07-27 17:06:37 UTC,0,play_store,really usefull app with great customer support good job blinkit,really usefull app great customer support good job blinkit,False,noise,,,no category-exploration signal
every thing is ok,5,2026-07-27 17:05:11 UTC,0,play_store,every thing is ok,every thing ok,False,noise,,,short generic praise/complaint without category cues
bakwas,1,2026-07-27 17:02:28 UTC,0,play_store,bakwas,bakwas,False,noise,,,no category-exploration signal
jadi vejo,2,2026-07-27 17:02:13 UTC,0,play_store,jadi vejo,jadi vejo,False,noise,,,no category-exploration signal
uhhh,5,2026-07-27 17:01:24 UTC,0,play_store,uhhh,uhhh,False,noise,,,no category-exploration signal
this app is very good,5,2026-07-27 17:00:53 UTC,0,play_store,this app is very good,app good,False,noise,,,no category-exploration signal
I think that it is a fastest delivery that I have seen👍👍👍👍,5,2026-07-27 16:59:54 UTC,0,play_store,I think that it is a fastest delivery that I have seen👍👍👍👍,think fast delivery see,False,noise,,,no category-exploration signal
all time when i ordered i received it really with in time,5,2026-07-27 16:58:03 UTC,0,play_store,all time when i ordered i received it really with in time,time order receive really time,False,noise,,,no category-exploration signal
very nice product 😃,5,2026-07-27 16:57:35 UTC,0,play_store,very nice product 😃,nice product,False,noise,,,no category-exploration signal
I have ordered a product for ₹60 but when I'm seeing the total amount it's showing ₹115. Like they are charging a very high amount for delivery charge and others. Thus I am requesting to all of you that donot order anything from this app. In my opinion this is the worst app I have seen.,1,2026-07-27 16:55:49 UTC,0,play_store,I have ordered a product for ₹60 but when I'm seeing the total amount it's showing ₹115. Like they are charging a very high amount for delivery charge and others. Thus I am requesting to all of you that donot order anything from this app. In my opinion this is the worst app I have seen.,ordered product im see total amount show like charge high amount delivery charge others thus request donot order anything app opinion bad app see,False,noise,,,no category-exploration signal
Wonderful,5,2026-07-27 16:55:45 UTC,0,play_store,Wonderful,wonderful,False,noise,,,no category-exploration signal
"Blinkit's service is absolutely terrible. I have been a customer for two years and have purchased many items, but my recent experience was awful. On July 27, 2026, I ordered products worth ₹2,500, including a pair of Noise earbuds; the sound quality was poor, and the fit caused ear pain. I requested a return—even offering to exchange them for a more expensive model—but their service was so bad that they flatly refused the return. So, everyone should think twice before shopping with Blinkit.",1,2026-07-27 16:53:48 UTC,0,play_store,"Blinkit's service is absolutely terrible. I have been a customer for two years and have purchased many items, but my recent experience was awful. On July 27, 2026, I ordered products worth ₹2,500, including a pair of Noise earbuds; the sound quality was poor, and the fit caused ear pain. I requested a return—even offering to exchange them for a more expensive model—but their service was so bad that they flatly refused the return. So, everyone should think twice before shopping with Blinkit.",blinkits service absolutely terrible customer two year purchase many item recent experience awful july 27 2026 ordered product worth include pair noise earbuds sound quality poor fit cause ear pain request return even offer exchange expensive model service bad flatly refuse return everyone think twice shop blinkit,True,want_to_explore_blocked,price_uncertainty_new_category|dont_trust_quality_for_new_category,,intent or category talk with friction/barrier cues
customer service support is not good,1,2026-07-27 16:53:31 UTC,0,play_store,customer service support is not good,customer service support good,False,noise,,,no category-exploration signal
very good app..... 🫶,5,2026-07-27 16:53:24 UTC,0,play_store,very good app..... 🫶,good app,False,noise,,,short generic praise/complaint without category cues
It's a good app for everyone 👍👍⭐⭐⭐⭐⭐,5,2026-07-27 16:52:20 UTC,0,play_store,It's a good app for everyone 👍👍⭐⭐⭐⭐⭐,good app everyone,False,noise,,,no category-exploration signal
Always fast delivery,5,2026-07-27 16:51:01 UTC,0,play_store,Always fast delivery,always fast delivery,True,stuck_in_routine,,,routine/reorder language without exploration intent
blinkit is actually the best and the service is really good and trustworthy!!!,5,2026-07-27 16:50:38 UTC,0,play_store,blinkit is actually the best and the service is really good and trustworthy!!!,blinkit actually best service really good trustworthy,True,want_to_explore_blocked,dont_trust_quality_for_new_category,,intent or category talk with friction/barrier cues
100percent like blinkit but didn't like delevery partner in mumbra city they are very rude and cancellations are high always they want to do cancel the order by customer they call and say plz cancel kro mam bhot andar hai dur hai other cities partners are best,5,2026-07-27 16:50:35 UTC,0,play_store,100percent like blinkit but didn't like delevery partner in mumbra city they are very rude and cancellations are high always they want to do cancel the order by customer they call and say plz cancel kro mam bhot andar hai dur hai other cities partners are best,100percent like blinkit didnt like delevery partner mumbra city rude cancellation high always want cancel order customer call say plz cancel kro mam bhot andar hai dur hai city partner best,True,stuck_in_routine,,,routine/reorder language without exploration intent
best any time service. 👍,5,2026-07-27 16:50:02 UTC,0,play_store,best any time service. 👍,best time service,False,noise,,,no category-exploration signal
good packing,2,2026-07-27 16:50:01 UTC,0,play_store,good packing,good packing,False,noise,,,no category-exploration signal
I ordered first time on this app now very fast delivery and good packaging..,5,2026-07-27 16:49:41 UTC,0,play_store,I ordered first time on this app now very fast delivery and good packaging..,order first time app fast delivery good packaging,True,unclear,,,category or barrier cues without clear funnel stage
The medicine delivwey and doctor consultation us too good feature,5,2026-07-27 16:47:15 UTC,0,play_store,The medicine delivwey and doctor consultation us too good feature,medicine delivwey doctor consultation u good feature,True,unclear,,pharmacy,category or barrier cues without clear funnel stage
slow delivery,3,2026-07-27 16:46:33 UTC,1,play_store,slow delivery,slow delivery,False,noise,,,no category-exploration signal
"Hi! Would have suggested this app to others but not anymore, cause as mentioned by the government the delivery app is not suppose to charge any additional extra fees but BLINKIT is doing so, whereas I only wanted 2 products but BLINKIT is charging extra i.e My total product price cost ₹191/- +where the app is charging me Handling charge₹5/- +Delivery Charge ₹30/- So My grand total comes to ₹226/- I would like this issue to be resolved or else I have to raise this concern is the Consumer forum",2,2026-07-27 16:42:20 UTC,0,play_store,"Hi! Would have suggested this app to others but not anymore, cause as mentioned by the government the delivery app is not suppose to charge any additional extra fees but BLINKIT is doing so, whereas I only wanted 2 products but BLINKIT is charging extra i.e My total product price cost ₹191/- +where the app is charging me Handling charge₹5/- +Delivery Charge ₹30/- So My grand total comes to ₹226/- I would like this issue to be resolved or else I have to raise this concern is the Consumer forum",hi would suggest app others anymore cause mention government delivery app suppose charge additional extra fee blinkit whereas want 2 product blinkit charge extra ie total product price cost app charge handle delivery charge grand total come would like issue resolve else raise concern consumer forum,True,want_to_explore_blocked,price_uncertainty_new_category,grocery,intent or category talk with friction/barrier cues
amazing i was really happy for this service,5,2026-07-27 16:41:49 UTC,0,play_store,amazing i was really happy for this service,amaze really happy service,False,noise,,,no category-exploration signal
yas,4,2026-07-27 16:41:22 UTC,0,play_store,yas,yas,False,noise,,,no category-exploration signal
Very good fast delivery appp,5,2026-07-27 16:40:45 UTC,0,play_store,Very good fast delivery appp,good fast delivery appp,False,noise,,,no category-exploration signal
bekar service he lutate he ye log order b pura nai krte juthe he mene 3 ltr milk mangaya tha or unhone 1 ltr hi diya or pese b return nai krna he unko bekar log he,1,2026-07-27 16:38:42 UTC,0,play_store,bekar service he lutate he ye log order b pura nai krte juthe he mene 3 ltr milk mangaya tha or unhone 1 ltr hi diya or pese b return nai krna he unko bekar log he,bekar service lutate ye log order b pura nai krte juthe mene 3 ltr milk mangaya tha unhone 1 ltr hi diya pese b return nai krna unko bekar log,True,want_to_explore_blocked,dont_trust_quality_for_new_category,grocery,intent or category talk with friction/barrier cues
fruits me milawat kyo karte hai yadi tin mango magate hai to tino tin quality ke kyo kharab hota phal bhi pack kardete hai kwality ka khyal rakhe,3,2026-07-27 16:38:17 UTC,1,play_store,fruits me milawat kyo karte hai yadi tin mango magate hai to tino tin quality ke kyo kharab hota phal bhi pack kardete hai kwality ka khyal rakhe,fruit milawat kyo karte hai yadi tin mango magate hai tino tin quality ke kyo kharab hota phal bhi pack kardete hai kwality ka khyal rakhe,True,want_to_explore_blocked,dont_trust_quality_for_new_category,grocery,intent or category talk with friction/barrier cues
Best instant delivery,4,2026-07-27 16:37:41 UTC,0,play_store,Best instant delivery,best instant delivery,False,noise,,,no category-exploration signal
India's fastest app,5,2026-07-27 16:33:41 UTC,0,play_store,India's fastest app,indias fast app,False,noise,,,no category-exploration signal
helped me when I needed the most mainly for taking printouts for assignments 😅👍,5,2026-07-27 16:31:53 UTC,0,play_store,helped me when I needed the most mainly for taking printouts for assignments 😅👍,help need mainly take printout assignment,False,noise,,,no category-exploration signal
free delivery ke naam par cheat krte ho aap log,1,2026-07-27 16:31:02 UTC,0,play_store,free delivery ke naam par cheat krte ho aap log,free delivery ke naam par cheat krte ho aap log,False,noise,,,no category-exploration signal
True companion,5,2026-07-27 16:28:51 UTC,0,play_store,True companion,true companion,False,noise,,,no category-exploration signal
💔,1,2026-07-27 16:28:19 UTC,0,play_store,💔,💔,False,noise,,,no category-exploration signal
It was one of the best platforms. Some delivery boys are a bit problematic.,4,2026-07-27 16:27:07 UTC,0,play_store,It was one of the best platforms. Some delivery boys are a bit problematic.,one best platform delivery boys bit problematic,False,noise,,,no category-exploration signal
it's good 👍🏻,4,2026-07-27 16:23:44 UTC,0,play_store,it's good 👍🏻,good,False,noise,,,no category-exploration signal
it best delivery app I have ever seen,5,2026-07-27 16:22:05 UTC,0,play_store,it best delivery app I have ever seen,best delivery app ever see,False,noise,,,no category-exploration signal
good work Blinkit all staff,5,2026-07-27 16:21:34 UTC,0,play_store,good work Blinkit all staff,good work blinkit staff,False,noise,,,no category-exploration signal
diffrent item in the pocket,1,2026-07-27 16:19:15 UTC,0,play_store,diffrent item in the pocket,diffrent item pocket,False,noise,,,no category-exploration signal
delivery charges kam karo,3,2026-07-27 16:18:00 UTC,1,play_store,delivery charges kam karo,delivery charge kam karo,False,noise,,,no category-exploration signal
Customer care support very nice.,5,2026-07-27 16:17:44 UTC,0,play_store,Customer care support very nice.,customer care support nice,False,noise,,,no category-exploration signal
we are very unpleasant with the delivery boy.. No blinkit carry bag with boy rudely replied Carry bags are usually out of stock by the evening.,1,2026-07-27 16:16:58 UTC,0,play_store,we are very unpleasant with the delivery boy.. No blinkit carry bag with boy rudely replied Carry bags are usually out of stock by the evening.,unpleasant delivery boy blinkit carry bag boy rudely reply carry bag usually stock evening,True,want_to_explore_blocked,habit_reorder_only|assortment_gap,,intent or category talk with friction/barrier cues
very worst experience,1,2026-07-27 16:12:12 UTC,0,play_store,very worst experience,bad experience,False,noise,,,no category-exploration signal
taking too long time for order placement,3,2026-07-27 16:11:32 UTC,1,play_store,taking too long time for order placement,take long time order placement,False,noise,,,no category-exploration signal
thanks for your help,5,2026-07-27 16:11:28 UTC,0,play_store,thanks for your help,thanks help,False,noise,,,no category-exploration signal
v good app,5,2026-07-27 16:10:59 UTC,0,play_store,v good app,v good app,False,noise,,,short generic praise/complaint without category cues
Good app easy convinient Groceries,5,2026-07-27 16:09:29 UTC,0,play_store,Good app easy convinient Groceries,good app easy convinient grocery,False,noise,,,no category-exploration signal
average,1,2026-07-27 16:09:27 UTC,0,play_store,average,average,False,noise,,,no category-exploration signal
worst delivery app,1,2026-07-27 16:08:38 UTC,0,play_store,worst delivery app,worst delivery app,False,noise,,,no category-exploration signal
in time,5,2026-07-27 16:05:04 UTC,0,play_store,in time,time,False,noise,,,no category-exploration signal
fast delivery 🚚,5,2026-07-27 16:02:36 UTC,0,play_store,fast delivery 🚚,fast delivery,False,noise,,,no category-exploration signal
best app for shopping,5,2026-07-27 16:01:12 UTC,0,play_store,best app for shopping,best app shopping,False,noise,,,short generic praise/complaint without category cues
my experience with blinkit is very good I used this app since very long,5,2026-07-27 16:00:10 UTC,0,play_store,my experience with blinkit is very good I used this app since very long,experience blinkit good use app since long,False,noise,,,no category-exploration signal
best food services app💗,5,2026-07-27 16:00:04 UTC,0,play_store,best food services app💗,best food service app,False,noise,,,no category-exploration signal
Happy 😇,5,2026-07-27 15:59:57 UTC,0,play_store,Happy 😇,happy,False,noise,,,no category-exploration signal
"Customer care executives are mannerless. sometimes they do send products without any seal, after raising complaint they don't bother to resolve",1,2026-07-27 15:59:10 UTC,0,play_store,"Customer care executives are mannerless. sometimes they do send products without any seal, after raising complaint they don't bother to resolve",customer care executive mannerless sometimes send product without seal raise complaint dont bother resolve,False,noise,,,no category-exploration signal
Rotten orange,1,2026-07-27 15:59:03 UTC,0,play_store,Rotten orange,rotten orange,False,noise,,,no category-exploration signal
Awesome experi,4,2026-07-27 15:58:40 UTC,0,play_store,Awesome experi,awesome experi,False,noise,,,short generic praise/complaint without category cues
awesome delivery and experience,5,2026-07-27 15:57:44 UTC,0,play_store,awesome delivery and experience,awesome delivery experience,False,noise,,,short generic praise/complaint without category cues
wow I just like the fast delivery and cheapest items like I m ording from Amazon Flipkart like every item blinkit have phone smart watch and all electronics 🫡🫡🫡,5,2026-07-27 15:56:20 UTC,0,play_store,wow I just like the fast delivery and cheapest items like I m ording from Amazon Flipkart like every item blinkit have phone smart watch and all electronics 🫡🫡🫡,wow like fast delivery cheap item like ording amazon flipkart like every item blinkit phone smart watch electronics,True,unclear,,electronics,category or barrier cues without clear funnel stage
delivery partners doesnt want come at. door step.,2,2026-07-27 15:55:58 UTC,0,play_store,delivery partners doesnt want come at. door step.,delivery partner doesnt want come door step,False,noise,,,no category-exploration signal
there is no policy for cancellations,1,2026-07-27 15:53:29 UTC,0,play_store,there is no policy for cancellations,policy cancellation,False,noise,,,no category-exploration signal
5star,5,2026-07-27 15:53:19 UTC,0,play_store,5star,5star,False,noise,,,no category-exploration signal
Just love it,5,2026-07-27 15:51:25 UTC,0,play_store,Just love it,love,False,noise,,,short generic praise/complaint without category cues
this aap is not good at all low coustomer helping,1,2026-07-27 15:50:19 UTC,0,play_store,this aap is not good at all low coustomer helping,aap good low coustomer help,False,noise,,,no category-exploration signal
nice app for last minute,5,2026-07-27 15:49:36 UTC,0,play_store,nice app for last minute,nice app last minute,False,noise,,,no category-exploration signal
ooo.,4,2026-07-27 15:47:23 UTC,0,play_store,ooo.,ooo,False,noise,,,no category-exploration signal
gave bad product and refuse to refund,1,2026-07-27 15:46:47 UTC,0,play_store,gave bad product and refuse to refund,give bad product refuse refund,True,want_to_explore_blocked,dont_trust_quality_for_new_category,,intent or category talk with friction/barrier cues
"good items, fast delivery.",5,2026-07-27 15:42:33 UTC,0,play_store,"good items, fast delivery.",good item fast delivery,False,noise,,,no category-exploration signal
it's very fast and good app we orders many things and they delivered very fast in minutes thank you blinkit,5,2026-07-27 15:41:24 UTC,0,play_store,it's very fast and good app we orders many things and they delivered very fast in minutes thank you blinkit,fast good app order many thing deliver fast minute thank blinkit,False,noise,,,no category-exploration signal
oki,4,2026-07-27 15:41:09 UTC,0,play_store,oki,oki,False,noise,,,short generic praise/complaint without category cues
Always on time n the most trusted. Wish to see discounts on special days or weekend on fruits n desserts.,5,2026-07-27 15:39:48 UTC,0,play_store,Always on time n the most trusted. Wish to see discounts on special days or weekend on fruits n desserts.,always time n trust wish see discount special day weekend fruit n dessert,True,want_to_explore_blocked,dont_trust_quality_for_new_category,grocery,intent or category talk with friction/barrier cues
good colity,5,2026-07-27 15:39:34 UTC,0,play_store,good colity,good colity,False,noise,,,no category-exploration signal
sabse ghatia app in the whole universe,1,2026-07-27 15:36:08 UTC,0,play_store,sabse ghatia app in the whole universe,sabse ghatia app whole universe,False,noise,,,no category-exploration signal
fast delivery good 👍,5,2026-07-27 15:33:54 UTC,0,play_store,fast delivery good 👍,fast delivery good,False,noise,,,no category-exploration signal
Service first,5,2026-07-27 15:31:54 UTC,0,play_store,Service first,service first,False,noise,,,no category-exploration signal
looting people,1,2026-07-27 15:31:35 UTC,0,play_store,looting people,loot people,False,noise,,,no category-exploration signal
best app for fast delivery,5,2026-07-27 15:31:11 UTC,0,play_store,best app for fast delivery,best app fast delivery,False,noise,,,no category-exploration signal
sometimes they send rough vegetable stop it,3,2026-07-27 15:30:47 UTC,1,play_store,sometimes they send rough vegetable stop it,sometimes send rough vegetable stop,False,noise,,,no category-exploration signal
Good and prompt service rendering in our area. keep it up.,5,2026-07-27 15:29:29 UTC,0,play_store,Good and prompt service rendering in our area. keep it up.,good prompt service render area keep,False,noise,,,no category-exploration signal
"I had a very disappointing experience with Blinkit. I ordered fresh vegetables, but the quality was very poor. The vegetables were not fresh and looked old, with some already starting to spoil. This is not what I expected from a quick grocery delivery service. I hope Blinkit improves its quality checks before delivering products to customers.",1,2026-07-27 15:29:10 UTC,0,play_store,"I had a very disappointing experience with Blinkit. I ordered fresh vegetables, but the quality was very poor. The vegetables were not fresh and looked old, with some already starting to spoil. This is not what I expected from a quick grocery delivery service. I hope Blinkit improves its quality checks before delivering products to customers.",disappointing experience blinkit order fresh vegetable quality poor vegetable fresh look old already start spoil expect quick grocery delivery service hope blinkit improves quality check deliver product customer,True,want_to_explore_blocked,dont_trust_quality_for_new_category,grocery,intent or category talk with friction/barrier cues
Delivery too Delayed,1,2026-07-27 15:27:22 UTC,0,play_store,Delivery too Delayed,delivery delayed,True,unclear,coverage_or_eta,,category or barrier cues without clear funnel stage
"super speed delivery, very use full, i use regularly Thank you Blinkit.",5,2026-07-27 15:26:12 UTC,0,play_store,"super speed delivery, very use full, i use regularly Thank you Blinkit.",super speed delivery use full use regularly thank blinkit,True,stuck_in_routine,habit_reorder_only,,routine/reorder language without exploration intent
"everythings fine but the paper bag, it's not strong enough to cary few heavy items and not more than one bag is given to lift that weight",3,2026-07-27 15:26:06 UTC,1,play_store,"everythings fine but the paper bag, it's not strong enough to cary few heavy items and not more than one bag is given to lift that weight",everythings fine paper bag strong enough cary heavy item one bag give lift weight,False,noise,,,no category-exploration signal
okk,4,2026-07-27 15:24:24 UTC,0,play_store,okk,okk,False,noise,,,short generic praise/complaint without category cues
very good experience of placing order but I don't have experience of customers help desk,5,2026-07-27 15:21:39 UTC,0,play_store,very good experience of placing order but I don't have experience of customers help desk,good experience place order dont experience customer help desk,True,want_to_explore_blocked,assortment_gap,,intent or category talk with friction/barrier cues
The app is very best I like it thanks to Blinkit I really like the app🤗😊😇,5,2026-07-27 15:20:51 UTC,0,play_store,The app is very best I like it thanks to Blinkit I really like the app🤗😊😇,app best like thanks blinkit really like app,False,noise,,,no category-exploration signal
best packing and safe product,5,2026-07-27 15:18:11 UTC,0,play_store,best packing and safe product,best pack safe product,False,noise,,,no category-exploration signal
simple payment,1,2026-07-27 15:17:28 UTC,0,play_store,simple payment,simple payment,False,noise,,,no category-exploration signal
it's best in emergency at our place,5,2026-07-27 15:16:56 UTC,0,play_store,it's best in emergency at our place,best emergency place,False,noise,,,no category-exploration signal
fast and easy,5,2026-07-27 15:14:54 UTC,0,play_store,fast and easy,fast easy,False,noise,,,no category-exploration signal
"I love blink it service, unexpected bahut hi jaldi Mera order delivered Ho gaela",5,2026-07-27 15:13:59 UTC,0,play_store,"I love blink it service, unexpected bahut hi jaldi Mera order delivered Ho gaela",love blink service unexpected bahut hi jaldi mera order deliver ho gaela,False,noise,,,no category-exploration signal
good services nice faster services,5,2026-07-27 15:08:48 UTC,0,play_store,good services nice faster services,good service nice fast service,False,noise,,,no category-exploration signal
in first order you get cash on delivery and in second we don't get cash on delivery and the product is 125 it convert into 210. 🤢🤮,1,2026-07-27 15:08:29 UTC,0,play_store,in first order you get cash on delivery and in second we don't get cash on delivery and the product is 125 it convert into 210. 🤢🤮,first order get cash delivery second dont get cash delivery product 125 convert 210,False,noise,,,no category-exploration signal
"Only delivery guy was rude, rest was good",5,2026-07-27 15:08:24 UTC,0,play_store,"Only delivery guy was rude, rest was good",delivery guy rude rest good,False,noise,,,no category-exploration signal
peak,5,2026-07-27 15:07:22 UTC,0,play_store,peak,peak,False,noise,,,no category-exploration signal
all is good but the help feature isn't that much helpful. I bought an umbrella which came faulty and then when I reported about it I says something went wrong the whole timeee😭😭😭.... curse yuo blinkit,3,2026-07-27 15:06:30 UTC,1,play_store,all is good but the help feature isn't that much helpful. I bought an umbrella which came faulty and then when I reported about it I says something went wrong the whole timeee😭😭😭.... curse yuo blinkit,good help feature isnt much helpful buy umbrella come faulty report say something go wrong whole timeee curse yuo blinkit,False,noise,,,no category-exploration signal
Support for customers and options in it are not satisfactory,2,2026-07-27 15:05:50 UTC,0,play_store,Support for customers and options in it are not satisfactory,support customer option satisfactory,False,noise,,,no category-exploration signal
cod not available,1,2026-07-27 15:04:44 UTC,0,play_store,cod not available,cod available,True,want_to_explore_blocked,coverage_or_eta|assortment_gap,,intent or category talk with friction/barrier cues
fast time po☺️,4,2026-07-27 15:04:35 UTC,0,play_store,fast time po☺️,fast time po,False,noise,,,no category-exploration signal
I love it for fast delivery 👍😊,5,2026-07-27 15:04:03 UTC,0,play_store,I love it for fast delivery 👍😊,love fast delivery,False,noise,,,no category-exploration signal
takes hidden delivery charges,1,2026-07-27 15:04:00 UTC,0,play_store,takes hidden delivery charges,take hidden delivery charge,False,noise,,,no category-exploration signal
Make abhi eggs available back again at my location (Bhavnagar) or I'll uninstall blinkit in next 30 days,1,2026-07-27 15:03:33 UTC,0,play_store,Make abhi eggs available back again at my location (Bhavnagar) or I'll uninstall blinkit in next 30 days,make abhi egg available back location bhavnagar ill uninstall blinkit next 30 day,True,unclear,coverage_or_eta,,category or barrier cues without clear funnel stage
the delivery boy is not delivered on my current location he called me 1 km or more than 1 km from my location Ahmednagar is a good location for blink it,1,2026-07-27 15:01:43 UTC,0,play_store,the delivery boy is not delivered on my current location he called me 1 km or more than 1 km from my location Ahmednagar is a good location for blink it,delivery boy deliver current location call 1 km 1 km location ahmednagar good location blink,True,unclear,coverage_or_eta,,category or barrier cues without clear funnel stage
The App is so good,5,2026-07-27 15:01:19 UTC,0,play_store,The App is so good,app good,False,noise,,,no category-exploration signal
"I had ordered eggs worth 311 rupees, I order from blinkit most of the time but today when I had ordered 30 tray eggs the eggs were visiblygone day with bugs and rotten eggs, this is not the first time too as I had once the same this when I order. I had even reached the coaster care AI and it gave me 311 rupees worth of bloody coupons, not even refunding me properly. poor experienceand quality.",1,2026-07-27 15:01:18 UTC,0,play_store,"I had ordered eggs worth 311 rupees, I order from blinkit most of the time but today when I had ordered 30 tray eggs the eggs were visiblygone day with bugs and rotten eggs, this is not the first time too as I had once the same this when I order. I had even reached the coaster care AI and it gave me 311 rupees worth of bloody coupons, not even refunding me properly. poor experienceand quality.",order egg worth 311 rupee order blinkit time today order 30 tray egg egg visiblygone day bug rotten egg first time order even reach coaster care ai give 311 rupee worth bloody coupon even refund properly poor experienceand quality,True,want_to_explore_blocked,dont_trust_quality_for_new_category|habit_reorder_only,,intent or category talk with friction/barrier cues
very good app fast service,5,2026-07-27 14:59:57 UTC,0,play_store,very good app fast service,good app fast service,False,noise,,,no category-exploration signal
very very slow 😞,1,2026-07-27 14:59:02 UTC,0,play_store,very very slow 😞,slow,False,noise,,,no category-exploration signal
some times it take too much time to open,3,2026-07-27 14:58:58 UTC,1,play_store,some times it take too much time to open,time take much time open,False,noise,,,no category-exploration signal
Time r wron,1,2026-07-27 14:57:28 UTC,0,play_store,Time r wron,time r wron,False,noise,,,no category-exploration signal
🤩nice :) 1000000/1000000 good💯,5,2026-07-27 14:57:28 UTC,0,play_store,🤩nice :) 1000000/1000000 good💯,nice 10000001000000 good,False,noise,,,no category-exploration signal
very bad exp,1,2026-07-27 14:57:01 UTC,0,play_store,very bad exp,bad exp,False,noise,,,no category-exploration signal
amzing,5,2026-07-27 14:56:34 UTC,0,play_store,amzing,amzing,False,noise,,,no category-exploration signal
3rd class delivery time 😞,1,2026-07-27 14:56:23 UTC,0,play_store,3rd class delivery time 😞,3rd class delivery time,False,noise,,,no category-exploration signal
it's useful but diet Coke is not always available 😕😭🥀 which is my fav ..! -owners daughter..!,4,2026-07-27 14:53:48 UTC,0,play_store,it's useful but diet Coke is not always available 😕😭🥀 which is my fav ..! -owners daughter..!,useful diet coke always available fav owner daughter,True,stuck_in_routine,,,routine/reorder language without exploration intent
let delivery,1,2026-07-27 14:48:51 UTC,0,play_store,let delivery,let delivery,False,noise,,,no category-exploration signal
"Timely service, reliable always.",5,2026-07-27 14:48:44 UTC,0,play_store,"Timely service, reliable always.",timely service reliable always,True,stuck_in_routine,,,routine/reorder language without exploration intent
Really better than other apps quick services,5,2026-07-27 14:47:48 UTC,0,play_store,Really better than other apps quick services,really good apps quick service,False,noise,,,no category-exploration signal
nicear...😊☺️,5,2026-07-27 14:47:40 UTC,0,play_store,nicear...😊☺️,nicear,False,noise,,,no category-exploration signal
good experience you get a free consultation with doctor when you have to order any medicines I feel thankful for this app .,5,2026-07-27 14:47:06 UTC,0,play_store,good experience you get a free consultation with doctor when you have to order any medicines I feel thankful for this app .,good experience get free consultation doctor order medicine feel thankful app,True,unclear,,pharmacy,category or barrier cues without clear funnel stage
