Review,Sentiment,Confidence Score
very good service,Positive,0.871954
very poor 👎,Negative,0.909279
good,Positive,0.651219
very bad because it's showing time in 10 min. and doing delivered in one hour,Negative,0.894097
great job 👍,Positive,0.967568
there is no sufficient quantity of tinda.,Negative,0.652264
so good,Positive,0.885666
nice 👍🙂,Positive,0.956924
nice and vere helpfull app and very kind delivery partner,Positive,0.95769
horrible customer care service,Negative,0.927094
nice prectice n thks,Positive,0.944144
really great!!!!!!!,Positive,0.983358
"super fast delivery,",Positive,0.952406
best 😘,Positive,0.956108
good secives,Positive,0.856728
Nice,Positive,0.774058
best service,Positive,0.820668
good app nice,Positive,0.951585
nice service,Positive,0.79053
👍 Good,Positive,0.929033
nice 👍,Positive,0.941663
Very helpful,Positive,0.896905
V.good,Positive,0.703717
this app is very best app,Positive,0.983228
good service,Positive,0.750889
High price,Neutral,0.644858
no option to add upi email,Negative,0.513935
oho,Neutral,0.538074
good.,Positive,0.737511
very fast delivery app and super,Positive,0.954722
fast service,Positive,0.620517
excellent,Positive,0.937752
good job,Positive,0.881854
best app,Positive,0.931127
lower price.,Neutral,0.771664
"I haven't receive my order, where is my products, I already paid you, and even you didn't pick up my call. This is my first order and you scam me like this.",Negative,0.932134
Paise loot liye mere,Neutral,0.712914
very good app,Positive,0.955771
to many late,Neutral,0.479847
Insanely fast and super convenient 10/10 recommended,Positive,0.985685
super,Positive,0.560976
very bad service in himmatnagar order does not place in correct timing always late,Negative,0.90789
fast and reliable serveice,Positive,0.5733
It was a very bad experience as I have received torn packet and sticky chicken pieces,Negative,0.937001
ok 👌,Positive,0.802152
well in time but please clarify handling charges,Neutral,0.822399
very good..timely,Positive,0.979274
fast,Neutral,0.529903
very nice,Positive,0.922143
rete full hy,Neutral,0.676167
very very good 👍 bahut achchha app he,Positive,0.977358
it was showing free delivery again i could see the charges.,Neutral,0.862571
"I frequently order from this app even after high handling charges and convenience charges. Today I received a wrong product and even though it's replaceable on the app, the customer service guy Priyanshu flatly refused to either refund or replace the item. He is even refusing to end the chat and disconnect. some days back another customer service guy who had called me for some technical issues, was extremely rude and unprofessional. Thank God Amazon has launched an emergency order section.",Negative,0.845132
wonderful experience,Positive,0.959996
good app,Positive,0.908638
Good 👍😊,Positive,0.964298
very good service!,Positive,0.960322
More than loving this app I truly respect Blinkit because it has never failed in their commitment. keep up the good work. and Thank You for your service.,Positive,0.980106
Good 👍,Positive,0.940207
good experience,Positive,0.937826
"fruady app,,,",Negative,0.870995
Vegetables not fresh,Neutral,0.539185
platform fee should not be applicable and discounts do not level up to Zepto,Negative,0.791039
say that order is near e but order is delay oeder,Neutral,0.591457
no exchange policy no cooperation,Negative,0.747994
they deliver fast. but the quality is not always good.. it's mostly below average. Use only when absolutely urgent... and still u might be disappointed.,Negative,0.888256
👍,Positive,0.852967
very good,Positive,0.888472
I ordered a boat wireless earbuds but got an empty box and customer service team is not responsive,Negative,0.809935
I order everything from blinkit even electronic machine also and it always works good and It delivers everything under 15 minutes,Positive,0.951487
supar aap,Neutral,0.776891
😋,Positive,0.859276
this app 🖐️,Negative,0.902794
"Hey, one item's missing from my order and the sealed bag's open. I tried reaching customer care, but they didn't respond. After trying multiple times, they finally connected via chat after 2 days, told me they sent a sealed one, and then disconnected. I even have video proof, and they didn't check anything.",Negative,0.850517
nicee,Positive,0.679092
give fresh products and reduce price for fruits,Neutral,0.529205
ok good now,Neutral,0.482857
amazing,Positive,0.857201
the app is good but when we do oder I will said buy for 99 when we buy for 99 it increases and it happens buy 199 to get free dilvery according to me blink is not good at for dilvery I thing I take extra charges in the form of dilvery charges,Neutral,0.572072
good 👍🏻,Positive,0.96167
"Never order food items from Blinkit. They never stop selling expired food items! I ordered the most expensive milk packets. One of the milk packet expired 2 days ago! It was all curdled & smelly when the packet was opened. The only way to contact customer care is by email. Despite sharing the images and concern, they shamelessly say that they don't keep expired milk! Openly cheating customers! Go check your mail for order & images frauds!!",Negative,0.932747
most of the things sort with this app,Neutral,0.558114
easy and convinient,Positive,0.708662
vary good,Positive,0.770854
very useless app ever I seen. i paced order mistakenly but here is no option to cancel it just placed order is in less than a minute. this app is a fraud. don't use it.,Negative,0.938011
excellent 👍,Positive,0.971248
some time delivery charges havi.,Neutral,0.845695
delivery in just minutes,Positive,0.721033
all over good,Positive,0.894323
convenient and time saving,Positive,0.810115
Ispe se online electronic product mangwane pr wo khrab aajye usme koi issu ho to ye nato return krte h na exchange bol kh dete h hmari trf se product bhej diya h ab aap dekhiye ham isme kuch nhi kr skte ye hmari policy me nhi aata LOL Total money waste,Neutral,0.545196
very poor services. specialy riders are not cooprative,Negative,0.91537
says failed payment but payment went and made us oder the same thing twice,Negative,0.753171
I had really terrible experience with them firsty I didn't receive my charger which I order and they gave me some local company charger second the charger was in a very terrible condition and yet the customer care service said you have received what you have order I will only change if it was not in a workable condition and my hard earned money 500 rupees goes to waste please do not order on blinkit it is a total scam going on there,Negative,0.919653
excellent👍,Positive,0.969458
payment option not available in this time,Negative,0.627655
good offer,Positive,0.688787
"We know you are all frauds and you are ordering because you are not satisfied. You say free delivery if you order 143 and then when it is 174 rupees, when you show the place order, it is 187 before you give an option to know how it was added. Why don't you give it to thieves?",Negative,0.889619
very good 👍,Positive,0.96919
"always late and wrong orders milk always old , too much handling delivery charges.If you will Stop doing blinkit lot of money you can save it",Negative,0.865824
Bast app,Negative,0.602534
great all delivery,Positive,0.948458
Good blinkit,Positive,0.724294
Services Good.....but high Delivery charges....,Positive,0.572354
charges are high for delivery,Neutral,0.549234
doesn't gives back refund even after calling multiple times. Think before ordering,Negative,0.832482
it deliver at time and good product,Positive,0.908973
Reasonable price and fresh stock,Positive,0.723744
make this service available in gunupur also,Neutral,0.762378
115 ka item dikha kar 150 me aa rha h,Neutral,0.868721
very nice& fast service 👍🏻,Positive,0.971077
mast,Neutral,0.585944
higher price than mrp,Neutral,0.737407
service is very good,Positive,0.939813
hustle free quick shopping online that to too on same price as offline,Positive,0.622028
USELESS APP. no service in my area,Negative,0.928279
"i don't own but it's good app , then also they sell on mrp príce",Positive,0.808109
Able to reach customer executive Mahvish and she initiated a refund for short items. Well done Mahvish,Positive,0.95022
high prize,Positive,0.829949
this is very useful,Positive,0.963418
very good service and very goid quality,Positive,0.93247
Good Wark,Positive,0.876616
CHAKKI AATA MANGWAYA KALL HI..AESA HAI JAISE SHISHA PISA GAYA HO KOI COUSTOMER SUPPORT NHI HAI...NA KAHI SE BADLNE KA OPTION AA RAHA HAI...MERE PAISE BARBAD HO GAYE.BINA BAAT.....,Neutral,0.716401
v good,Positive,0.811584
very good 👍 refund,Positive,0.969191
ok,Neutral,0.505783
💝,Positive,0.892851
good and affordable,Positive,0.770153
delivery partner's location isn't showing in this application,Neutral,0.778741
gud to use,Neutral,0.472716
👍👍,Positive,0.893242
"very good service, fast delivery every time",Positive,0.971298
good delivery app,Positive,0.894497
good onee,Positive,0.881685
The Dilivery Is on time I like it 👍,Positive,0.962262
best on best 10/10,Positive,0.929577
సూపర్,Neutral,0.660647
👍🏻,Positive,0.909088
Minimum Order too Hight ₹149/-,Neutral,0.885968
very very poor packing items was dirty In three items also they don't gave hand bag.,Negative,0.904503
best delivery aap,Positive,0.882946
fast service i love it,Positive,0.980785
gode,Neutral,0.62716
100 ki shopping pe hi free delivery laga do yaar,Neutral,0.829657
❤️❤️❤️❤️,Positive,0.950425
nic,Neutral,0.52767
best,Positive,0.7506
blinkit application are totally froud and fake kuch ordar kro assistant bhi batmeez hai miss prachi do not buy any product blinkit price kuch dikhate hai milta kuch or hai support se contact kro to koi help nhi policy bhi hai 7 day's Replacement but do not follow the policy,Negative,0.858028
soooper staaaar services. kudos,Positive,0.892544
Great 👍🏻,Positive,0.974645
best best best I don't have words ❤️,Positive,0.966316
🤩,Positive,0.969691
Missing order but support team is too busy even to have a conversation. either support hours are closed or support executives are too busy to handle all requests.,Negative,0.874907
good appp for lazy person like mee 🤣🤣,Positive,0.779301
Good quick service,Positive,0.917632
"same market price, expecting some discount from market price",Neutral,0.794993
this is best aap,Positive,0.973294
1st delivery 👍,Positive,0.896124
"I didn't thought that this popular app would turn out to be a total disappointment I had ordered few items one of them was this cake ice cream , I opened it and saw it was half eaten and when I called to ask for a refund they refused saying it wasn't their fault and blah blah blah....really blinkit!? I had no issues with it what so ever until this happened sorry (not sorry) but I am uninstalling this app",Negative,0.922481
price is high a little bit,Neutral,0.799507
Great,Positive,0.756558
good and fast,Positive,0.837013
nice aap,Positive,0.828846
Thanks to all the delivery partners who travel everyday and bring us our products.,Positive,0.960818
i like it,Positive,0.719349
very poor. we can not cancel the order after placing once.,Negative,0.90177
Charges are high as compared to zepto,Neutral,0.72637
So helful for me toh getting various items from market🥰🥰,Positive,0.983182
fabulous treatment,Negative,0.397314
✌️,Positive,0.635003
amazing app i like it,Positive,0.984412
500 above delivery free,Neutral,0.598155
delivery so fast,Positive,0.92364
niche,Neutral,0.535799
very good Blinkit,Positive,0.935274
best h fast delivery aati h,Positive,0.878706
Use this app,Neutral,0.742223
Absolute Gem! Saves your day although delivery charges are a bit pricier.,Positive,0.956372
useful,Negative,0.516772
bahut Piyara,Neutral,0.729391
Very Poor service. Maximum days service not available cheating. pls notice the customer service,Negative,0.912517
Prices are higher than other platforms and charging extra for various reasons.,Neutral,0.489291
good and fastest delivery,Positive,0.921469
👌👌,Positive,0.872923
way too much time to address location 😕,Negative,0.756821
some time it's give product expiry,Neutral,0.867548
IT IS VERY HIGH LEVEL APP 👌,Positive,0.961475
"Twice, blinkit has not sent the printouts i had ordered.",Negative,0.773499
very good survice,Positive,0.894087
good service 👍🏻,Positive,0.953053
too much good i can't explain,Positive,0.923489
great 😃,Positive,0.977692
fast service good app,Positive,0.937274
not free delivery option,Neutral,0.524939
every time asking for change never bring some changes,Negative,0.564699
not so good,Negative,0.642457
blinkit is very fast app and very convenient,Positive,0.958937
hooo,Positive,0.613569
best for fastly delivery,Positive,0.887256
not good because delevery charge more,Negative,0.814371
awesome,Positive,0.882664
Cool,Positive,0.634883
it's good,Positive,0.858216
superb app 👌,Positive,0.972256
😊😊😊,Positive,0.96357
gud,Positive,0.677335
delivery partner not pick up my phone,Negative,0.79148
I love Blinkit,Positive,0.962789
nice app user friendly quick service,Positive,0.925293
nice 👍👍,Positive,0.96181
ब्लिंकिट है तो मुमकिन है❤️,Neutral,0.731898
good 😊,Positive,0.951674
very fast Wow,Positive,0.910448
best app for delivery service,Positive,0.870429
very convenient. ❣️❣️,Positive,0.979993
"Fast delivery, reliable service, and very useful during emergencies. Blinkit has made getting essential items quick and convenient.",Positive,0.941943
very good option,Positive,0.880244
ok it's good,Positive,0.873958
worst app totally fraud amount debited order not placed and refund also not issued,Negative,0.925615
I ordered fish in this app after eating our health became very bad condition we got fever the company say the return policy expires we can't help and we can't refund money back it was not in chilled condition please don't use this app it's scam the support executives also not responding,Negative,0.926895
vere good 👍,Positive,0.924875
"it was the best app for urgent delivery and stuff but now it doesn't have COD available and as a non online payment user, this is so not it. it keeps showing ""This payment method is not available for the moment"" and that moment has been going on since the last 3 months (╯°□°）╯",Negative,0.870293
really good blinkit 🙂,Positive,0.97097
fake time of arrival is shown in customers display display time and actual time is difference. may I know how many seconds are there in one minute as standard time and display time having lots of difference.,Neutral,0.6256
"disgusting, support executive,",Negative,0.93206
boo yeah,Positive,0.577944
good service 👍,Positive,0.927974
nice app 👍,Positive,0.953097
"very helpful app in emergency , fast and good service 😃😃😃😃😃😃😃😃😃😃😃😃😃😃😃😃😃✨✨✨✨",Positive,0.971948
best quality products delivers in 10 minutes,Positive,0.914387
thank u,Positive,0.829317
blinking is very fast service,Positive,0.784873
please alwayss make cash on delivery 😅😅,Neutral,0.555308
delay in delivery and show us that unable to fetch delivery boys location 🤬🤬🤬,Negative,0.920872
great I mean it literally saved me from a huge event in my home we needed emergency first aid and thanks a lot you guys and the team 🤍,Positive,0.961521
Very much helpful for getting household items. Especially for elderly peoples. Thankyou Blinkit.,Positive,0.960514
very nice service,Positive,0.902095
bad platform,Negative,0.795907
well app,Neutral,0.505693
best app for home grocery,Positive,0.873447
The work of the delivery persons is great and I really appreciate their efforts. Thanks blinkit for this much help🙂,Positive,0.98507
good in emargency,Positive,0.623065
Cool drink is not chilled while getting,Neutral,0.673795
bahut sunder,Neutral,0.79207
the delivery charges are so much 🙄,Negative,0.891407
i love this app ✨,Positive,0.983514
Good app.. Very fast delivery...,Positive,0.97515
excellent work,Positive,0.963188
perfect app 💯 can order the items easily and is affordable too .,Positive,0.971151
best hai,Positive,0.818516
"I ordered two items a long time ago, but the delivery person handed over only one item while charging me the price for both.No money was refunded even after I informed them about the matter.Perhaps they(#blinkit) thought of it as a minor incident.",Negative,0.791662
communication skills poor,Negative,0.864861
very poor system. not update location in app properly.. I am so survive lot of my valuable time for just add my location in app. also delivary man are very ugly behave ....,Negative,0.931524
why do you not provide in my area that's annoying 😭,Negative,0.929438
Superb,Positive,0.903224
luvvv this app..!!,Positive,0.977643
good very well,Positive,0.939857
Too much surge charge and taxes,Negative,0.718909
I like it and the services given are superb,Positive,0.981022
very good 😊,Positive,0.977476
awesome 👍,Positive,0.96823
Try to increase the delivery distance. Not just in srinagar but other parts too for eg pampore,Neutral,0.822643
love blinkit as always delivers on time and never disaapoint. vast variety of products and excellent service.,Positive,0.981375
nice app 🥰🤩,Positive,0.98452
super 💯,Positive,0.922057
I ordered first time through blinkit but the delivered without blikit bag... very dirty hand was of the delievery boy.,Negative,0.860794
it's good 👍🏼😊,Positive,0.982249
"Thankyou so much, just please keep the app same forever 💓",Positive,0.970968
⭐⭐⭐⭐⭐Delivered on time and handled the order with care. Great service🌸,Positive,0.978764
doesn't carry any sort of balance while given cash on delivery...eveytime I face this issue...why then don't carry a little Change??!! for example...my order was 458 and for that I have given 500 rupees..Still they want 458 change...how am I supposed to give this much change?! Ridiculous!! And How they expect that everyone will have cash online?,Negative,0.808101
acha hai,Neutral,0.646818
Every time they charge high demand charges and handling charges upto 40-50 rs. I rarely use this.to deliver in 35 minutes.,Negative,0.855187
cash on delivery is not able under certain amount,Neutral,0.57524
exellent,Neutral,0.733805
It is a very fast delivery aap and I like the service by blinkit,Positive,0.974009
aalu anda,Neutral,0.813952
bad delevery,Negative,0.739257
quick service sometimes products came damaged but refunded as well if noted,Neutral,0.512006
fix time no delay anytime service no 1 any some time u got offers,Neutral,0.701541
legendary app,Positive,0.842655
amazing service,Positive,0.93834
Really easy to purchase,Positive,0.915783
not bad,Neutral,0.499313
nice taking,Positive,0.732514
good to help people,Positive,0.934829
I am happy..as I receive my order in few minutes ❤️. thank you Blinkit,Positive,0.986379
🥰,Positive,0.962176
I forgot to buy gift for my friend but then blinkit saved me. Thank you for your quick service.,Positive,0.568834
Very good app for quick delivery but when you try to cancel any order instead of returning money they give blinkit coins instead.,Neutral,0.402181
very fast delivery and resembles price,Positive,0.86951
good 👍 👍 👍,Positive,0.974376
v.v good for Blinkit,Positive,0.945698
very good sarvice,Positive,0.892791
most useful app,Positive,0.913813
by mistake i had entered the wrong adress they are not cancelling the order and making frustrating chats and message theese app ate not for oerson convenience they are a burden,Negative,0.893963
it's good 😊,Positive,0.974055
yes sure... it's very useful.,Positive,0.969798
good delivery,Positive,0.892932
very fast and good service provider,Positive,0.936927
incredible,Positive,0.777185
This is a very good app and fast delivery,Positive,0.980942
this app is very very good 👍,Positive,0.98463
Not Delivering Products on Time Always late,Negative,0.896912
super app immediate reached,Positive,0.851259
Thank you so much for opening blinkit I can order anything without hesitation and with reasonable prices... I thank the owner and the team .,Positive,0.974768
the delivery person handed my items on 2nd floor instead of 4th floor,Negative,0.50649
slow service,Negative,0.834201
Brilliant Services,Positive,0.952653
accha hai,Neutral,0.694253
thank you,Positive,0.815877
often changing my location. didn't get my refund,Negative,0.694888
order time is very late,Negative,0.734155
"⭐️⭐️⭐️⭐️⭐️ Excellent App & Super Convenient! Blinkit is one of the most convenient apps for getting everyday essentials delivered quickly. The app is smooth, user-friendly, well-organized, and easy to navigate. Finding products, adding them to the cart, making payments, and tracking orders is all very simple. I really like the wide product selection, quick delivery, attractive offers, and hassle-free ordering experience.",Positive,0.979392
great experience,Positive,0.95432
very fast and,Positive,0.498701
awesome service,Positive,0.939292
bad service and delivery guy doesn't even come to the location and also the delivery guy number doesn't work to connect with them and the post paid order gets cancelled due to their own mistake and they charge ₹20 for the order cancellation. Meaning loss of money and time without getting the product.,Negative,0.919537
very convenient for Ladies like me who are working and no time for market.,Positive,0.626287
fast service and original same product thanks for blinkit app,Positive,0.963439
made my life so easy,Positive,0.859976
scam app they don't resolve the issue when you recieve bad item use Instamart insted,Negative,0.907386
very good 👍👍,Positive,0.97759
cheap service in Ch Sambhaji Nagar always had address issues,Negative,0.866028
very convenient service. God bless quick commerce,Positive,0.973805
too good,Positive,0.950501
on time delivery,Neutral,0.689513
lot of love,Positive,0.847793
Blinkit is a very good app but please give us the option of cash on delivery blinkit don't give cod option please blinkit ... overall blinkit is nice ..,Positive,0.897136
It's a good alternative to get the groceries delivered so fast in 8 mins.Especially when you are not able to go out to the market.,Positive,0.683755
"very good, quick too.",Positive,0.978558
super services,Positive,0.882854
worst app,Negative,0.834053
"The price seems a bit high, but it is okay.",Neutral,0.516602
good service 👍👍,Positive,0.9513
thanks but will arrived at time ..it to urgent,Positive,0.762276
Excellent. My suggestion despatch dry and wet items separately and check properly before despatch about fruits and vegetables,Positive,0.673927
👍👍👍,Positive,0.914763
very goooooodddddd,Positive,0.964397
very supportive and helpful for any time any were,Positive,0.941362
"good, This service useful in emergency situations. thankyou for providing this delivery service 💐👍",Positive,0.963094
nice app,Positive,0.891857
valo,Neutral,0.633987
very good experience,Positive,0.962364
surcharges is very high and given coupon code not able to ppy,Negative,0.725775
Orders frequently arrive in 10 to 15 minutes.,Neutral,0.88839
helpful,Positive,0.462199
यहां से यहां सामान बहुत महंगा मिलता है जिसकी कीमत मार्केट में 70 रुपए है यहां पर 90-100 रुपए में मिलती है,Neutral,0.721307
very frustrated the delivery agent vishal is rude not calling when reached even using angry using language and all stuff I am not using app again in my life ...,Negative,0.933087
beneficial for houselady,Positive,0.640962
"the delivery partners don't even wait 2 seconds for approval via My gate, they start calling immediately!! very irritating",Negative,0.902947
"it's a nice app every grocery things is available in this app along with electronics, sports and more",Positive,0.975426
excelent,Positive,0.570032
"have ordered items and payment got failed in the app. but amount deducted from my account. which is not refund back to my account even after 5 days. there is no customer care number for these issue. they have only email assistance, been sending issue in email they keep on asking same thing which does not happen in the app which is most success order# . have tried multiple times the order is failing and amount deduct from my account LOL",Negative,0.894282
make it user friendly and more offers may given to customer,Positive,0.72382
this app is sooo good,Positive,0.986163
"blinkit please solve my problem and it is,that i don't need my order in 10 mintes it can be deliverd late but please available on my location and it is a request",Negative,0.562169
wonderful 😊,Positive,0.97702
it is very fast and good,Positive,0.981188
great app for all products no any queries on time all Products delivered to your home,Positive,0.948935
I mean good but can be better because of some features I can't give full,Positive,0.613078
good to purchase.. quick delivery good delivery boys too,Positive,0.964724
service is excellent,Positive,0.94526
"They manipulate the time i don't like this gesture , service is good!",Negative,0.820708
thank you blinkit,Positive,0.905151
To Much Helpfull app.,Neutral,0.453704
"""A very good alternative when you are unable to reach local marketplace or you have to purchase something urgently and you have less time. Packaging is satisfactory. Products are mostly good with rare exceptions in the electronics category. However, it is no doubt expensive and majority products are overpriced. All in all, a savior when it comes to ordering things within time constraints or when you are just feeling lazy to go out.""",Positive,0.672563
very helpful and time saving,Positive,0.940793
really like this app,Positive,0.968973
ok nice,Positive,0.789399
give more options when the cart is applying delivery charges for 1 or 2 rs difference amount,Neutral,0.865043
fast delivery,Positive,0.790679
I am very have to be honest It have many option of payment and have a good and very variation and availability So thank you,Positive,0.896058
vey helpful in emergency situations.,Positive,0.572531
service is good.Brands are standard brands. vegetables quantity is less compared to price.complaints menu is set according to company convenience.refund is not instant or sure.customer money is at risk.because it is through msgs only and the resolution provided by msg and closed with no option for customer.VERY VERY BAD SERVICE AND GARBAGE QUALITY DELIVERED TO DISPOSE OFF DAMAGED FOOD ITEMS.VERY RISKY PLATFORM,Negative,0.757338
very nice blinkit aplikesan,Positive,0.95021
one time use only,Neutral,0.842206
super good 👍,Positive,0.979014
very nice product and fresh,Positive,0.967182
Delivery is very good.product are fresh and good.,Positive,0.974558
Extremely disappointing service My order was cancelled after waiting for almost an hour If you couldn’t fulfil the order you should have cancelled it immediately instead of wasting my time This is completely unacceptable and shows very poor customer service I will definitely think twice before ordering again this things I am not facing one time finally I am coming here to give you review worst app I'm never use again,Negative,0.943991
thankyou blinkit good service,Positive,0.940993
very good sarvice and fast delivery,Positive,0.937148
improve adresss change. it is confusing,Negative,0.619904
delivered seal opened product,Neutral,0.713152
👍 nice,Positive,0.942607
nice 👍👍👍👍,Positive,0.970592
"return policy is not customer friendly, the customer care doesn't understand the issue",Negative,0.883774
for payment there should be direct barcode to pay from other phone,Neutral,0.863052
great👍,Positive,0.957582
"Handling charges, not acceptable.",Negative,0.893346
so good for lazy,Positive,0.898293
mast hai yaar ye app,Neutral,0.794252
Ramprasad Banshal good 😊😊,Positive,0.958404
Charges extra,Neutral,0.665103
scammer,Negative,0.532391
good profile 🙂,Positive,0.923423
i jst love it,Positive,0.926149
same market price no discount,Neutral,0.747306
Pahli bar istemal kar rahe hain,Neutral,0.730433
one order being delivered in multiple parts is frustrating,Negative,0.813616
very good 👏,Positive,0.973457
vry fast service,Positive,0.740856
5 star service,Positive,0.513618
late service,Neutral,0.588995
fast delivery super,Positive,0.924468
wonderful reason Immediately it comes!!,Positive,0.973937
very niceee 💗,Positive,0.973212
great!!*,Positive,0.980561
super but improve in any cashback offers,Positive,0.78401
"easy option, & fastest order♥️",Positive,0.96309
bestt app,Positive,0.90776
thanks blinkit And delivery partner 👍,Positive,0.960605
like this,Neutral,0.729645
next level blinkit,Neutral,0.593519
very good but products is very close coltly 😃😃😃😘😍😇😊😎🥰😘🥰😛🥰😗🥰😛😍,Positive,0.982233
Excellent service.,Positive,0.932241
Many a times milk packets delivered are damaged.,Negative,0.780901
"Unfair refund policy, poor quality compare to Zepto and no responsibility of the delivered products.",Negative,0.9125
great service,Positive,0.888175
better experience,Positive,0.833709
amazing experience,Positive,0.953626
This app is best for ordering something in hurry and always a best service give to the customer,Positive,0.95638
super 👍🏻,Positive,0.975199
blinkit is loosing its standard... guys don't order from this app,Negative,0.896949
nice🤩,Positive,0.974792
very happy.,Positive,0.972393
"Great service, Amezing experience 👍",Positive,0.969454
The app is good but the minimum order value for free delivery is a little extra.,Positive,0.783465
poor quality product sell.,Negative,0.899049
"Blinkit is very good. Extraordinary app. But the price and handling charges , Delivering charges are the same but they are taking both.",Positive,0.842905
it's too fresh veggies. so thank full for fresh veggies 👍,Positive,0.95448
good very good 💯,Positive,0.976529
extreme level of delivery,Neutral,0.507152
good product....,Positive,0.938281
no support for anything,Negative,0.81125
raised complaint that received pasta packet that was torn by mice. still neither got exchange not refund.,Negative,0.882261
प्लिज हिन्दी ऑप्शन भी रखे हमे अंग्रेजी थोड़ा कम समझ मे आता है,Neutral,0.795546
I love way to diliver to blinkit,Positive,0.9687
👍🥲,Positive,0.930851
1 star isliye karte hain kyunki itni chijen mangane ke bad bhi Ham Koi discount coupon nahin milta,Neutral,0.632482
this app does not have a save/favourites items option every time waste time searching for products.,Negative,0.887278
everything is good,Positive,0.926582
fasting dilivery. Good 👍,Positive,0.902128
suddenly you change your free delivery value 99 to 199 t,Neutral,0.84329
best delivery app ever,Positive,0.966026
nice i shiuld get my delivery on time,Positive,0.920801
less snacks findss still verities needed,Neutral,0.589426
best app hai,Positive,0.944423
old machine recived,Neutral,0.838843
it nice the best app in the world 🌎 even if some times the bag broke and all the things got damaged and after some days I ordered and then I opened the bag then the soap bottle was leaking and all the items were of soap I will 6/10 is like the blinkit,Positive,0.571874
It's very Good 👍,Positive,0.979838
very nice 👍,Positive,0.9636
❤️,Positive,0.875688
"pathetic service, I have recieved faulty product and they are following the replacement policy mentioned in the product page, instead they are saying go to the service center. please uninstall this app and do not order anything from them. cheaters.",Negative,0.942521
superrrrrrrrrrr....,Neutral,0.521019
good service and polyatomic very good experience with Blinkit...,Positive,0.971973
my best shopping aap,Positive,0.941995
"Not good,I have ordered some items on 23rd July 26.Itms not delivered nor money refunded",Negative,0.900715
very helpful and good,Positive,0.958574
good experience every time,Positive,0.978765
i need to order heat protector spray but by mistake I hv ordered hair spray. it has 72 hrs replacement policy and I am requesting them but now they are denying that there is no provision of replacement.... this is very bad on their part.... i will never recommend blinkit to anyone.... these people are not helpful.... bad experience,Negative,0.905918
Best offers,Positive,0.874321
very fast and reasonable,Positive,0.863967
Best product,Positive,0.919075
arrived at my home at just 5 minutes,Neutral,0.707582
Very good app to purchase Everything and deliver all household items to the door steps with a smile within minutes.I am so happy with the service provided,Positive,0.984786
ये3से,Neutral,0.82901
fast and quick delivery,Positive,0.857371
superb 👏,Positive,0.965814
please fast delivery,Positive,0.727246
worst app I was ordered a product and that product was damaged and the I returned back but amount have been debited to blinkit account only in promocode formate I have many times called them they didn't respond to my request also please don't install this app,Negative,0.93023
we r unable to call the delivery partner,Negative,0.539764
too costly but majboori hai....lot of charges,Negative,0.724262
𝙜𝙤𝙤𝙙,Neutral,0.727863
"If you go to see this, if a person is alone then this app will prove to be very helpful for him because this app makes quick arrangements for buying goods from the market.",Positive,0.817229
very nice app for short time minutes delivery,Positive,0.972337
👍🏻👌🏻,Positive,0.946416
it good it easy to order but the charges are to much after ordering like if I will order ₹17 milk and ₹50 coffee so it will take ₹122 - ₹150 !,Negative,0.527987
the service is very good 👍,Positive,0.9667
goof,Neutral,0.543566
it was too good and easy with blinkit,Positive,0.970415
the best delivery,Positive,0.953379
voice commands are so easy instead of typing for senior citizens like me. I am 82 years young. My hand shakes while typing. Hence I prefer voice commands to typing.,Positive,0.510044
wait,Neutral,0.588071
It's instant and good but some time it disappoints,Negative,0.538444
free delivery not available,Neutral,0.714283
"Best service, really fast and delivery person's are polite",Positive,0.968727
quality of Vegetables and electronics products could improve,Positive,0.542246
Very nice app,Positive,0.952887
Nice 🙂 facility 👍🏻,Positive,0.975912
vari good,Positive,0.629755
bast aap,Neutral,0.627374
very bad app,Negative,0.88732
very bad not good waste of money,Negative,0.935388
Today I ordered Kamal kakadi and it's very bad and extremely dirty,Negative,0.943338
very very work full app,Neutral,0.537634
it's good👍👍,Positive,0.979032
சூப்பர்,Neutral,0.72875
ret bhut mahgi h discount kijiye,Neutral,0.770418
"very bad experience and most of the items missing, even though the products are out of stock, showing in the customer App, very ridiculous",Negative,0.937289
Would love more product options added later. Otherwise the app is very user-friendly and smooth.,Positive,0.898682
add an option for expected expiry date I faced this problem from past 1 year,Negative,0.627763
"product sahi me jaldi ate hai, or delivery man ka behaviour bhi bohot acha hota hai .. ❤️❤️❤️",Positive,0.755076
very good home survice,Positive,0.947215
okay,Neutral,0.529923
its prompt and quick service I enjoy ordering,Positive,0.969686
truly India's last minute app. thank you blinkit!!,Positive,0.947898
Great but could have more variety,Positive,0.886976
"The fastest service you can get from them. Blinkit will come to your immense relief in the early morning when your local kirana shops are closed. Their commitment to timely service is a real thing, and most importantly, their service is rapidly spreading all over India. It's a great help for me, as I come from a very small town too.....👍",Positive,0.958974
"Amazing experience when all shops close or having distance , blinkit is available.",Positive,0.954492
Day by day facing worst experience with blinkeit. Seriously if I face the delay again I'll uninstall Blinked and download zepto.,Negative,0.940412
Apne aap order cancel karne wale,Neutral,0.759767
waw super,Positive,0.508033
Excellent Service !!!,Positive,0.97533
The blinkit don't even follow the instructions.,Negative,0.836985
i stay in a small city. and i was not getting many items here. many good brands. now after blink it has come everything is available. and best part is it delivers in 8mins or early. so happy with the service,Positive,0.919524
best & fast service thanks.,Positive,0.948396
it's the greatest delivery app by far,Positive,0.975015
good sarvice,Positive,0.701482
super superb.,Positive,0.965004
medicine and dr instant call with prescription is highly appreciable on 31st july 26,Positive,0.898922
best service this app,Positive,0.959361
Worst,Negative,0.750018
this is a best platform for helping at night 3 to 4 am,Positive,0.943741
Delivery very fast 😚😚,Positive,0.965243
There is no offer in blinkit & extra charges in handling & newly added late fees charges.in my thought Instamart far better than blinkit.,Negative,0.720942
add too much extra charges zepto is best 👌 🩷,Neutral,0.465231
I wanna experience blinkit myself ....kindly avail the service in the town Goalpara of Assam,Neutral,0.582327
worst service I have ever seen in my life,Negative,0.945831
good app 👍🏻,Positive,0.969367
THANK U 🙂,Positive,0.930953
please add amazon pay later for payment so that I can order more nearly 2000 plus am ordering from zepto last month so it's taking little bit more charge please integrate amazon pay later,Neutral,0.726179
i don't liked blinkit service,Negative,0.927833
Items were missing from my order and customer support didn't even try to help me or address my issue they were just ending the chat saying customer support is hampered and the delivery partner had blocked my number. Very poor service won't advise anyone to use this app. They didn't even try. Worst service Blinkit.,Negative,0.938542
not getting response feedback is zero 100%,Negative,0.846616
Every time I was receive unfresh items in bakery products specially bread,Negative,0.687573
ree bhai correct time bhejta hai bhai i love you ree😘,Positive,0.948995
it's very useful app 👍 and fast delivery and save the time😊,Positive,0.981137
well packed and late night support also awesome.. thanks to the blinkit team,Positive,0.986367
mega deta hai bohot,Neutral,0.748603
"ordered chest mount and it was supposed to be universal size but the straps on the one I received is very tiny, aqsa from customer service wasn't helpful at all. blinkit couldn't resolve the issue, didn't value my time and money?!",Negative,0.846546
it was nice to work fast delivery u can purchase everything to be easy and fast 👍👍👍,Positive,0.981796
very worst payment method I try to 50 times ordering but payment method is nit working,Negative,0.897208
removed the ordered items and added delivery charge and late night fee and convince charge to show same billing amount,Neutral,0.909718
"No doubt this app provides snacks, grocery, electronic and many other item in the time of 15 to 20 minutes. But,I heard the 5 star ambulance service of blinkit in zero fees! for that i wrote this review. Guys support and try this app.",Positive,0.858185
nise,Neutral,0.762581
best💙🫂,Positive,0.971404
no order received,Neutral,0.486436
First it delivers damaged product and then it doesn't do the exchange even in urgency,Negative,0.909217
exilent,Neutral,0.512709
this app is not interested because this app delevery charges is very high and bill is also high...😞,Negative,0.91639
not satisfied,Negative,0.674305
agar koi online pement na chalata ho to koi order nhi kar sakta 12 bje ke bad ya online na ho to 😡😡😡😡,Negative,0.803315
dilivery wasted products,Negative,0.852946
good product quality and service is very fast,Positive,0.949112
worst app i recommend not to use because money wasted customer service worst experience,Negative,0.957136
"Har problem ka solution, Blinkit.",Neutral,0.735751
Experiencing bad service and quality of food products from the last few months and all you guys are doing is giving fake empathy. Blinkit is becoming pathetic day by day.,Negative,0.949008
my order was not samene kux or order Kiya or mere pass aaya kux or h,Neutral,0.542114
"Terrible experience! Placed an order at 11:06 PM, only for them to cancel it at 11:50 PM stating they couldn't complete it. This is completely ridiculous. If an order cannot be fulfilled, they should have the basic courtesy to inform the customer within 15 minutes instead of wasting nearly an hour. What were they even doing for 44 minutes? Completely unreliable service!",Negative,0.937452
Veer good AAP,Positive,0.741451
Nice 🥰,Positive,0.976512
Great and fast service,Positive,0.943416
best use and easy app face,Positive,0.931597
very bad service wrong product delever,Negative,0.916119
bad delivery,Negative,0.769338
"firstly I want to thank, saravanan delivery sir , thank you so much for for kind at Tiruppur railway station saravanan sir in emergency sichwation I need ORS , fastly they delivered my order. thank you much . DATE- 30/07/2026",Positive,0.963114
printing ka kaam bhi chalu karo himmatnagar me,Neutral,0.849022
❤️🙂,Positive,0.918504
very good and fast service,Positive,0.926749
just waste,Negative,0.63575
"Good service, add more products and also price must me as low as your competitors like jio mart and dmart",Positive,0.675852
nice delivery but mid night in Near biharsharif delivery late,Negative,0.504069
best they do work hard,Positive,0.851784
"highly satisfied and best thing which I like in blinkit that,when ever I ordered medicines doctor called up immediately and ask for what you ordered tha medicine.. thankyou blinkit",Positive,0.959323
super fast delivery im happy,Positive,0.979008
very fast delivery,Positive,0.927235
now is because of cash on delivery,Neutral,0.800078
helpful❤️,Positive,0.910772
delivery is very quick,Positive,0.925586
always 2-3% higher price than local or nearest shop,Neutral,0.570595
"bad deliver executives, bad customer service, the reason for two star is availability in my area",Negative,0.936599
great 👍,Positive,0.962837
calculation mistake Free delivery above 150,Neutral,0.792245
Everything is perfect,Positive,0.805815
nice service 👍,Positive,0.934951
🌹,Positive,0.857396
super app,Positive,0.787469
it should always be cost effecient compare to store but nowadays blinkit is even taking surge charges aswell 🥲,Negative,0.825005
nice delivery,Positive,0.913815
They All are scammers If you are searching a electroinc product the highly i un recommended the blink it I have ordered the blue tooth speaker worth of 1200Rs once I have opened The box the product is not at all Power on tried lot of methods the speaker is workless the have Sent the repair speaker twice I have connected with CC They are telling we can't on this issue Don't waste your money by ordering the electronic products in blink it waste of money waste of time worst customer care,Negative,0.86647
poor customer service,Negative,0.858456
best app forever 🤩,Positive,0.98215
thanku for your wishlist,Positive,0.80585
worst platform for purchase they charge more compared to other don't trust this blinkit,Negative,0.944928
"many time it's showing completely wrong timing, if it takes time then fine but don't show false timing.",Negative,0.747342
super fast delivered,Positive,0.947742
pahli bar Manga rahe hain aaega tab rating denge,Neutral,0.746134
best experience in blinkit,Positive,0.97028
Service is very good but one has to add too many things for getting free delivery .,Positive,0.75265
i have good experience but I wondered that recently I got expired material along with damage ... i loss my money...I will never use it.. I don't know why blink it charge for handling while not fulfill it,Negative,0.92405
please bring the new harry Potter kinderjoy in stock my son wants it so badly and is talking about it day and night,Positive,0.870473
good 👍👍👍,Positive,0.971225
"Very helpful app, thanks",Positive,0.970893
very nice 👍♥️,Positive,0.975521
order not taking,Neutral,0.707148
bro I like this app to much and I love this app ❤️❤️😍 but when the cod (cash on delivery )got off soo i got sooo angry start to hate this app but when I ordered something soo this app win my heart,Positive,0.704203
DELIVER WILL SO FASTEST I LIKE IT THIS APP,Positive,0.972063
good time delivery,Positive,0.860556
blinkit delivery app install h toh kya hum blinkit se kuch nhi manga sakte kya very bad service,Negative,0.887957
super fast delivery with careful hand's 😊😊,Positive,0.980841
mast ha yaar,Neutral,0.783593
really a great initiative getting groceries delivered in 10 minutes is a blessing,Positive,0.984254
ok ok,Neutral,0.612852
it's good for daily life uses,Positive,0.888408
"very bad service, received my order tear, adulteration most of the food items, fssi should check, fine heavy money",Negative,0.928507
refund nhi milta product bhi acha nhi ata hai mere paise 2400 refund nhi kare hai pls ya se order na kare,Neutral,0.793272
nice and commitment to its time. I ordered in mid night and got delivered within time frame.. for me its very useful.. it always full fill my last minute need.. great service 👏,Positive,0.976074
phle mera order nhi laya koi pata nhi kon tha vo,Neutral,0.793352
nise app,Neutral,0.717948
Late delivery less amount they will show u currently unavailable delivery or like hing demand,Negative,0.627687
any time delivery when we need,Neutral,0.740247
it's time sever and we can get whatever we want at our door step,Neutral,0.605922
Convenience and quality,Neutral,0.59026
cancellation should be allowed some times it's said payment failed so I ordered again now I have 2 same products,Negative,0.809088
thik thak hai,Neutral,0.747921
good work,Positive,0.902936
need some improvement,Neutral,0.648418
good app but it does not have certain products this app is definitely better than others,Positive,0.869195
"Blinkit is a really good app but it takes a lot of money like if an object is of ₹50 but when you order with all the extra fees it will approximately become over ₹90. So, this the thing I don't like about blinkit but otherwise everything is very good.",Negative,0.386147
its good,Positive,0.796244
daily life made easy,Positive,0.748478
good!!!!!,Positive,0.970156
"speedy delivery app,like it.",Positive,0.971933
first time order kiya hai dekhte hai kaisa ata hai,Neutral,0.831085
very good and fast service but please maintain privacy on some product,Positive,0.867267
very good 👍😊,Positive,0.975798
very nice 👌,Positive,0.967376
"I'm using this app and it really good and time saving if u can't reach supermarket... but from my few orders experience it's made me to write this review....is there a shortage of bags , coz spacially my products are coming fully wet in rain ... please blinkit fix this problem, if there no bags available please no need to accept orders",Neutral,0.376805
best!!!,Positive,0.958657
good 😊 app,Positive,0.953814
choosing items are very easy and also delivered fast,Positive,0.910111
osm 🙂,Positive,0.545542
everything is nice but I think you should start accepting cash over 2000,Neutral,0.550754
best 👌,Positive,0.940239
sometimes they just play smart. i ordered two items . they sent both of them separately and charged handling charges .,Neutral,0.711717
thik ha par mahngha ha,Neutral,0.8194
whatever I want I get from blinkit,Neutral,0.734189
too expensive,Negative,0.699037
osm work,Neutral,0.713956
Good night fast service,Positive,0.890921
very good & fast service,Positive,0.900981
worst app when u want to return a damaged item delivered,Negative,0.93016
thank,Positive,0.564517
this app is to good if you purchase below 150 it will take delivery charge but if you purchase above 150 delivery charge will not take and I am very happy with this app you only set at your home and itme will come at your door steps,Positive,0.929293
everything was fine except for it didn't have things i expected and had unnecessary charges....,Negative,0.451879
milk is useless,Negative,0.859515
best seller in india cuz they take exchange and refund if you have the problem,Positive,0.77671
good👍👍,Positive,0.959318
I have better experience with blinket,Positive,0.47253
"I am very disappointed with my experience using Blinkit. The delivery was delayed, and the items I received were not in the expected condition. It was frustrating to deal with the issue because customer support did not provide a satisfactory solution. The app has potential, but the inconsistent service, poor order handling, and lack of timely assistance made the overall experience unpleasant. I hope these issues are addressed so customers can rely on the service in the future.",Negative,0.928503
Pl Ensure in items rain protection ok,Neutral,0.684981
.ost of jewellery is out of stock in my area and many things are out of stock I don't when they will get in stock as I have also turned on notify me but still nothing. no doubt app is perfect about when the things are not there which are required makes me feel bad,Negative,0.88112
very help ful aap,Positive,0.666049
best service reliable products super fast delivery no regret so far,Positive,0.959009
love you 🤟,Positive,0.958957
"For my case, almost every time, the delivery was very quick within 10 to 15min. super happy.",Positive,0.984215
best of delivery in aall,Positive,0.896678
super mast,Positive,0.555381
bad products poor quality and price so high,Negative,0.92884
supar,Neutral,0.722731
today expr experience is very poor and dilivery boy is very rude and abused word dilivery boy ne aaj drink kri hui thi,Negative,0.922859
well a very good experience 💯,Positive,0.983005
very good app for me,Positive,0.979663
first time use kr rhi abi to delevery hui nhi h but mne 5 star rating de di h i hope delivery achi ho,Positive,0.532799
I have ordered for the first time I hope it should arrive well and I thanks Blinkit That they save a lot of people's time,Positive,0.857037
woww,Neutral,0.489068
amazing for last minute hustle,Positive,0.901891
don't get a handle bag I got the items in my hands,Neutral,0.772782
theek h beta,Neutral,0.688566
badia app h kya soch k banae h bhai any time any item just watch and order,Neutral,0.776373
waww,Neutral,0.507775
I am giving a three star because of a surge charge after 2 minutes they are saying that surge applicable so I don't like this policy remove this policy for rs 150 things we have to order more than 499 for removing the surge otherwise it is best I mean above the best,Negative,0.867614
"Blinkit is good, but the worst thing is that they don't provide cash on delivery for many areas. It takes handling charges no matter how much you spent. it's a good but ok ok app",Negative,0.795757
NOT RECEIVED ALL ITEMS,Neutral,0.571334
very fast delivery i like it very much.,Positive,0.981697
happy,Positive,0.824883
very good n fast,Positive,0.967299
No response on several complaints and requests...this was the last order ....no customer care to resolve the issue.My hard-earned money still stuck,Negative,0.919243
good job 👍👍,Positive,0.969729
z some times at an important situation it's showing that it is currently unavailable to our location 😕 other than that it is a good app,Negative,0.680727
Good service right time 😃😃,Positive,0.966449
bilkul hi kam time me delivery ho jata hai .thanks blinkit,Neutral,0.656562
very good 💯😊,Positive,0.983712
customer Support says You can Order Ciggerate from The Promo Code and Issued A Promo Code but After Giving Promocode He said Sorry Promo Code Was Not Used In Tabbacco Products. so why He issued a promo Code Then He says I can't do Anything Now. Such a unprofessional Behaviour to Treat Customer Who Pays For the Order. Your Agent don't even Know Your Policies How can they sit On Customer Support.,Negative,0.704759
"All the online groceries service have the same pattern. first they give the offer to make customers and then slowly once the customer starts relying on their service, all of sudden there is inlogical customer support for your concern. they don't bother if you have any issues with the order and in call or email simply you gets such a convenient reply - Thank you for getting in touch with us. We sincerely apologize for any inconvenience caused and so on... 😂",Neutral,0.467938
nice working,Positive,0.913245
very nice for good food,Positive,0.969743
Very good app .... thank you for all the time available for us,Positive,0.986954
they don't come on the acctuall place,Neutral,0.77498
GOOD AND FAST SERVICE,Positive,0.948786
prices are a bit too high than usuals,Negative,0.708761
super fast,Positive,0.619794
"very costly, also the service charge of ₹9 is very high in Rajkot Gujarat.",Negative,0.875593
BEST DELIVERY APP AND FAST DELIVERY AT ANY TIME,Positive,0.927075
top good aap,Positive,0.865253
worst products dont buy i ordered i bang rice of 26 kgs its getting bad smell ofter cook old stock ofter reviews also no use dont use blinkit fruad selling product,Negative,0.942881
super for ordering,Positive,0.678008
stress-free quality services 👌,Positive,0.827383
blink ittt kamal haiii ...,Neutral,0.891148
fast delivery thank you blinkit thank you for the delivery person,Positive,0.97141
delay order delivery not following map guide 🦮,Negative,0.879696
very bad service not cancle policy,Negative,0.90585
"it's very good app , we can order anything and anytime",Positive,0.977788
toooooooooooo Quickkkkkkkkkkkkk💯,Neutral,0.58399
some of the items are costly here compare to zepto,Negative,0.571695
I love it because it came on time,Positive,0.985975
bht achcha hai nice,Positive,0.822126
this Aap is amazing I'll order only three products in late night they delivered at just 10 to 12 minutes and give me a free moisturizer which is absolutely awesome 👌 👏 I love this aap for there fast delivery,Positive,0.986365
so good 😊😊,Positive,0.983958
All good,Positive,0.731818
very good shop blinkit,Positive,0.947417
best service best service 👍 plz this service start on my location Ipshit sweet home juna sathpati road near navodaya school road near bagicha from house palghar west,Positive,0.894284
bad experience,Negative,0.79047
"very slow delivery, missing items, no proper response",Negative,0.925454
very quick delivery,Positive,0.912012
best service ever seen,Positive,0.937365
it's good👍,Positive,0.969479
This app is very good 😍😍 so iam giveing 5 star,Positive,0.986956
good working,Positive,0.903789
"I ordered Amul Rajbhog ice cream (1 liter) on July 21, 2026. The order was subsequently cancelled, and I was informed that the refund would be processed by the 28th.. however, it is now the 30th, and I still haven't received the refund. Meanwhile, Blinkit shows the refund as completed—how is that possible? To make matters worse, I cannot even find a helpline number to contact Blinkit for assistance. Other delivery apps are far better than this. very disappointed...",Negative,0.751386
very good delivery,Positive,0.95036
"There is no cash on delivery in this app, if we do not have online payment then how can we order anything, I have to order a lot of things but I face a lot of problems in making the payment.",Negative,0.863134
goooooooooooooooooood🫡🫡,Positive,0.919311
very happy 😊 😃 with blinket,Positive,0.984662
Not deserve any star so I don't like this app,Negative,0.942111
Awesome hai boss,Positive,0.974947
very good 👍. gives products at right time.,Positive,0.976955
soooooooooo convenient !!!!!!!!!,Positive,0.980861
very low price,Positive,0.479892
"blinkit store is 500 meter from my home no traffic nothing but takes 18 minute ever 20 minutes and will charge 50 rs and above ,blinkit is giving day by day bad service",Negative,0.930034
loveeeeeee ittttttttt,Positive,0.966201
blinkit delivery is not good items are rotten or not packed properly. it happens frequently,Negative,0.948148
very nice so much ✨☺️☺️☺️,Positive,0.983308
google map not recognised place easily,Negative,0.706487
very good app you must try it 😊👍🏻👍🏻🥰,Positive,0.989686
very very nice good 👍,Positive,0.977028
you could give something free or complementary things or food items after ordering heavy things😀,Neutral,0.619126
very fast and good service,Positive,0.926819
🤗,Positive,0.946713
sabse accha ❤️ I'm loving itttt....,Positive,0.98617
blinkit photocopy delivery is too late,Negative,0.763828
something order is delayed for a long period of time,Negative,0.649871
good experience with blinkit,Positive,0.925457
"बहोत ही अच्छी सर्विस है, डिलिवर करने वाले भाई भी बहोत अच्छे हैं, damage product तुरंत बदल जाता है, बहोत ही अच्छा लगा मुझे, बस थोड़ा डिस्काउंट कम है, लोकल मार्केट से तो ठीक ही है, लेकिन और सभी फायदे भी है घर बैठे सामन, फ्री डिलिवर, डिस्काउंट भी अच्छा लगा ❤️❤️",Neutral,0.538339
"They sell completely used makeup. This is my first time buying makeup from here, and it was already used. Their customer service is the worst, and I've even been threatened by customer care staff on a call. they are not supported by the customer",Negative,0.952178
it is very helpful for every one I am happy or it's product are also like flipkart i am happy I ordered 11to15 times,Positive,0.985439
Amazing experience with blinkit,Positive,0.980655
item deliver on time product in good condition,Positive,0.834783
best platform,Positive,0.891467
"सड़ा हुआ, बासी, और हर प्रोडक्ट वजन में कम । घटिया सर्विस है ।। कृपया कोई इस्तेमाल न करे ।",Neutral,0.803742
very bad experience order cancel option on available after book order,Negative,0.919428
👍 good website,Positive,0.946632
made life much more easier .,Positive,0.955969
cod must be available below order 50 or 80 other' wise it will create problem if the bank surver is down,Neutral,0.500318
It is very good app I used a timer it actually came in 10 min and have much more groceries I love this app,Positive,0.985791
very supportive team and coordination,Positive,0.940521
"first time I will be using this application, I am impressed that the selection required a customer choice",Positive,0.921854
"Payment on in hand Delivery,Must be Better..",Positive,0.720081
very low earning and no offer store closed 11pm offer time late night 2 pm but store closed 11pm,Negative,0.801793
last time sevier,Neutral,0.857258
good apps,Positive,0.781362
very fast delivery...All products are very good...,Positive,0.981688
it's a great help when you are outside of your town...thnxxx blinkit,Positive,0.94043
Too good to be true And very convenient,Positive,0.955275
"Nice service,😊😊😊",Positive,0.9686
just awesome,Positive,0.956494
Excellent service,Positive,0.870408
over all experience is good,Positive,0.949248
🙂💔,Negative,0.715849
your service is very good but price is more than jio mart,Positive,0.736324
good delivery service,Positive,0.897745
very rude behaviour and delay in service,Negative,0.898932
wows it's amazing 👏 😍,Positive,0.984287
bahut badiya he,Negative,0.523129
Very nice product quality,Positive,0.943209
very nice 🙂,Positive,0.958204
always delevering on time but some time it is delayed 👍,Neutral,0.552155
Awesome ness + Faster,Positive,0.976645
cod not available in my number 😞,Negative,0.828121
"Thank you for demonstrating that ""customer support"" and ""customer resolution"" are apparently separate departments. My experience suggests that following policy has taken priority over applying basic judgment to solve a straightforward issue. If the current process prevents your support team from exercising common sense, it may be worth reviewing the policy rather than expecting customers to accept an avoidable poor experience. I hope this feedback reaches someone empowered to improve the system.",Neutral,0.543183
"Extremely disappointed with this app. Since yesterday, every time I try to place an order, it shows ""Currently unavailable. We can't accept your order right now due to high demand."" If you can't handle the demand, don't let customers spend time adding products to their cart. This is a terrible user experience. There is no proper explanation, no estimated time, and no solution provided. Please fix your servers or stop showing unavailable services. Very frustrating and a complete waste of time.",Negative,0.937072
Just getting additional 65 rupees charge from past few days anytime i try to order something,Negative,0.626321
charging very high for delivery,Neutral,0.675887
it is nice and comfortable in returning as well,Positive,0.950315
nice experience,Positive,0.926097
"Amazing app! Super fast delivery, easy to use, and the products always arrive in good condition. Highly recommended!😊🤩",Positive,0.988227
badhiya,Negative,0.536954
customer service is never customer friendly. no election of return policy is considered even if it is blink it mistake,Negative,0.868387
good and simple,Positive,0.754376
thank you for your quick service,Positive,0.95567
"disgusting , cost showing 36 , at the time of checkout it's showing 94.",Negative,0.901809
the order was not cancel,Neutral,0.806847
wrost customer support. delivery of product made in an open pouch with dirty and part missing of an item......delivery boy not listens your complaint and not even customer support as it works only from 9 to 7 and if you need urgently some product.....don't rely on this app....go to any shop nearby......wrost experience i had today.,Negative,0.901928
Absolutely excellent experience regarding quality of products and delivery.,Positive,0.975091
delivery boy are very rude and unbearable,Negative,0.925939
good service fast service,Positive,0.809476
"169 dikha rha tha price peanut ka , jab payment ki bari aayi to 171 , to rupay kis chij ka hai , delivery bhi free show kr rha h ,",Neutral,0.883727
best 🥰,Positive,0.975959
"handling Price is high. and no offers. also prices are high compare to Swiggy Instamart, flipkart minutes",Negative,0.879746
it's a good job,Positive,0.942357
how to sell my product in blink it,Neutral,0.784612
osm service 👍👍👍,Positive,0.918594
love this app,Positive,0.961046
"fast delivery,,,,",Positive,0.832156
excellent service. Blinkit has made my life very easy,Positive,0.979743
wow 😲,Neutral,0.453539
"just did the first order on the app so don't know how it will go, but the app's interface is good and easy to order",Positive,0.869519
best service provider,Positive,0.878529
good app for shopping,Positive,0.865088
Love,Positive,0.711436
Good price,Positive,0.708745
very bad at silvassa,Negative,0.900247
very fast and superb app all items are fresh 💗❤️,Positive,0.985347
charge lete hai bhot or cash on bhi ni hai bhot bar to,Neutral,0.853554
achhha h bss price high kr deta h kvi kvi,Neutral,0.772771
⏩ fast,Neutral,0.884868
helpful and best services,Positive,0.912958
Very nice platform,Positive,0.950132
nice app and delivery person also nice way of talking,Positive,0.966216
It's really helpful and i love the fast delivery but there are some products that are not available here and blinkit doesn't provides any service here in bihar so you all gotta do better!,Positive,0.495076
zero costomer assisting...,Neutral,0.527364
thanks blinkit,Positive,0.7248
customer service is 1000/10 😍😍,Positive,0.977697
Fraud people,Negative,0.751021
High demand charge of 30 rs is not acceptable,Negative,0.860544
my experience with blinkit has been exceptionally well.. thanks for the wonderful service!,Positive,0.987539
its very nice and good application,Positive,0.977159
delivery is good 😊,Positive,0.97148
amul milk was not fresh on warming the milk as soon as it was received it started curdling,Negative,0.683389
best 👍🏻,Positive,0.967171
dikhata kuchh hai aur bhj kuchh deta hai,Neutral,0.806154
very very nice my time is save,Positive,0.979564
THIS IS VERY GOOD APP THATS LIKE FOOD MEAL EVERYONE INSTALLED THIS APP,Positive,0.982834
Nice dilivery boy,Positive,0.902896
very fast and affordable,Positive,0.874413
overpriced,Negative,0.474262
sab kuch accha hai par discount nahi milta quantity Saman mangwane par,Neutral,0.803291
so cute,Positive,0.880818
hedling charge high price to high,Negative,0.800253
there were free gifts and superfast deliveries I love this app there were not any ads,Positive,0.973916
good service and product,Positive,0.884969
showing before order 4 mins only but after order it will 20 mins,Neutral,0.888715
"used to be good, now you've changed bro",Neutral,0.538532
nice but rate little bit less,Neutral,0.476172
excellent discounts,Positive,0.933382
I ordered some raisins once and they were black instead of their original colour and when i tried to return them they said they cannot help me with my request. Please try to fix your return system blinkit. Everything else in the app is actually VERY impressive. I use this app to order plenty of items and they come very fast.,Negative,0.652802
Mere oder return le gye par payment abhi tak nhi aaye,Neutral,0.822309
ita my first order so far it is good to use let's see,Positive,0.926574
Best delivery app,Positive,0.94785
good service any time 🙏🙏,Positive,0.925657
door step delivery without single call,Neutral,0.764938
COD option is not available after i cancelled my order bad service bad app,Negative,0.901036
Awesome services..,Positive,0.97393
very trusted app i am aprishiated,Positive,0.819579
convient n hassle free,Positive,0.548077
very useful app,Positive,0.950107
"accha app h easily har chij mil jati ghar pr baithe baithe, sath hi fresh chij milti h thanku hamari life ko thoda or aasan banane ke liye😇",Neutral,0.741844
extremely good. and keeps getting better by the day!! 👍,Positive,0.990108
it is very nice app,Positive,0.972461
delevery on time 🙂,Positive,0.564062
delivers worst product,Negative,0.927654
good service blinkit,Positive,0.800238
mast hai re baba😜,Neutral,0.782261
"★☆ Very poor customer service I had to request an exchange for a mistaken order. The product was sealed and unused. But Blinkit customer care was not helpful at all. Responses are delayed, unclear.No proper resolution and no option to talk to a supervisor. Delivery is fast but support is terrible. Really disappointed. Please improve your customer service.",Negative,0.940811
wrust app,Neutral,0.736538
very good aap Thank you much blinkit,Positive,0.977685
fantastic and super fast delivery 👌,Positive,0.982338
👌 excellent service,Positive,0.94862
best service all app,Positive,0.933459
PLEASE CHANGE FOR COD AMOUNT 🙏 CAN'T BUY IN 1500 LIMIT ...,Negative,0.780801
order in this area is pathetically delayed,Negative,0.892498
super 👌,Positive,0.94902
exlent,Neutral,0.725872
"Customer service is worst here. There is no response on the enquiry on chatbox, and when contacted via mail, they have no resolution or answers regarding there damaged product delivery, even when thy especially mention 72 hours replacement available for the item. I have worst experience on this app. Please beware of their product and their services.",Negative,0.940817
best service.,Positive,0.898475
I am happy,Positive,0.961497
"Really very good and fast service, Keep it up with smiles 😊",Positive,0.983526
"Absolutely loved the service Lightning-fast delivery, excellent product quality, and a smooth ordering experience from start to finish. Blinkit never disappoints. Keep up the fantastic work",Positive,0.985331
okay good,Positive,0.7324
Nice 👌 and so fast 🏃‍♀️,Positive,0.979394
the order has been delayed waay too much,Negative,0.886717
most best website no scams at all Loved so much😊☺️,Positive,0.977363
Products are FIVE STAR & DELIVERED ON TIME. SOME OF YOUR DELIVERY EXECUTIVES ARE RUDE & NOT COOPERATIVE.,Negative,0.892754
Great app,Positive,0.955099
nice and helpful,Positive,0.909392
They don't send disposable spoons with items that actually require them—is one supposed to stick a finger in and eat it?,Negative,0.576867
Price too much but it's good,Positive,0.639669
why handling fee,Neutral,0.620344
not delivered to product 😠😡,Negative,0.892856
great app♥️,Positive,0.974567
very good 👍🏻 👏🏻,Positive,0.983437
life saver,Positive,0.760436
more difficult to find exact location 😕,Negative,0.768657
order fast kro,Neutral,0.753304
'Help' is not accessible to the user easily. 30/July/2026. Still as hopeless as ever.,Negative,0.925077
good service 👍😎,Positive,0.954668
all items are good 👍,Positive,0.965183
wow,Positive,0.50031
too exorbitant,Negative,0.649124
best sarvice,Positive,0.850744
customer support khrab hai,Neutral,0.778821
wrong delivery,Negative,0.755677
very fast,Neutral,0.615786
very good and fast delivery👍💗,Positive,0.980786
good but slightly costly,Neutral,0.440645
"IT'S A VERY good app, the only problem is about the location sometimes I have to tell the location to the delivery boy several times good app nice app and the second problem is they aren't keeping the small packet like If I want to buy chips and I want a 10 rupee packet it's not available !!! it's not good challlooo baaki overall good",Positive,0.582182
very good experience 👌,Positive,0.977502
Good nice 👍🏻 👍🏻,Positive,0.980206
very quick and reliable service.,Positive,0.930265
"Good,More use AI",Positive,0.901576
best e commerce company and you got under 30 min order products to order from Blinkit,Positive,0.936949
goodies really good website,Positive,0.969293
ya log bat nahi sunta hai .enko bas apna order ki pardi rehti hai .,Neutral,0.756197
ghatiya,Neutral,0.569131
best best best best app,Positive,0.971377
"exceptional service , thoroughly impressed.",Positive,0.974797
the app is so smooth and easily to take the order l love the app,Positive,0.977629
delivery timing is good 👍🏻,Positive,0.974488
bad,Negative,0.431325
add more address in your app for right location,Neutral,0.862578
fraud and duplicate item send,Negative,0.836217
worth it price! appreciable 😻🎀,Positive,0.985012
why always take handling charges 😞 bad,Negative,0.935878
item is so bad,Negative,0.917796
Fastest & Genuine delivery app.,Positive,0.925156
cheep products they sell expiry products and also hides the expiry date,Negative,0.546743
good👍👍👍👍,Positive,0.968556
Noice,Neutral,0.688687
it's very good 👍😊,Positive,0.983941
💯💯,Positive,0.594857
"Hi Blinkit team, I would like to suggest a new feature where customers can transfer money through the app and request delivery of physical cash to their doorstep for a service fee. This could help people who need emergency cash and cannot access an ATM. I believe this would be a valuable addition to your platform.",Positive,0.895788
very unhelpful on returns of products and refuse to take responsibility,Negative,0.900309
👌,Positive,0.832846
Cash on delivery not available,Neutral,0.587662
"My experience with blinkit was nice, the delivery partners had a very polite behaviour and professional attitude, expect some (1-2), beyond that service was nice and fast, product came clean and the paper bags were also good. But in Srinagar, blinkit does have much options currently. And also it takes them a lot of time to restock items, hope this issues resolves in future.",Positive,0.706524
good 👍🏻😊,Positive,0.974742
best Groceries and service fast delivery,Positive,0.903491
expire food,Neutral,0.832926
👌🏻,Positive,0.890254
helpfull and great service.,Positive,0.954278
I am becoming lazzzyy.....,Negative,0.739767
all delivary no free,Neutral,0.75804
Very fast deu & Very nice Cwality I am very happy,Positive,0.986974
taking a surge amount every time,Neutral,0.734937
"Do not send paper bags, send only plastic bags. You charged Delivery Charges Only. But other platforms charged many things and i have to make sure for any new charges for every order COD, rain, sun, water logging, congestion, traffic jam etc. Finally I uninstall all other platforms and have blinkit only",Negative,0.7604
delivery is so good,Positive,0.974244
awesome delivery service... not even big countries like russia and usa have such a sped up service... thanks,Positive,0.974936
very 👍🏻 nice 🙂 app🌲,Positive,0.977618
"this aap was really good , I'm very satisfied with this aap 👍🏻",Positive,0.989473
😍,Positive,0.931735
deliveries were not accurate,Negative,0.79711
"I had a very disappointing experience with Blinkit. I ordered a boAt Stone 350 Pro Bluetooth Speaker, but I received a different Bluetooth speaker. I reported the issue immediately and shared all the requested photos and videos. Despite multiple follow-ups, my request for a replacement or refund was rejected after their investigation. Based on my experience, I would be very cautious about ordering electronic items from Blinkit until stronger customer protection measures, such as open-box verific",Negative,0.875867
"My refund has still not been credited to my account, and I couldn't find any contact number for your support team. How will my issue be resolved? How can I get my refund back?",Negative,0.860899
no coupon apply,Neutral,0.785122
Nothing To Say it's Word less,Neutral,0.520016
best experience,Positive,0.947793
this is very helpful app,Positive,0.97529
"i have ordered a list of games and items for my niece on her birthday, I have paid 30 rs for gift packaging, but none of the items came gift wrapped. it's end the surprise. blinkit is earning money by these kinds of tricks.. so bad...will never use it now",Negative,0.854493
zepto is way better,Positive,0.627012
deliverey fast good product,Positive,0.89984
great platform,Positive,0.931836
delivery is never available when you actually need something.,Negative,0.745092
awesome 👌,Positive,0.964651
amazing amazing app...1000prcnt satisfied...Ty blinkit😊,Positive,0.983593
Unimaginable fast door step reasonable service ever thought of .Especially good for senior citizens. My best wishes For the last few days unable to see balance and profile icon on the right top corner of the app. Reinstalled once but problem again after 2-3 days. Please help. Thanks,Neutral,0.388664
og service 🫶🏻🤍,Positive,0.639709
"The delivery boy's behavior was appalling. I have a child at home, so my wife went to receive the order. Since she didn't have an online balance on her phone, she asked him to take a photo of the company's scanner and send it to me so I could make the payment online. The delivery boy retorted, ""If I had known this, I would have cancelled the order beforehand; I don't have that kind of time—you make the payment."" He kept asking inappropriate questions like, ""Why does your husband have to do it?""",Negative,0.84828
products from this app are good but behaviour of delivery partner is so rude they don't have any sense or manners how to talk some of them are good in nature and behaviour some of them are so rude,Negative,0.844034
Very helpful 👌 ☺️,Positive,0.960769
best last min app,Positive,0.906884
makes our work easier and less price than market value,Positive,0.651476
Blinkit was working in my area till last week but now it is showing as currently unavailable please fix this issue quickly as soon as possible,Negative,0.763477
Very easy and fast delivery process if you want something quickly. Love this!!,Positive,0.984963
prices are a bit high compared to different apps,Neutral,0.711812
to much price hike in this platform,Negative,0.757623
you donot give things in a packet,Neutral,0.566123
Thanks For This Service,Positive,0.898244
not delivered at my location,Neutral,0.492123
बहुत ही घटिया और 420 भरा आपके कल आपके हाकर का व्यवहार. वह तीन आरेंज जूस के जगह पर दो आरेंज जूस और एक चुता हुआ मिक्स फ्रूट जूस 1 घंटे मे लेकर आया. हमसे बताया की हमारे पास दो ही आरेंज जूस उपलब्ध था. मै कहा की यह बात आडर डिलीवरी के पहले मुझे बतानी चाहिए. इस पर वह कोई सही जबाव नही दे पाया. कृपया हाकर पर अनुशासनात्मक कार्वाही कीजिए की भविष्य मे इस प्रकार का मनमानी नहीं कर सके.,Neutral,0.807887
"Terrible interface! The app is really slow and the cart option doesn't expand up once you click on it. If you have added something in the cart, you need to spend 5 to 10 minutes looking for an option to open the cart again. App is really not user friendly! Update: Issue is with the application, not the order or service. Thanks!",Negative,0.913506
best app store,Positive,0.93607
Great!,Positive,0.938208
"Their delivery speed is faster than I thought, thanks Blinkit.",Positive,0.973411
very good experience with blinkit,Positive,0.969984
don't take any handling fee It's costly for students and many more people plz consider this problem.,Negative,0.756466
very good service for blanket,Positive,0.952326
"I have ordered for the first time today. Let's see how the experience happens, what is the facility?",Neutral,0.812695
Very Good And best app for instant ordering without going anywhere thank you so much 🙏😉,Positive,0.985453
"very fast delivery, just like blink",Positive,0.933816
"My experiences have been highly satisfying. As displayed, at the time of ordering, they deliver within that time - not once or twice, but every time. The quality of the products is also very good. Moreover, in case of any problems, their customer service responds promptly and the resolution is extremely fast.",Positive,0.974053
Outstanding,Positive,0.876206
Nice aap . . . .. . .... .. .,Positive,0.928904
very disappointed.. I order item.. and blinkit send very very low product sent.. and i returned.. but they refused...,Negative,0.912877
not good,Negative,0.605304
very useful for working and non working mothers,Positive,0.795432
"I'd give zero stars if I could. order gets delayed often, sometimes by 45-50 mins. customer support is extremely unhelpful and you're forced to talk to an AI which doesn't understand the concern. better to get some alternative and not this.",Negative,0.950048
"agr app ek baar material purchase krr lenge to vo vapis nhi krte, agr glt material aa gya ho to..",Neutral,0.833904
service is best,Positive,0.786541
Great.. best quality products,Positive,0.976388
jaldi aao bhaiya,Neutral,0.728097
best app for best items,Positive,0.939644
it is good but not best 😌 i,Positive,0.440675
they dont give the change money ..and make the delivery so long many times ..and many times they say that they will give the change money on your blinkit app..but they don't give,Negative,0.864669
"It is okay till the time you dont give a feedback or have a complaint. Rude customer care who shouts, zero understanding of customer service, and taking orders with advance payment and then cancel without informing!!! for me its only for absolutely umergency requirements which Big Basket, Instamart or Amazon Now can not deliver. otherwise a BIG NO to Blinkit.",Negative,0.894552
👍🙂 search,Positive,0.843585
"Very fast, These people come in any weather",Neutral,0.637578
very good Very nice app,Positive,0.973452
very good service... 👌,Positive,0.961948
"Delivery is getting delayed since last few days, 40 minutes as per time",Negative,0.819068
What I like most is that they take consultation after ordering any pharmacy thing that's a very appreciative thing,Positive,0.949518
"Liked...,an application.",Positive,0.875344
easy to order from anywhere....thnks blink it,Positive,0.858586
very nice and quick service thankyou blinkit soo much,Positive,0.96824
best app i love it 🌹,Positive,0.983295
good like,Positive,0.704571
nice app thank for you 😊,Positive,0.981793
really its last minute app,Negative,0.844975
dilevery is good for me,Positive,0.885286
very bad delivery boys always no change I hate,Negative,0.949648
Repeated complaints against the vendor at Haridwar is falling to deaf ears. No remedial action is being taken. Why are we paying you blinkit? Better to switch to zepto etc.,Negative,0.90343
great 👍👍👍👍👍,Positive,0.978625
rating is the too bad because your service is too worst charger cast,Negative,0.936703
fantastic💗,Positive,0.98162
too late sarvice,Negative,0.61469
satisfy,Neutral,0.598216
Very fast dilivery. keep it up,Positive,0.948955
sahi app hai kr sakte ho order pr,Neutral,0.771805
perfect but be available at every location,Positive,0.680928
it's great app and their customers support system good 👍,Positive,0.977791
nice 🙂,Positive,0.925916
not fresh any food and anything i given 2 stars because faster del.....,Negative,0.627234
I've been using this app for a long time but few days ago they scammed me. So I bought a 4 in one data cable and it wasn't working properly then I raised a complaint in chat support and they said contact the brand for warranty and gave me e-mail and phone number of that brand but neither they replied not answered my call it's totally scam and I'm going to stop using blinkit forever and I wish it gets banned forever I'll keep praying that both pay for it.,Negative,0.905935
blinkit very faster dilivery app and treated bhi hai nice good job 👍🏻,Positive,0.977172
this is very good 👍,Positive,0.984866
your service is amazing,Positive,0.967845
"I have worked there in blinkit and believe me there system may be advanced but the salary is so less . we got 58 rs for 6.5 km and this is for full travel. Also they only give one delivery for one person, 9/10 times. It's hilarious that when I tried to work doubled they block my account. even though I am working with pure honesty. The owner may say that delevery can be done under half or one hours. But customer still believes that there order is coming under 10 mins. they still use this trick.",Negative,0.7098
My first order on Blinkit let's see how they give the service,Neutral,0.668665
it's very usefull for me,Positive,0.908201
COD Option Not Available,Neutral,0.498884
Blinkit suggest animal products on serching vegan food.I am vegan .Blinkit confuse me .Why there is animal products on my feed.,Negative,0.880603
"worst customer support. i am trying to complain about a faulty product i received but the customer service bot is asking me to take a video of the product, and blinkit's camera feature is not working. and it is not giving me an option to upload from my phone as well",Negative,0.936024
👍🏻👍🏻,Positive,0.924408
"Excellent service!! Super-fast delivery, neatly packed items, and everything arrived in perfect condition. Thank you.",Positive,0.984471
✨💖,Positive,0.961567
fast delivery 🙌,Positive,0.968913
unwanted charges on cancellation,Negative,0.578329
your service is best service,Positive,0.920928
perfect,Positive,0.787717
best grocery app and only aap works in kashmir.,Positive,0.922522
Very fast delivery and the product is good,Positive,0.976237
very helpful app,Positive,0.944238
best app for many services,Positive,0.949822
good oooodd,Positive,0.830734
best app ever invented.. omg how fast is too fast 🏇🏻,Positive,0.984854
i didn't receive my order but showing delivered worst service want my refund,Negative,0.88136
Very good. Item arrived in a couple of minutes,Positive,0.983106
worst experience,Negative,0.84375
it's my first order...,Neutral,0.770616
It is good but you need to take less charges like handling charges that need to be reduced,Neutral,0.588098
sometimes good items but sometimes expired & rotten items & if you complain sometimes they replace or send coupon but nowadays they ask complain in their email I'd which is long process.& if you return items often you can't order by cash,Negative,0.818686
good facility,Positive,0.833336
time to delivery is so great,Positive,0.979744
very gud,Positive,0.898759
nice product and pata nhi kyu show nhi ho raha me kese check Karu ki muje kya chahiye,Positive,0.733259
send spoilt products and then steal your money,Negative,0.91354
extra payment charges levied while placing order,Neutral,0.718769
"most of your delivery person are not dressed properly,most of them are coming with the dirty wearing always",Negative,0.860037
it's very good quality and perfact timing and helpful and I like this app very much thanks to blinkit,Positive,0.982937
bekar AAP,Neutral,0.738736
Excellent Service But should work on more orders,Positive,0.901985
I found Hot Wheels Ferrari SF90 Stradale at MRP ₹179/-. Dear Blinkit team Thank you 🤩🤩👍,Positive,0.971153
bad experience items supplied are of below standard. I am stopping purchasing from blinking.,Negative,0.933322
very fast delivery and very excileemt dilivery,Positive,0.96843
delivery is up to time,Neutral,0.790722
neic,Neutral,0.594955
"excellent service, qualit y product",Positive,0.956726
very useful and quick service,Positive,0.945241
Very amazing 👏. Delivery in few seconds 👌,Positive,0.986584
good ui but handling charge is an issue for me,Negative,0.616041
Free Delivery Above 199 Is Too Much Great App Tho Zepto Is Better,Positive,0.870728
not responding better result 😕,Negative,0.880642
I like this app because cod is available and delivery charges is free thankyou blinkit please aise hi rehna,Positive,0.960078
Good but rate is very high than others packing are v.good than others,Positive,0.689326
badiya app hai bhai bahut Ameer log hain blinkit vale,Neutral,0.825871
if I recieve item in time than I will be very appreciate,Positive,0.856314
mydragon fruit was rotton,Neutral,0.593695
Easy and fast work.,Positive,0.844569
Super fast delivery! Got my order in just 4 minutes. Everything was fresh and well packed. Very convenient app with a smooth experience. Highly recommended!,Positive,0.985584
gud👍🏻👍🏻,Positive,0.955857
😍😍😍,Positive,0.96647
"Placed the order. Paid for it. Waited for the delay. The order said ""arrived"" without arriving. ""Need help?"" Yes but for more than an hour no one was replying and the conversations kept closing themselves after each 15 minutes.",Negative,0.77998
Service is excellent...,Positive,0.972507
very nice service.,Positive,0.945108
"No problem, just deliver the order on time and everything is fine, now we provide good service.",Positive,0.916286
no cancellation,Neutral,0.77326
this app very very helpful to all emergency person....and this apps use provide all area in India....,Positive,0.960858
wow good best,Positive,0.962279
best experience but Product are lil bit costly as compare to other Shopping AAP,Negative,0.532164
Excellent Service... I never ever before experienced this kind of fast delivery service. thanks to blinkit team.,Positive,0.982874
"worst delivery partner s, they disappear with the order and customer support executive shakila is of no help",Negative,0.944993
good 👍👍,Positive,0.96454
fraud,Negative,0.455036
good 👏,Positive,0.948895
Authentic and reliable store.,Positive,0.868094
price rate is ok but it's total is more than it is,Neutral,0.583022
Good System for those who can't go out of house for buying very quick service and helpful. Thanks Blinkit making life Easier.,Positive,0.92054
lovely,Positive,0.910708
"too bad, xerox/print services are not available!!!",Negative,0.919551
"best ,",Positive,0.817749
"I ordered coffee and chicken but received only the coffee, yet was charged Rs. 27/- as handling and service charges for this one item. This is truly a bad experience!! Imagine paying a surcharge of over 10% just for one item........, daylight robbery indeed!! Am not happy!!",Negative,0.905627
Good products... But delivery agent c onfuse about my location... Not thorough with location,Negative,0.651139
good handling and very affordable,Positive,0.865039
"blanket is better than any other app, the most important thing they have cash on delivery available, and I have also noticed that unavailable items on other applications are also available here ✨",Positive,0.955076
very very very very very very very very very very very very very very very very very very very very very very very very good 👍👍👍👍👍👍👍👍👍👍👍👍👍👍👍👍👍👍👍👍👍👍👍👍👍👍👍👌👌👌👌👌👌👌👌👌👌👌,Positive,0.972514
blink it always does the job in every situation. the need of the hour. keep doing what u do best 👌,Positive,0.966012
👍😊😊😊,Positive,0.964569
gud service,Positive,0.789871
"""Make sure to give small cash change to the delivery staff.""",Neutral,0.681076
Need to improve packing of items like milk packets because paper bag damaged quickly by keeping milk packets in it.,Negative,0.594119
blinkit service acchi hai but 15..20 rupye extra lete hai,Neutral,0.848102
very good service and timing,Positive,0.941051
nice job,Positive,0.90095
after receive my order then I'll give you feedback 🙂,Neutral,0.517823
sahi h but thoda expensive saman h normal shop k according,Neutral,0.680246
Just love it 😀,Positive,0.980105
"This is a very bad company, there is no option to return items here.""This is how their staff makes fools of customers.""""Their staff tricks customers like this.""",Negative,0.95461
why don't you guys use separate bags for edible and cosmetics,Negative,0.501597
thankyou,Positive,0.757044
it's very helpful in urgent need,Positive,0.923291
bdiya. fine,Neutral,0.578854
nice and quick,Positive,0.860204
"I recently required several grocery items and gifts for my loved ones. After downloading three apps, I found Blinkit to be the most useful and reliable option, thanks to its extensive product range, competitive pricing, and efficient delivery services. I placed three orders within two days to fulfill all my needs and was highly satisfied with the experience. I wholeheartedly recommend Blinkit as the premier shopping app for grocery essentials.",Positive,0.951752
everything at one place,Neutral,0.83448
excellent app in metro cities,Positive,0.970558
super fast service,Positive,0.921817
so much best 😍,Positive,0.979603
Awesome....,Positive,0.969076
Ladies quick fix.,Neutral,0.734328
very usefull this app,Positive,0.944375
time to deliver,Positive,0.622285
it's was good e commerce app but the offer is not good like zepto,Negative,0.771704
Third class app and equally third class service.Take 40 mins to cancel the order.,Negative,0.930079
I liked the service here . They provide medical emergencies very quickly and food selection quite interesting. I recommend it that it should be trued once by everyone. The reason I gave it 4 star is sometimes when network is not there we don't get our cash refund,Positive,0.942874
superstar 🤩,Positive,0.97907
"copy is not good, it's page is rough",Negative,0.928743
"what is the reason for handling charges, every week you guys are raising the handling charges......why ......and that too jabardasti",Negative,0.82697
thank you 👍👍,Positive,0.960868
nice to work,Positive,0.933885
very poor.pscket in open condition,Negative,0.907248
worst coustomer service,Negative,0.924424
wrong items get delivered,Negative,0.781343
No offers,Neutral,0.750617
easy to buy,Positive,0.594792
VERY NICE 👍🏻,Positive,0.977267
best product or service,Positive,0.618164
I can get anything I want under 10 minutes,Positive,0.828336
good to review,Positive,0.896135
good but they dont gives 9 rupees zone,Neutral,0.464937
Excellent quality & service 👍,Positive,0.954673
very very goood app.,Positive,0.978808
"worst service and quality, there is just no end to the misery, chemicals and food packed in one bag twice in a row. lack of quality supervision and zero accountability 😕",Negative,0.957184
to much fast service,Negative,0.74185
"brilliant service ,but give more credit card offers to apply",Positive,0.944355
prices are high,Neutral,0.514897
wow very dangerous 😳,Negative,0.884227
Great ... Delivery n Quality n Offers,Positive,0.968744
"Dear Blinkit Support, I am writing to raise a complaint regarding Order I ordered a B-type charging cable through the Blinkit app, but I received an iPhone charging cable instead. Within approximately 5 minutes of receiving the delivery, I immediately raised a return/replacement request through the app. Shortly thereafter, I received a call from your customer support team informing me that a return was not possible. Despite explaining that the wrong item had been delivered",Negative,0.502708
my order is 2 Watter bottole 1 letters and pay 47Rs but received in only 1 litter 1 bottol,Neutral,0.766726
it's quick and simple please ask your delivery team to keep change,Positive,0.547176
bad.,Negative,0.676629
"ये app एक फालतू का App है। इसको कोई इंस्टॉल ना करे।अगर जो करे है उनसे अनुरोध है कि सिर्फ food item ही मंगवाए। क्योंकि ये Non-Responsible app है।कस्टमर केयर के नाम पर AI से मैसेज मैसेज खेलते रहिए। इसमें issue fix किया हुआ है,अपने तरफ से न कुछ बोल सकते हो और ना ही वो समझ सकता है।मैने एक पंखा मंगवाया था उसमें गड़बड़ी थी,ना ही exchange कर रहा है और ना ही return.यहां तक कि मैं पार्सल लेकर उस blinkit shop पर भी गया लेकिन कोई सुनने वाला नहीं।पहली बार कुछ मंगाया था।मेरे साथ धोखा हुआ है।other app best है",Neutral,0.789576
this is very helpfull in daily life,Positive,0.967471
good service but extra charge liyaa hai,Neutral,0.508045
well,Neutral,0.533399
goood service,Positive,0.847111
very quick app,Positive,0.875704
well service,Positive,0.451664
useless...always delivery late...delivery person always avoids call...shame,Negative,0.936173
very good ap,Positive,0.914333
I every time order from blink it only and this is my favourite app best app in the whole universe 🥰,Positive,0.990515
should remove the so called handling charge on every order like zepto... otherwise good,Neutral,0.548581
why we handling charges given,Negative,0.572576
vegetables are not getting fresh. The potatoes I order never cook properly or taste good.,Negative,0.931175
very bad,Negative,0.781895
good for the daily need and fast delivery as your need,Positive,0.841522
The best app ever to ever buy from Blinkit,Positive,0.977788
fastest delivery,Positive,0.95985
"Fqn MC app Giving The Grocery Worster Than Locals, The India Gate raw Rice I Bought From Blinkit its Really Disgusting And Also Faar More worst Than Ration Rice Distributed By Gov",Negative,0.927162
service charge bahut jyada hai worker Sahi bhi nahin rahte time per nahin aate Hain aur phone lagakar 10 bar pareshan karte Hain sabse pahle workeron per Dhyan Dena chahie,Neutral,0.815559
abhi use kar rahe use karen to pata chale bad mein,Neutral,0.573345
very good 👍🏻😊,Positive,0.982141
all items are good and delivery time is very less as compared to other apps,Positive,0.926831
Thieves of first order. First they cancel the order then they keep on pushing the refund to a later date. Better delivery experience from other apps. Don't recommend at all! If I could give you guys 0 Star again and again! and again and again they fail in customer service,Negative,0.93965
must hai,Neutral,0.696111
good service withan 15 minit my house,Positive,0.911117
asome,Neutral,0.724418
very bad experience with Blinkit. Received Noise Pure Buds with missing left earbud. The box was already unsealed and the delivery executive took OTP before I could check the product. Support response was not helpful. This is unacceptable—expect better quality control and accountability.,Negative,0.931208
very good and fast delivery,Positive,0.957192
this is so fast,Positive,0.448037
price drop when we need it is not coming,Negative,0.685161
soo good,Positive,0.933062
Charging Both delivery and Handling charges.,Neutral,0.847665
Ease of business !,Positive,0.577387
good start,Positive,0.909973
blinkit provides the fastest delivery of all the other shopping apps,Positive,0.817299
so so happy,Positive,0.974295
there is no help if things as ordered are not delivered complete. bad service,Negative,0.911219
prompt service,Neutral,0.774078
poor service.....and no proper resolution of issues,Negative,0.91054
fast sarvice,Neutral,0.640853
Very Good 😍,Positive,0.980398
on time delivery 🚚,Neutral,0.740694
very bad price high,Negative,0.909579
the costumer care don't help mad no return or replace is available if it is available then also they do return or replace your order it better to order in Amazon and wait for 2 to 3 days,Negative,0.854683
best price and servcs,Positive,0.651072
It's okay for now,Positive,0.617332
Japan level convenience 👌,Positive,0.861397
kush itam bahut costly hai,Neutral,0.660857
better ❤️❤️,Positive,0.970263
bahut hi achcha hai aur fast delivery,Neutral,0.724933
wow 👌,Positive,0.931068
grateful 🥰,Positive,0.965102
superfast delivery,Positive,0.928111
exilent service,Positive,0.804222
otp time is very less so pl increase otp time,Neutral,0.622493
nice app for home delivery,Positive,0.92735
"they deliver defective articles don't not replace. reason they give is, they could not verify the defective articles. one should buy groceries only.",Negative,0.92668
bed service,Neutral,0.750074
pahle jaisa aab delivery fast nhi rha hai bilinkit ka store pe hi bahut time lga deta hai or insaan ko burbak bnata hai ki sasta hai koi sasta nhi hai bhai sab bewkoof bna rha hai or paisa lut rha hai sab,Neutral,0.75046
"monopoly near bagru, high convenience fee and delivery charges, bad behaviour from delivery partners",Negative,0.879909
doctor calling you after you've ordered a med is absolutely clinical for those staying alone,Negative,0.537674
I have been used this app last a year and this app is very useful and the material on time,Positive,0.970099
convenient,Neutral,0.606336
Print out's is good option,Positive,0.693115
not good customer support,Negative,0.903823
good yaar ☺️,Positive,0.96435
excellent and wonderful service Replacement is also faster,Positive,0.957418
I waited for my order from 15 minutes .....but in app shows your order will be dilevery in 9 minutes.....😞😞,Negative,0.830143
makes life easy,Positive,0.806309
"System is nice but,....... Support is bad......",Negative,0.888792
all.are good but price is very high 😭. thanks,Neutral,0.341109
"Excellent app! It's easy to use, fast, and has a great user interface. Highly recommended.",Positive,0.98856
daily am order pintola prodecut mere lyi offer diya kro,Neutral,0.858819
"best product, best offers , best grocery. I always love to buy with this app and I consider to my friends too.",Positive,0.985233
I love blinkit service,Positive,0.977458
sometimes the package foods i received are damp and unusable,Negative,0.86562
reduce hideen charge.. overall good services,Positive,0.860402
nice experience with blinkit.very useful in all the way,Positive,0.976885
"installed zepto saved 30% cash,blinking too costly,",Neutral,0.474486
bht vuk lagisile emn rati khon je dibo ahibo dhoinobad,Neutral,0.761872
very good job 👍,Positive,0.967616
welldone brother,Positive,0.890307
when we compare between zepto and blinkit .. pricing is a bit high .,Neutral,0.560518
It's been long since I am using blinkit to be honest used to hate it at times the deliveries and support used to trick me but now I am very happy how they make sure queries are resolved and with best possible way and with quick solutions I hope this remains consistent Blinkit !!!,Positive,0.594271
Had the best experience ever. I was too happy by their service. really kaabil e tareef,Positive,0.98733
worst app and mangengement,Negative,0.925633
meri refund abhi tak nahi diya. so bad app . please don't used this app. this app is so bad .,Negative,0.941007
best service best delivery return policy very fast thanks 4 Blinkit partners,Positive,0.970612
Good servings.,Positive,0.903247
amazing this app really,Positive,0.971628
worst aap ever that I have used..they literally took my money and cancelled my order and haven't given me my money back and also deleted my order history of that cancelled order,Negative,0.944397
no coupons,Neutral,0.706407
theek hi hai,Neutral,0.744544
thanx ur deliveryy too fast,Neutral,0.40195
"Blinkit is a great app for purchase fmcg product in your hand with in 15 minutes, Fast delivery go for it.",Positive,0.980176
nice ok,Positive,0.851195
very good response,Positive,0.886347
very good app less charges very good,Positive,0.974345
pahle jaldi se delivery bhejo,Neutral,0.764847
handling bag chart jyada lete ho,Neutral,0.855223
blinkit is very good I m happy,Positive,0.986893
demge product only i have theme,Neutral,0.815793
best blinkit order now,Positive,0.845517
it's very good and help full to my family,Positive,0.97835
best app for groceries and others,Positive,0.86992
thanks bhaiya,Positive,0.891728
why no scheduling feature available?,Negative,0.670756
🤮🤢,Negative,0.896667
"I like Blinkit service, always on time and anywhere in correct location. thanks",Positive,0.956799
well done,Positive,0.89334
campny don't resolve chat and don't help,Negative,0.87504
too much charge for the product for delivery and etc product rate 40 rs but I pay 98rs too bad,Negative,0.875351
not like it blinkit app 😡😡,Negative,0.896865
nice nice p,Positive,0.855644
to good 😊👍,Positive,0.97858
worst return policy,Negative,0.896905
nice app❤️,Positive,0.964833
why not accept your delivery partner why delayed and failed and why not refund tips 😡😡,Negative,0.932879
👍 good job,Positive,0.953804
superb service life top easy 👌🏻👍🏻,Positive,0.968916
Excellent ...........,Positive,0.939488
good excellent,Positive,0.900255
your delivery time to time very nice 🙂 good job 👍,Positive,0.985513
"one of the best grocery shopping 🛍 app in Patna [800011],Bihar",Positive,0.947787
5 star rating for free ambulance ❤️❤️,Positive,0.966563
defected items,Neutral,0.543688
good sevices,Positive,0.679345
very easy and fast delivery,Positive,0.916965
Super quick delivery and great packaging. Very satisfied with the service.,Positive,0.984107
A very nice platform ...for emergancy,Positive,0.96679
"worst app , delivered new pack but showing old pack in front image , never gone order from Blinkit. Worst experience ever flipkart or amazon will do better than this. Does not deserve even a star. May god close their store for forever",Negative,0.949612
fast and good delivery,Positive,0.929665
😀😀😀,Neutral,0.655262
need i sing praises of blinkit,Neutral,0.592995
"A very nice app,we can even get prints whatever the time may be.No need to be afraid of late night remembered things👏",Positive,0.901368
everything you need 👍🏻❤️,Positive,0.970467
"very slow service,please improve this",Negative,0.911615
Kya cheez bnayi h yaar . Medicines banao bina prescription ki toh turant doctor se bi connect kara dete. worth it app . must use,Positive,0.834843
thank you blinkit for late night delivery,Positive,0.957611
nice to get the thing within 10 min it's the perfect app,Positive,0.979981
fast and reponsive,Neutral,0.647239
no any discount,Neutral,0.651074
Nice pl,Positive,0.840013
great 👍😃,Positive,0.976616
it is good for any time,Positive,0.941783
exceptional 💫,Positive,0.935652
It's very good for urgent people when no one at home honestly loves the app my all time fav❤️❤️✨✨✨👍😚😚,Positive,0.977502
suuuuuper,Neutral,0.586258
please deliver at late night on cod,Neutral,0.668975
it's service is amazing 😍,Positive,0.983775
nice app so fast delivery,Positive,0.959852
"Not supported for credit card payment, always declined",Negative,0.856449
fast service great blinkit,Positive,0.948082
excellent app,Positive,0.965589
very good aap,Positive,0.952722
very useful I love is everything thing is their 🤩🤩,Positive,0.984193
this good 👍😊,Positive,0.981961
"Really A last minute app , Great experience Thank You",Positive,0.980229
very best grosry app,Positive,0.964785
ret mahanga ho raha hai,Neutral,0.728662
pissa aapka bahud jada aata he offers doo plz request,Neutral,0.866025
Better,Positive,0.660857
very great service,Positive,0.929155
this aap was amazing and always order on blinkit blinkit gives awesome items in pocket friendly prices 😎,Positive,0.987945
it is very good,Positive,0.962268
love u my darling blinkit,Positive,0.967341
best delivery anytime,Positive,0.953118
superb performance elegant dear one,Positive,0.969229
Life saviour 💗😭,Positive,0.974133
on time delivery.,Neutral,0.758335
bht Delivery charge hai,Neutral,0.775801
blinkit has improved a lot. also has fast delivery,Positive,0.945412
nothing more useful in urgent times,Neutral,0.545435
user friendly,Neutral,0.645699
surges charges always,Neutral,0.785805
Fast And Superb,Positive,0.953432
Great experience always..,Positive,0.976979
hyy pls nawahshehr punjab me nhi open kro,Neutral,0.606724
first time my order using item come very bad experience and BIINKIT NOT USED APP,Negative,0.927998
this app is best for giving us things that are needed argently and the delivery partners are so sweet and humble,Positive,0.98006
pathetic app,Negative,0.853191
Payment Failure on Paid Online Bill,Negative,0.824575
for fast service,Neutral,0.492413
no return anything,Neutral,0.543348
Blink had scammed me nearly 800 rps... I ordered the bulk items.. some of the items are missed.. customer care had initiated the refund.. but the delivery partners came to home and speaking rude with my mom and dad when I am not in the house... worst app I had used you ...... I would give you -100 rating for worst behavior with my parents,Negative,0.925637
many products to add for free delivery other apps are giving free delivery in 150 rs,Neutral,0.608817
first delivery so that's why I am not creating a review,Neutral,0.687583
"it comes very quick and is faster than other brands like zepto and Instamart,first club 👍👍👍👍👍",Positive,0.970143
goog,Neutral,0.632855
"This is the worst app, do not buy anything from here. I had ordered an item that looked different in the app, but a completely different one was delivered. And on this app, it's not even possible to connect with customer care—they just keep asking for images and in the end, they say everything is fine and they can't do anything",Negative,0.932365
wow super my experience 😍🥰,Positive,0.985605
good👍,Positive,0.931295
delivery boy do not listen instructions.,Negative,0.908872
Nice dlevry,Positive,0.830533
Nice 👍🏻,Positive,0.967073
very bad . ordered ice cream which has melted at the time of delivery due to non availability of bag. Ice cream brought open,Negative,0.895613
bilkul bekar egg tute bheje,Neutral,0.790864
🙂👍🏻,Positive,0.935209
very relevant app,Positive,0.76412
nice game with a nice 💯 and fun ☺️,Positive,0.981694
worst experience. recently I purchased tata 1mg clinically validated digital blood pressure monitor but I received used item. I paid new machine but I received used machine and no exchange option in blinkit.,Negative,0.878511
very nice 👍👍👍👍 service Good,Positive,0.967305
"If an item was ordered by mistake, there is nothing wrong with asking for it to be changed. However, you are refusing to make the change and showing a very poor attitude toward your customers. Amazon is a million times better than you—Shame on you.",Negative,0.880856
Great experience.,Positive,0.970465
I am not getting the spoon for the Matka ice cream. I am an order for guests How can I serve that? this is not the first time. it could happen three times. I feel very bad in front of my guest sorry 😟,Negative,0.904896
maze hi maze 😁,Positive,0.7133
super 👍,Positive,0.957133
wow nice 👍,Positive,0.947979
exylent good,Positive,0.881511
worsest service many times,Negative,0.842231
I have never expected this kind of response from The BLINKIT.. I am very disappointed.. 😔,Negative,0.940111
"Evening after wrong item is received, no resolution from customer service.",Negative,0.885509
wowww,Positive,0.45667
please blinkit Madhya Pradesh ke Vidisha Jile sironj mein bhi blanket chalana chahie,Neutral,0.877431
My experience is better than I thought,Positive,0.9406
pls can u stop giving add in between the process of ordering things it will help a lot 🙂,Neutral,0.511669
not good very very very bad,Negative,0.931412
"Very helpful in daily needs, Fast delivery",Positive,0.962884
finally wait over I'm glad now blinkit is in our town,Positive,0.950206
best in my city Raebareli,Positive,0.962651
abhi nahi,Neutral,0.738356
"very helpful, thanks blinkit",Positive,0.955612
yay,Positive,0.874291
no revads,Neutral,0.713675
good service for me,Positive,0.914231
thnaku for amazing experience,Positive,0.957946
very nice helped me so many times,Positive,0.975554
Excellent 👌👌👌👌,Positive,0.972086
services kafi acchi hai i am satisfied 👍👍,Positive,0.952506
this is the best app for grocery and all the things,Positive,0.976878
best and fast delevery,Positive,0.896251
amazing delivery and fresh vegetables 👌 😋,Positive,0.988396
verry good app,Positive,0.913418
delivery late,Neutral,0.492739
good product,Positive,0.886607
best e commerce platform ever,Positive,0.967482
Great job,Positive,0.917446
"“Really impressed with Blinkit! The delivery is super fast, products are fresh, and the app is very easy to use. I’ve ordered groceries, snacks, and daily essentials multiple times, and the experience has always been smooth. The delivery partners are polite and orders usually arrive before the expected time. Very convenient for busy schedules. Highly recommended!”",Positive,0.981808
good useful app,Positive,0.934495
very good😊💯👍,Positive,0.979935
AMAZING . FAST FORWARD SERVICE,Positive,0.980004
it's really a last minute aap,Negative,0.604985
timing is too late,Negative,0.642412
can't find the address and some products,Negative,0.6228
sabse best,Positive,0.745053
extra and imported items than other minute shops,Neutral,0.810473
best in class,Positive,0.798334
💯,Positive,0.489735
"Do not order groceries especially telugu....all r marked dead wrong description says one u get another and all the pain to replace it with customer care... meanwhile at home "" cheppanu ga online lo sariga undav ani "" beating 🥲",Negative,0.902996
nice work 😀,Positive,0.967924
"⭐☆☆☆☆ Very disappointed with Blinkit. I received a broken trimmer and reported it within one hour with proof, but the customer support simply refused to help without giving any valid reason. I even sent emails, but still got no resolution. As a regular customer, I never expected such poor service. This experience has forced me to uninstall Blinkit and switch to Instamart. Extremely poor customer support.",Negative,0.93816
"Superb Experience & Lightning Fast! Review: Blinkit has completely transformed how I order everyday essentials! The delivery is incredibly fast, order tracking is smooth, and the items always arrive fresh and well-packaged. Absolutely super service every single time!",Positive,0.983882
nice 👌,Positive,0.936264
"Worst app, useless, looted money",Negative,0.951041
best for delivery,Positive,0.738147
"mst ,much better than Swiggy Instamart at least order received at home not to go outside to waive hand and search for delivery boy and order",Positive,0.516688
delivery partner behaviour is good,Positive,0.923572
Best app forever',Positive,0.972816
please avaliable cash on delivery i faced many difficulties to order things ....otherwise app is very convenient....,Neutral,0.51631
quality was very good,Positive,0.967138
very poor service getting cancelled fees charge as order auto selected from your end,Negative,0.917673
it was 👍,Positive,0.925483
"I ordered some products through COD as my bank server was not working and my UPI was down. My order amount was Rs 141 and I tried paying the DP Rs 541 so that he could refund me Rs 400, alas, even they don't have that!!! Pathetic Service.",Negative,0.891586
worst in delivery time and iteams given by hands with out hand bag never choose it in tumkuru,Negative,0.907121
delivery person don't carry change,Neutral,0.518697
On time delivery and good quality,Positive,0.927606
sometimes some products are missing but they give it later overall 👍,Neutral,0.509494
paan corner not opening,Neutral,0.560754
very useful in day to day domestic work,Positive,0.814591
hey user s ididnt received order and they didnt give my refund ammount = 1562₹ and the delivery man cancelled order no response from this froad app im going to file complaint consumer court dont use this app no safety for our online purchase and product s..... no customer care only ai app using this kind of apps,Negative,0.924265
how to change number but it was so 👍 good app 🥳🥳🤩🥰😍😘😚,Positive,0.983123
blink it must improve the quality of there sellers. some of the seller doing unethical selling like tampered packaging. Two separate packing like prices on lamination and products are different or missing,Negative,0.816337
ಸೂಪರ್,Neutral,0.648343
its help full,Positive,0.476102
outstanding creativity but wo thodi aur sasti ho jati to maza hi aa jata,Neutral,0.562109
vey High charges,Neutral,0.642248
it's really nice,Positive,0.957247
fast delivery to good 👍,Positive,0.968794
wonderful service,Positive,0.94135
ach nhi hai,Neutral,0.766252
best app for bringing things earlier at home,Positive,0.856825
buhot acha ap he,Neutral,0.669946
good continue the same upgrade the app according to customers need,Positive,0.79466
disputes resoluted promptly,Neutral,0.829485
"best for alsiii log example me,tum,aur voo",Positive,0.5606
service is good and fast.,Positive,0.949832
nice👍,Positive,0.932197
Blinkit...❤️,Positive,0.925128
cancellation policy is very poor,Negative,0.889947
too much of extra charge,Negative,0.662893
very nice add service very good 👍,Positive,0.972591
ye mera first time tha jab mene blinkit use Kiya and it was amazing maine jo products order kiye the vo bhi kafi ache the or price bhi and dilivery boy bhi kafi humble tha ✨,Positive,0.969648
This is a nice app cuz it has everything I have been searching for where I didn't get in other app Like it's literally a friendly app ✨,Positive,0.966127
tooo expensive,Negative,0.664729
good service and safe and fast service,Positive,0.90502
very good and quick app all things are good here the quality of things is also good no product is damaged or broken even the print potion in this app is very good the prints are nice and clear,Positive,0.963415
blinkit is a very good app it was delivering in time everything I need,Positive,0.982638
very worst delivery service,Negative,0.923763
great offer,Positive,0.873389
such a very best service ever,Positive,0.971992
very good application,Positive,0.94534
to good for grocery appp,Positive,0.849254
it's very fast delivery 🚚 by blinkit,Positive,0.939003
love from khan family,Positive,0.922952
ek no.,Negative,0.550377
we buy a chocolate price is 36 but it's charges is 91 rupees very bad,Negative,0.867616
"very useful for our urgent needs,thank you",Positive,0.957207
Jrurt ka saman to yaha hamesha out of stock rehta ha ya fr hota hi nhi hai baki sab thik hai,Neutral,0.58588
very nice aap I also got free 🎁,Positive,0.983411
good app for quick delivery,Positive,0.932896
bahut delivery charge leta hai,Neutral,0.695519
"this is the bestest online application... it's amazing.. and the service, unbelievable... ❤️",Positive,0.988031
very fast and very good product and delivery,Positive,0.966281
very good very nice,Positive,0.97571
very poor quality product sell blinkit and not refunded,Negative,0.930171
West quality and service 👑⭐💫,Positive,0.938582
free prescription from doctor. amazing!,Positive,0.986854
"the best way to order things,,🤌",Positive,0.97428
new,Neutral,0.589601
Best hai. try it,Positive,0.933164
very good but no cod available in most of the things,Positive,0.471469
app bohot accha ha,Neutral,0.745779
no return policy,Neutral,0.605806
amazing discount fastival offer nice blinkit,Positive,0.972528
Good but reduce some delivery charge,Positive,0.464316
weast blinkit rate over,Neutral,0.825203
Excellent nice Services,Positive,0.939801
thankyu blinkit,Positive,0.83949
excellent!!,Positive,0.976507
Yoohoo !,Positive,0.944566
very rude behavior of rider very bad experience,Negative,0.885521
worst product damage diya or coustomer support koi help nahi karta hai,Negative,0.895543
Excellent service 👍,Positive,0.948303
delivery boy and blinkit both have delivery issues . if you order it allready take wrong location and u pay extra for delivery your grocery,Negative,0.859837
super😍,Positive,0.969665
deliver fresh product,Positive,0.508075
convenient and swift delivery. 👍👍,Positive,0.965566
Good Service and Delivery Time,Positive,0.950155
late delivery,Neutral,0.625836
itss tooo nd tooo guud ✌️🫂,Neutral,0.508005
Extra charges in the name of free delivery wth,Negative,0.683421
thanks for blinkit,Positive,0.896463
I loved the customer care.Thanks to tabyayya,Positive,0.981141
very good 👍 Work,Positive,0.9761
high rate of product,Neutral,0.660215
"The app deserves 5⭐, but your delivery partners are the reason I'm not giving it. The behavior of a 'FEW' delivery executives is completely unacceptable—rude, unprofessional, and disrespectful. Customer service doesn't end with the app; it ends at the doorstep. If you don't improve the quality and accountability of your delivery staff, you'll continue losing good ratings and valuable customers. Please take this issue seriously.",Negative,0.914898
good dilevery,Neutral,0.476274
blinking is very nice app,Positive,0.971497
thanks to the team who made this app🫡,Positive,0.964989
good 👍🏼,Positive,0.963554
wonderful experience 😀😀,Positive,0.982934
delivery very first,Neutral,0.786315
Blinkit service is awesome. every time on time.,Positive,0.98671
very good app. we get just everything within few minutes at our door step. I really like the service.,Positive,0.986374
overprice selling item this app 🤬😡😡😡,Negative,0.944681
superb experience ever,Positive,0.967727
super fast delivery,Positive,0.94961
"you pork meat sell,....,",Neutral,0.533081
loo baget loo price best option,Neutral,0.513881
fastest,Positive,0.665289
"worst service, sent me expired food items and when complaint.. refused to replace or refund.... big fraud scam .... NOT RECOMMENDED FOR FOOD ITEMS.",Negative,0.95076
all products are good and available to products and fast delivery safe money,Positive,0.943316
very nice delivery,Positive,0.950605
shows 12 min takes 20,Neutral,0.847645
"best, super",Positive,0.956329
always convenient but nowadays support n all they don't even look out the genuine problem if a customer face,Negative,0.797634
bad expiration wrong product delivered,Negative,0.898544
small amount items not available,Negative,0.66362
price is more than original MRP and u also mention free delivery,Neutral,0.767859
it becomes more expensive to buy cheap item,Negative,0.656207
"guys, please remove the feature where when I'm checking out an item for it details, it swipes to another item. please please, it's so damn irritating. please remove",Negative,0.892736
😊,Positive,0.946144
nice app I like it,Positive,0.970753
nice n friendly,Positive,0.850955
this is good 👍,Positive,0.981977
❤️❤️❤️ rr,Positive,0.943
🙏😭 thanks blinkit for fast delivery,Positive,0.95783
Any item expiry date is expired,Negative,0.605376
very fast service 😄 🫰🏻🩷❤️,Positive,0.986413
happy 😁,Positive,0.973035
## blinkit. why they are Charging handling fee always,Negative,0.794295
iska delivery Sahi nahin Hai,Neutral,0.867259
very convenient and hassle free,Positive,0.917552
the app is good but the charges are high,Neutral,0.407253
"Sometimes, Blinkit does not deliver us the items mentioned in the order summary but charge for that",Negative,0.625977
Good Gooder Goodest,Positive,0.940028
VERY FAST DELIVEREY,Positive,0.760421
very bad service online payment n kare only cash warna Paisa cut jaata hai ata bhi nahi hai. mera payment nahi aya hai abhi tak sir,Negative,0.868064
very nice 😊😊😊😊❤️😍😍,Positive,0.98563
worst app misleading the customers about stock notification. after click for notification tab no notification by sms or whstsup for items.today cod not available,Negative,0.895722
Good to order during emergency time,Positive,0.67065
blinkit bahut kharab order deta hai hum ek bottle mangaya usme bottle futa hua nikla ..or order return v nhi leta hai .,Neutral,0.787327
I m sharing my experience after using from months that blinkit is having pathetic customer care service because they send you rotten items dirty package first of all they will not return and the most they won't accept and not apologize for that so people's continue buying but order COD and checked everything on your doorstep and if it's not ok don't receive,Negative,0.91383
delivery charges are to expensive 😭,Negative,0.856093
randomly got hit with a 30 rs surge charge,Neutral,0.492494
ye log change nhi rakhte,Neutral,0.765333
♥️,Positive,0.93266
app is a very nice trustable app,Positive,0.962781
easy to way buy products.,Neutral,0.488995
"mind blowing app , which give me proper facility to your house gate and very polite delivery staff and agent .... nice app i like it very much ... appreciate to all the blinkit team..for this valuable services",Positive,0.98317
Thank's For Expressive Delivery,Positive,0.963003
good one,Positive,0.77771
dubble payment houi hai abhi refund nhi houi hai customer service very bad service,Negative,0.882417
Not available in my area so I order at my friend address Please make it available in my area soon,Neutral,0.63962
v nice 👌,Positive,0.94824
very good customer service ❤️,Positive,0.972207
"no proper communication channel at all, you will not know unless you call and find out what's happening",Negative,0.825179
🤟,Positive,0.801671
This is a fabulous app but there is always hope for improvement and I've a complaint of sometimes getting coffee tetra packs without straws apart from this one thing everything else is fine,Positive,0.938354
they don't return items after delivery if product is not good,Negative,0.742925
fantastic service,Positive,0.958228
excellent gud superb,Positive,0.973697
Fast delivery impressive🎉,Positive,0.977346
this app is the best,Positive,0.979505
🥳 thank you,Positive,0.984829
very good awesome quality and service is best.,Positive,0.971308
don't buy electronics from this platform. they say 7day replacement yet they don't stick to their words even when the product is faulty.,Negative,0.908767
prompt service good 😊,Positive,0.952645
one of the best item I get like groceries and other suppliments here...,Positive,0.974632
good 👍 to you ☺️,Positive,0.974835
really useful in times of emergencies,Positive,0.862367
Best choice,Positive,0.838746
price jyada ha market se,Neutral,0.772943
ok fast delivery urgent,Neutral,0.566978
amazing 👏 🤩,Positive,0.976718
very poor service,Negative,0.857763
very good application to buy any product,Positive,0.900533
they lie about estimated delivery all the time. say 10 mins and nothing even gets dispatched after 10 mins at least half the time,Negative,0.915397
GOOD RANGE AVAILABLE,Positive,0.759412
good app for groceries,Positive,0.80397
no change available always,Negative,0.597695
RS 30 chees ko 85 mai kyoo dei rha ho,Neutral,0.90706
verygood,Positive,0.859974
very usefull app,Positive,0.908191
nice application,Positive,0.874843
App is good but the discounts on cards and UPI are limited now. not like they used to offer earlier. local retailers now give more discount than blinkit. so now we are thinking of moving out from the app to the local store.,Neutral,0.50928
how to cancel order there is no option it shows,Negative,0.719309
thik thak,Neutral,0.71794
very good 👍👍👍,Positive,0.979632
The delivery boy refused to come to the railway platform after reached the railway station,Negative,0.631942
Good items And right time delivery but some problems never time cash on delivery close,Positive,0.568142
badhiya kaam kar rahe ho blinkit ambulance very important for society,Neutral,0.743865
better the flipkart minutes 🙌,Positive,0.899313
I order goods in which I have ordered 5 kg * 2 sugar packets with some other stuff . society have 3 lifts but rider said paper bag given by blinkit is worn out so kindly come down . pooor service by Muzaffarnagar blinkit. store gave him small paper bag for 10 kg sugar and other stuff amounting more than 1200 rupees . My father who is senior citizen had to pick the order from parking of society where blinkit boy was there . Everyone must order amount of Rs. 100/- maximum above not from blinkit,Negative,0.492434
it's very good,Positive,0.962478
i rate this 10/10 the fastest delivery,Positive,0.98108
one more thing happened I haven't received my refund it shows it's already done,Negative,0.832777
my first order i check this dilivery time,Neutral,0.815385
Just don't get hyped by the returning facility cause it's very bad a damaged product returned will only give a coupon.,Negative,0.900571
Ye bht helpful application 🎀,Positive,0.84355
LOVE THIS APP TO BITS,Positive,0.957448
bahut achcha hai,Neutral,0.664626
very useful,Positive,0.877947
absolutely love their blinkit ambulance service such a helpful and needy thing,Positive,0.976642
gatiya app,Neutral,0.72398
v good 👍,Positive,0.954119
the app is really good ! very reliable. Happy with the service.,Positive,0.987237
good job 👏,Positive,0.960125
The ice cream completely melted so didn't feel like having one. it shd have been collected last before delivery.,Negative,0.877685
fast delivery and good service,Positive,0.927424
exelent,Neutral,0.655202
I have been using this app for sometime now and today the delivery guy didn't give my money full change back .This is not acceptable.,Negative,0.909845
I lost ₹350 on Blinkit due to the absence of a cancellation and refund policy,Negative,0.854941
This is good one,Positive,0.966404
"they're charging surge fees but won't deliver on time , they'll get money from customers and won't give refunds for inconvenience caused too, only apologise , nothing else. don't use this app",Negative,0.932305
nce app,Neutral,0.632876
Nice 🙂👍🏻,Positive,0.97386
worst experience. all the delivery partners take tips forcefully,Negative,0.915821
Fantastic,Positive,0.937483
mast aap hai 🫰🫰,Neutral,0.805178
Excellent Service !!,Positive,0.965335
best for last time and best part is their free shipping delivery,Positive,0.972257
sometimes.. delay...,Neutral,0.500366
there is no cancellation,Neutral,0.706884
I like it so much one time their was nothing in bag than I complained than I got my refund but it is very nice and I request you that please deliver in near Villages,Positive,0.944206
✨️✨️✨️✨️🤌🏻🤌🏻🤌🏻🤌🏻🥺,Positive,0.969433
Very nice and good,Positive,0.968512
awesome 😎😎😎😎 Fast delivery 🚚🚚🚚,Positive,0.985518
"It is so gooooooood app ,we can utilise our time.",Positive,0.987587
worst virtual assistant,Negative,0.911307
its a nice 💯,Positive,0.965191
I'm waiting my order,Neutral,0.706923
osm,Neutral,0.643881
all good but decrease your delivery charges,Positive,0.46376
very nice and reliable source of goods.,Positive,0.953162
some new products should be added,Neutral,0.673578
there are no cancellation policy at all,Neutral,0.522064
"good app, fastest delivery ever",Positive,0.976653
guys when I ever try the store is always unavailable,Negative,0.83897
best delivery awesome products on time delivery quality products,Positive,0.963096
worse customer support and service,Negative,0.927646
order is little 🫩 late,Negative,0.741525
such a nice app fast delivery,Positive,0.975253
the blinkit is very useful 👌 👍,Positive,0.950903
y so rude the bliket rider he didn't reach the location n making drama. over all the location it's just near from blinkit to my house. n he can't still catch up location n making drama. his name shakeel. after reached location i was right there i told him is it my order he said no.. n i said u called me ryt n on call ur was making drama. he was hiding it not showing who's order n i was about to leave he said yes it urs. what is this....please look forward into it,Negative,0.829104
easy to get item,Positive,0.506989
"Excellent service! Blinkit delivers groceries and daily essentials very quickly. The app is easy to use, products are usually fresh, and delivery partners are prompt. Great for last-minute shopping. Have to improve for refunds and replacements, but overall it's a convenient and reliable service.",Positive,0.969626
very bad the handling charges and delivery charges are to much can't order one single item because of handling charges and delivery charges.,Negative,0.934447
very fast deliveries,Positive,0.631607
lest try,Neutral,0.629103
good 👍 👍 👍 👍 for easy find things fast delivery,Positive,0.959954
very good and prompt service,Positive,0.915558
delivery charges are too high,Negative,0.819194
10/10 app just reduce free delivery amount make it 99₹ from 199₹,Positive,0.727939
it is full 10 out of 10 dude,Neutral,0.628067
is good,Positive,0.768672
zada hi paisa lete h,Neutral,0.853966
"Unmatched Quality, Genius Design, and Total Game-Changer! ​I rarely leave reviews, but after using this kit consistently over the past few weeks, I felt compelled to share my experience. Simply put, this is hands-down one of the best investments I have ever made. From the moment the package arrived, it was clear that the creators put an immense amount of thought, care, and precision into every single detail. ​Unboxing & First Impressions ​The packaging alone deserves a five-star rating.",Positive,0.978386
brooo when i order milk they deliver it in the cardboard bag and it always torn apart as the milk is cold and have some water outside. please change ur bag while delivering milk and cold stuff,Negative,0.882112
god products I'm happy😊,Positive,0.979381
nice 😆,Positive,0.943557
"their customer service is very pathetic,they close the 7 day return window before time,they don't respond after completing the order,if the order is faulty, damaged,cheap then it's not their fault,it's your fault .",Negative,0.936122
"very rude delivery partner. he is refusing to come on location. very bad experience from blinkit, I never think so blinkit can do this. I am very disappointed.",Negative,0.945707
very bad service regarding product return I do not install this app and always send bad products I hv bad experience and install this app,Negative,0.931244
5 star,Positive,0.49667
it is verygood,Positive,0.953775
सबसे बेस्ट डिलीवरी,Neutral,0.850104
good performance 💯,Positive,0.976689
Not working Blinkit In my fireboltt click 4g Smart watch,Neutral,0.602017
better than other delivery apps,Positive,0.595764
no cancle option bc,Negative,0.628648
satisfactory,Neutral,0.527097
Items quality was very better then other online food apps,Positive,0.933059
worst.Cheater.Will spread the word not to buy from your app.charged surcharge 30rs and handling fees 5 rs with giving me the break up invoice bill.,Negative,0.940901
need to add option which sell only healthy thing which dont contain harmful chemicals,Neutral,0.71638
very bad experience please close the blinkit because you are selling experid items.i was order baby milk powder and I have received experid milk powder this is very bad ...,Negative,0.918761
can t able to rate the orders first of all rude behaviour of driver,Negative,0.889239
😊👍👍,Positive,0.967008
blinkit has no idea how to deliver frozen items... long way to go.,Negative,0.927352
Delivery agent not delivered at my place,Negative,0.52669
"Absolutely pathetic service. I ordered 2 chilled Diet Cokes, 1 chilled Pepsi, and 1 Amul Masti Chaas, but everything arrived warm. I requested a replacement, and Blinkit sent warm drinks again, with the Amul Masti Chaas missing. I returned the entire order, yet Blinkit refunded only ₹80 out of ₹170, even though I didn't keep or consume a single item. I'm still waiting for the remaining ₹90.Poor quality control, careless service, and an unacceptable refund process. This is how customers are treat",Negative,0.876529
dekho tumari store ache h lekin me ak delivery partner hu aaj mera order ak buliding me aaya tha me vaha niche khada tha me bola me gila tha me nhi aa skta upar uske bad mene customer ko dubara call lgya aur customer bola tere ko tamij nhi h tere ko kis bat ka Paisa milta h aur to tu upar aakar dekar aa lekin me fir order ko dene jabarjasti gya bola upar aaja ya Sam tak vahi khada re nhi lunga fir me upar gya to customer ne mere ko damki di ki dubara buliding se bahar nhi Jane dunga.,Neutral,0.640431
nice 👍 work,Positive,0.958256
"blikit is good but there are some things. I didn't liked above them. such as if they don't have that particular item they don't show us before that the item is unavailable after placing the order and paying the amount they tell is that, that particular item is unavailable. and they take too much time for refund.",Negative,0.847291
love 😘,Positive,0.940646
Good app service use it,Positive,0.953997
nyc app,Neutral,0.779658
service is good,Positive,0.894978
best 24*7,Positive,0.832505
it is very expensive as compared to any other app,Negative,0.777039
Nice app. Always get clean packed product. delivery person is always humble,Positive,0.951945
God's 8,Positive,0.59321
W app ever!!,Positive,0.782288
supper thank you,Positive,0.825948
awsome,Positive,0.50738
Really satisfied.... 🥰🥰🥰🥰,Positive,0.987264
fast delivered,Positive,0.539819
delivery charges high,Negative,0.632926
Best application,Positive,0.923476
the orders take too much time these days broo wthh,Negative,0.888721
first time use no problem,Neutral,0.544959
fantastic and affordable,Positive,0.97214
I bought something for 50 and got charged 140 lol,Neutral,0.547051
wonderful 👌👌👌👌👌👌,Positive,0.980811
great for today's time,Positive,0.966252
nice 🙂 but not available all items,Positive,0.431576
Very cheap service,Negative,0.689488
very bad mangao kuch aata kuch or hai pkaya hua mango kcha dete hai paneer ke badle bs masala. milta hai,Negative,0.884113
no discount,Neutral,0.746181
delivery partner he nahi hai inke pass Bakwas hai App,Neutral,0.867241
best app for grocery,Positive,0.900194
not fare deal,Neutral,0.6392
Avoid Blinkit for electronics. They sell damaged or used items and deny replacements.,Negative,0.889737
fantastic and awesome helpful app,Positive,0.980229
🎉🎉,Positive,0.974803
excellent on time delivery,Positive,0.970041
nice 💯,Positive,0.951107
niceee,Positive,0.870175
very bad experience third class service order placed kr skte ho but return or replace nahi me regular customer hu but ab is application ko uninstall kr raha hu maha ghatiya hai ye thukta hu is application pe,Negative,0.878535
not return order,Neutral,0.654752
they sell expired product today when my order is not cash on delivery and now they are not helping even need help option is not working i tried to send photo and vedio i have photo and vedio of the product they are cheater and cheating 🇮🇳 no clue of returing my money,Negative,0.917704
good service & good product 👍🏻,Positive,0.967786
give me damage product,Negative,0.702014
far better than others like zepto etc,Positive,0.74264
thank you blink it,Positive,0.890411
bahut badhiya hai,Negative,0.608534
Nice so quick,Positive,0.940997
fabless,Neutral,0.425202
really awesome,Positive,0.956953
this is amazing fastest delivery really good,Positive,0.982104
this is very useful app for old man and womens,Positive,0.946749
its a nice option for marketing,Positive,0.937375
quick,Neutral,0.566398
the best,Positive,0.917597
always good,Positive,0.919078
fake products selling,Negative,0.688973
best experience ever like I don't have to step out in emergency when guest comes it is so easy to order and not to step out for snacks or cold drink or any other things like I get all the things on time I loved it,Positive,0.913799
very poor service... order getting delayed and customer care executive is not available..,Negative,0.917738
good 💯,Positive,0.925145
fadu app ha order cancel karna tha keya ni 400rs ka order 350 vapis da dena chya cancel kar ka,Neutral,0.597998
Chhotu Kumar good job,Positive,0.93074
good service..and delivery boy behave very good 😊 😊🥳🥳,Positive,0.9846
Very pleased with the quality of your produce and the speed with which it is delivered home. Thank you for your service. It is much appreciated.,Positive,0.985396
grate service,Positive,0.560954
work good if we use it in a proper way,Positive,0.618579
good aap,Positive,0.78647
Very Good Service 👍👍,Positive,0.959286
helpful thanks 🙏 for everything 🙏,Positive,0.974311
good service 💯,Positive,0.932859
delivery is so late of timing,Negative,0.730069
GREAT DAY,Positive,0.959484
amazing. love it,Positive,0.978405
i love this app,Positive,0.969298
thank blinkit and staff,Positive,0.935544
very poor quality. ice cream contener is broken,Negative,0.93796
no option for replacement for unused packed product. worst service,Negative,0.91794
"I have never experienced such poor customer support, especially from Riya. I reported a damaged item and provided everything they requested, including videos and photos. Despite doing everything they asked, they kept delaying the process instead of resolving the issue. It feels like they are just trying to waste customers' time. Because of this experience, I cannot recommend Blinkit. I would rather choose its competitors, as their customer service has been extremely disappointing.",Negative,0.931452
"I'm fully satisfied with the blinkit services, specifically for the cigarettes 🖤",Positive,0.981469
"excellent experience with blinkit in outstanding services & finest exquisite quality of absolute perfection in delivery services of all products and items of daily essential requirements within no time at all almost instantly and complete satisfaction guaranteed 24 × 7 at blinkit for all essential daily needs of all types which come to your imagination , i can feel the happiness at blinkit at my home sweet home in almost no time at all to my immense pleasure fulfillment & complete satisfaction✅",Positive,0.97485
bhut accha he bu cash on delivery b hona chahiye kisi ke pass cash hi ho wo kya kare,Neutral,0.79953
zepto is better,Neutral,0.497863
this app is nice,Positive,0.959974
additional discounts no problem,Neutral,0.518922
Best 👌 service,Positive,0.959669
good quality,Positive,0.738253
short my delivery,Negative,0.696401
Great Service..,Positive,0.953134
🤗🤗,Positive,0.958611
amazing app,Positive,0.958658
good app..very useful when we in need,Positive,0.95556
loved it,Positive,0.938946
outstanding...,Positive,0.886563
so nice,Positive,0.913944
it is more convenient for me to get things. quick n fasted delivery,Positive,0.876982
worst reliability,Negative,0.863674
Used to be really good. The last few months service has gone down so bad. Deliveries now take an average of 20 to 30 mins.,Negative,0.906326
very very good fast delivery 8 min wow nice 👍,Positive,0.981032
very service,Neutral,0.544317
nice service 👍👍,Positive,0.954289
this site is very nice but it's prices are too high.,Negative,0.761881
UNTRUSTED SERVICE... BY YR BLINKIT MANAGEMENT,Negative,0.845457
"the products are bit overpriced, plus I used to love blinkit, it was so convenient but now they have increased the handling charge, like all other apps, which was not there, the price of handling charge is more than double the previous handling charges",Negative,0.787365
just ok..ok..,Neutral,0.656015
very good and very fast delivery,Positive,0.966756
❤️.,Positive,0.88189
bhangaaaar hen,Neutral,0.78709
fast delivery 🤗,Positive,0.963508
Very Good 😊😊,Positive,0.979466
Awesome nd fast delivery process 👍👍👍,Positive,0.982437
very poor services,Negative,0.88034
Good platform for everything and help people to provide Ambulance 🚑 🙏,Positive,0.924853
good l,Positive,0.624968
delivery is so so delay the delivery man always rest at the road delay the order repeatedly,Negative,0.919275
"The company said it would refund the money within 2 hours if the item was returned, but the company never refunded any money.",Negative,0.552684
very good service. but sometimes it goes to another place,Positive,0.831309
very good app for online stuff it's trusted and they gave good prices and offers just bought the whole harry Potter pack,Positive,0.974389
very nice and comfortable thank you so much plz give more offers,Positive,0.985824
it can help in emergency thank you blinkit,Positive,0.875472
it's an amazing app to use. I got good deals to order. I think now I'm going to be addicted,Positive,0.986531
very effective,Positive,0.829572
ગુડ,Neutral,0.672379
I wish best and fastest delivery,Positive,0.873351
ye log bhot galat kerte ha mene order 690 rupees ka mangwaya or delevery boy ne mujhe 700 liye this is scam very bad app,Negative,0.772234
non customer cooperative behaviour order a product that was not as expected and quality is inadequate but customer support doesn't support and avoid providing the support I will appeal to people to avoid this app for good There have been so many incidents recently regarding this app,Negative,0.925167
very bad not serving this area👎🏻,Negative,0.942777
a good last minute delivery site,Positive,0.748614
gud job blinkit,Positive,0.896448
"everything is good but your cash on delivery options block in other devices in my hotel so please always on cash on delivery options so some time we choose other option insta Mart and big basket, because not available money every time in Bank account, thank you",Neutral,0.455723
Ekdum Mast app hai re! 👌🏼👍🏼,Positive,0.937509
great app 👍,Positive,0.968495
hey blinkit i justt wanna say your product/iteam are very high money uh doesn't give uss discount.one product price are high its very difficult to buy any item in your shop .soo i just say suggested to you low/decrease the price of all product. if item is 500 yoou just showing us 1000 why? thiss all prices aree high and soo many issues yaar sometime your cash on delivery doesn't wroking and the high prices whyyy is thiss blinkit .its not good,Negative,0.898473
We are satisfied Yes I am satisfied,Positive,0.975696
superb job,Positive,0.95363
fasttt service and very polite delevery person 😉💓,Positive,0.976882
"Blinkit has been a huge help for me. Whenever I need vegetables, fruits, or any grocery items urgently, Blinkit delivers them very quickly. The products are usually fresh and of good quality, and the service is reliable and convenient. It has saved me a lot of time and effort. The only downside is that sometimes the delivery or platform charges become a bit high, which can be difficult for a middle-class family. Overall, I’m happy with the service and would recommend Blinkit for its speed and c",Positive,0.9385
very nice app for many items,Positive,0.969172
"very bad whenever I order pomegranate, Banana I always get rotten ones .. no fresh items got delivered",Negative,0.922798
thank you 🙏☺️,Positive,0.956931
please add cash on delivery please,Neutral,0.736401
Sometimes deliver wrong items,Negative,0.698311
koi bhi chiz ache pack ho k ni milti hai maine kulcha ka packet mangvaya hai abhi wo bhi open packet aaya hai,Neutral,0.818614
just a wonderful app all you need is delivered at your door step,Positive,0.98564
best apps,Positive,0.896963
oder cancel ka option nhi deta h ye saman bhi kafi mehga deta h,Neutral,0.718574
not good for electronic products,Negative,0.836321
"return option is not there, I bought a product which is not functioning correctly raised a concern not useful. wasted",Negative,0.920315
ok app,Neutral,0.696622
prompt action as after blink of an eye excellent 👌,Positive,0.921426
It has nice,Positive,0.911275
y all the package s so dirty worst service,Negative,0.940709
I have very good experience with blinkit executives as well as customer care support. I had talked with Aabidaa who is very polite and co- operative. Thank you very much for your kind help,Positive,0.973825
so happy bat so thanks,Positive,0.97733
it's really good and there product paking is also nice it would be very nice and helpful for us without any difficulties we have purchase anything thanku blinkit,Positive,0.968069
helping app,Neutral,0.575964
brilliant,Positive,0.838524
it's very bad app and there coustmer support is so bad don't use this,Negative,0.949547
it's exciting,Positive,0.975647
"received unhygenic products , overall details are not mentioned, sometime they delivered expired products. ek dum bakwas",Negative,0.801839
good doorstep delivery by blinkit,Positive,0.93714
Fake offers and high rate from other apps like from zepto,Negative,0.763694
thanks for make this app,Positive,0.888776
very Good Service I like it',Positive,0.961007
vry good sarvice,Positive,0.883504
"Worst support , they will just check issue at high level and say Customer is at mistake and not them or their agents. It was very easy for them to say the customer is wrong but not think twice before checking their side. Their support is very limited and all ai which irritates more.",Negative,0.919848
very good service. but return policy is difficult. thanku blinkit,Positive,0.859485
please cash on delivery hamesha available rakho,Neutral,0.751901
wipe pack is dirty kindly replace,Negative,0.891717
it's helpful and saving aur time so thank you blinkit,Positive,0.963783
every time delivery is late,Negative,0.757108
no happy,Neutral,0.45713
"only for groceries, don't go for print ,, charged me 400 for 100 pages received only 50",Negative,0.550084
to late delevery,Neutral,0.581291
Excellent 👌👍,Positive,0.960158
so nice service,Positive,0.944088
rly good app and service,Positive,0.94342
payment methors,Neutral,0.714686
nice 👍 app,Positive,0.953098
Always works for me ...good delivery ppl n on time has not disappointed me till now.Thank you to all especially delivery ppl.,Positive,0.977754
not a flawless app Some products have their listed price more than double the MRP...which is then given 50% off and people buy it considering the offer but effectively they pay full price without realising the trick. such items have thousands of false positive reviews & u can't view the real reviews on the product page.one such product Arabian dates by wonderland(MRP 99₹ listed price 185₹ blinkit sells @₹100). many more are also there highly unethical and unprofessional by blinkit.,Negative,0.747442
excellent 🌹,Positive,0.976534
My First Blinkit Order,Neutral,0.76562
one of the best last time apps😉🛴. helped many a times,Positive,0.978351
time Bach jata h and samaan turant aa jata h,Neutral,0.875259
too long time,Neutral,0.556404
super app🎀💞✨,Positive,0.986814
ఫాస్ట్ డెలివరీ సూపర్ 👍,Neutral,0.668562
app which helps me when i am low even printout essentials,Positive,0.521653
Good one. Always helpful,Positive,0.964555
delivery servise was good..but my ordered milk was bursted while boiled,Negative,0.510431
"Best instant delivery app, no extra charges ,delivery is within 7 minutes . If you are in hurry and can't go to shop Blinkit is the best option .You can get all products A-Z ,all daily essentials, even you can order phone, TV , PS5!! and they'll deliver within an hour .Best experience with Blinkit so far ,just go for it!",Positive,0.959554
"⭐⭐⭐⭐⭐ I am very satisfied with Blinkit’s service. The delivery was quick, the products were fresh and well-packed, and everything arrived exactly as ordered. The app is easy to use, and the overall experience has been smooth and reliable. Thank you to the Blinkit team for providing such excellent service. Keep up the great work",Positive,0.982559
good delivery and fast,Positive,0.921196
very useful application. I just love it.,Positive,0.988457
very easy and convenient to order. Fast delivery of good quality products.,Positive,0.957336
"More charges , Like the product cost is low price, But they added most of Handling charges, Bag charges, Delivery charges, It's much more expensive than the product cost ... if we urgently have to go to a nearby store,they will also add the same amount of charges if the distances is 2km and 100metres also they add the same charges why...? I don't know if taking too much I will one product (it's cost is 72 Rs they adding what u know Handling charges(5) Bag (30) Delivery (30) Total=(137)",Negative,0.800057
10 minutes,Neutral,0.791849
delevery fast hai lekin add to Cart karne par paise bahut hi jayada badh jata hai,Neutral,0.704343
fingers automatically choose Blinkit to order something.....,Neutral,0.786225
delivery amount high,Neutral,0.76683
good👍👍👍,Positive,0.966436
excellent delivery very fast and product so good,Positive,0.979772
nice market,Positive,0.823899
so fast,Neutral,0.518122
app is not good,Negative,0.917652
Good for everyone,Positive,0.963931
😊 good and very fast,Positive,0.981893
fast delivery 🤑🤑🤑🤑🤑🤑🤑🤑🤑🤑🤑🤑🤑🤑🤑🤑🤑🤑🤑🤑🤑🤑🤑🤑🤑🤑🤑🤑🤑,Positive,0.831236
good 👍 service,Positive,0.933315
sometimes payment get cancelled and refund is not there,Negative,0.693712
best aap,Positive,0.89812
👍 Best,Positive,0.936221
thank you so much discount,Positive,0.920292
very happy and fast delivery,Positive,0.975887
very very good delivery,Positive,0.966095
price should be reduced for all items,Neutral,0.757632
very good service and fast delivery,Positive,0.945868
Good 🤩,Positive,0.982636
superb experience,Positive,0.96436
"best service,fast service 👍",Positive,0.960465
excellent app 👌,Positive,0.974231
I appreciate Blinkit's free Ambulance service for the masses. Hence I have shifted all my purchases to Blinkit. That is how I feel I am contributing to the noble cause. Vijay Sthalekar,Positive,0.92687
"The option to edit an existing address is no more available, looks like a bug",Negative,0.836728
very good delivery app,Positive,0.95677
this app is amazing as it works when you don't have time to go out and buy stuff you need..,Positive,0.913428
fabulous 👌,Positive,0.960277
"bad service, worst delivery partner",Negative,0.930201
Making lives easier ... love Blinkit,Positive,0.967284
good to use,Positive,0.741222
"Misleading, There's no window where I can speak about product malfunction.... seriously even after paying over price there's no service",Negative,0.92126
bad resolution to simple problems. hate customer experience with them,Negative,0.943989
Delivery in time.,Positive,0.635554
late delevery without any reason,Negative,0.597885
good services,Positive,0.79188
this app is not so as they show ...,Negative,0.648949
very bad system and delivery,Negative,0.908335
"Nice job, 👍👍",Positive,0.971621
Very good and well organised app. But should include more offers for regular buyers.,Positive,0.958167
Excellent Service and very economical prices,Positive,0.943849
❣️,Positive,0.861902
so bad wrong products recived 👎🏻,Negative,0.942006
you give More expensive items and also do not give the tip added by the consumer for Gig workers. It is shameful.,Negative,0.908168
keep it up 👍,Positive,0.952016
Good App Good service,Positive,0.926102
I should receive fast,Neutral,0.538467
நன்றாக உள்ளது,Neutral,0.722777
good and fast services,Positive,0.863906
stupid cx service sending an email @your support is not helpful,Negative,0.95246
very good but delivery charge bhot hai ise accha flipkart minutes hai,Positive,0.743992
good delivery and it the comes under 5 min,Positive,0.954084
is very nice 👍👍👍👍,Positive,0.979147
very efficient,Positive,0.802398
charging extra 5 rs.. and delivery is always late...,Negative,0.790009
blinkit not provided door step delivery and delivery person not talk to manors,Negative,0.759189
achi service h,Neutral,0.677763
Excellent service always,Positive,0.923559
baby 🍼,Positive,0.654687
good 👍🏽😊,Positive,0.975401
lovely at 3.15am service,Positive,0.964926
so poor service,Negative,0.886351
not good app,Negative,0.899751
exceptional,Positive,0.643341
Except for the late night fee and handling fee everything is best. They too want some profits so it's totally fine ❤️🥰,Positive,0.931181
super good,Positive,0.943723
very good 👍😊😊😊👍👍👍,Positive,0.980776
best service 🐕‍🦺,Positive,0.943356
very good and great,Positive,0.976945
worst experience no help,Negative,0.923342
beste,Positive,0.718656
"A big platform like Blinket but our experience here has been very bad every time. Whenever we order any of our personal items, we always find that it is opened, broken or already used and this is not our first experience. We have received many such orders before this also. Why do the store owners do this, it is a matter of great shame. make sure personal things hamesha personal hi Rahe 😡👎🏻 every time worst experience",Negative,0.912713
the best appp,Positive,0.977001
"wowww app , I am really love blinkit fast and safe application ever 😍",Positive,0.986015
very good customer care service,Positive,0.939752
gst and delivery charges are high,Negative,0.750245
very good service 😃😃 very good customer care 👍🏻,Positive,0.978868
literally the delevery was expecting the time in if fAst as,Neutral,0.67171
accha,Neutral,0.653466
My particular experience with ordering ice creams from blinkit has always been bad whenever I order ice cream cones from flipkart they are always chewy and never crunchy. I don't know what is the exact issue with the dark stores or storage facilities or maybe the stock is old I don't know.,Negative,0.900656
what is problem why you don't let the app open if I don't let the background wifi scanning. disabling it the app doesn't work. What kind of cache is this.,Negative,0.838513
"just the worst experience first you show me that the store is open, only to tell me later that my order has been cancelled after having me waiting for 45 minutes that too multiple occasions then assisting agent also like can't do anything at least have some accountability",Negative,0.930426
very fast service,Positive,0.880362
emergency tha isliye right book kara per Kisi Ne accept nahin kara yahan taki Maine ismein rs 100 bhi dene ke liye taiyar tha fir bhi right accept nahin 😡,Negative,0.608051
High Price and Unprofessional delivery boy,Negative,0.884979
superb service,Positive,0.905924
his says dilivery charge as free but his chargeble on 35 rs in 1km . its very bad,Negative,0.823528
worst app slow and delivery is pathetic,Negative,0.949836
Great option to purchasing groceries and other items smartly.,Positive,0.935006
it is the best app on play store,Positive,0.983489
late assign rider,Neutral,0.803438
"bad experiance for Return ,& refund, they all are illetrate & without common scence person, they follosh team came for return of amul taza opened boiled fata hua doodh ...without any carry bag",Negative,0.876091
Awful experience with blink it these days.,Negative,0.926102
delivery partner app glithc,Neutral,0.833744
blinkit is a Good app for Shopping at home it for easy on order 🙂 and thanks to blinkit team partner's.,Positive,0.972885
Iam very Thankful for late night delivery and your partners are polite and respectful and please keep it very well,Positive,0.97239
ok ok hai time se aa jate hai,Neutral,0.855697
"Fast, safe delivery service initiated in DHULE CITY, MAHARASHTRA, welcome Blinkit.",Positive,0.902952
this aap is so use full,Negative,0.794225
Thankful Service..,Positive,0.954923
nice👌❤️ delivery,Positive,0.970806
gud work form your Rider's,Positive,0.860055
Add cancel option,Neutral,0.628853
Blinkit - waqt bewaqt sabka sahara😀,Neutral,0.822903
very annoying,Negative,0.831507
wow ante wow,Neutral,0.606695
outstanding 😍,Positive,0.963168
Groceries delivered at your door step with discounted price.,Positive,0.595633
too many additional charges,Negative,0.586025
excellent good person fast delivery good behaviour delivery partner freese vegetable and fruit affordable,Positive,0.942671
worst app ever,Negative,0.890996
veri confusing address,Neutral,0.527063
unprofessional delivery guys hired and they loot extra money from clients. Pathetic experience with delivery guys,Negative,0.936876
"This app is awesome and nice 👍🏻👍🏻 app service is good the app is unbelievable and good service is fast, reliable and awesome i am really so happy 😀😀",Positive,0.990482
experience 👏,Positive,0.676585
helpfull,Positive,0.668026
where is my order after payment,Neutral,0.538995
awesome#very FAST DELIVERY 🚚,Positive,0.984715
I want to cancel my order,Negative,0.750407
superb service Sira ya,Positive,0.931398
offer not available any time,Negative,0.600603
delivery partner not received my order,Negative,0.703392
So honestly this app is very good and this app helps us a lot in our daily life...,Positive,0.986193
"very good service, Problem resolves quickly, newly added Dr call for prescription also helpful.",Positive,0.953959
Nice service experience,Positive,0.928693
very promt,Neutral,0.626138
nice 🙂🙂,Positive,0.95049
to good 👍,Positive,0.970909
best hehe,Positive,0.961109
Hi I am facing issues in using blinkit I have reinstalled also. the search tab is not working and even it is not showing my login name and other details,Negative,0.797837
it's very easy to order,Positive,0.926661
Bad customer service. Spillage and packaging issues occuring more often after the app has become popular. Dirty products also delivered from warehouses.,Negative,0.928947
d good 👍🏻👍🏻👍🏻,Positive,0.972961
excellent services,Positive,0.926461
delivery time ♥️,Positive,0.931145
absolutely sensational!,Positive,0.94406
nice👍👍👍,Positive,0.964526
it's a so usefull app but order charge is too much if you buy your groceries so many that it's so usefull.,Positive,0.693395
"Hello Blinkit Team, I am a resident of Bezera, Kamrup, Assam (PIN: 781121), near Bezera–Balikuchi Road. Many people in our area would like to use Blinkit, but the service is not available here. Please consider expanding Blinkit to Bezera (781121). We would really appreciate having quick grocery and daily essentials delivery in our area. Thank you for your consideration.",Neutral,0.736794
op amzing,Neutral,0.649902
❤️👍,Positive,0.949598
delivery on time,Positive,0.794236
"worst constumer service ,they srwed my first order and never gonna order again",Negative,0.9444
good but give a cash back 200,Positive,0.504159
received wrong item,Negative,0.633886
absolutely an amazing aap for people like us who always think at the last moment.,Positive,0.944396
cut twice my money unable to contact customer care .,Negative,0.903982
the delivery person doesn't deliver at desired address,Negative,0.589541
"delivery is fast and delivery guys are also very respectful in my town,but please increase the products list and variety. still Many day to day use products are missing in your list. my hometown is Ichalkaranji",Positive,0.529968
got scamed 2 times,Negative,0.804787
Akshay Kumar good ji very good 💯,Positive,0.968892
very nice app for instant delivery system more than instamart or zepto,Positive,0.967465
ok good,Positive,0.52151
"so far i.e. upto placing order and making what I can say is it's not just customer satisfaction, it's customer ecstasy.",Positive,0.808565
I frequently use this to get instant missing items. super,Neutral,0.479576
this app is very good app for get item,Positive,0.95801
pahle istemal karo FIR Vishwas karo,Neutral,0.792982
Blink it provides wrong time to get the delivery. it showed 15 minutes after 15 minutes they show 12 minutes. why can't you show the actual time. it may be urgency for someone he will choose need to order from you or not.,Negative,0.818176
blinkit delivery partners are arguing with the customer and they are very rude with the customers and their worst ever I have seen because the scene on the social media page also or any trusted online website but the blinked delivery partner is the worst I have ever seen because of the delivery partner the blanket has getting the baddest review ever from my side,Negative,0.941373
Quick n Easy,Positive,0.532553
nice performance,Positive,0.921539
good 🥰🤌🏼🎀,Positive,0.986674
They add products to cart that we don't want and deny return. If you are using the app very careful before placing an order.,Negative,0.785531
"best app we love it ,",Positive,0.983409
Deliver everything in time 👍,Positive,0.898571
Nice sarvice,Positive,0.794331
I have ordered grapes 🍇 400 grms . but I received only 178 grms,Neutral,0.675199
it is used full app I give 5 star rate,Neutral,0.69104
👍🏼,Positive,0.92449
coming things very late 😔 and getting wrong product i ordered maggi of pack 6 but I got only one of the pack of 6 and one is pack of 4 even there is no option for cancellation worst experience with blinkit,Negative,0.904252
very fast and easy way to order,Positive,0.931472
varey good,Positive,0.662039
it's right time to deliver,Positive,0.686653
"Your efficient service, good product & quick delivery service, I am satisfied & I expect the same service in the near future",Positive,0.978492
best app and always timely delivery,Positive,0.950144
It was very much nice and easy to accommodate with and fast service. I use it every day and never been a time to regret it . nice service.,Positive,0.980261
whenever I order always one thing is missing and every time they make excuses 😕,Negative,0.875724
worst service,Negative,0.838988
very very good 👍😊 delivery boys are also good,Positive,0.98474
very nice blinkit making customer Happy,Positive,0.962177
good service but charges too high for lowest price product,Negative,0.53111
lt is to good app,Positive,0.935051
great 👍👍👍👍 👍 👍 👍 👍,Positive,0.981406
best in industry,Positive,0.882444
the people who work in this company was very good,Positive,0.972502
thank you for delivery in 10 minutes 🙏,Positive,0.963742
Real one,Neutral,0.546196
prompt services,Neutral,0.795701
coupons are not that good,Negative,0.920039
"Review Toh dena chaunga lekin usse pehle Mein ye bolna, chaunga, ki itni raat ko aagar Koi order, karte Hain Toh. Please ladkiyon se delivery Mat karvaya karijiye, larkiyon, se delivery karwana achha nahin lagata itni. Raat ko ladke log bhej dijiya kariye, wo Koi dikkat, nahin, hai, samaj kesa h ap samjh skte ho .",Neutral,0.696108
already my oder upi payment refund pending,Neutral,0.622254
such a pathetic service #blinkit provide. you support only knows to copy paste. I don't know if there is any human sitting to resolve the issue. i think for such a small issue i need to write up to NCH.,Negative,0.946504
good experience 🫠👌,Positive,0.977104
Maggie acchi deta hai,Neutral,0.699469
"order water melon 🍈 got very bad quality, request you all not to order any food product there are just delivery lowest quality food product it's health concern issue and there is No one to listen very bad , also can Share picture and blinkit invoice.",Negative,0.935515
I like it and it is very helpful,Positive,0.968811
great and fast delivery of your daily needs,Positive,0.921906
it was very good 😊,Positive,0.982337
Bad Delivery I oeder Hot water pillow but charger not given,Negative,0.881545
Good option for shopping,Positive,0.831483
bhout accha hai service sunder hai,Neutral,0.804543
waiting for delivery,Neutral,0.699366
They will not provide the free items which they displayed. after delivery they will tell that the store manager refused to take free item and also he said please raise ticket you wilm get refund. while seeking need a help from app simply chatted for 1 hours with out any solutions. They simple write the mesage i apologize for the same.,Negative,0.878989
nice aap of blinkit,Positive,0.909026
I like the fact that they care about privacy enough to delete the files after ordering ... responsible and good 🙂✨🙌,Positive,0.882513
awsam,Neutral,0.561757
It is a really good app but I am not satisfied because in most of areas they are not able to provide services which makes it really hard because of this I am forced to order the delivery in a different location then pick it from there which makes the app useless. I hope they expand their services.,Negative,0.897785
"everything is good but the charges are unnecessary delivery charges, handling charges, or pta ni kya kya",Negative,0.657175
extra charge add and price to much high other app,Negative,0.518549
it's lagging. can't even call the delivery person. It's new in our area. Still it's not fair to give such service.,Negative,0.924153
super service 👌 👏,Positive,0.968767
"best app for fast deliveries and is rapidly expanding in many cities , only 1-2 times it has got problems , otherwise it is good",Positive,0.796545
I love you blanket ❤️ this is popular,Positive,0.981913
worst app and worst service,Negative,0.920372
good rides,Positive,0.909915
"Only one stock available was showing for a birthday gift, i ordered because i wanted to present it to someone on their birthday. but the packing box was old and the product was broken. is this a kind of service i should rate? Seems u people are shameless to pack a broken product",Negative,0.891435
noise app,Neutral,0.812366
theek hai,Neutral,0.682124
great app thank you blinkit,Positive,0.978756
Maybe Blinkit Needs To Sponsor me will take less than 3000 and even sponsor them in a video and a short,Neutral,0.724435
useful to home work,Neutral,0.524826
👍 good service,Positive,0.930695
delivery too fast,Negative,0.638556
good work and beheavier very nice 👍,Positive,0.981199
very nice and good app,Positive,0.968626
shows delivered in 15 minutes from past 20 minutes,Neutral,0.793651
return is very difficult,Negative,0.816057
very fast service..👍,Positive,0.955197
so grateful,Positive,0.921556
very poor paking and delay service,Negative,0.911083
good app for home products,Positive,0.869465
Very useful 👌,Positive,0.948877
Mera problm koi sun hi nhi rha h koi customer care number hi nhi h khan apne problm ko btaye,Neutral,0.776855
do work very smoothly,Positive,0.801651
nice application &good deliver boy 😀,Positive,0.968376
it's my first order so I am waiting My order,Neutral,0.569398
I really like it. I will recommend this for everything 👌,Positive,0.987599
Very Unique Offers And Way Of Presention..🫂🐒,Positive,0.945791
always good Working,Positive,0.87916
this is good and very helpfulful app for sudden need.... thank you,Positive,0.972525
"very bad, not for poor people",Negative,0.933699
prize was so high,Neutral,0.537079
good but in my grandfather's account they Blacklisted because I cancelled my order cause I was not Willing to take the free items,Negative,0.859357
cery good,Positive,0.628686
lovely that app,Positive,0.954176
Please make Cash On Delivery Available,Neutral,0.680499
prices are too high,Negative,0.764093
best grocery shopping app. their delivery service is soo god.😍😍😍🩷,Positive,0.988096
good experience and 👍🙂,Positive,0.975764
Good To See Blinkit In Dhule,Positive,0.939703
vare nice 👌,Positive,0.85096
worst app I'll never seen they are sending fake product and damaged products and also not responding to customers and also didn't give refund to customers,Negative,0.937311
good experience 🙂,Positive,0.964168
very nice ap,Positive,0.929217
very bad answer from the staff.i order mozerela chese ea 119. but they can't provide...it's order cancelled from blinkit ...and they diduct 20 rs from my paid money....if they cancel the order then why they diduct the money ...also phone operators also don't want to talk...she discanate the phone. while i talking .....blinkit company is only for making money don't want to make business and respect from coustomer..before I order from zomato and others but they don't behave like this,Negative,0.888
last delivery he cam 40 min late he waste my time then also blinkit not have any composition,Negative,0.908718
good app 👍,Positive,0.955516
nice app for ordering things online,Positive,0.870993
Best fast delivery app 👍,Positive,0.973357
instant delivery,Neutral,0.558031
An excellent app which provides every thing in minutes . Especially their free ambulance 🚑 service.,Positive,0.980667
poor service,Negative,0.802925
This aap is very good,Positive,0.977462
Fast and Exonomical Rates with Plenty of options and Fast Delivery,Positive,0.882131
Excellent Service.Item delivered my door step.,Positive,0.972492
the delivery fast this the best delivery app,Positive,0.975241
they delivered me wrong product,Negative,0.868292
every app is defined by its customer service. Yours is useless when human take command. you have no regards for loyalty of your customers. People have to wait for significant period for seeking support. completely useless,Negative,0.909719
If there's a free gift with the order then the option should be there whether the customer wants it . Chances are vegan customers won't go for meat/milk/honey based products.The same error happened this time.,Neutral,0.587722
exc,Positive,0.571032
very good 👍🏻,Positive,0.978993
5 🌟 🤩,Positive,0.977737
it's a better option,Positive,0.500589
good👍😊💯 so help ful,Positive,0.966349
I love blinkit to order grocery and other things,Positive,0.946389
Dirty goods delivered without carry bags but handling charges applies,Negative,0.756514
"as compared to zepto, you are adding surge charges, rain charges, handling charges, and sometimes your minimum order amount is also high, I'm frustrated with this service. improve your service and don't add additional charges",Negative,0.919442
customer friendly,Positive,0.532622
Satisfactory Service in Jorhat .,Neutral,0.52253
"they offer free gifts but they don't deliver ,a fraud app ,",Negative,0.913622
very bad delivery charges,Negative,0.899094
marvelous I'm very happy to shopping the last minute hero,Positive,0.977027
nice but rate of delivery is very much,Positive,0.503377
"Hello, my Cash on Delivery option has been unavailable for several months on my Blinkit account. Please check my account and let me know why COD is not available and if it can be enabled....",Negative,0.760992
expiry product bejta hai blinkit,Neutral,0.771295
werry nice,Positive,0.880513
charging high prize in app Above product price,Neutral,0.695971
no offer on blinkit,Neutral,0.782103
very g00d,Neutral,0.434419
Good deliver fastly and safe,Positive,0.912835
bed support,Neutral,0.702871
there is price difference in products you can separately ask for delivering charges but keep products mrp same as market,Neutral,0.845526
good job 👍,Positive,0.961611
wow nice,Positive,0.912288
bhaiii tum log use kro mst ha but me ek or review funga after my order,Neutral,0.830927
this app is so bad i don't want to buy anything form this they can't give our refund back,Negative,0.949787
very bad there is no check ....atall,Negative,0.922687
you charge too much for rain surge and handling charges inline zepto,Negative,0.854832
Superb yaar Super se bhi Upar wala service,Positive,0.926205
awesome app,Positive,0.960384
"the delivery was not probided on timeand when raised a complaint they closed the chat by saying it was delivered and no call service , worst app and no proper customer service.",Negative,0.9243
best option,Positive,0.485405
very bad service,Negative,0.858398
i ordered groceries from this app n it's not delivered to me and in the app it's showing its delivered before time... i m complaining bt there is no response from there end.... will nt suggest anyone to buy from this app,Negative,0.895648
suberb service,Neutral,0.786719
The delivery partners are very polite and well-behaved.,Positive,0.939287
it's totally great app,Positive,0.980715
delivery charges are not there with blinkit good product great price,Positive,0.884915
fraud company,Negative,0.837277
The Delivery was exactly delivered at the specific time and everything came neat and tidy,Positive,0.863596
veri nice super duper,Positive,0.966052
rates high no discounts no offers,Negative,0.66544
i ordered ice cream and it became water.... unable to eat,Negative,0.81722
It's a good app but in rainy season bags/ paper bags get toren or somethings won't be available but that's okay because app is very good,Positive,0.696145
worst servicing not having change....and unnecessary bills like extra charges were taking,Negative,0.926822
good 👍🏻👍🏻,Positive,0.974237
goo app mat download Karo isko,Neutral,0.857913
fast delivery very good 👍,Positive,0.972577
very poor delivery. Firstly it was shown that the order is coming in 7 min and suddenly it turned to 20 mins,Negative,0.887363
add option change a contact no,Neutral,0.853489
India's last minute app is good enough for instant things,Neutral,0.502442
very good very 😊,Positive,0.97888
best under minutes app in india🎉,Positive,0.986617
zero civics sense in your delivery partner don't we know how to talk and behave rudly,Negative,0.906107
Very much helpful app delivers every thing on time easy to handle and all BUT sometimes they don't accept the money change through coins or just deliver the wrong order,Positive,0.607912
It is the best grocery delivery app. Blinkit provides a very quick service and never fails.,Positive,0.984437
Outstanding service.,Positive,0.939559
This app deserve 5 ⭐️⭐️⭐️⭐️⭐️ rating.,Positive,0.605495
faster than my internet 😯,Positive,0.462728
"very rude behaviour delivery boy , don't like",Negative,0.91472
very good service.thanks,Positive,0.942237
veey slow delivery,Negative,0.602076
The blinkit app is the worst app I have ordered one ice cream jar delivered free but next day I have ordered snacks then it includes the delivery charges and it says the delivery is free your first ten order,Negative,0.840712
bohut hi ghatiya barsati thi fati hue ayi thi,Neutral,0.718023
"I ordered one lifelong brand 'hot bag' for my cervical pain. I received without power cord. so if I try to chat with customer support team in app. Simply my chat is closing,says mail us the problem. Poor Customer support from blinkit. So,should I wait for their reply, and pause my pain upto their reply. If they give reply also its says sorry for inconvenience, next time we try to not make this mistake. Without Power cord how can I use the hot bag. Very Poor service from blinkit.",Negative,0.820959
SUPERFAST 👍,Positive,0.86615
big basket is giving 150 off on first order but blinkit only 50 very bad,Negative,0.82889
love it,Positive,0.832848
fastest service in the city,Positive,0.926676
I think its a lot more afordable than other delivery apps. But I think the availability to a lot of places is limited when compared. Good app 👍🏻,Positive,0.770044
very worst customer care Not proper verification,Negative,0.925055
the delivery boys always argue and their behaviour is very bad. but truly have to say blinkit is India's last minute all,Negative,0.906493
do not receive my product,Negative,0.797393
its good app they come under 59 minutes i like it 👌 😌 😏 😋 ☺️ 😎,Positive,0.982177
i have a good experience and the suppertive exe. Geeta mam is very helpful,Positive,0.970457
this is little expensive then other apps but it is good,Positive,0.838477
"Excellent experience with Blinkit! The delivery was incredibly fast, the products were fresh and well-packed, and everything arrived exactly as ordered. The app is easy to use, and the delivery partner was polite and professional. It's very convenient for last-minute grocery and household needs. Highly recommended for anyone looking for quick and reliable service!",Positive,0.981495
Blinkit service is third quality.,Neutral,0.396564
nice.convenient,Positive,0.874151
oso bad,Negative,0.759635
delivery time is good,Positive,0.953033
it has made everything so convenient for day to day life couldn't be more happy,Positive,0.984435
app is good but it is really expensive in small town and delivery charges,Negative,0.5741
very good app for everything thank you ❤️💕,Positive,0.986475
👍😊,Positive,0.948491
too bad,Negative,0.815651
👏,Positive,0.880786
delivery partner was good,Positive,0.961379
naw odar dilevarye,Neutral,0.745216
they should give cod as an option in my area,Neutral,0.691098
i love this app and i always order everything I want for myself and my loved once from u most trusted and with very good service 💓🥹,Positive,0.98897
don't give free items,Neutral,0.576533
it's good app 👍,Positive,0.970077
very nice app hai,Positive,0.969769
nice experience nd fast delivry,Positive,0.961055
deliver at door step,Neutral,0.755991
excellent💯👍👏,Positive,0.975172
it doesn't gives change but the delivery is fastest,Positive,0.671367
best products best delivery. For payment Google pay comes by default there should be payment options and in that meno gpay cash on delivery should appear.also add preferred delivery partner option if possible.,Positive,0.494173
VERY GOOD :),Positive,0.978689
best last time app.. good offers and best Ux and UI.. 👍,Positive,0.979175
most excellent app in the world 😇,Positive,0.986393
payment option should be more easy by phone pe also,Neutral,0.631118
Very useful. as mom of 3 months old baby its very helpful for me.,Positive,0.96718
very good for everything👍🏻🤘🏻❤️,Positive,0.987479
Exillelent ! till date,Neutral,0.760284
okay 👌👌👍👍,Positive,0.94371
"I,m very happy with the blinkit service",Positive,0.984384
good services but pipe not given tetra pack,Neutral,0.441415
10 on 10 app,Neutral,0.630811
bad product and fraud,Negative,0.884312
nice nice,Positive,0.790225
address option is very difficult to put the address always asking to put the address correctly,Negative,0.809887
"No delivery partners. No response in App, only useless bots.",Negative,0.924876
plz change your packing system if needed plz add packing charges,Neutral,0.606403
"Not Happy with Blinkit Service. ""Delivered"" in the Blinkit app, even though I have not received the order. Despite repeatedly trying to contact your customer support through the app, I have received no response or resolution. This lack of customer service is extremely disappointing. It is unacceptable that an order can be marked as delivered without being handed over to the customer, and that there is no timely support or refund process. This has caused significant inconvenience.",Negative,0.91432
"one of the worst delivery app till date their delivery partners are ill mannered and very impatient I just told one delivery guy to wait and return my money back but instead of returning back he ran away like a coward and stole my money, absolutely ridiculous support team instead of giving me money they just initially a promo code .Never order anything from this store ,poor service",Negative,0.947771
good for delivery like you blinkit,Positive,0.658426
the best app because it gives health and pocket friendly prices for anyone..Thanks for comming in faridkot,Positive,0.974481
expired products.,Neutral,0.515646
Nice.,Positive,0.868568
super 😍,Positive,0.974652
🥳,Positive,0.973968
awesome 👍🏻,Positive,0.97702
great app....,Positive,0.975033
good like it's so good morning,Positive,0.985162
it will come fast,Positive,0.865026
need more offers,Neutral,0.728835
sooooo good delivery 🤌🏻🥀,Positive,0.983212
nice app to order things,Positive,0.841156
"worst delivery partner,, before when it was new their service was amazing but now a whole trash.",Negative,0.94012
damage loose pkt or bahut ganda pkt tha or sara khula hua tha veet ka pkt,Neutral,0.558918
ok hai,Neutral,0.802731
sometimes it's very poor quality stuff. things r missing. we need to follow up. it's very irritating,Negative,0.938644
mujhe koi discount nahi milta Hai,Neutral,0.838193
delay in query revert,Negative,0.584443
niceeeeeee,Positive,0.914911
superb ✨,Positive,0.972205
ultimate fast delivery,Positive,0.859948
"I love the blinkit,,,but additional fee on the products look bit dissaapointed...",Neutral,0.367684
unsatisfied,Neutral,0.576155
today I ordered some items from blinkit as usual.. but today's order I got a product which is empty... there is only a box,Negative,0.544066
you cnt even cancel order sometimes,Negative,0.762003
"Very good service, products, fast service",Positive,0.959404
very worst experience ever in a bread packet s,Negative,0.948314
"I had a bad day, payment portal failed randomly, I needed that item urgently, and I don't have COD option too. forced to pay using upi, the payment failed and now I have to wait 3-5 days, l app.",Negative,0.94562
on time delivery by highly civilized delivery personnwl,Positive,0.781065
always feeling like a king make a wish and they just complit in 15 minutes,Positive,0.517171
very bad service as they charged extra for booking .,Negative,0.929703
superb App..very smooth functioning and reliable products,Positive,0.971325
the best service in the world,Positive,0.96559
"a delivery person was arrogant and rude . even after complaint in support no update, no message, no credibility. what is this blinkit",Negative,0.929092
superb app,Positive,0.960179
very good platform for instant delivery,Positive,0.944304
very easy sir,Positive,0.808364
Did not receive all the products I paid for(online payment),Negative,0.799511
This app is for what if it cannot service in my area (biswanath chariali🤣),Negative,0.672763
too much late order. give that deliver the items in 8 minute and then delivered order in 20 to 30 minutes blinkts too late but product are god but there is no coupon or free delivery only give unnecessarily charge .....,Negative,0.86663
"MULTIGRAIN BREAD is packed dated 23.07.2026 , not satisfied, I will avoid blinkit",Negative,0.933912
ambulance blinkit ki hi ho. time pe to aayega.,Neutral,0.81319
"I am a fan of blinkit, how to use extra money, in good work wow, like ambulance service so many more coming. good app amazing service, next level.",Positive,0.984553
more items not available in this app ...try to stock all items,Negative,0.703755
prices are high for more commodities through this platform,Neutral,0.545142
wow nice nice good app,Positive,0.978265
good app easy for daily use,Positive,0.956778
very very good,Positive,0.952194
worst customer service I am trying from 2 days to get help but no one is helping only chatbot gave reply and stuck on assigning you a assistant,Negative,0.947773
it is very fast and easy to,Positive,0.857266
"Very disappointed with Blinkit. My order was delivered with a missing item (Cadbury Dairy Milk Mini Treats worth ₹149). I reported it immediately and even tried calling the delivery partner, but received no response. Blinkit rejected my complaint based only on internal records without providing any evidence that the item was packed or delivered. After multiple follow-ups and no fair resolution, I had to escalate the matter to the National Consumer Helpline. Poor customer support.",Negative,0.902668
very bad experience because 2 time I ordered blinkit delivered rong and defective product,Negative,0.926457
Always comes with the last second help,Neutral,0.546044
very fast service and good 🥑🥝,Positive,0.973349
it is helpful,Positive,0.86344
"Default This is extremely disappointing. This is not the first time I have faced this issue with Blinkit. I ordered Fortune Rozana Gold Basmati Rice expecting good-quality, full-length grains, but I received rice with a large number of broken grains. Despite reporting the issue with clear details, my complaint was not resolved. As a customer, I expect quality products and fair customer support. Ignoring genuine quality issues and refusing to provide a proper resolution is unacceptable. I have",Negative,0.885923
order procecc is easy,Neutral,0.493365
👌👌👌,Positive,0.917231
nyc service,Neutral,0.783527
"great , fast delivery, wish more items were added",Positive,0.982286
"want to suggest, try to deliver product neat and clean where manufacturing date is clearly visible",Neutral,0.600277
bad app . bad customer service,Negative,0.920644
very fast service 🐕‍🦺,Positive,0.949925
door tak nhi laye,Neutral,0.869085
it's so good thank you❤,Positive,0.98586
nice delivery app,Positive,0.922574
this very good,Positive,0.970389
"Blinkit is really a amazing app, everytime.they give easy refunds and instant response to resolve my problem💗😭",Positive,0.976641
payment is too much,Negative,0.680608
best app for everyone,Positive,0.96714
very nice work 👍🏻😃,Positive,0.981507
customer care service is not available so payment query is not managed.my payment is done but item is not delivered.what is the process of return My payment.,Negative,0.834695
little bit costly,Neutral,0.563141
all item not good,Negative,0.885836
great😃,Positive,0.974444
Easy and Fast,Positive,0.784051
. thank you 😊,Positive,0.944907
ok -ok,Neutral,0.749391
excellent app 😃,Positive,0.980373
not good experience. i placed order of spine gourd and also pay for that but in order not received fully. i complained for that but didn't get solution. worst application. i share my order id by mail. resolve my complain.,Negative,0.915645
best app ...deliver in mints ..👍🏻,Positive,0.983928
poor quality products and no response from the customer support,Negative,0.918571
the app is good but there is one problem that it is not free delivery tell me not at the items still 199 but there should be rs 100 that would be more suitable,Negative,0.717474
Best app 👌,Positive,0.972431
way too much delay,Negative,0.844274
nyc❤️,Positive,0.954538
why always cod is not available on the app 😡😡😡😡😡😡😡😡😡😐,Negative,0.937154
i love blinkit but it is not available in my city please get you make it available .,Negative,0.492105
Overall experience is ok .But once they sent me a 1 Litre detergent which had only 400 ml .They offered replacement but thats not the point .Icaught it bcoz it felt light .,Negative,0.585741
amazing 😍,Positive,0.971065
is areaa me store mere se 1 km dur he fir bhi delivery nahi dete man chahe order available or man chahe order unavailable kitne din se request kr raha hu lekin koi sollution nahi he isse achha big basket,Neutral,0.771149
blink it take extra money for making an excuses 3rd class app,Negative,0.71516
👍🏻🙂 nice,Positive,0.962819
Great effort by mirayam & blinkit team in delivery of food to a poor and deserving girl in Jharkhand kudos to you,Positive,0.957192
Very Nice Services,Positive,0.916812
best experience low price in very nice product I buy guitar from blinkit,Positive,0.967102
very mast h mazaaa aa jayga saman kharid ke itni jldi delivery,Neutral,0.74883
"charge more, expensive, take extra unnecessary charges",Negative,0.752764
what the app is this never visit in exact location,Negative,0.881333
made life easier,Positive,0.709641
Best 👍💯,Positive,0.970157
this is one of the best delivery app come in 10 minute,Positive,0.985265
mera order ni receive hua or pese cut gye,Neutral,0.85284
best app for ever,Positive,0.973492
always ready and quick,Positive,0.748105
but don't shows best and cheapest price,Neutral,0.644136
extra leta h,Neutral,0.832032
very good. 👍,Positive,0.974669
easy to order,Positive,0.779955
they send me spillage items and when I try to complaint they didn't assign a support executive for one hr still waiting for there response,Negative,0.88331
Quick delivery Polite support team Variety of products,Positive,0.894992
"last minute app, doing fab, rate is little high but everything is available",Positive,0.959441
absolutely night service,Negative,0.530201
not delivered properly...items were leaking.. all items got leaked and not good...,Negative,0.928603
first time check your service,Neutral,0.601519
"Very fast delivery,everything of need is available",Positive,0.937556
order missing more please check before you receive the order neither you cannot get money,Negative,0.754437
great app from great people with great services,Positive,0.974883
one of the worst app they are something that i didn't even order and also they didn't give me what i ordered and they say they can't resolve this issue seriously i want my replacements and refunddddddddddddddd,Negative,0.951901
I luv it🙌,Positive,0.979874
very fast and good behaviour of delivery man,Positive,0.950323
sometimes order change or damaged,Negative,0.6276
u could Add some medical things and can make it as a 10 min amazon,Neutral,0.872567
good work bu blinkit,Positive,0.898931
super fast delivery of quality items.,Positive,0.964342
best dilevery app,Positive,0.933358
This platform always provides lesser quantity than stated in its app. Never order fruits and vegetables from Blinkit. If you reach their customer care they will ask you to weigh and give proof like customer is supposed to keep weighing machine in their house,Negative,0.844041
❤️✨,Positive,0.96112
"worst customer service product not replacing and refund, money waste blinkit products, don't buy from blinkit",Negative,0.949621
ULTIMATE PRODUCT & ULTIMATE DISCOUNT PRICE,Neutral,0.816571
Greater than expected,Positive,0.971436
Very fast delivery and very awesome thank you blinkit app today I order second time very fast delivery thank you so much blinkit,Positive,0.988474
blinkit is very good work and right time delivered your product.,Positive,0.968934
"like your service, really very helpful this 10 min service. one suggestion you dont need to give big paper bag. i can directly collect my stuff from your delivery man.",Positive,0.938879
Mohd Ramzan 👍,Positive,0.844357
Too Bad experience also customer care not responding positively,Negative,0.902536
"Mera money account se cut gaya,order nahi hua ,money refunded nahi hua , 5 - 7 working day se jyada ho gya ,kiya refund nahi hota hai blinkit pe , next time se aap use nahi karunga ,very disappointed, ordered fail wala aap se remove ho gaya hai,jo order hua received kiye wahi sirf show kar raha hai",Negative,0.776982
this app is very fast delivery,Positive,0.960754
"as the first time the buyer ordered a boatt c-c charger with adapter and received only cable, delivery person is not taking responsibility, and help and support is totally missing, this feels like a scam to me",Negative,0.910254
bahut badhiya,Negative,0.564103
"abhi kya review dene ka inko, sab ek jaiseeeEe h😂😂",Neutral,0.711387
just WOW,Positive,0.655927
veerrry ggggggoooooodddddddd,Positive,0.686619
"Yes helpful app in this monsoon no other apps delivered any more products but blinkit is still in the field in this situation, but his Dilevry partner is so liaer he don't deliver the product, he stolen my product",Negative,0.776508
wrong item received but body ready to listen,Negative,0.761586
very nice thnx blinkit to provide service at home❤️,Positive,0.978927
kharab sade huye vegetables delivery,Neutral,0.835637
best delivery app ever 🫶🏻,Positive,0.982377
very nice and trusted,Positive,0.923511
Awesome interface and service experience,Positive,0.976806
fast Dilevery parsal,Neutral,0.835147
i am impressed 💯😁,Positive,0.985079
don't help any Time,Negative,0.734877
amazing app and services,Positive,0.972947
really good service,Positive,0.906056
"Bought an item at 29, ended up paying 89 for the product. 2km distance and charging 30 rupees for delivery, 20 for small cart charges and 10 rupees for handling charges. is there not any percentage of the product price to apply these charges? i orefer to uninstall once the order is delivered.",Negative,0.757772
good but give gift on my birthday dx,Positive,0.688115
"They never refunded for the wrong product delivery ,returned also but still no refund 👎👎. Disappointing . UNINSTALLED.",Negative,0.942233
very disappointed with the return policy of this app I have ordered 100 plus products on this app but I wanted to return one product but they will not do it 100 excuses against state very disappointed and so uninstalling it,Negative,0.924517
best app. 😚😚,Positive,0.983027
"costing compare to other platforms, hidden charges always lies with chor blinkit",Negative,0.579566
sometimes quality not good and it's very difficult to return it. when it's not good you should make arrangement to take back on the spot of delivery,Negative,0.85032
very nice 👍🏻👍🏻👍🏻,Positive,0.983784
the best app for ordering....easy to order and fast delivery,Positive,0.972952
"getting delivered in last minute is something to be appreciated, I really liked ur services like well packed without plastic used and safely delivered on time or sometimes earlier. delivery agents deserve to be thankful for their services. Thank you🙌🏻",Positive,0.970244
bhut axa app hai,Neutral,0.706566
very good👍,Positive,0.964364
This is the best,Positive,0.978253
some time never come at door step,Neutral,0.640877
worst behavior of your delivery partner very worst means very worst I was try to cancle the order but it won't if it is like this how can we order again in your store very worst I will never purchase anything from you,Negative,0.937803
for instance delivery but very expensives,Neutral,0.739296
this is amazing,Positive,0.965696
Different variety and different sizes of products not available.,Negative,0.514263
They deliver the wrong product and then stall when it comes to the return process.,Negative,0.923055
Items and especially the delivery boy both are too good. thank you for such prompt services. keep it up. Radhe Radhe,Positive,0.98252
no doubt this app is realy nice but the prices of groceries is expensive comparing with other apps because so much of charges are there and not only charges but many things are expensive for no reason than other apps,Negative,0.674904
very bad experience with customer care everyone should try unother aap,Negative,0.917789
good sevice a,Positive,0.906021
lightening speed delivery..,Neutral,0.624126
just blink it 🤗 and you will receive whatever you want 💕,Positive,0.915029
nice when ur are needed,Positive,0.865475
better than others,Neutral,0.699196
delivery charges is very high,Negative,0.76054
nice work for blinkit,Positive,0.954283
This is very good,Positive,0.977746
mast sarvice fast delivery 5 star rating,Positive,0.888858
Best app for fastest delivery available on playstore unlike jiomart which crashes regularly blinkit never does I used to order things which are very necessary at the point of time and it never dissappointed me. A big thanks from me to the developers and delivery persons.,Positive,0.921193
man other websites give damaged product but blinkit does not it is very good but they increased the amount to get free delivery very goood,Positive,0.630637
viraj residency near by,Neutral,0.801406
शानदार,Neutral,0.664295
good ui,Positive,0.650133
rude delivery personel,Negative,0.867396
worst app did not deliver all items and also they did not refund my money. don't order bulk items from this app.,Negative,0.942192
nice app 🙂👍,Positive,0.959056
This Company Service is Best For emergency BEAUTIFUL App,Positive,0.982298
very bad . because I order something less is coming and we are paying for that items 😞 bad experience,Negative,0.924879
it's really good,Positive,0.954167
nice 👍👍👍👍👍👍👍👍👍👍,Positive,0.971638
very good service 👍,Positive,0.948206
promoting offers through third party app and not giving cashback as mentioned,Neutral,0.61801
"It's good that you're providing service to the public, but there should also be an option to return goods that don't deliver, otherwise, the customer's trust will be lost, and this isn't good for business. I love blanket But the service needs to be better.",Negative,0.491619
good job for bli plnkit people,Positive,0.909092
"I placed a COD order for ice cream worth ₹302. At the time of delivery, I tried paying online via Google Pay. The payment initially showed as failed, so I paid ₹302 in cash to the delivery partner. However, two payments of ₹302 were deducted via Google Pay from my brother's account. I have received the refund for one, but the second payment of ₹302 is still not refunded. Since I already paid in cash, please process the refund for this extra Google Pay transaction as soon as possible",Neutral,0.714355
Nice 👍 hai,Positive,0.968601
this is the best but it took 12 rupees handling charge which I do not understand why ?,Negative,0.633308
dry fruits items is not fresh & heavy cost,Negative,0.727096
🤘🏾,Positive,0.937717
They will mention 7 days replacement in the product page but after ordering and when product does not work they will not provide replacement. scamming people. even after providing video proof they are not ready to provide replacement. scam service.,Negative,0.90602
pure product nhi bhejata missing rahata hai ab kabhi nhi mangaungi,Neutral,0.63985
it's Good 😊 I am Happy With Blenkint,Positive,0.980582
This is very useful app,Positive,0.979653
the services are so poor products are missing with even payment is full,Negative,0.941932
good ☺️,Positive,0.95308
price thoda jada le liya,Neutral,0.765667
"too much expensive ( amazon now, zepto are better than blinkit)",Negative,0.551893
very good 💯,Positive,0.977897
good service near my home,Positive,0.927728
it app is very easy to order but. I have ordered one c type connector but it's not working when i try to exchange that problem their is no option in this app and i wrote mails also they didn't resolve my issue if you want order any electronic thinks don't order others app better than this they provide return and exchange and refund also if product is not good in this add every time need to write a mail if product is not good this not good app time wast money also waste.offically uninstalling app,Negative,0.884447
waste customer support ... simply looting money,Negative,0.935584
very good 😊😊😊😊😊😊😊 very very happy 😊😊😊,Positive,0.987711
App works smoothly. Delivery is quick.,Positive,0.949407
it's very is very good but that you order something it cannot be cancelled,Positive,0.809848
this is best aap India's fastest delivery aap 👍,Positive,0.982698
very nice ☺️,Positive,0.973271
One thing I dont like about delivery is that the delivery persons do not wear helmet. Blinkit should make it mandatory for delivery persons to wear helmet while delivery.,Negative,0.854415
i ordered chicken on blikit they are fully expired all expired items sending blinkit dont use The App costomor support Closing chat without resolving my solution my child food poisoning after etan chicken now at hospital dont oder at blinkit place High charges also place go market and buy,Negative,0.916529
first time order,Neutral,0.814432
very good app blinkit,Positive,0.964321
fooling people by posting wrong quantities of product. customer support is also very poor,Negative,0.912595
this is a nice app very best to order,Positive,0.982885
bahut hi aacha,Neutral,0.706584
"This app is bad, they don't take any accountability, so I ordered olive oil for my family staying in my hometown and I stay at a different place. So now they delivered the order without the cap of the bottle. My family shared images but there is no option to upload images on the customer support channel. I even mailed them the pictures and asked for a replacement but they said they can't do anything. So the final result - I have deleted my account.",Negative,0.892983
thenks,Neutral,0.634807
it provide us damage old used products it's not worth it is very poor app I recommended do not download it stall my money,Negative,0.933307
it is a very nice app.. i am very satisfied 😊😊,Positive,0.988636
Saviour,Neutral,0.729413
The delivery is instant fast and I truly like their services..The riders are also very familiar.. A thing I would recommend is that you should focus on particular uniforms for the delivery guys ...overall it's a great choice for me..I will be glad if you'll include more and more options..I highly recommend this ...and you all are doing a great job...I'll Keep BLINKING ♥️.. Highly recommended...✨💫 Thank you 💫✨🥰..,Positive,0.979155
good app for rainy season & other emergencies,Positive,0.82645
very nyc,Neutral,0.70542
please check before product missing and items is there box in 4 pcs available but girls take 2 pcs take box check and take money no return no response company,Negative,0.803324
Bast For Gym person because a lots of protein intact just do anything in a blinkit,Neutral,0.571543
Don't buy any product from Blinkit they are totally unprofessional. They don't know how to retain there loyal customer,Negative,0.905661
Good Deleviry System,Positive,0.649036
great experience shopping with blinkit,Positive,0.974918
wonderful app,Positive,0.942673
too much good,Positive,0.954676
poor customer service. i have to pay two times for the same item 😠😠😠😠,Negative,0.951987
they don't have change anytime then pls cancel the cash option,Negative,0.705968
Fast and accurate door to door delivery,Positive,0.799711
superb on dot service.,Positive,0.976056
good and fast delivery,Positive,0.902799
we have paid money but not got the items which were ordered,Negative,0.61039
great service experience,Positive,0.949904
Fast service 👌🏻👍🏻,Positive,0.961924
quick service,Positive,0.47178
service is too good,Positive,0.947502
thik,Neutral,0.604799
"Blinkit proves it all!!! My busy work schedule and my accommodation, too away from nearby shops, which don't have groceries of my preference, Blinkit provides what I wish, within the specified time. Thank you Blinkit Team Mehsana..",Positive,0.900535
too good and fast,Positive,0.974735
worst experience ever,Negative,0.897003
Things are available but costly,Neutral,0.542228
satisfied service by blinkit,Neutral,0.56443
fine,Neutral,0.483967
good app services,Positive,0.885782
amazing and so good all fresh. I feel so go on go at your door step in no minutes. love Blinkit very convenient,Positive,0.983974
thank you for everything.,Positive,0.9607
very nice and fast delivery,Positive,0.960435
price high,Neutral,0.66274
very nice work,Positive,0.952063
very great app. For when we forget to bring gifts etc it's perfect. But I gave 4 stars 🌟 because it just prevents from leaving the house but it is a great app for elderly people,Positive,0.931786
its very helpful app I wish ke y sb city's me available ho kuch place ese h jha ye ab tk nhi phoch pai pls blanket do something,Positive,0.807716
ek number service hai,Neutral,0.596982
very Quick service,Positive,0.865577
sending faulty goods with fake promises to be replaced in 7 days after the complaint they need to video in the chat box or their system doesn't work for uploading video very bad experience with blinkit.,Negative,0.909438
Fastest delivery service in our city.👏👏👍👍🇮🇳,Positive,0.979671
best service and timeing is very perfect,Positive,0.969367
nicee aap,Positive,0.776133
The delivery was delayed around half an hour.,Negative,0.690593
very poor service...we order one thing and they deliver something else,Negative,0.908677
Fantastic 🤩,Positive,0.983476
grear work,Neutral,0.493109
you are not providing offers to be applied mentioning can be applied once. Multiple times payment options should be there,Neutral,0.536494
good app if you have mo8,Positive,0.944256
"Blinkit is genuinely one of the best things to have happened. I may not know the people behind it, but the way the business is built and the service it delivers reflects remarkable thoughtfulness, humility, and care. If Blinkit were a person, I'd see someone who leads with innovation and intelligence while always putting people first. Every interaction feels inclusive, personalized, and deeply customer-centric, making it seem as though the goal is to improve people's lives rather than profit.",Positive,0.954752
very late service but good quality of things,Positive,0.506749
"Mother Dairy cow Milk recieved same day expiry kab se blinkit se milk use karna suru kiya hai. No one hearing my voice. kuch bhi feedback me likho no action, no any change by blinkit.",Negative,0.817643
good delivery service ❤️,Positive,0.972715
"Great app,quick delivery, amazing quality products 👌",Positive,0.977338
"very helpful But some things, like pet clothes, are not available on Blinkit.",Neutral,0.514858
The service is good but pricesvare definitely higher than other players in the grocery delivery segment.,Positive,0.724208
Emargency delivery. Good support. Value for money & Friendly attitude.,Positive,0.930937
worst service I have order flavour of kiwi I get tango in creatine,Negative,0.925946
not good 👎,Negative,0.883939
I'm so happy😊,Positive,0.983348
Some items are left out and some are in reduced weight example Vegetables you tell it is half kg but weight is 300 gms please dont cheat the consumer,Negative,0.566455
woooooooow,Positive,0.51435
besttttt experience just download it and useee fast nd furious orderr bestt of all time thank youu,Positive,0.988506
"Fruits and vegetables items are useless and poor quality, price are very high as market price.",Negative,0.934895
handling charge nahi lgana chahiye,Neutral,0.79249
not available in my area pls blinkit available your app in our. area,Neutral,0.545725
Exceptional convenience,Positive,0.910732
"They deliver products very late, delivery partners stops at some place, deliberately delivering late orders.",Negative,0.859868
okkk,Neutral,0.564386
very useful app for urgent needs👍😍,Positive,0.973669
"Grocery service is top notch but hat's off for the Ambulance service from Blinkit, keep up the good work.",Positive,0.952231
"blinkit is really a last minute saver app , it is the best and fast online delivery app , all the things will arrive fresh and neatly packed with maintaining the best cleanliness , thank you",Positive,0.982925
delivered in fast delivery staff is very humble,Positive,0.878925
deli er boy 600 total bill I have given two 500 notes change he is not giving or he is balance amt to my gpay and orguing with me in the morning morning,Negative,0.782166
lot of cancels and refunds take 7 days at least,Negative,0.690168
he is best grosriye delivery app free delivery,Positive,0.968575
problem hai,Neutral,0.599113
"guyz Don't buy anything from blinkit. they only provide rotten things and then they don't have any option open for customer for resolution. better use Bigbasket, flipkart,jio mart and other delivery. they are 1000 times better than this. there is no option to give ZERO star else I could have given that.",Negative,0.876456
piz reduce the price of item,Neutral,0.764082
weri easy to use iam soo happy,Positive,0.984312
"I received my earbuds order from Chembur via Blinkit. Both earbuds appear to be the same side, so they do not fit properly in the charging case. Also, the earbuds were loose in a plastic packet instead of being placed correctly inside the charging caseorder the ear buds both are same ears and fitting in shell the buds has came in plastic not in shell it is from chembur blinkit",Negative,0.771123
Great! I like how functional this app is.,Positive,0.988409
Quick and best app,Positive,0.934159
best products,Positive,0.831386
User friendly. can be a little more competetive,Positive,0.571557
best app...,Positive,0.962642
rain charge is taken 20rs but rain is not there in my area,Negative,0.557509
Thank you!,Positive,0.938063
BLINKIT SAVE MY LIFE WHEN I WAS SUFFERING FROM HUNGER U SAVE ME 😢❤️🥺,Positive,0.906789
delivery charges are high,Negative,0.755271
కొంచెం మంచి కూరగాయలు పంపించండి ఫ్రూట్స్ గాని ఇలా కూరగాయలు గాని కొంచెం క్వాలిటీ ఉండట్లేదు నెక్స్ట్ వచ్చేసి ఒకదాంట్లో రేటు పెంచుతున్నారు తగ్గిస్తున్నారు ఎవరైనా బ్యాగ్ కి మినిమం ఫైవ్ రుపీస్ తీసుకుంటే బెటర్ మిగతా వ్యాపులు అంతే తీసుకుంటున్నాను,Neutral,0.737911
not good experience bakwas h ye app delivery delay h bohot problem h isme,Negative,0.85814
return karna hai,Neutral,0.801708
achha hai aap,Neutral,0.787252
handling charges are very high. No customer support to make complaints about after delivery issues.,Negative,0.905731
"Some innovations make life easier. Others save lives.A heartfelt thank you to the entire Blinkit Ambulance team for showing up when every second mattered.Your speed, professionalism, and compassion gave us hope in one of our most difficult moments.A special appreciation to Albinder Dhindsa for the vision behind Blinkit's 10-minute ambulance service. This isn't just innovation—it's a lifeline for countless families.Thank you for proving that the fastest delivery can also be the most meaningful.",Positive,0.972919
Bahot Khatarnaak Log He 2 Baze Raat Me DELIVERY Karte Hain inko To Medicine Bhi Delver Karna Chahiye Aur Ambulance Services Shuru Karna Chahiye,Neutral,0.885535
"it's one of the most convenient apps ever. But I had one suggestion, it would be great if we could have scheduled delivery options so it becomes even more convenient. kudos to the team for their constant efforts!",Positive,0.979865
worst experiance my refund is not credited in my acccount but blinkit shows refund is complete where is my money ?? dont buy,Negative,0.911296
blinkit per scam ho raha hai main sabse request Karta Hun Ki is app per koi bhi Saman Na Le return ki guarantee lete hain per yah return nahin lete aapse yah baat bhi nahin karenge aur baat karenge to aapko bhi jakar rakhenge main sach mein Kah Raha Hun Main abhi tak Apne rs 2000 is app per koi bhi app mat Apne paise kharab karne ho to please chalaea per bahut ganda scam ho raha hai yaar,Neutral,0.552695
rain sergu kaun leta hai bhai,Neutral,0.73086
awesome 💯,Positive,0.969226
good performance..,Positive,0.929624
no office,Neutral,0.789068
instamart se sahi hai but ek dikkat hai blinkit mai nutrujona fash wash kafi cheej nhi milti hai istamart mai 12 baje ke bad kuch nhi milta,Negative,0.559448
great...awesome service specially medicine very easy and convenient.,Positive,0.985485
no response bad blinkit,Negative,0.832522
"Emergency: Heavy Rain 🌧️ Solution: Blinkit ☔ Unknown location + Heavy Rain = No Problem! 😎 Kuch hi der me Raincoat doorstep par! 😂🚀 Aaj laga Blinkit sirf convenience nahi, emergency partner bhi hai! 💛",Positive,0.929861
"blinkit will charge you for anything like handling charge, surge charge or late night charge etc!! they never delivered on time..nor did they handle the order properly... deleting this app ..the worst",Negative,0.945766
gooood🚘,Positive,0.544175
worst delivery experience,Negative,0.89337
very nice and good 😊😊😊😊,Positive,0.984017
nic service n very helpfull..,Positive,0.946191
very good delivery partner,Positive,0.954795
fast and super quality,Positive,0.934466
too much delay,Negative,0.745584
bhadiya,Neutral,0.700351
best app rn even ambulance services are provided,Positive,0.978716
very faster delivery,Positive,0.897474
really helpful,Positive,0.901845
🤙,Positive,0.840866
"I lovetheir service,....itsmy all time fav day or night....",Positive,0.986981
On time,Neutral,0.585138
very poor service..cid available but delivery foes not return any cash to owner,Negative,0.906054
worst app worst experience they are sending expired products. don't buy.,Negative,0.945548
"the app is quite expensive, as compared to other similar platforms, same product is given at a higher price although the quality of fruits is good, but still the high prices cannot be afforded by everyone.",Negative,0.763138
"It's the best app to order your grocery items or fruits and vegetables, if their is any problem with your order then it literally resolves it efficiently.",Positive,0.940524
very convenient at odd timings,Positive,0.644297
thank you so much blinket is very nice app,Positive,0.975333
supertt work 👩🏻‍💻,Positive,0.977327
Really loved it 😍,Positive,0.982776
nice work,Positive,0.914408
very very fast,Neutral,0.601049
fast and reliable,Positive,0.736987
"Quick response team.. great going , never loose your trusted one.",Positive,0.94748
sirf sirf duplicate sirf sirf duplicate sirf sirf duplicate all product,Neutral,0.681541
the store is just 980 m away from my home i ordered too many things many times sometimes i got freebies with the orders the delivery is fast reliable and it never let down thank you blinkit and blinkit delivery partners,Positive,0.910633
not bad this is very good app,Positive,0.965609
Best service 🥰,Positive,0.976641
"pathetic experience. Despite paying for the order, some or the other item is missing and there is no customer support. The automated response and AI are of no help. just get rid of the customer support and at this point because whatever you are offering is useless. it's not support. it's just ""trouble the customer""",Negative,0.938114
blinkit Is a very convenient app. it's very good for daily essential.,Positive,0.981762
super blinkit within 5 minutes lo delevery complete chesthunaru,Neutral,0.678445
best h yaar,Positive,0.671069
always charge more and more handing and platform fees each time on each order,Negative,0.741437
nice 😊,Positive,0.95975
not as seen in image,Neutral,0.856566
as expected,Neutral,0.615887
always share incorrect order,Negative,0.621874
it's very good I like very much,Positive,0.985053
brand acga bahut hai,Neutral,0.784988
Sirf Dublycat Maal he iske paas bhi ise load mat karo,Neutral,0.862312
trusted app,Neutral,0.597941
on time order,Neutral,0.840164
i have selected 3 article which one Free product but free product not received. this is not good for customer point of view.,Negative,0.864165
first i firstly orderd for more than 3 then the cancel my order after accept and refund place for 3-4 business day very cheap service don't order.,Negative,0.888829
it's to be good experience every time,Positive,0.961201
Blinkit use cold storage stores to deliver rotten and expired products don't ever trust them for your family health. They even manipulated labels to alter manufacturing dates and expiry dates. In india they knew they could easily get away with such malpractice. Don't rate them just for convenience and quick delivery. Quality and authenticity of products are not reliable.,Negative,0.900863
very useful app. I hope you give me more discount 😅 after the review 😂,Positive,0.976242
I Love Your Service Now Thank You,Positive,0.983083
pleasant,Positive,0.756551
well it was good app to order groceries,Positive,0.871371
nice app to use,Positive,0.949814
old stock item delivered sometimes,Neutral,0.871999
it's good I enjoy the delivery drivers are the best .today experience was my best experience I got delivery from deepak he was the best devilery partner till today .i really appreciate his work,Positive,0.986178
very late service at my region,Negative,0.833629
worst chat support,Negative,0.91568
all best,Positive,0.855385
really usefull app with great customer support good job blinkit,Positive,0.974608
every thing is ok,Positive,0.612925
bakwas,Neutral,0.733456
jadi vejo,Neutral,0.832893
uhhh,Neutral,0.646338
this app is very good,Positive,0.980652
I think that it is a fastest delivery that I have seen👍👍👍👍,Positive,0.982136
all time when i ordered i received it really with in time,Positive,0.629834
very nice product 😃,Positive,0.973933
I have ordered a product for ₹60 but when I'm seeing the total amount it's showing ₹115. Like they are charging a very high amount for delivery charge and others. Thus I am requesting to all of you that donot order anything from this app. In my opinion this is the worst app I have seen.,Negative,0.885886
Wonderful,Positive,0.93304
"Blinkit's service is absolutely terrible. I have been a customer for two years and have purchased many items, but my recent experience was awful. On July 27, 2026, I ordered products worth ₹2,500, including a pair of Noise earbuds; the sound quality was poor, and the fit caused ear pain. I requested a return—even offering to exchange them for a more expensive model—but their service was so bad that they flatly refused the return. So, everyone should think twice before shopping with Blinkit.",Negative,0.925441
customer service support is not good,Negative,0.936642
very good app..... 🫶,Positive,0.981941
It's a good app for everyone 👍👍⭐⭐⭐⭐⭐,Positive,0.984937
Always fast delivery,Positive,0.87833
blinkit is actually the best and the service is really good and trustworthy!!!,Positive,0.986258
100percent like blinkit but didn't like delevery partner in mumbra city they are very rude and cancellations are high always they want to do cancel the order by customer they call and say plz cancel kro mam bhot andar hai dur hai other cities partners are best,Negative,0.863117
best any time service. 👍,Positive,0.966127
good packing,Positive,0.806658
I ordered first time on this app now very fast delivery and good packaging..,Positive,0.96005
The medicine delivwey and doctor consultation us too good feature,Positive,0.880788
slow delivery,Negative,0.755864
"Hi! Would have suggested this app to others but not anymore, cause as mentioned by the government the delivery app is not suppose to charge any additional extra fees but BLINKIT is doing so, whereas I only wanted 2 products but BLINKIT is charging extra i.e My total product price cost ₹191/- +where the app is charging me Handling charge₹5/- +Delivery Charge ₹30/- So My grand total comes to ₹226/- I would like this issue to be resolved or else I have to raise this concern is the Consumer forum",Negative,0.555225
amazing i was really happy for this service,Positive,0.986098
yas,Positive,0.529452
Very good fast delivery appp,Positive,0.960305
bekar service he lutate he ye log order b pura nai krte juthe he mene 3 ltr milk mangaya tha or unhone 1 ltr hi diya or pese b return nai krna he unko bekar log he,Neutral,0.741155
fruits me milawat kyo karte hai yadi tin mango magate hai to tino tin quality ke kyo kharab hota phal bhi pack kardete hai kwality ka khyal rakhe,Neutral,0.776783
Best instant delivery,Positive,0.955062
India's fastest app,Positive,0.935831
helped me when I needed the most mainly for taking printouts for assignments 😅👍,Positive,0.841811
free delivery ke naam par cheat krte ho aap log,Neutral,0.672333
True companion,Positive,0.622132
💔,Negative,0.637021
It was one of the best platforms. Some delivery boys are a bit problematic.,Positive,0.548777
it's good 👍🏻,Positive,0.974781
it best delivery app I have ever seen,Positive,0.977035
good work Blinkit all staff,Positive,0.959826
diffrent item in the pocket,Neutral,0.773252
delivery charges kam karo,Neutral,0.762431
Customer care support very nice.,Positive,0.973645
we are very unpleasant with the delivery boy.. No blinkit carry bag with boy rudely replied Carry bags are usually out of stock by the evening.,Negative,0.917846
very worst experience,Negative,0.899271
taking too long time for order placement,Negative,0.838925
thanks for your help,Positive,0.893696
v good app,Positive,0.925097
Good app easy convinient Groceries,Positive,0.935408
average,Neutral,0.540493
worst delivery app,Negative,0.912888
in time,Neutral,0.598302
fast delivery 🚚,Positive,0.850115
best app for shopping,Positive,0.90516
my experience with blinkit is very good I used this app since very long,Positive,0.975917
best food services app💗,Positive,0.982206
Happy 😇,Positive,0.978335
"Customer care executives are mannerless. sometimes they do send products without any seal, after raising complaint they don't bother to resolve",Negative,0.910739
Rotten orange,Negative,0.671619
Awesome experi,Positive,0.969891
awesome delivery and experience,Positive,0.971967
wow I just like the fast delivery and cheapest items like I m ording from Amazon Flipkart like every item blinkit have phone smart watch and all electronics 🫡🫡🫡,Positive,0.97628
delivery partners doesnt want come at. door step.,Negative,0.815379
there is no policy for cancellations,Neutral,0.608377
5star,Neutral,0.549039
Just love it,Positive,0.972331
this aap is not good at all low coustomer helping,Negative,0.949667
nice app for last minute,Positive,0.933996
ooo.,Neutral,0.67665
gave bad product and refuse to refund,Negative,0.909084
"good items, fast delivery.",Positive,0.939954
it's very fast and good app we orders many things and they delivered very fast in minutes thank you blinkit,Positive,0.981557
oki,Neutral,0.655083
Always on time n the most trusted. Wish to see discounts on special days or weekend on fruits n desserts.,Positive,0.908558
good colity,Positive,0.691538
sabse ghatia app in the whole universe,Neutral,0.581175
fast delivery good 👍,Positive,0.96251
Service first,Neutral,0.62523
looting people,Negative,0.756323
best app for fast delivery,Positive,0.938025
sometimes they send rough vegetable stop it,Negative,0.704945
Good and prompt service rendering in our area. keep it up.,Positive,0.971901
"I had a very disappointing experience with Blinkit. I ordered fresh vegetables, but the quality was very poor. The vegetables were not fresh and looked old, with some already starting to spoil. This is not what I expected from a quick grocery delivery service. I hope Blinkit improves its quality checks before delivering products to customers.",Negative,0.932195
Delivery too Delayed,Negative,0.793887
"super speed delivery, very use full, i use regularly Thank you Blinkit.",Positive,0.980668
"everythings fine but the paper bag, it's not strong enough to cary few heavy items and not more than one bag is given to lift that weight",Negative,0.655332
okk,Neutral,0.597791
very good experience of placing order but I don't have experience of customers help desk,Positive,0.42985
The app is very best I like it thanks to Blinkit I really like the app🤗😊😇,Positive,0.987739
best packing and safe product,Positive,0.840978
simple payment,Neutral,0.56398
it's best in emergency at our place,Positive,0.553447
fast and easy,Positive,0.618857
"I love blink it service, unexpected bahut hi jaldi Mera order delivered Ho gaela",Positive,0.976123
good services nice faster services,Positive,0.917358
in first order you get cash on delivery and in second we don't get cash on delivery and the product is 125 it convert into 210. 🤢🤮,Negative,0.854688
"Only delivery guy was rude, rest was good",Negative,0.567641
peak,Neutral,0.51339
all is good but the help feature isn't that much helpful. I bought an umbrella which came faulty and then when I reported about it I says something went wrong the whole timeee😭😭😭.... curse yuo blinkit,Negative,0.93632
Support for customers and options in it are not satisfactory,Negative,0.894798
cod not available,Neutral,0.586923
fast time po☺️,Positive,0.89014
I love it for fast delivery 👍😊,Positive,0.986631
takes hidden delivery charges,Neutral,0.666701
Make abhi eggs available back again at my location (Bhavnagar) or I'll uninstall blinkit in next 30 days,Negative,0.617629
the delivery boy is not delivered on my current location he called me 1 km or more than 1 km from my location Ahmednagar is a good location for blink it,Negative,0.653946
The App is so good,Positive,0.978853
"I had ordered eggs worth 311 rupees, I order from blinkit most of the time but today when I had ordered 30 tray eggs the eggs were visiblygone day with bugs and rotten eggs, this is not the first time too as I had once the same this when I order. I had even reached the coaster care AI and it gave me 311 rupees worth of bloody coupons, not even refunding me properly. poor experienceand quality.",Negative,0.826369
very good app fast service,Positive,0.948941
very very slow 😞,Negative,0.902957
some times it take too much time to open,Negative,0.620025
Time r wron,Neutral,0.76554
🤩nice :) 1000000/1000000 good💯,Positive,0.98648
very bad exp,Negative,0.883546
amzing,Neutral,0.576694
3rd class delivery time 😞,Negative,0.863859
it's useful but diet Coke is not always available 😕😭🥀 which is my fav ..! -owners daughter..!,Negative,0.412856
let delivery,Neutral,0.662006
"Timely service, reliable always.",Positive,0.918527
Really better than other apps quick services,Positive,0.967471
nicear...😊☺️,Positive,0.963688
good experience you get a free consultation with doctor when you have to order any medicines I feel thankful for this app .,Positive,0.966854
