Review,Segment,Cluster ID,Prototype Similarity,Label Rationale
good service,Explorers,0,0.0196,"Cluster 0 (n=348) labeled 'Explorers' because its centroid is closest to that segment's prototype reviews (cosine=0.020). Supporting cues: try(1). Frequent terms: service, delivery, blinkit, product, experience, like. Example review: ""good service"""
poor,Price Sensitive,2,0.2879,"Cluster 2 (n=1736) labeled 'Price Sensitive' because its centroid is closest to that segment's prototype reviews (cosine=0.288). Supporting cues: charge(150), rs(122), price(78), money(49), offer(28). Frequent terms: order, service, blinkit, product, time, bad. Example review: ""poor"""
good,Explorers,0,0.0196,"Cluster 0 (n=348) labeled 'Explorers' because its centroid is closest to that segment's prototype reviews (cosine=0.020). Supporting cues: try(1). Frequent terms: service, delivery, blinkit, product, experience, like. Example review: ""good service"""
bad showing time 10 min deliver one hour,Price Sensitive,2,0.2879,"Cluster 2 (n=1736) labeled 'Price Sensitive' because its centroid is closest to that segment's prototype reviews (cosine=0.288). Supporting cues: charge(150), rs(122), price(78), money(49), offer(28). Frequent terms: order, service, blinkit, product, time, bad. Example review: ""poor"""
great job,Price Sensitive,2,0.2879,"Cluster 2 (n=1736) labeled 'Price Sensitive' because its centroid is closest to that segment's prototype reviews (cosine=0.288). Supporting cues: charge(150), rs(122), price(78), money(49), offer(28). Frequent terms: order, service, blinkit, product, time, bad. Example review: ""poor"""
sufficient quantity tinda,Price Sensitive,2,0.2879,"Cluster 2 (n=1736) labeled 'Price Sensitive' because its centroid is closest to that segment's prototype reviews (cosine=0.288). Supporting cues: charge(150), rs(122), price(78), money(49), offer(28). Frequent terms: order, service, blinkit, product, time, bad. Example review: ""poor"""
good,Explorers,0,0.0196,"Cluster 0 (n=348) labeled 'Explorers' because its centroid is closest to that segment's prototype reviews (cosine=0.020). Supporting cues: try(1). Frequent terms: service, delivery, blinkit, product, experience, like. Example review: ""good service"""
nice,Impulse Buyers,3,0.0584,"Cluster 3 (n=180) labeled 'Impulse Buyers' because its centroid is closest to that segment's prototype reviews (cosine=0.058). Supporting cues: quick(4), late night(1). Frequent terms: service, delivery, blinkit, work, much, time. Example review: ""nice"""
nice vere helpfull app kind delivery partner,Impulse Buyers,3,0.0584,"Cluster 3 (n=180) labeled 'Impulse Buyers' because its centroid is closest to that segment's prototype reviews (cosine=0.058). Supporting cues: quick(4), late night(1). Frequent terms: service, delivery, blinkit, work, much, time. Example review: ""nice"""
horrible customer care service,Price Sensitive,2,0.2879,"Cluster 2 (n=1736) labeled 'Price Sensitive' because its centroid is closest to that segment's prototype reviews (cosine=0.288). Supporting cues: charge(150), rs(122), price(78), money(49), offer(28). Frequent terms: order, service, blinkit, product, time, bad. Example review: ""poor"""
nice prectice n thks,Impulse Buyers,3,0.0584,"Cluster 3 (n=180) labeled 'Impulse Buyers' because its centroid is closest to that segment's prototype reviews (cosine=0.058). Supporting cues: quick(4), late night(1). Frequent terms: service, delivery, blinkit, work, much, time. Example review: ""nice"""
really great,Price Sensitive,2,0.2879,"Cluster 2 (n=1736) labeled 'Price Sensitive' because its centroid is closest to that segment's prototype reviews (cosine=0.288). Supporting cues: charge(150), rs(122), price(78), money(49), offer(28). Frequent terms: order, service, blinkit, product, time, bad. Example review: ""poor"""
super fast delivery,Routine Buyers,1,0.1454,"Cluster 1 (n=554) labeled 'Routine Buyers' because its centroid is closest to that segment's prototype reviews (cosine=0.145). Supporting cues: always(16), regular(1), usual(1). Frequent terms: delivery, fast, best, service, time, blinkit. Example review: ""super fast delivery"""
best,Routine Buyers,1,0.1454,"Cluster 1 (n=554) labeled 'Routine Buyers' because its centroid is closest to that segment's prototype reviews (cosine=0.145). Supporting cues: always(16), regular(1), usual(1). Frequent terms: delivery, fast, best, service, time, blinkit. Example review: ""super fast delivery"""
good secives,Explorers,0,0.0196,"Cluster 0 (n=348) labeled 'Explorers' because its centroid is closest to that segment's prototype reviews (cosine=0.020). Supporting cues: try(1). Frequent terms: service, delivery, blinkit, product, experience, like. Example review: ""good service"""
nice,Impulse Buyers,3,0.0584,"Cluster 3 (n=180) labeled 'Impulse Buyers' because its centroid is closest to that segment's prototype reviews (cosine=0.058). Supporting cues: quick(4), late night(1). Frequent terms: service, delivery, blinkit, work, much, time. Example review: ""nice"""
best service,Routine Buyers,1,0.1454,"Cluster 1 (n=554) labeled 'Routine Buyers' because its centroid is closest to that segment's prototype reviews (cosine=0.145). Supporting cues: always(16), regular(1), usual(1). Frequent terms: delivery, fast, best, service, time, blinkit. Example review: ""super fast delivery"""
good app nice,Impulse Buyers,3,0.0584,"Cluster 3 (n=180) labeled 'Impulse Buyers' because its centroid is closest to that segment's prototype reviews (cosine=0.058). Supporting cues: quick(4), late night(1). Frequent terms: service, delivery, blinkit, work, much, time. Example review: ""nice"""
nice service,Impulse Buyers,3,0.0584,"Cluster 3 (n=180) labeled 'Impulse Buyers' because its centroid is closest to that segment's prototype reviews (cosine=0.058). Supporting cues: quick(4), late night(1). Frequent terms: service, delivery, blinkit, work, much, time. Example review: ""nice"""
good,Explorers,0,0.0196,"Cluster 0 (n=348) labeled 'Explorers' because its centroid is closest to that segment's prototype reviews (cosine=0.020). Supporting cues: try(1). Frequent terms: service, delivery, blinkit, product, experience, like. Example review: ""good service"""
nice,Impulse Buyers,3,0.0584,"Cluster 3 (n=180) labeled 'Impulse Buyers' because its centroid is closest to that segment's prototype reviews (cosine=0.058). Supporting cues: quick(4), late night(1). Frequent terms: service, delivery, blinkit, work, much, time. Example review: ""nice"""
helpful,Price Sensitive,2,0.2879,"Cluster 2 (n=1736) labeled 'Price Sensitive' because its centroid is closest to that segment's prototype reviews (cosine=0.288). Supporting cues: charge(150), rs(122), price(78), money(49), offer(28). Frequent terms: order, service, blinkit, product, time, bad. Example review: ""poor"""
vgood,Price Sensitive,2,0.2879,"Cluster 2 (n=1736) labeled 'Price Sensitive' because its centroid is closest to that segment's prototype reviews (cosine=0.288). Supporting cues: charge(150), rs(122), price(78), money(49), offer(28). Frequent terms: order, service, blinkit, product, time, bad. Example review: ""poor"""
app best app,Routine Buyers,1,0.1454,"Cluster 1 (n=554) labeled 'Routine Buyers' because its centroid is closest to that segment's prototype reviews (cosine=0.145). Supporting cues: always(16), regular(1), usual(1). Frequent terms: delivery, fast, best, service, time, blinkit. Example review: ""super fast delivery"""
good service,Explorers,0,0.0196,"Cluster 0 (n=348) labeled 'Explorers' because its centroid is closest to that segment's prototype reviews (cosine=0.020). Supporting cues: try(1). Frequent terms: service, delivery, blinkit, product, experience, like. Example review: ""good service"""
high price,Price Sensitive,2,0.2879,"Cluster 2 (n=1736) labeled 'Price Sensitive' because its centroid is closest to that segment's prototype reviews (cosine=0.288). Supporting cues: charge(150), rs(122), price(78), money(49), offer(28). Frequent terms: order, service, blinkit, product, time, bad. Example review: ""poor"""
option add upi email,Price Sensitive,2,0.2879,"Cluster 2 (n=1736) labeled 'Price Sensitive' because its centroid is closest to that segment's prototype reviews (cosine=0.288). Supporting cues: charge(150), rs(122), price(78), money(49), offer(28). Frequent terms: order, service, blinkit, product, time, bad. Example review: ""poor"""
oho,Price Sensitive,2,0.2879,"Cluster 2 (n=1736) labeled 'Price Sensitive' because its centroid is closest to that segment's prototype reviews (cosine=0.288). Supporting cues: charge(150), rs(122), price(78), money(49), offer(28). Frequent terms: order, service, blinkit, product, time, bad. Example review: ""poor"""
good,Explorers,0,0.0196,"Cluster 0 (n=348) labeled 'Explorers' because its centroid is closest to that segment's prototype reviews (cosine=0.020). Supporting cues: try(1). Frequent terms: service, delivery, blinkit, product, experience, like. Example review: ""good service"""
fast delivery app super,Routine Buyers,1,0.1454,"Cluster 1 (n=554) labeled 'Routine Buyers' because its centroid is closest to that segment's prototype reviews (cosine=0.145). Supporting cues: always(16), regular(1), usual(1). Frequent terms: delivery, fast, best, service, time, blinkit. Example review: ""super fast delivery"""
fast service,Routine Buyers,1,0.1454,"Cluster 1 (n=554) labeled 'Routine Buyers' because its centroid is closest to that segment's prototype reviews (cosine=0.145). Supporting cues: always(16), regular(1), usual(1). Frequent terms: delivery, fast, best, service, time, blinkit. Example review: ""super fast delivery"""
excellent,Price Sensitive,2,0.2879,"Cluster 2 (n=1736) labeled 'Price Sensitive' because its centroid is closest to that segment's prototype reviews (cosine=0.288). Supporting cues: charge(150), rs(122), price(78), money(49), offer(28). Frequent terms: order, service, blinkit, product, time, bad. Example review: ""poor"""
good job,Price Sensitive,2,0.2879,"Cluster 2 (n=1736) labeled 'Price Sensitive' because its centroid is closest to that segment's prototype reviews (cosine=0.288). Supporting cues: charge(150), rs(122), price(78), money(49), offer(28). Frequent terms: order, service, blinkit, product, time, bad. Example review: ""poor"""
best app,Routine Buyers,1,0.1454,"Cluster 1 (n=554) labeled 'Routine Buyers' because its centroid is closest to that segment's prototype reviews (cosine=0.145). Supporting cues: always(16), regular(1), usual(1). Frequent terms: delivery, fast, best, service, time, blinkit. Example review: ""super fast delivery"""
low price,Price Sensitive,2,0.2879,"Cluster 2 (n=1736) labeled 'Price Sensitive' because its centroid is closest to that segment's prototype reviews (cosine=0.288). Supporting cues: charge(150), rs(122), price(78), money(49), offer(28). Frequent terms: order, service, blinkit, product, time, bad. Example review: ""poor"""
havent receive order product already pay even didnt pick call first order scam like,Price Sensitive,2,0.2879,"Cluster 2 (n=1736) labeled 'Price Sensitive' because its centroid is closest to that segment's prototype reviews (cosine=0.288). Supporting cues: charge(150), rs(122), price(78), money(49), offer(28). Frequent terms: order, service, blinkit, product, time, bad. Example review: ""poor"""
paisa loot liye mere,Price Sensitive,2,0.2879,"Cluster 2 (n=1736) labeled 'Price Sensitive' because its centroid is closest to that segment's prototype reviews (cosine=0.288). Supporting cues: charge(150), rs(122), price(78), money(49), offer(28). Frequent terms: order, service, blinkit, product, time, bad. Example review: ""poor"""
good app,Explorers,0,0.0196,"Cluster 0 (n=348) labeled 'Explorers' because its centroid is closest to that segment's prototype reviews (cosine=0.020). Supporting cues: try(1). Frequent terms: service, delivery, blinkit, product, experience, like. Example review: ""good service"""
many late,Price Sensitive,2,0.2879,"Cluster 2 (n=1736) labeled 'Price Sensitive' because its centroid is closest to that segment's prototype reviews (cosine=0.288). Supporting cues: charge(150), rs(122), price(78), money(49), offer(28). Frequent terms: order, service, blinkit, product, time, bad. Example review: ""poor"""
insanely fast super convenient 1010 recommend,Routine Buyers,1,0.1454,"Cluster 1 (n=554) labeled 'Routine Buyers' because its centroid is closest to that segment's prototype reviews (cosine=0.145). Supporting cues: always(16), regular(1), usual(1). Frequent terms: delivery, fast, best, service, time, blinkit. Example review: ""super fast delivery"""
super,Price Sensitive,2,0.2879,"Cluster 2 (n=1736) labeled 'Price Sensitive' because its centroid is closest to that segment's prototype reviews (cosine=0.288). Supporting cues: charge(150), rs(122), price(78), money(49), offer(28). Frequent terms: order, service, blinkit, product, time, bad. Example review: ""poor"""
bad service himmatnagar order place correct time always late,Price Sensitive,2,0.2879,"Cluster 2 (n=1736) labeled 'Price Sensitive' because its centroid is closest to that segment's prototype reviews (cosine=0.288). Supporting cues: charge(150), rs(122), price(78), money(49), offer(28). Frequent terms: order, service, blinkit, product, time, bad. Example review: ""poor"""
fast reliable serveice,Routine Buyers,1,0.1454,"Cluster 1 (n=554) labeled 'Routine Buyers' because its centroid is closest to that segment's prototype reviews (cosine=0.145). Supporting cues: always(16), regular(1), usual(1). Frequent terms: delivery, fast, best, service, time, blinkit. Example review: ""super fast delivery"""
bad experience receive torn packet sticky chicken piece,Price Sensitive,2,0.2879,"Cluster 2 (n=1736) labeled 'Price Sensitive' because its centroid is closest to that segment's prototype reviews (cosine=0.288). Supporting cues: charge(150), rs(122), price(78), money(49), offer(28). Frequent terms: order, service, blinkit, product, time, bad. Example review: ""poor"""
ok,Price Sensitive,2,0.2879,"Cluster 2 (n=1736) labeled 'Price Sensitive' because its centroid is closest to that segment's prototype reviews (cosine=0.288). Supporting cues: charge(150), rs(122), price(78), money(49), offer(28). Frequent terms: order, service, blinkit, product, time, bad. Example review: ""poor"""
well time please clarify handling charge,Price Sensitive,2,0.2879,"Cluster 2 (n=1736) labeled 'Price Sensitive' because its centroid is closest to that segment's prototype reviews (cosine=0.288). Supporting cues: charge(150), rs(122), price(78), money(49), offer(28). Frequent terms: order, service, blinkit, product, time, bad. Example review: ""poor"""
goodtimely,Price Sensitive,2,0.2879,"Cluster 2 (n=1736) labeled 'Price Sensitive' because its centroid is closest to that segment's prototype reviews (cosine=0.288). Supporting cues: charge(150), rs(122), price(78), money(49), offer(28). Frequent terms: order, service, blinkit, product, time, bad. Example review: ""poor"""
fast,Routine Buyers,1,0.1454,"Cluster 1 (n=554) labeled 'Routine Buyers' because its centroid is closest to that segment's prototype reviews (cosine=0.145). Supporting cues: always(16), regular(1), usual(1). Frequent terms: delivery, fast, best, service, time, blinkit. Example review: ""super fast delivery"""
nice,Impulse Buyers,3,0.0584,"Cluster 3 (n=180) labeled 'Impulse Buyers' because its centroid is closest to that segment's prototype reviews (cosine=0.058). Supporting cues: quick(4), late night(1). Frequent terms: service, delivery, blinkit, work, much, time. Example review: ""nice"""
rete full hy,Price Sensitive,2,0.2879,"Cluster 2 (n=1736) labeled 'Price Sensitive' because its centroid is closest to that segment's prototype reviews (cosine=0.288). Supporting cues: charge(150), rs(122), price(78), money(49), offer(28). Frequent terms: order, service, blinkit, product, time, bad. Example review: ""poor"""
good bahut achchha app,Explorers,0,0.0196,"Cluster 0 (n=348) labeled 'Explorers' because its centroid is closest to that segment's prototype reviews (cosine=0.020). Supporting cues: try(1). Frequent terms: service, delivery, blinkit, product, experience, like. Example review: ""good service"""
show free delivery could see charge,Routine Buyers,1,0.1454,"Cluster 1 (n=554) labeled 'Routine Buyers' because its centroid is closest to that segment's prototype reviews (cosine=0.145). Supporting cues: always(16), regular(1), usual(1). Frequent terms: delivery, fast, best, service, time, blinkit. Example review: ""super fast delivery"""
frequently order app even high handling charge convenience charge today receive wrong product even though replaceable app customer service guy priyanshu flatly refuse either refund replace item even refuse end chat disconnect day back another customer service guy call technical issue extremely rude unprofessional thank god amazon launch emergency order section,Price Sensitive,2,0.2879,"Cluster 2 (n=1736) labeled 'Price Sensitive' because its centroid is closest to that segment's prototype reviews (cosine=0.288). Supporting cues: charge(150), rs(122), price(78), money(49), offer(28). Frequent terms: order, service, blinkit, product, time, bad. Example review: ""poor"""
wonderful experience,Price Sensitive,2,0.2879,"Cluster 2 (n=1736) labeled 'Price Sensitive' because its centroid is closest to that segment's prototype reviews (cosine=0.288). Supporting cues: charge(150), rs(122), price(78), money(49), offer(28). Frequent terms: order, service, blinkit, product, time, bad. Example review: ""poor"""
good app,Explorers,0,0.0196,"Cluster 0 (n=348) labeled 'Explorers' because its centroid is closest to that segment's prototype reviews (cosine=0.020). Supporting cues: try(1). Frequent terms: service, delivery, blinkit, product, experience, like. Example review: ""good service"""
good,Explorers,0,0.0196,"Cluster 0 (n=348) labeled 'Explorers' because its centroid is closest to that segment's prototype reviews (cosine=0.020). Supporting cues: try(1). Frequent terms: service, delivery, blinkit, product, experience, like. Example review: ""good service"""
good service,Explorers,0,0.0196,"Cluster 0 (n=348) labeled 'Explorers' because its centroid is closest to that segment's prototype reviews (cosine=0.020). Supporting cues: try(1). Frequent terms: service, delivery, blinkit, product, experience, like. Example review: ""good service"""
love app truly respect blinkit never fail commitment keep good work thank service,Price Sensitive,2,0.2879,"Cluster 2 (n=1736) labeled 'Price Sensitive' because its centroid is closest to that segment's prototype reviews (cosine=0.288). Supporting cues: charge(150), rs(122), price(78), money(49), offer(28). Frequent terms: order, service, blinkit, product, time, bad. Example review: ""poor"""
good,Explorers,0,0.0196,"Cluster 0 (n=348) labeled 'Explorers' because its centroid is closest to that segment's prototype reviews (cosine=0.020). Supporting cues: try(1). Frequent terms: service, delivery, blinkit, product, experience, like. Example review: ""good service"""
good experience,Explorers,0,0.0196,"Cluster 0 (n=348) labeled 'Explorers' because its centroid is closest to that segment's prototype reviews (cosine=0.020). Supporting cues: try(1). Frequent terms: service, delivery, blinkit, product, experience, like. Example review: ""good service"""
fruady app,Price Sensitive,2,0.2879,"Cluster 2 (n=1736) labeled 'Price Sensitive' because its centroid is closest to that segment's prototype reviews (cosine=0.288). Supporting cues: charge(150), rs(122), price(78), money(49), offer(28). Frequent terms: order, service, blinkit, product, time, bad. Example review: ""poor"""
vegetable fresh,Price Sensitive,2,0.2879,"Cluster 2 (n=1736) labeled 'Price Sensitive' because its centroid is closest to that segment's prototype reviews (cosine=0.288). Supporting cues: charge(150), rs(122), price(78), money(49), offer(28). Frequent terms: order, service, blinkit, product, time, bad. Example review: ""poor"""
platform fee applicable discount level zepto,Price Sensitive,2,0.2879,"Cluster 2 (n=1736) labeled 'Price Sensitive' because its centroid is closest to that segment's prototype reviews (cosine=0.288). Supporting cues: charge(150), rs(122), price(78), money(49), offer(28). Frequent terms: order, service, blinkit, product, time, bad. Example review: ""poor"""
say order near e order delay oeder,Price Sensitive,2,0.2879,"Cluster 2 (n=1736) labeled 'Price Sensitive' because its centroid is closest to that segment's prototype reviews (cosine=0.288). Supporting cues: charge(150), rs(122), price(78), money(49), offer(28). Frequent terms: order, service, blinkit, product, time, bad. Example review: ""poor"""
exchange policy cooperation,Price Sensitive,2,0.2879,"Cluster 2 (n=1736) labeled 'Price Sensitive' because its centroid is closest to that segment's prototype reviews (cosine=0.288). Supporting cues: charge(150), rs(122), price(78), money(49), offer(28). Frequent terms: order, service, blinkit, product, time, bad. Example review: ""poor"""
deliver fast quality always good mostly average use absolutely urgent still u might disappoint,Price Sensitive,2,0.2879,"Cluster 2 (n=1736) labeled 'Price Sensitive' because its centroid is closest to that segment's prototype reviews (cosine=0.288). Supporting cues: charge(150), rs(122), price(78), money(49), offer(28). Frequent terms: order, service, blinkit, product, time, bad. Example review: ""poor"""
👍,Price Sensitive,2,0.2879,"Cluster 2 (n=1736) labeled 'Price Sensitive' because its centroid is closest to that segment's prototype reviews (cosine=0.288). Supporting cues: charge(150), rs(122), price(78), money(49), offer(28). Frequent terms: order, service, blinkit, product, time, bad. Example review: ""poor"""
good,Explorers,0,0.0196,"Cluster 0 (n=348) labeled 'Explorers' because its centroid is closest to that segment's prototype reviews (cosine=0.020). Supporting cues: try(1). Frequent terms: service, delivery, blinkit, product, experience, like. Example review: ""good service"""
order boat wireless earbuds get empty box customer service team responsive,Price Sensitive,2,0.2879,"Cluster 2 (n=1736) labeled 'Price Sensitive' because its centroid is closest to that segment's prototype reviews (cosine=0.288). Supporting cues: charge(150), rs(122), price(78), money(49), offer(28). Frequent terms: order, service, blinkit, product, time, bad. Example review: ""poor"""
order everything blinkit even electronic machine also always work good delivers everything 15 minute,Price Sensitive,2,0.2879,"Cluster 2 (n=1736) labeled 'Price Sensitive' because its centroid is closest to that segment's prototype reviews (cosine=0.288). Supporting cues: charge(150), rs(122), price(78), money(49), offer(28). Frequent terms: order, service, blinkit, product, time, bad. Example review: ""poor"""
supar aap,Price Sensitive,2,0.2879,"Cluster 2 (n=1736) labeled 'Price Sensitive' because its centroid is closest to that segment's prototype reviews (cosine=0.288). Supporting cues: charge(150), rs(122), price(78), money(49), offer(28). Frequent terms: order, service, blinkit, product, time, bad. Example review: ""poor"""
😋,Price Sensitive,2,0.2879,"Cluster 2 (n=1736) labeled 'Price Sensitive' because its centroid is closest to that segment's prototype reviews (cosine=0.288). Supporting cues: charge(150), rs(122), price(78), money(49), offer(28). Frequent terms: order, service, blinkit, product, time, bad. Example review: ""poor"""
app,Price Sensitive,2,0.2879,"Cluster 2 (n=1736) labeled 'Price Sensitive' because its centroid is closest to that segment's prototype reviews (cosine=0.288). Supporting cues: charge(150), rs(122), price(78), money(49), offer(28). Frequent terms: order, service, blinkit, product, time, bad. Example review: ""poor"""
hey one item miss order seal bag open try reach customer care didnt respond try multiple time finally connect via chat 2 day tell sent seal one disconnect even video proof didnt check anything,Price Sensitive,2,0.2879,"Cluster 2 (n=1736) labeled 'Price Sensitive' because its centroid is closest to that segment's prototype reviews (cosine=0.288). Supporting cues: charge(150), rs(122), price(78), money(49), offer(28). Frequent terms: order, service, blinkit, product, time, bad. Example review: ""poor"""
nicee,Price Sensitive,2,0.2879,"Cluster 2 (n=1736) labeled 'Price Sensitive' because its centroid is closest to that segment's prototype reviews (cosine=0.288). Supporting cues: charge(150), rs(122), price(78), money(49), offer(28). Frequent terms: order, service, blinkit, product, time, bad. Example review: ""poor"""
give fresh product reduce price fruit,Price Sensitive,2,0.2879,"Cluster 2 (n=1736) labeled 'Price Sensitive' because its centroid is closest to that segment's prototype reviews (cosine=0.288). Supporting cues: charge(150), rs(122), price(78), money(49), offer(28). Frequent terms: order, service, blinkit, product, time, bad. Example review: ""poor"""
ok good,Explorers,0,0.0196,"Cluster 0 (n=348) labeled 'Explorers' because its centroid is closest to that segment's prototype reviews (cosine=0.020). Supporting cues: try(1). Frequent terms: service, delivery, blinkit, product, experience, like. Example review: ""good service"""
amaze,Price Sensitive,2,0.2879,"Cluster 2 (n=1736) labeled 'Price Sensitive' because its centroid is closest to that segment's prototype reviews (cosine=0.288). Supporting cues: charge(150), rs(122), price(78), money(49), offer(28). Frequent terms: order, service, blinkit, product, time, bad. Example review: ""poor"""
app good oder say buy 99 buy 99 increase happens buy 199 get free dilvery accord blink good dilvery thing take extra charge form dilvery charge,Price Sensitive,2,0.2879,"Cluster 2 (n=1736) labeled 'Price Sensitive' because its centroid is closest to that segment's prototype reviews (cosine=0.288). Supporting cues: charge(150), rs(122), price(78), money(49), offer(28). Frequent terms: order, service, blinkit, product, time, bad. Example review: ""poor"""
good,Explorers,0,0.0196,"Cluster 0 (n=348) labeled 'Explorers' because its centroid is closest to that segment's prototype reviews (cosine=0.020). Supporting cues: try(1). Frequent terms: service, delivery, blinkit, product, experience, like. Example review: ""good service"""
never order food item blinkit never stop selling expire food item order expensive milk packets one milk packet expire 2 day ago curdle smelly packet open way contact customer care email despite share image concern shamelessly say dont keep expire milk openly cheat customer go check mail order image frauds,Price Sensitive,2,0.2879,"Cluster 2 (n=1736) labeled 'Price Sensitive' because its centroid is closest to that segment's prototype reviews (cosine=0.288). Supporting cues: charge(150), rs(122), price(78), money(49), offer(28). Frequent terms: order, service, blinkit, product, time, bad. Example review: ""poor"""
thing sort app,Price Sensitive,2,0.2879,"Cluster 2 (n=1736) labeled 'Price Sensitive' because its centroid is closest to that segment's prototype reviews (cosine=0.288). Supporting cues: charge(150), rs(122), price(78), money(49), offer(28). Frequent terms: order, service, blinkit, product, time, bad. Example review: ""poor"""
easy convinient,Price Sensitive,2,0.2879,"Cluster 2 (n=1736) labeled 'Price Sensitive' because its centroid is closest to that segment's prototype reviews (cosine=0.288). Supporting cues: charge(150), rs(122), price(78), money(49), offer(28). Frequent terms: order, service, blinkit, product, time, bad. Example review: ""poor"""
vary good,Explorers,0,0.0196,"Cluster 0 (n=348) labeled 'Explorers' because its centroid is closest to that segment's prototype reviews (cosine=0.020). Supporting cues: try(1). Frequent terms: service, delivery, blinkit, product, experience, like. Example review: ""good service"""
useless app ever see pace order mistakenly option cancel place order less minute app fraud dont use,Price Sensitive,2,0.2879,"Cluster 2 (n=1736) labeled 'Price Sensitive' because its centroid is closest to that segment's prototype reviews (cosine=0.288). Supporting cues: charge(150), rs(122), price(78), money(49), offer(28). Frequent terms: order, service, blinkit, product, time, bad. Example review: ""poor"""
excellent,Price Sensitive,2,0.2879,"Cluster 2 (n=1736) labeled 'Price Sensitive' because its centroid is closest to that segment's prototype reviews (cosine=0.288). Supporting cues: charge(150), rs(122), price(78), money(49), offer(28). Frequent terms: order, service, blinkit, product, time, bad. Example review: ""poor"""
time delivery charge havi,Routine Buyers,1,0.1454,"Cluster 1 (n=554) labeled 'Routine Buyers' because its centroid is closest to that segment's prototype reviews (cosine=0.145). Supporting cues: always(16), regular(1), usual(1). Frequent terms: delivery, fast, best, service, time, blinkit. Example review: ""super fast delivery"""
delivery minute,Routine Buyers,1,0.1454,"Cluster 1 (n=554) labeled 'Routine Buyers' because its centroid is closest to that segment's prototype reviews (cosine=0.145). Supporting cues: always(16), regular(1), usual(1). Frequent terms: delivery, fast, best, service, time, blinkit. Example review: ""super fast delivery"""
good,Explorers,0,0.0196,"Cluster 0 (n=348) labeled 'Explorers' because its centroid is closest to that segment's prototype reviews (cosine=0.020). Supporting cues: try(1). Frequent terms: service, delivery, blinkit, product, experience, like. Example review: ""good service"""
convenient time save,Price Sensitive,2,0.2879,"Cluster 2 (n=1736) labeled 'Price Sensitive' because its centroid is closest to that segment's prototype reviews (cosine=0.288). Supporting cues: charge(150), rs(122), price(78), money(49), offer(28). Frequent terms: order, service, blinkit, product, time, bad. Example review: ""poor"""
ispe se online electronic product mangwane pr wo khrab aajye usme koi issu ho ye nato return krte h na exchange bol kh dete h hmari trf se product bhej diya h ab aap dekhiye ham isme kuch nhi kr skte ye hmari policy nhi aata lol total money waste,Price Sensitive,2,0.2879,"Cluster 2 (n=1736) labeled 'Price Sensitive' because its centroid is closest to that segment's prototype reviews (cosine=0.288). Supporting cues: charge(150), rs(122), price(78), money(49), offer(28). Frequent terms: order, service, blinkit, product, time, bad. Example review: ""poor"""
poor service specialy rider cooprative,Price Sensitive,2,0.2879,"Cluster 2 (n=1736) labeled 'Price Sensitive' because its centroid is closest to that segment's prototype reviews (cosine=0.288). Supporting cues: charge(150), rs(122), price(78), money(49), offer(28). Frequent terms: order, service, blinkit, product, time, bad. Example review: ""poor"""
say fail payment payment go make u oder thing twice,Price Sensitive,2,0.2879,"Cluster 2 (n=1736) labeled 'Price Sensitive' because its centroid is closest to that segment's prototype reviews (cosine=0.288). Supporting cues: charge(150), rs(122), price(78), money(49), offer(28). Frequent terms: order, service, blinkit, product, time, bad. Example review: ""poor"""
really terrible experience firsty didnt receive charger order give local company charger second charger terrible condition yet customer care service say received order change workable condition hard earn money 500 rupee go waste please order blinkit total scam go,Price Sensitive,2,0.2879,"Cluster 2 (n=1736) labeled 'Price Sensitive' because its centroid is closest to that segment's prototype reviews (cosine=0.288). Supporting cues: charge(150), rs(122), price(78), money(49), offer(28). Frequent terms: order, service, blinkit, product, time, bad. Example review: ""poor"""
excellent,Price Sensitive,2,0.2879,"Cluster 2 (n=1736) labeled 'Price Sensitive' because its centroid is closest to that segment's prototype reviews (cosine=0.288). Supporting cues: charge(150), rs(122), price(78), money(49), offer(28). Frequent terms: order, service, blinkit, product, time, bad. Example review: ""poor"""
payment option available time,Price Sensitive,2,0.2879,"Cluster 2 (n=1736) labeled 'Price Sensitive' because its centroid is closest to that segment's prototype reviews (cosine=0.288). Supporting cues: charge(150), rs(122), price(78), money(49), offer(28). Frequent terms: order, service, blinkit, product, time, bad. Example review: ""poor"""
good offer,Explorers,0,0.0196,"Cluster 0 (n=348) labeled 'Explorers' because its centroid is closest to that segment's prototype reviews (cosine=0.020). Supporting cues: try(1). Frequent terms: service, delivery, blinkit, product, experience, like. Example review: ""good service"""
know fraud order satisfied say free delivery order 143 174 rupee show place order 187 give option know add dont give thief,Price Sensitive,2,0.2879,"Cluster 2 (n=1736) labeled 'Price Sensitive' because its centroid is closest to that segment's prototype reviews (cosine=0.288). Supporting cues: charge(150), rs(122), price(78), money(49), offer(28). Frequent terms: order, service, blinkit, product, time, bad. Example review: ""poor"""
good,Explorers,0,0.0196,"Cluster 0 (n=348) labeled 'Explorers' because its centroid is closest to that segment's prototype reviews (cosine=0.020). Supporting cues: try(1). Frequent terms: service, delivery, blinkit, product, experience, like. Example review: ""good service"""
always late wrong order milk always old much handling delivery chargesif stop blinkit lot money save,Price Sensitive,2,0.2879,"Cluster 2 (n=1736) labeled 'Price Sensitive' because its centroid is closest to that segment's prototype reviews (cosine=0.288). Supporting cues: charge(150), rs(122), price(78), money(49), offer(28). Frequent terms: order, service, blinkit, product, time, bad. Example review: ""poor"""
bast app,Price Sensitive,2,0.2879,"Cluster 2 (n=1736) labeled 'Price Sensitive' because its centroid is closest to that segment's prototype reviews (cosine=0.288). Supporting cues: charge(150), rs(122), price(78), money(49), offer(28). Frequent terms: order, service, blinkit, product, time, bad. Example review: ""poor"""
great delivery,Routine Buyers,1,0.1454,"Cluster 1 (n=554) labeled 'Routine Buyers' because its centroid is closest to that segment's prototype reviews (cosine=0.145). Supporting cues: always(16), regular(1), usual(1). Frequent terms: delivery, fast, best, service, time, blinkit. Example review: ""super fast delivery"""
good blinkit,Explorers,0,0.0196,"Cluster 0 (n=348) labeled 'Explorers' because its centroid is closest to that segment's prototype reviews (cosine=0.020). Supporting cues: try(1). Frequent terms: service, delivery, blinkit, product, experience, like. Example review: ""good service"""
service goodbut high delivery charge,Routine Buyers,1,0.1454,"Cluster 1 (n=554) labeled 'Routine Buyers' because its centroid is closest to that segment's prototype reviews (cosine=0.145). Supporting cues: always(16), regular(1), usual(1). Frequent terms: delivery, fast, best, service, time, blinkit. Example review: ""super fast delivery"""
charge high delivery,Routine Buyers,1,0.1454,"Cluster 1 (n=554) labeled 'Routine Buyers' because its centroid is closest to that segment's prototype reviews (cosine=0.145). Supporting cues: always(16), regular(1), usual(1). Frequent terms: delivery, fast, best, service, time, blinkit. Example review: ""super fast delivery"""
doesnt give back refund even call multiple time think order,Price Sensitive,2,0.2879,"Cluster 2 (n=1736) labeled 'Price Sensitive' because its centroid is closest to that segment's prototype reviews (cosine=0.288). Supporting cues: charge(150), rs(122), price(78), money(49), offer(28). Frequent terms: order, service, blinkit, product, time, bad. Example review: ""poor"""
deliver time good product,Price Sensitive,2,0.2879,"Cluster 2 (n=1736) labeled 'Price Sensitive' because its centroid is closest to that segment's prototype reviews (cosine=0.288). Supporting cues: charge(150), rs(122), price(78), money(49), offer(28). Frequent terms: order, service, blinkit, product, time, bad. Example review: ""poor"""
reasonable price fresh stock,Price Sensitive,2,0.2879,"Cluster 2 (n=1736) labeled 'Price Sensitive' because its centroid is closest to that segment's prototype reviews (cosine=0.288). Supporting cues: charge(150), rs(122), price(78), money(49), offer(28). Frequent terms: order, service, blinkit, product, time, bad. Example review: ""poor"""
make service available gunupur also,Price Sensitive,2,0.2879,"Cluster 2 (n=1736) labeled 'Price Sensitive' because its centroid is closest to that segment's prototype reviews (cosine=0.288). Supporting cues: charge(150), rs(122), price(78), money(49), offer(28). Frequent terms: order, service, blinkit, product, time, bad. Example review: ""poor"""
115 ka item dikha kar 150 aa rha h,Price Sensitive,2,0.2879,"Cluster 2 (n=1736) labeled 'Price Sensitive' because its centroid is closest to that segment's prototype reviews (cosine=0.288). Supporting cues: charge(150), rs(122), price(78), money(49), offer(28). Frequent terms: order, service, blinkit, product, time, bad. Example review: ""poor"""
nice fast service,Impulse Buyers,3,0.0584,"Cluster 3 (n=180) labeled 'Impulse Buyers' because its centroid is closest to that segment's prototype reviews (cosine=0.058). Supporting cues: quick(4), late night(1). Frequent terms: service, delivery, blinkit, work, much, time. Example review: ""nice"""
mast,Price Sensitive,2,0.2879,"Cluster 2 (n=1736) labeled 'Price Sensitive' because its centroid is closest to that segment's prototype reviews (cosine=0.288). Supporting cues: charge(150), rs(122), price(78), money(49), offer(28). Frequent terms: order, service, blinkit, product, time, bad. Example review: ""poor"""
high price mrp,Price Sensitive,2,0.2879,"Cluster 2 (n=1736) labeled 'Price Sensitive' because its centroid is closest to that segment's prototype reviews (cosine=0.288). Supporting cues: charge(150), rs(122), price(78), money(49), offer(28). Frequent terms: order, service, blinkit, product, time, bad. Example review: ""poor"""
service good,Explorers,0,0.0196,"Cluster 0 (n=348) labeled 'Explorers' because its centroid is closest to that segment's prototype reviews (cosine=0.020). Supporting cues: try(1). Frequent terms: service, delivery, blinkit, product, experience, like. Example review: ""good service"""
hustle free quick shopping online price offline,Price Sensitive,2,0.2879,"Cluster 2 (n=1736) labeled 'Price Sensitive' because its centroid is closest to that segment's prototype reviews (cosine=0.288). Supporting cues: charge(150), rs(122), price(78), money(49), offer(28). Frequent terms: order, service, blinkit, product, time, bad. Example review: ""poor"""
useless app service area,Price Sensitive,2,0.2879,"Cluster 2 (n=1736) labeled 'Price Sensitive' because its centroid is closest to that segment's prototype reviews (cosine=0.288). Supporting cues: charge(150), rs(122), price(78), money(49), offer(28). Frequent terms: order, service, blinkit, product, time, bad. Example review: ""poor"""
dont good app also sell mrp príce,Explorers,0,0.0196,"Cluster 0 (n=348) labeled 'Explorers' because its centroid is closest to that segment's prototype reviews (cosine=0.020). Supporting cues: try(1). Frequent terms: service, delivery, blinkit, product, experience, like. Example review: ""good service"""
able reach customer executive mahvish initiate refund short item well do mahvish,Price Sensitive,2,0.2879,"Cluster 2 (n=1736) labeled 'Price Sensitive' because its centroid is closest to that segment's prototype reviews (cosine=0.288). Supporting cues: charge(150), rs(122), price(78), money(49), offer(28). Frequent terms: order, service, blinkit, product, time, bad. Example review: ""poor"""
high prize,Price Sensitive,2,0.2879,"Cluster 2 (n=1736) labeled 'Price Sensitive' because its centroid is closest to that segment's prototype reviews (cosine=0.288). Supporting cues: charge(150), rs(122), price(78), money(49), offer(28). Frequent terms: order, service, blinkit, product, time, bad. Example review: ""poor"""
useful,Price Sensitive,2,0.2879,"Cluster 2 (n=1736) labeled 'Price Sensitive' because its centroid is closest to that segment's prototype reviews (cosine=0.288). Supporting cues: charge(150), rs(122), price(78), money(49), offer(28). Frequent terms: order, service, blinkit, product, time, bad. Example review: ""poor"""
good service goid quality,Explorers,0,0.0196,"Cluster 0 (n=348) labeled 'Explorers' because its centroid is closest to that segment's prototype reviews (cosine=0.020). Supporting cues: try(1). Frequent terms: service, delivery, blinkit, product, experience, like. Example review: ""good service"""
good wark,Explorers,0,0.0196,"Cluster 0 (n=348) labeled 'Explorers' because its centroid is closest to that segment's prototype reviews (cosine=0.020). Supporting cues: try(1). Frequent terms: service, delivery, blinkit, product, experience, like. Example review: ""good service"""
chakki aata mangwaya kall hiaesa hai jaise shisha pisa gaya ho koi coustomer support nhi haina kahi se badlne ka option aa raha haimere paise barbad ho gayebina baat,Price Sensitive,2,0.2879,"Cluster 2 (n=1736) labeled 'Price Sensitive' because its centroid is closest to that segment's prototype reviews (cosine=0.288). Supporting cues: charge(150), rs(122), price(78), money(49), offer(28). Frequent terms: order, service, blinkit, product, time, bad. Example review: ""poor"""
v good,Explorers,0,0.0196,"Cluster 0 (n=348) labeled 'Explorers' because its centroid is closest to that segment's prototype reviews (cosine=0.020). Supporting cues: try(1). Frequent terms: service, delivery, blinkit, product, experience, like. Example review: ""good service"""
good refund,Explorers,0,0.0196,"Cluster 0 (n=348) labeled 'Explorers' because its centroid is closest to that segment's prototype reviews (cosine=0.020). Supporting cues: try(1). Frequent terms: service, delivery, blinkit, product, experience, like. Example review: ""good service"""
ok,Price Sensitive,2,0.2879,"Cluster 2 (n=1736) labeled 'Price Sensitive' because its centroid is closest to that segment's prototype reviews (cosine=0.288). Supporting cues: charge(150), rs(122), price(78), money(49), offer(28). Frequent terms: order, service, blinkit, product, time, bad. Example review: ""poor"""
💝,Price Sensitive,2,0.2879,"Cluster 2 (n=1736) labeled 'Price Sensitive' because its centroid is closest to that segment's prototype reviews (cosine=0.288). Supporting cues: charge(150), rs(122), price(78), money(49), offer(28). Frequent terms: order, service, blinkit, product, time, bad. Example review: ""poor"""
good affordable,Explorers,0,0.0196,"Cluster 0 (n=348) labeled 'Explorers' because its centroid is closest to that segment's prototype reviews (cosine=0.020). Supporting cues: try(1). Frequent terms: service, delivery, blinkit, product, experience, like. Example review: ""good service"""
delivery partner location isnt showing application,Routine Buyers,1,0.1454,"Cluster 1 (n=554) labeled 'Routine Buyers' because its centroid is closest to that segment's prototype reviews (cosine=0.145). Supporting cues: always(16), regular(1), usual(1). Frequent terms: delivery, fast, best, service, time, blinkit. Example review: ""super fast delivery"""
gud use,Price Sensitive,2,0.2879,"Cluster 2 (n=1736) labeled 'Price Sensitive' because its centroid is closest to that segment's prototype reviews (cosine=0.288). Supporting cues: charge(150), rs(122), price(78), money(49), offer(28). Frequent terms: order, service, blinkit, product, time, bad. Example review: ""poor"""
👍👍,Price Sensitive,2,0.2879,"Cluster 2 (n=1736) labeled 'Price Sensitive' because its centroid is closest to that segment's prototype reviews (cosine=0.288). Supporting cues: charge(150), rs(122), price(78), money(49), offer(28). Frequent terms: order, service, blinkit, product, time, bad. Example review: ""poor"""
good service fast delivery every time,Routine Buyers,1,0.1454,"Cluster 1 (n=554) labeled 'Routine Buyers' because its centroid is closest to that segment's prototype reviews (cosine=0.145). Supporting cues: always(16), regular(1), usual(1). Frequent terms: delivery, fast, best, service, time, blinkit. Example review: ""super fast delivery"""
good delivery app,Routine Buyers,1,0.1454,"Cluster 1 (n=554) labeled 'Routine Buyers' because its centroid is closest to that segment's prototype reviews (cosine=0.145). Supporting cues: always(16), regular(1), usual(1). Frequent terms: delivery, fast, best, service, time, blinkit. Example review: ""super fast delivery"""
good onee,Explorers,0,0.0196,"Cluster 0 (n=348) labeled 'Explorers' because its centroid is closest to that segment's prototype reviews (cosine=0.020). Supporting cues: try(1). Frequent terms: service, delivery, blinkit, product, experience, like. Example review: ""good service"""
dilivery time like,Price Sensitive,2,0.2879,"Cluster 2 (n=1736) labeled 'Price Sensitive' because its centroid is closest to that segment's prototype reviews (cosine=0.288). Supporting cues: charge(150), rs(122), price(78), money(49), offer(28). Frequent terms: order, service, blinkit, product, time, bad. Example review: ""poor"""
best best 1010,Routine Buyers,1,0.1454,"Cluster 1 (n=554) labeled 'Routine Buyers' because its centroid is closest to that segment's prototype reviews (cosine=0.145). Supporting cues: always(16), regular(1), usual(1). Frequent terms: delivery, fast, best, service, time, blinkit. Example review: ""super fast delivery"""
సూపర్,Price Sensitive,2,0.2879,"Cluster 2 (n=1736) labeled 'Price Sensitive' because its centroid is closest to that segment's prototype reviews (cosine=0.288). Supporting cues: charge(150), rs(122), price(78), money(49), offer(28). Frequent terms: order, service, blinkit, product, time, bad. Example review: ""poor"""
👍🏻,Price Sensitive,2,0.2879,"Cluster 2 (n=1736) labeled 'Price Sensitive' because its centroid is closest to that segment's prototype reviews (cosine=0.288). Supporting cues: charge(150), rs(122), price(78), money(49), offer(28). Frequent terms: order, service, blinkit, product, time, bad. Example review: ""poor"""
minimum order hight,Price Sensitive,2,0.2879,"Cluster 2 (n=1736) labeled 'Price Sensitive' because its centroid is closest to that segment's prototype reviews (cosine=0.288). Supporting cues: charge(150), rs(122), price(78), money(49), offer(28). Frequent terms: order, service, blinkit, product, time, bad. Example review: ""poor"""
poor pack item dirty three item also dont give hand bag,Price Sensitive,2,0.2879,"Cluster 2 (n=1736) labeled 'Price Sensitive' because its centroid is closest to that segment's prototype reviews (cosine=0.288). Supporting cues: charge(150), rs(122), price(78), money(49), offer(28). Frequent terms: order, service, blinkit, product, time, bad. Example review: ""poor"""
best delivery aap,Routine Buyers,1,0.1454,"Cluster 1 (n=554) labeled 'Routine Buyers' because its centroid is closest to that segment's prototype reviews (cosine=0.145). Supporting cues: always(16), regular(1), usual(1). Frequent terms: delivery, fast, best, service, time, blinkit. Example review: ""super fast delivery"""
fast service love,Routine Buyers,1,0.1454,"Cluster 1 (n=554) labeled 'Routine Buyers' because its centroid is closest to that segment's prototype reviews (cosine=0.145). Supporting cues: always(16), regular(1), usual(1). Frequent terms: delivery, fast, best, service, time, blinkit. Example review: ""super fast delivery"""
gode,Price Sensitive,2,0.2879,"Cluster 2 (n=1736) labeled 'Price Sensitive' because its centroid is closest to that segment's prototype reviews (cosine=0.288). Supporting cues: charge(150), rs(122), price(78), money(49), offer(28). Frequent terms: order, service, blinkit, product, time, bad. Example review: ""poor"""
100 ki shopping pe hi free delivery laga yaar,Routine Buyers,1,0.1454,"Cluster 1 (n=554) labeled 'Routine Buyers' because its centroid is closest to that segment's prototype reviews (cosine=0.145). Supporting cues: always(16), regular(1), usual(1). Frequent terms: delivery, fast, best, service, time, blinkit. Example review: ""super fast delivery"""
❤️❤️❤️❤️,Price Sensitive,2,0.2879,"Cluster 2 (n=1736) labeled 'Price Sensitive' because its centroid is closest to that segment's prototype reviews (cosine=0.288). Supporting cues: charge(150), rs(122), price(78), money(49), offer(28). Frequent terms: order, service, blinkit, product, time, bad. Example review: ""poor"""
nic,Price Sensitive,2,0.2879,"Cluster 2 (n=1736) labeled 'Price Sensitive' because its centroid is closest to that segment's prototype reviews (cosine=0.288). Supporting cues: charge(150), rs(122), price(78), money(49), offer(28). Frequent terms: order, service, blinkit, product, time, bad. Example review: ""poor"""
best,Routine Buyers,1,0.1454,"Cluster 1 (n=554) labeled 'Routine Buyers' because its centroid is closest to that segment's prototype reviews (cosine=0.145). Supporting cues: always(16), regular(1), usual(1). Frequent terms: delivery, fast, best, service, time, blinkit. Example review: ""super fast delivery"""
blinkit application totally froud fake kuch ordar kro assistant bhi batmeez hai miss prachi buy product blinkit price kuch dikhate hai milta kuch hai support se contact kro koi help nhi policy bhi hai 7 day replacement follow policy,Price Sensitive,2,0.2879,"Cluster 2 (n=1736) labeled 'Price Sensitive' because its centroid is closest to that segment's prototype reviews (cosine=0.288). Supporting cues: charge(150), rs(122), price(78), money(49), offer(28). Frequent terms: order, service, blinkit, product, time, bad. Example review: ""poor"""
soooper staaaar service kudos,Price Sensitive,2,0.2879,"Cluster 2 (n=1736) labeled 'Price Sensitive' because its centroid is closest to that segment's prototype reviews (cosine=0.288). Supporting cues: charge(150), rs(122), price(78), money(49), offer(28). Frequent terms: order, service, blinkit, product, time, bad. Example review: ""poor"""
great,Price Sensitive,2,0.2879,"Cluster 2 (n=1736) labeled 'Price Sensitive' because its centroid is closest to that segment's prototype reviews (cosine=0.288). Supporting cues: charge(150), rs(122), price(78), money(49), offer(28). Frequent terms: order, service, blinkit, product, time, bad. Example review: ""poor"""
best best best dont word,Routine Buyers,1,0.1454,"Cluster 1 (n=554) labeled 'Routine Buyers' because its centroid is closest to that segment's prototype reviews (cosine=0.145). Supporting cues: always(16), regular(1), usual(1). Frequent terms: delivery, fast, best, service, time, blinkit. Example review: ""super fast delivery"""
🤩,Price Sensitive,2,0.2879,"Cluster 2 (n=1736) labeled 'Price Sensitive' because its centroid is closest to that segment's prototype reviews (cosine=0.288). Supporting cues: charge(150), rs(122), price(78), money(49), offer(28). Frequent terms: order, service, blinkit, product, time, bad. Example review: ""poor"""
miss order support team busy even conversation either support hour close support executive busy handle request,Price Sensitive,2,0.2879,"Cluster 2 (n=1736) labeled 'Price Sensitive' because its centroid is closest to that segment's prototype reviews (cosine=0.288). Supporting cues: charge(150), rs(122), price(78), money(49), offer(28). Frequent terms: order, service, blinkit, product, time, bad. Example review: ""poor"""
good appp lazy person like mee,Explorers,0,0.0196,"Cluster 0 (n=348) labeled 'Explorers' because its centroid is closest to that segment's prototype reviews (cosine=0.020). Supporting cues: try(1). Frequent terms: service, delivery, blinkit, product, experience, like. Example review: ""good service"""
good quick service,Price Sensitive,2,0.2879,"Cluster 2 (n=1736) labeled 'Price Sensitive' because its centroid is closest to that segment's prototype reviews (cosine=0.288). Supporting cues: charge(150), rs(122), price(78), money(49), offer(28). Frequent terms: order, service, blinkit, product, time, bad. Example review: ""poor"""
market price expect discount market price,Price Sensitive,2,0.2879,"Cluster 2 (n=1736) labeled 'Price Sensitive' because its centroid is closest to that segment's prototype reviews (cosine=0.288). Supporting cues: charge(150), rs(122), price(78), money(49), offer(28). Frequent terms: order, service, blinkit, product, time, bad. Example review: ""poor"""
best aap,Routine Buyers,1,0.1454,"Cluster 1 (n=554) labeled 'Routine Buyers' because its centroid is closest to that segment's prototype reviews (cosine=0.145). Supporting cues: always(16), regular(1), usual(1). Frequent terms: delivery, fast, best, service, time, blinkit. Example review: ""super fast delivery"""
1st delivery,Routine Buyers,1,0.1454,"Cluster 1 (n=554) labeled 'Routine Buyers' because its centroid is closest to that segment's prototype reviews (cosine=0.145). Supporting cues: always(16), regular(1), usual(1). Frequent terms: delivery, fast, best, service, time, blinkit. Example review: ""super fast delivery"""
didnt think popular app would turn total disappointment order item one cake ice cream open saw half eat call ask refund refuse say wasnt fault blah blah blahreally blinkit issue ever happen sorry sorry uninstalling app,Price Sensitive,2,0.2879,"Cluster 2 (n=1736) labeled 'Price Sensitive' because its centroid is closest to that segment's prototype reviews (cosine=0.288). Supporting cues: charge(150), rs(122), price(78), money(49), offer(28). Frequent terms: order, service, blinkit, product, time, bad. Example review: ""poor"""
price high little bit,Price Sensitive,2,0.2879,"Cluster 2 (n=1736) labeled 'Price Sensitive' because its centroid is closest to that segment's prototype reviews (cosine=0.288). Supporting cues: charge(150), rs(122), price(78), money(49), offer(28). Frequent terms: order, service, blinkit, product, time, bad. Example review: ""poor"""
great,Price Sensitive,2,0.2879,"Cluster 2 (n=1736) labeled 'Price Sensitive' because its centroid is closest to that segment's prototype reviews (cosine=0.288). Supporting cues: charge(150), rs(122), price(78), money(49), offer(28). Frequent terms: order, service, blinkit, product, time, bad. Example review: ""poor"""
good fast,Routine Buyers,1,0.1454,"Cluster 1 (n=554) labeled 'Routine Buyers' because its centroid is closest to that segment's prototype reviews (cosine=0.145). Supporting cues: always(16), regular(1), usual(1). Frequent terms: delivery, fast, best, service, time, blinkit. Example review: ""super fast delivery"""
nice aap,Impulse Buyers,3,0.0584,"Cluster 3 (n=180) labeled 'Impulse Buyers' because its centroid is closest to that segment's prototype reviews (cosine=0.058). Supporting cues: quick(4), late night(1). Frequent terms: service, delivery, blinkit, work, much, time. Example review: ""nice"""
thanks delivery partner travel everyday bring u product,Routine Buyers,1,0.1454,"Cluster 1 (n=554) labeled 'Routine Buyers' because its centroid is closest to that segment's prototype reviews (cosine=0.145). Supporting cues: always(16), regular(1), usual(1). Frequent terms: delivery, fast, best, service, time, blinkit. Example review: ""super fast delivery"""
like,Price Sensitive,2,0.2879,"Cluster 2 (n=1736) labeled 'Price Sensitive' because its centroid is closest to that segment's prototype reviews (cosine=0.288). Supporting cues: charge(150), rs(122), price(78), money(49), offer(28). Frequent terms: order, service, blinkit, product, time, bad. Example review: ""poor"""
poor cancel order placing,Price Sensitive,2,0.2879,"Cluster 2 (n=1736) labeled 'Price Sensitive' because its centroid is closest to that segment's prototype reviews (cosine=0.288). Supporting cues: charge(150), rs(122), price(78), money(49), offer(28). Frequent terms: order, service, blinkit, product, time, bad. Example review: ""poor"""
charge high compare zepto,Price Sensitive,2,0.2879,"Cluster 2 (n=1736) labeled 'Price Sensitive' because its centroid is closest to that segment's prototype reviews (cosine=0.288). Supporting cues: charge(150), rs(122), price(78), money(49), offer(28). Frequent terms: order, service, blinkit, product, time, bad. Example review: ""poor"""
helful toh get various item market,Price Sensitive,2,0.2879,"Cluster 2 (n=1736) labeled 'Price Sensitive' because its centroid is closest to that segment's prototype reviews (cosine=0.288). Supporting cues: charge(150), rs(122), price(78), money(49), offer(28). Frequent terms: order, service, blinkit, product, time, bad. Example review: ""poor"""
fabulous treatment,Price Sensitive,2,0.2879,"Cluster 2 (n=1736) labeled 'Price Sensitive' because its centroid is closest to that segment's prototype reviews (cosine=0.288). Supporting cues: charge(150), rs(122), price(78), money(49), offer(28). Frequent terms: order, service, blinkit, product, time, bad. Example review: ""poor"""
✌️,Price Sensitive,2,0.2879,"Cluster 2 (n=1736) labeled 'Price Sensitive' because its centroid is closest to that segment's prototype reviews (cosine=0.288). Supporting cues: charge(150), rs(122), price(78), money(49), offer(28). Frequent terms: order, service, blinkit, product, time, bad. Example review: ""poor"""
amaze app like,Price Sensitive,2,0.2879,"Cluster 2 (n=1736) labeled 'Price Sensitive' because its centroid is closest to that segment's prototype reviews (cosine=0.288). Supporting cues: charge(150), rs(122), price(78), money(49), offer(28). Frequent terms: order, service, blinkit, product, time, bad. Example review: ""poor"""
500 delivery free,Routine Buyers,1,0.1454,"Cluster 1 (n=554) labeled 'Routine Buyers' because its centroid is closest to that segment's prototype reviews (cosine=0.145). Supporting cues: always(16), regular(1), usual(1). Frequent terms: delivery, fast, best, service, time, blinkit. Example review: ""super fast delivery"""
delivery fast,Routine Buyers,1,0.1454,"Cluster 1 (n=554) labeled 'Routine Buyers' because its centroid is closest to that segment's prototype reviews (cosine=0.145). Supporting cues: always(16), regular(1), usual(1). Frequent terms: delivery, fast, best, service, time, blinkit. Example review: ""super fast delivery"""
niche,Price Sensitive,2,0.2879,"Cluster 2 (n=1736) labeled 'Price Sensitive' because its centroid is closest to that segment's prototype reviews (cosine=0.288). Supporting cues: charge(150), rs(122), price(78), money(49), offer(28). Frequent terms: order, service, blinkit, product, time, bad. Example review: ""poor"""
good blinkit,Explorers,0,0.0196,"Cluster 0 (n=348) labeled 'Explorers' because its centroid is closest to that segment's prototype reviews (cosine=0.020). Supporting cues: try(1). Frequent terms: service, delivery, blinkit, product, experience, like. Example review: ""good service"""
best h fast delivery aati h,Routine Buyers,1,0.1454,"Cluster 1 (n=554) labeled 'Routine Buyers' because its centroid is closest to that segment's prototype reviews (cosine=0.145). Supporting cues: always(16), regular(1), usual(1). Frequent terms: delivery, fast, best, service, time, blinkit. Example review: ""super fast delivery"""
use app,Price Sensitive,2,0.2879,"Cluster 2 (n=1736) labeled 'Price Sensitive' because its centroid is closest to that segment's prototype reviews (cosine=0.288). Supporting cues: charge(150), rs(122), price(78), money(49), offer(28). Frequent terms: order, service, blinkit, product, time, bad. Example review: ""poor"""
absolute gem save day although delivery charge bite pricy,Routine Buyers,1,0.1454,"Cluster 1 (n=554) labeled 'Routine Buyers' because its centroid is closest to that segment's prototype reviews (cosine=0.145). Supporting cues: always(16), regular(1), usual(1). Frequent terms: delivery, fast, best, service, time, blinkit. Example review: ""super fast delivery"""
useful,Price Sensitive,2,0.2879,"Cluster 2 (n=1736) labeled 'Price Sensitive' because its centroid is closest to that segment's prototype reviews (cosine=0.288). Supporting cues: charge(150), rs(122), price(78), money(49), offer(28). Frequent terms: order, service, blinkit, product, time, bad. Example review: ""poor"""
bahut piyara,Price Sensitive,2,0.2879,"Cluster 2 (n=1736) labeled 'Price Sensitive' because its centroid is closest to that segment's prototype reviews (cosine=0.288). Supporting cues: charge(150), rs(122), price(78), money(49), offer(28). Frequent terms: order, service, blinkit, product, time, bad. Example review: ""poor"""
poor service maximum day service available cheat pls notice customer service,Price Sensitive,2,0.2879,"Cluster 2 (n=1736) labeled 'Price Sensitive' because its centroid is closest to that segment's prototype reviews (cosine=0.288). Supporting cues: charge(150), rs(122), price(78), money(49), offer(28). Frequent terms: order, service, blinkit, product, time, bad. Example review: ""poor"""
price high platform charge extra various reason,Price Sensitive,2,0.2879,"Cluster 2 (n=1736) labeled 'Price Sensitive' because its centroid is closest to that segment's prototype reviews (cosine=0.288). Supporting cues: charge(150), rs(122), price(78), money(49), offer(28). Frequent terms: order, service, blinkit, product, time, bad. Example review: ""poor"""
good fast delivery,Routine Buyers,1,0.1454,"Cluster 1 (n=554) labeled 'Routine Buyers' because its centroid is closest to that segment's prototype reviews (cosine=0.145). Supporting cues: always(16), regular(1), usual(1). Frequent terms: delivery, fast, best, service, time, blinkit. Example review: ""super fast delivery"""
👌👌,Price Sensitive,2,0.2879,"Cluster 2 (n=1736) labeled 'Price Sensitive' because its centroid is closest to that segment's prototype reviews (cosine=0.288). Supporting cues: charge(150), rs(122), price(78), money(49), offer(28). Frequent terms: order, service, blinkit, product, time, bad. Example review: ""poor"""
way much time address location,Price Sensitive,2,0.2879,"Cluster 2 (n=1736) labeled 'Price Sensitive' because its centroid is closest to that segment's prototype reviews (cosine=0.288). Supporting cues: charge(150), rs(122), price(78), money(49), offer(28). Frequent terms: order, service, blinkit, product, time, bad. Example review: ""poor"""
time give product expiry,Price Sensitive,2,0.2879,"Cluster 2 (n=1736) labeled 'Price Sensitive' because its centroid is closest to that segment's prototype reviews (cosine=0.288). Supporting cues: charge(150), rs(122), price(78), money(49), offer(28). Frequent terms: order, service, blinkit, product, time, bad. Example review: ""poor"""
high level app,Price Sensitive,2,0.2879,"Cluster 2 (n=1736) labeled 'Price Sensitive' because its centroid is closest to that segment's prototype reviews (cosine=0.288). Supporting cues: charge(150), rs(122), price(78), money(49), offer(28). Frequent terms: order, service, blinkit, product, time, bad. Example review: ""poor"""
twice blinkit send printout order,Price Sensitive,2,0.2879,"Cluster 2 (n=1736) labeled 'Price Sensitive' because its centroid is closest to that segment's prototype reviews (cosine=0.288). Supporting cues: charge(150), rs(122), price(78), money(49), offer(28). Frequent terms: order, service, blinkit, product, time, bad. Example review: ""poor"""
good survice,Explorers,0,0.0196,"Cluster 0 (n=348) labeled 'Explorers' because its centroid is closest to that segment's prototype reviews (cosine=0.020). Supporting cues: try(1). Frequent terms: service, delivery, blinkit, product, experience, like. Example review: ""good service"""
good service,Explorers,0,0.0196,"Cluster 0 (n=348) labeled 'Explorers' because its centroid is closest to that segment's prototype reviews (cosine=0.020). Supporting cues: try(1). Frequent terms: service, delivery, blinkit, product, experience, like. Example review: ""good service"""
much good cant explain,Explorers,0,0.0196,"Cluster 0 (n=348) labeled 'Explorers' because its centroid is closest to that segment's prototype reviews (cosine=0.020). Supporting cues: try(1). Frequent terms: service, delivery, blinkit, product, experience, like. Example review: ""good service"""
great,Price Sensitive,2,0.2879,"Cluster 2 (n=1736) labeled 'Price Sensitive' because its centroid is closest to that segment's prototype reviews (cosine=0.288). Supporting cues: charge(150), rs(122), price(78), money(49), offer(28). Frequent terms: order, service, blinkit, product, time, bad. Example review: ""poor"""
fast service good app,Routine Buyers,1,0.1454,"Cluster 1 (n=554) labeled 'Routine Buyers' because its centroid is closest to that segment's prototype reviews (cosine=0.145). Supporting cues: always(16), regular(1), usual(1). Frequent terms: delivery, fast, best, service, time, blinkit. Example review: ""super fast delivery"""
free delivery option,Routine Buyers,1,0.1454,"Cluster 1 (n=554) labeled 'Routine Buyers' because its centroid is closest to that segment's prototype reviews (cosine=0.145). Supporting cues: always(16), regular(1), usual(1). Frequent terms: delivery, fast, best, service, time, blinkit. Example review: ""super fast delivery"""
every time ask change never bring change,Price Sensitive,2,0.2879,"Cluster 2 (n=1736) labeled 'Price Sensitive' because its centroid is closest to that segment's prototype reviews (cosine=0.288). Supporting cues: charge(150), rs(122), price(78), money(49), offer(28). Frequent terms: order, service, blinkit, product, time, bad. Example review: ""poor"""
good,Explorers,0,0.0196,"Cluster 0 (n=348) labeled 'Explorers' because its centroid is closest to that segment's prototype reviews (cosine=0.020). Supporting cues: try(1). Frequent terms: service, delivery, blinkit, product, experience, like. Example review: ""good service"""
blinkit fast app convenient,Price Sensitive,2,0.2879,"Cluster 2 (n=1736) labeled 'Price Sensitive' because its centroid is closest to that segment's prototype reviews (cosine=0.288). Supporting cues: charge(150), rs(122), price(78), money(49), offer(28). Frequent terms: order, service, blinkit, product, time, bad. Example review: ""poor"""
hooo,Price Sensitive,2,0.2879,"Cluster 2 (n=1736) labeled 'Price Sensitive' because its centroid is closest to that segment's prototype reviews (cosine=0.288). Supporting cues: charge(150), rs(122), price(78), money(49), offer(28). Frequent terms: order, service, blinkit, product, time, bad. Example review: ""poor"""
best fastly delivery,Routine Buyers,1,0.1454,"Cluster 1 (n=554) labeled 'Routine Buyers' because its centroid is closest to that segment's prototype reviews (cosine=0.145). Supporting cues: always(16), regular(1), usual(1). Frequent terms: delivery, fast, best, service, time, blinkit. Example review: ""super fast delivery"""
good delevery charge,Explorers,0,0.0196,"Cluster 0 (n=348) labeled 'Explorers' because its centroid is closest to that segment's prototype reviews (cosine=0.020). Supporting cues: try(1). Frequent terms: service, delivery, blinkit, product, experience, like. Example review: ""good service"""
awesome,Price Sensitive,2,0.2879,"Cluster 2 (n=1736) labeled 'Price Sensitive' because its centroid is closest to that segment's prototype reviews (cosine=0.288). Supporting cues: charge(150), rs(122), price(78), money(49), offer(28). Frequent terms: order, service, blinkit, product, time, bad. Example review: ""poor"""
cool,Price Sensitive,2,0.2879,"Cluster 2 (n=1736) labeled 'Price Sensitive' because its centroid is closest to that segment's prototype reviews (cosine=0.288). Supporting cues: charge(150), rs(122), price(78), money(49), offer(28). Frequent terms: order, service, blinkit, product, time, bad. Example review: ""poor"""
good,Explorers,0,0.0196,"Cluster 0 (n=348) labeled 'Explorers' because its centroid is closest to that segment's prototype reviews (cosine=0.020). Supporting cues: try(1). Frequent terms: service, delivery, blinkit, product, experience, like. Example review: ""good service"""
superb app,Price Sensitive,2,0.2879,"Cluster 2 (n=1736) labeled 'Price Sensitive' because its centroid is closest to that segment's prototype reviews (cosine=0.288). Supporting cues: charge(150), rs(122), price(78), money(49), offer(28). Frequent terms: order, service, blinkit, product, time, bad. Example review: ""poor"""
😊😊😊,Price Sensitive,2,0.2879,"Cluster 2 (n=1736) labeled 'Price Sensitive' because its centroid is closest to that segment's prototype reviews (cosine=0.288). Supporting cues: charge(150), rs(122), price(78), money(49), offer(28). Frequent terms: order, service, blinkit, product, time, bad. Example review: ""poor"""
gud,Price Sensitive,2,0.2879,"Cluster 2 (n=1736) labeled 'Price Sensitive' because its centroid is closest to that segment's prototype reviews (cosine=0.288). Supporting cues: charge(150), rs(122), price(78), money(49), offer(28). Frequent terms: order, service, blinkit, product, time, bad. Example review: ""poor"""
delivery partner pick phone,Routine Buyers,1,0.1454,"Cluster 1 (n=554) labeled 'Routine Buyers' because its centroid is closest to that segment's prototype reviews (cosine=0.145). Supporting cues: always(16), regular(1), usual(1). Frequent terms: delivery, fast, best, service, time, blinkit. Example review: ""super fast delivery"""
love blinkit,Price Sensitive,2,0.2879,"Cluster 2 (n=1736) labeled 'Price Sensitive' because its centroid is closest to that segment's prototype reviews (cosine=0.288). Supporting cues: charge(150), rs(122), price(78), money(49), offer(28). Frequent terms: order, service, blinkit, product, time, bad. Example review: ""poor"""
nice app user friendly quick service,Impulse Buyers,3,0.0584,"Cluster 3 (n=180) labeled 'Impulse Buyers' because its centroid is closest to that segment's prototype reviews (cosine=0.058). Supporting cues: quick(4), late night(1). Frequent terms: service, delivery, blinkit, work, much, time. Example review: ""nice"""
nice,Impulse Buyers,3,0.0584,"Cluster 3 (n=180) labeled 'Impulse Buyers' because its centroid is closest to that segment's prototype reviews (cosine=0.058). Supporting cues: quick(4), late night(1). Frequent terms: service, delivery, blinkit, work, much, time. Example review: ""nice"""
ब्लिंकिट है तो मुमकिन है❤️,Price Sensitive,2,0.2879,"Cluster 2 (n=1736) labeled 'Price Sensitive' because its centroid is closest to that segment's prototype reviews (cosine=0.288). Supporting cues: charge(150), rs(122), price(78), money(49), offer(28). Frequent terms: order, service, blinkit, product, time, bad. Example review: ""poor"""
good,Explorers,0,0.0196,"Cluster 0 (n=348) labeled 'Explorers' because its centroid is closest to that segment's prototype reviews (cosine=0.020). Supporting cues: try(1). Frequent terms: service, delivery, blinkit, product, experience, like. Example review: ""good service"""
fast wow,Routine Buyers,1,0.1454,"Cluster 1 (n=554) labeled 'Routine Buyers' because its centroid is closest to that segment's prototype reviews (cosine=0.145). Supporting cues: always(16), regular(1), usual(1). Frequent terms: delivery, fast, best, service, time, blinkit. Example review: ""super fast delivery"""
best app delivery service,Routine Buyers,1,0.1454,"Cluster 1 (n=554) labeled 'Routine Buyers' because its centroid is closest to that segment's prototype reviews (cosine=0.145). Supporting cues: always(16), regular(1), usual(1). Frequent terms: delivery, fast, best, service, time, blinkit. Example review: ""super fast delivery"""
convenient,Price Sensitive,2,0.2879,"Cluster 2 (n=1736) labeled 'Price Sensitive' because its centroid is closest to that segment's prototype reviews (cosine=0.288). Supporting cues: charge(150), rs(122), price(78), money(49), offer(28). Frequent terms: order, service, blinkit, product, time, bad. Example review: ""poor"""
fast delivery reliable service useful emergency blinkit make get essential item quick convenient,Routine Buyers,1,0.1454,"Cluster 1 (n=554) labeled 'Routine Buyers' because its centroid is closest to that segment's prototype reviews (cosine=0.145). Supporting cues: always(16), regular(1), usual(1). Frequent terms: delivery, fast, best, service, time, blinkit. Example review: ""super fast delivery"""
good option,Explorers,0,0.0196,"Cluster 0 (n=348) labeled 'Explorers' because its centroid is closest to that segment's prototype reviews (cosine=0.020). Supporting cues: try(1). Frequent terms: service, delivery, blinkit, product, experience, like. Example review: ""good service"""
ok good,Explorers,0,0.0196,"Cluster 0 (n=348) labeled 'Explorers' because its centroid is closest to that segment's prototype reviews (cosine=0.020). Supporting cues: try(1). Frequent terms: service, delivery, blinkit, product, experience, like. Example review: ""good service"""
bad app totally fraud amount debit order place refund also issue,Price Sensitive,2,0.2879,"Cluster 2 (n=1736) labeled 'Price Sensitive' because its centroid is closest to that segment's prototype reviews (cosine=0.288). Supporting cues: charge(150), rs(122), price(78), money(49), offer(28). Frequent terms: order, service, blinkit, product, time, bad. Example review: ""poor"""
ordered fish app eat health become bad condition get fever company say return policy expire cant help cant refund money back chill condition please dont use app scam support executive also respond,Price Sensitive,2,0.2879,"Cluster 2 (n=1736) labeled 'Price Sensitive' because its centroid is closest to that segment's prototype reviews (cosine=0.288). Supporting cues: charge(150), rs(122), price(78), money(49), offer(28). Frequent terms: order, service, blinkit, product, time, bad. Example review: ""poor"""
vere good,Explorers,0,0.0196,"Cluster 0 (n=348) labeled 'Explorers' because its centroid is closest to that segment's prototype reviews (cosine=0.020). Supporting cues: try(1). Frequent terms: service, delivery, blinkit, product, experience, like. Example review: ""good service"""
best app urgent delivery stuff doesnt cod available non online payment user keep show payment method available moment moment go since last 3 month,Routine Buyers,1,0.1454,"Cluster 1 (n=554) labeled 'Routine Buyers' because its centroid is closest to that segment's prototype reviews (cosine=0.145). Supporting cues: always(16), regular(1), usual(1). Frequent terms: delivery, fast, best, service, time, blinkit. Example review: ""super fast delivery"""
really good blinkit,Price Sensitive,2,0.2879,"Cluster 2 (n=1736) labeled 'Price Sensitive' because its centroid is closest to that segment's prototype reviews (cosine=0.288). Supporting cues: charge(150), rs(122), price(78), money(49), offer(28). Frequent terms: order, service, blinkit, product, time, bad. Example review: ""poor"""
fake time arrival show customer display display time actual time difference may know many second one minute standard time display time lot difference,Price Sensitive,2,0.2879,"Cluster 2 (n=1736) labeled 'Price Sensitive' because its centroid is closest to that segment's prototype reviews (cosine=0.288). Supporting cues: charge(150), rs(122), price(78), money(49), offer(28). Frequent terms: order, service, blinkit, product, time, bad. Example review: ""poor"""
disgust support executive,Price Sensitive,2,0.2879,"Cluster 2 (n=1736) labeled 'Price Sensitive' because its centroid is closest to that segment's prototype reviews (cosine=0.288). Supporting cues: charge(150), rs(122), price(78), money(49), offer(28). Frequent terms: order, service, blinkit, product, time, bad. Example review: ""poor"""
boo yeah,Price Sensitive,2,0.2879,"Cluster 2 (n=1736) labeled 'Price Sensitive' because its centroid is closest to that segment's prototype reviews (cosine=0.288). Supporting cues: charge(150), rs(122), price(78), money(49), offer(28). Frequent terms: order, service, blinkit, product, time, bad. Example review: ""poor"""
good service,Explorers,0,0.0196,"Cluster 0 (n=348) labeled 'Explorers' because its centroid is closest to that segment's prototype reviews (cosine=0.020). Supporting cues: try(1). Frequent terms: service, delivery, blinkit, product, experience, like. Example review: ""good service"""
nice app,Impulse Buyers,3,0.0584,"Cluster 3 (n=180) labeled 'Impulse Buyers' because its centroid is closest to that segment's prototype reviews (cosine=0.058). Supporting cues: quick(4), late night(1). Frequent terms: service, delivery, blinkit, work, much, time. Example review: ""nice"""
helpful app emergency fast good service,Price Sensitive,2,0.2879,"Cluster 2 (n=1736) labeled 'Price Sensitive' because its centroid is closest to that segment's prototype reviews (cosine=0.288). Supporting cues: charge(150), rs(122), price(78), money(49), offer(28). Frequent terms: order, service, blinkit, product, time, bad. Example review: ""poor"""
best quality product deliver 10 minute,Price Sensitive,2,0.2879,"Cluster 2 (n=1736) labeled 'Price Sensitive' because its centroid is closest to that segment's prototype reviews (cosine=0.288). Supporting cues: charge(150), rs(122), price(78), money(49), offer(28). Frequent terms: order, service, blinkit, product, time, bad. Example review: ""poor"""
thank u,Price Sensitive,2,0.2879,"Cluster 2 (n=1736) labeled 'Price Sensitive' because its centroid is closest to that segment's prototype reviews (cosine=0.288). Supporting cues: charge(150), rs(122), price(78), money(49), offer(28). Frequent terms: order, service, blinkit, product, time, bad. Example review: ""poor"""
blink fast service,Routine Buyers,1,0.1454,"Cluster 1 (n=554) labeled 'Routine Buyers' because its centroid is closest to that segment's prototype reviews (cosine=0.145). Supporting cues: always(16), regular(1), usual(1). Frequent terms: delivery, fast, best, service, time, blinkit. Example review: ""super fast delivery"""
please alwayss make cash delivery,Routine Buyers,1,0.1454,"Cluster 1 (n=554) labeled 'Routine Buyers' because its centroid is closest to that segment's prototype reviews (cosine=0.145). Supporting cues: always(16), regular(1), usual(1). Frequent terms: delivery, fast, best, service, time, blinkit. Example review: ""super fast delivery"""
delay delivery show u unable fetch delivery boys location,Routine Buyers,1,0.1454,"Cluster 1 (n=554) labeled 'Routine Buyers' because its centroid is closest to that segment's prototype reviews (cosine=0.145). Supporting cues: always(16), regular(1), usual(1). Frequent terms: delivery, fast, best, service, time, blinkit. Example review: ""super fast delivery"""
great mean literally save huge event home need emergency first aid thanks lot guy team,Price Sensitive,2,0.2879,"Cluster 2 (n=1736) labeled 'Price Sensitive' because its centroid is closest to that segment's prototype reviews (cosine=0.288). Supporting cues: charge(150), rs(122), price(78), money(49), offer(28). Frequent terms: order, service, blinkit, product, time, bad. Example review: ""poor"""
much helpful get household item especially elderly people thankyou blinkit,Price Sensitive,2,0.2879,"Cluster 2 (n=1736) labeled 'Price Sensitive' because its centroid is closest to that segment's prototype reviews (cosine=0.288). Supporting cues: charge(150), rs(122), price(78), money(49), offer(28). Frequent terms: order, service, blinkit, product, time, bad. Example review: ""poor"""
nice service,Impulse Buyers,3,0.0584,"Cluster 3 (n=180) labeled 'Impulse Buyers' because its centroid is closest to that segment's prototype reviews (cosine=0.058). Supporting cues: quick(4), late night(1). Frequent terms: service, delivery, blinkit, work, much, time. Example review: ""nice"""
bad platform,Price Sensitive,2,0.2879,"Cluster 2 (n=1736) labeled 'Price Sensitive' because its centroid is closest to that segment's prototype reviews (cosine=0.288). Supporting cues: charge(150), rs(122), price(78), money(49), offer(28). Frequent terms: order, service, blinkit, product, time, bad. Example review: ""poor"""
well app,Price Sensitive,2,0.2879,"Cluster 2 (n=1736) labeled 'Price Sensitive' because its centroid is closest to that segment's prototype reviews (cosine=0.288). Supporting cues: charge(150), rs(122), price(78), money(49), offer(28). Frequent terms: order, service, blinkit, product, time, bad. Example review: ""poor"""
best app home grocery,Routine Buyers,1,0.1454,"Cluster 1 (n=554) labeled 'Routine Buyers' because its centroid is closest to that segment's prototype reviews (cosine=0.145). Supporting cues: always(16), regular(1), usual(1). Frequent terms: delivery, fast, best, service, time, blinkit. Example review: ""super fast delivery"""
work delivery person great really appreciate effort thanks blinkit much help,Price Sensitive,2,0.2879,"Cluster 2 (n=1736) labeled 'Price Sensitive' because its centroid is closest to that segment's prototype reviews (cosine=0.288). Supporting cues: charge(150), rs(122), price(78), money(49), offer(28). Frequent terms: order, service, blinkit, product, time, bad. Example review: ""poor"""
good emargency,Explorers,0,0.0196,"Cluster 0 (n=348) labeled 'Explorers' because its centroid is closest to that segment's prototype reviews (cosine=0.020). Supporting cues: try(1). Frequent terms: service, delivery, blinkit, product, experience, like. Example review: ""good service"""
cool drink chill get,Price Sensitive,2,0.2879,"Cluster 2 (n=1736) labeled 'Price Sensitive' because its centroid is closest to that segment's prototype reviews (cosine=0.288). Supporting cues: charge(150), rs(122), price(78), money(49), offer(28). Frequent terms: order, service, blinkit, product, time, bad. Example review: ""poor"""
bahut sunder,Price Sensitive,2,0.2879,"Cluster 2 (n=1736) labeled 'Price Sensitive' because its centroid is closest to that segment's prototype reviews (cosine=0.288). Supporting cues: charge(150), rs(122), price(78), money(49), offer(28). Frequent terms: order, service, blinkit, product, time, bad. Example review: ""poor"""
delivery charge much,Routine Buyers,1,0.1454,"Cluster 1 (n=554) labeled 'Routine Buyers' because its centroid is closest to that segment's prototype reviews (cosine=0.145). Supporting cues: always(16), regular(1), usual(1). Frequent terms: delivery, fast, best, service, time, blinkit. Example review: ""super fast delivery"""
love app,Price Sensitive,2,0.2879,"Cluster 2 (n=1736) labeled 'Price Sensitive' because its centroid is closest to that segment's prototype reviews (cosine=0.288). Supporting cues: charge(150), rs(122), price(78), money(49), offer(28). Frequent terms: order, service, blinkit, product, time, bad. Example review: ""poor"""
good app fast delivery,Routine Buyers,1,0.1454,"Cluster 1 (n=554) labeled 'Routine Buyers' because its centroid is closest to that segment's prototype reviews (cosine=0.145). Supporting cues: always(16), regular(1), usual(1). Frequent terms: delivery, fast, best, service, time, blinkit. Example review: ""super fast delivery"""
excellent work,Price Sensitive,2,0.2879,"Cluster 2 (n=1736) labeled 'Price Sensitive' because its centroid is closest to that segment's prototype reviews (cosine=0.288). Supporting cues: charge(150), rs(122), price(78), money(49), offer(28). Frequent terms: order, service, blinkit, product, time, bad. Example review: ""poor"""
perfect app order item easily affordable,Price Sensitive,2,0.2879,"Cluster 2 (n=1736) labeled 'Price Sensitive' because its centroid is closest to that segment's prototype reviews (cosine=0.288). Supporting cues: charge(150), rs(122), price(78), money(49), offer(28). Frequent terms: order, service, blinkit, product, time, bad. Example review: ""poor"""
best hai,Routine Buyers,1,0.1454,"Cluster 1 (n=554) labeled 'Routine Buyers' because its centroid is closest to that segment's prototype reviews (cosine=0.145). Supporting cues: always(16), regular(1), usual(1). Frequent terms: delivery, fast, best, service, time, blinkit. Example review: ""super fast delivery"""
order two item long time ago delivery person hand one item charge price bothno money refund even inform matterperhaps theyblinkit think minor incident,Price Sensitive,2,0.2879,"Cluster 2 (n=1736) labeled 'Price Sensitive' because its centroid is closest to that segment's prototype reviews (cosine=0.288). Supporting cues: charge(150), rs(122), price(78), money(49), offer(28). Frequent terms: order, service, blinkit, product, time, bad. Example review: ""poor"""
communication skill poor,Price Sensitive,2,0.2879,"Cluster 2 (n=1736) labeled 'Price Sensitive' because its centroid is closest to that segment's prototype reviews (cosine=0.288). Supporting cues: charge(150), rs(122), price(78), money(49), offer(28). Frequent terms: order, service, blinkit, product, time, bad. Example review: ""poor"""
poor system update location app properly survive lot valuable time add location app also delivary man ugly behave,Price Sensitive,2,0.2879,"Cluster 2 (n=1736) labeled 'Price Sensitive' because its centroid is closest to that segment's prototype reviews (cosine=0.288). Supporting cues: charge(150), rs(122), price(78), money(49), offer(28). Frequent terms: order, service, blinkit, product, time, bad. Example review: ""poor"""
provide area thats annoy,Price Sensitive,2,0.2879,"Cluster 2 (n=1736) labeled 'Price Sensitive' because its centroid is closest to that segment's prototype reviews (cosine=0.288). Supporting cues: charge(150), rs(122), price(78), money(49), offer(28). Frequent terms: order, service, blinkit, product, time, bad. Example review: ""poor"""
superb,Price Sensitive,2,0.2879,"Cluster 2 (n=1736) labeled 'Price Sensitive' because its centroid is closest to that segment's prototype reviews (cosine=0.288). Supporting cues: charge(150), rs(122), price(78), money(49), offer(28). Frequent terms: order, service, blinkit, product, time, bad. Example review: ""poor"""
luvvv app,Price Sensitive,2,0.2879,"Cluster 2 (n=1736) labeled 'Price Sensitive' because its centroid is closest to that segment's prototype reviews (cosine=0.288). Supporting cues: charge(150), rs(122), price(78), money(49), offer(28). Frequent terms: order, service, blinkit, product, time, bad. Example review: ""poor"""
good well,Explorers,0,0.0196,"Cluster 0 (n=348) labeled 'Explorers' because its centroid is closest to that segment's prototype reviews (cosine=0.020). Supporting cues: try(1). Frequent terms: service, delivery, blinkit, product, experience, like. Example review: ""good service"""
much surge charge tax,Price Sensitive,2,0.2879,"Cluster 2 (n=1736) labeled 'Price Sensitive' because its centroid is closest to that segment's prototype reviews (cosine=0.288). Supporting cues: charge(150), rs(122), price(78), money(49), offer(28). Frequent terms: order, service, blinkit, product, time, bad. Example review: ""poor"""
like service give superb,Price Sensitive,2,0.2879,"Cluster 2 (n=1736) labeled 'Price Sensitive' because its centroid is closest to that segment's prototype reviews (cosine=0.288). Supporting cues: charge(150), rs(122), price(78), money(49), offer(28). Frequent terms: order, service, blinkit, product, time, bad. Example review: ""poor"""
good,Explorers,0,0.0196,"Cluster 0 (n=348) labeled 'Explorers' because its centroid is closest to that segment's prototype reviews (cosine=0.020). Supporting cues: try(1). Frequent terms: service, delivery, blinkit, product, experience, like. Example review: ""good service"""
awesome,Price Sensitive,2,0.2879,"Cluster 2 (n=1736) labeled 'Price Sensitive' because its centroid is closest to that segment's prototype reviews (cosine=0.288). Supporting cues: charge(150), rs(122), price(78), money(49), offer(28). Frequent terms: order, service, blinkit, product, time, bad. Example review: ""poor"""
try increase delivery distance srinagar part eg pampore,Routine Buyers,1,0.1454,"Cluster 1 (n=554) labeled 'Routine Buyers' because its centroid is closest to that segment's prototype reviews (cosine=0.145). Supporting cues: always(16), regular(1), usual(1). Frequent terms: delivery, fast, best, service, time, blinkit. Example review: ""super fast delivery"""
love blinkit always delivers time never disaapoint vast variety product excellent service,Price Sensitive,2,0.2879,"Cluster 2 (n=1736) labeled 'Price Sensitive' because its centroid is closest to that segment's prototype reviews (cosine=0.288). Supporting cues: charge(150), rs(122), price(78), money(49), offer(28). Frequent terms: order, service, blinkit, product, time, bad. Example review: ""poor"""
nice app,Impulse Buyers,3,0.0584,"Cluster 3 (n=180) labeled 'Impulse Buyers' because its centroid is closest to that segment's prototype reviews (cosine=0.058). Supporting cues: quick(4), late night(1). Frequent terms: service, delivery, blinkit, work, much, time. Example review: ""nice"""
super,Price Sensitive,2,0.2879,"Cluster 2 (n=1736) labeled 'Price Sensitive' because its centroid is closest to that segment's prototype reviews (cosine=0.288). Supporting cues: charge(150), rs(122), price(78), money(49), offer(28). Frequent terms: order, service, blinkit, product, time, bad. Example review: ""poor"""
order first time blinkit deliver without blikit bag dirty hand delievery boy,Price Sensitive,2,0.2879,"Cluster 2 (n=1736) labeled 'Price Sensitive' because its centroid is closest to that segment's prototype reviews (cosine=0.288). Supporting cues: charge(150), rs(122), price(78), money(49), offer(28). Frequent terms: order, service, blinkit, product, time, bad. Example review: ""poor"""
good,Explorers,0,0.0196,"Cluster 0 (n=348) labeled 'Explorers' because its centroid is closest to that segment's prototype reviews (cosine=0.020). Supporting cues: try(1). Frequent terms: service, delivery, blinkit, product, experience, like. Example review: ""good service"""
thankyou much please keep app forever,Price Sensitive,2,0.2879,"Cluster 2 (n=1736) labeled 'Price Sensitive' because its centroid is closest to that segment's prototype reviews (cosine=0.288). Supporting cues: charge(150), rs(122), price(78), money(49), offer(28). Frequent terms: order, service, blinkit, product, time, bad. Example review: ""poor"""
delivered time handle order care great service,Price Sensitive,2,0.2879,"Cluster 2 (n=1736) labeled 'Price Sensitive' because its centroid is closest to that segment's prototype reviews (cosine=0.288). Supporting cues: charge(150), rs(122), price(78), money(49), offer(28). Frequent terms: order, service, blinkit, product, time, bad. Example review: ""poor"""
doesnt carry sort balance give cash deliveryeveytime face issuewhy dont carry little change examplemy order 458 give 500 rupeesstill want 458 changehow suppose give much change ridiculous expect everyone cash online,Price Sensitive,2,0.2879,"Cluster 2 (n=1736) labeled 'Price Sensitive' because its centroid is closest to that segment's prototype reviews (cosine=0.288). Supporting cues: charge(150), rs(122), price(78), money(49), offer(28). Frequent terms: order, service, blinkit, product, time, bad. Example review: ""poor"""
acha hai,Price Sensitive,2,0.2879,"Cluster 2 (n=1736) labeled 'Price Sensitive' because its centroid is closest to that segment's prototype reviews (cosine=0.288). Supporting cues: charge(150), rs(122), price(78), money(49), offer(28). Frequent terms: order, service, blinkit, product, time, bad. Example review: ""poor"""
every time charge high demand charge handle charge upto 4050 r rarely use thisto deliver 35 minute,Price Sensitive,2,0.2879,"Cluster 2 (n=1736) labeled 'Price Sensitive' because its centroid is closest to that segment's prototype reviews (cosine=0.288). Supporting cues: charge(150), rs(122), price(78), money(49), offer(28). Frequent terms: order, service, blinkit, product, time, bad. Example review: ""poor"""
cash delivery able certain amount,Routine Buyers,1,0.1454,"Cluster 1 (n=554) labeled 'Routine Buyers' because its centroid is closest to that segment's prototype reviews (cosine=0.145). Supporting cues: always(16), regular(1), usual(1). Frequent terms: delivery, fast, best, service, time, blinkit. Example review: ""super fast delivery"""
exellent,Price Sensitive,2,0.2879,"Cluster 2 (n=1736) labeled 'Price Sensitive' because its centroid is closest to that segment's prototype reviews (cosine=0.288). Supporting cues: charge(150), rs(122), price(78), money(49), offer(28). Frequent terms: order, service, blinkit, product, time, bad. Example review: ""poor"""
fast delivery aap like service blinkit,Routine Buyers,1,0.1454,"Cluster 1 (n=554) labeled 'Routine Buyers' because its centroid is closest to that segment's prototype reviews (cosine=0.145). Supporting cues: always(16), regular(1), usual(1). Frequent terms: delivery, fast, best, service, time, blinkit. Example review: ""super fast delivery"""
aalu anda,Price Sensitive,2,0.2879,"Cluster 2 (n=1736) labeled 'Price Sensitive' because its centroid is closest to that segment's prototype reviews (cosine=0.288). Supporting cues: charge(150), rs(122), price(78), money(49), offer(28). Frequent terms: order, service, blinkit, product, time, bad. Example review: ""poor"""
bad delevery,Price Sensitive,2,0.2879,"Cluster 2 (n=1736) labeled 'Price Sensitive' because its centroid is closest to that segment's prototype reviews (cosine=0.288). Supporting cues: charge(150), rs(122), price(78), money(49), offer(28). Frequent terms: order, service, blinkit, product, time, bad. Example review: ""poor"""
quick service sometimes product come damage refund well noted,Price Sensitive,2,0.2879,"Cluster 2 (n=1736) labeled 'Price Sensitive' because its centroid is closest to that segment's prototype reviews (cosine=0.288). Supporting cues: charge(150), rs(122), price(78), money(49), offer(28). Frequent terms: order, service, blinkit, product, time, bad. Example review: ""poor"""
fix time delay anytime service 1 time u get offer,Price Sensitive,2,0.2879,"Cluster 2 (n=1736) labeled 'Price Sensitive' because its centroid is closest to that segment's prototype reviews (cosine=0.288). Supporting cues: charge(150), rs(122), price(78), money(49), offer(28). Frequent terms: order, service, blinkit, product, time, bad. Example review: ""poor"""
legendary app,Price Sensitive,2,0.2879,"Cluster 2 (n=1736) labeled 'Price Sensitive' because its centroid is closest to that segment's prototype reviews (cosine=0.288). Supporting cues: charge(150), rs(122), price(78), money(49), offer(28). Frequent terms: order, service, blinkit, product, time, bad. Example review: ""poor"""
amazing service,Price Sensitive,2,0.2879,"Cluster 2 (n=1736) labeled 'Price Sensitive' because its centroid is closest to that segment's prototype reviews (cosine=0.288). Supporting cues: charge(150), rs(122), price(78), money(49), offer(28). Frequent terms: order, service, blinkit, product, time, bad. Example review: ""poor"""
really easy purchase,Price Sensitive,2,0.2879,"Cluster 2 (n=1736) labeled 'Price Sensitive' because its centroid is closest to that segment's prototype reviews (cosine=0.288). Supporting cues: charge(150), rs(122), price(78), money(49), offer(28). Frequent terms: order, service, blinkit, product, time, bad. Example review: ""poor"""
bad,Price Sensitive,2,0.2879,"Cluster 2 (n=1736) labeled 'Price Sensitive' because its centroid is closest to that segment's prototype reviews (cosine=0.288). Supporting cues: charge(150), rs(122), price(78), money(49), offer(28). Frequent terms: order, service, blinkit, product, time, bad. Example review: ""poor"""
nice take,Impulse Buyers,3,0.0584,"Cluster 3 (n=180) labeled 'Impulse Buyers' because its centroid is closest to that segment's prototype reviews (cosine=0.058). Supporting cues: quick(4), late night(1). Frequent terms: service, delivery, blinkit, work, much, time. Example review: ""nice"""
good help people,Explorers,0,0.0196,"Cluster 0 (n=348) labeled 'Explorers' because its centroid is closest to that segment's prototype reviews (cosine=0.020). Supporting cues: try(1). Frequent terms: service, delivery, blinkit, product, experience, like. Example review: ""good service"""
happyas receive order minute thank blinkit,Price Sensitive,2,0.2879,"Cluster 2 (n=1736) labeled 'Price Sensitive' because its centroid is closest to that segment's prototype reviews (cosine=0.288). Supporting cues: charge(150), rs(122), price(78), money(49), offer(28). Frequent terms: order, service, blinkit, product, time, bad. Example review: ""poor"""
🥰,Price Sensitive,2,0.2879,"Cluster 2 (n=1736) labeled 'Price Sensitive' because its centroid is closest to that segment's prototype reviews (cosine=0.288). Supporting cues: charge(150), rs(122), price(78), money(49), offer(28). Frequent terms: order, service, blinkit, product, time, bad. Example review: ""poor"""
forgot buy gift friend blinkit save thank quick service,Price Sensitive,2,0.2879,"Cluster 2 (n=1736) labeled 'Price Sensitive' because its centroid is closest to that segment's prototype reviews (cosine=0.288). Supporting cues: charge(150), rs(122), price(78), money(49), offer(28). Frequent terms: order, service, blinkit, product, time, bad. Example review: ""poor"""
good app quick delivery try cancel order instead return money give blinkit coin instead,Price Sensitive,2,0.2879,"Cluster 2 (n=1736) labeled 'Price Sensitive' because its centroid is closest to that segment's prototype reviews (cosine=0.288). Supporting cues: charge(150), rs(122), price(78), money(49), offer(28). Frequent terms: order, service, blinkit, product, time, bad. Example review: ""poor"""
fast delivery resembles price,Routine Buyers,1,0.1454,"Cluster 1 (n=554) labeled 'Routine Buyers' because its centroid is closest to that segment's prototype reviews (cosine=0.145). Supporting cues: always(16), regular(1), usual(1). Frequent terms: delivery, fast, best, service, time, blinkit. Example review: ""super fast delivery"""
good,Explorers,0,0.0196,"Cluster 0 (n=348) labeled 'Explorers' because its centroid is closest to that segment's prototype reviews (cosine=0.020). Supporting cues: try(1). Frequent terms: service, delivery, blinkit, product, experience, like. Example review: ""good service"""
vv good blinkit,Explorers,0,0.0196,"Cluster 0 (n=348) labeled 'Explorers' because its centroid is closest to that segment's prototype reviews (cosine=0.020). Supporting cues: try(1). Frequent terms: service, delivery, blinkit, product, experience, like. Example review: ""good service"""
good sarvice,Explorers,0,0.0196,"Cluster 0 (n=348) labeled 'Explorers' because its centroid is closest to that segment's prototype reviews (cosine=0.020). Supporting cues: try(1). Frequent terms: service, delivery, blinkit, product, experience, like. Example review: ""good service"""
useful app,Price Sensitive,2,0.2879,"Cluster 2 (n=1736) labeled 'Price Sensitive' because its centroid is closest to that segment's prototype reviews (cosine=0.288). Supporting cues: charge(150), rs(122), price(78), money(49), offer(28). Frequent terms: order, service, blinkit, product, time, bad. Example review: ""poor"""
mistake enter wrong adress cancel order make frustrating chat message theese app ate oerson convenience burden,Price Sensitive,2,0.2879,"Cluster 2 (n=1736) labeled 'Price Sensitive' because its centroid is closest to that segment's prototype reviews (cosine=0.288). Supporting cues: charge(150), rs(122), price(78), money(49), offer(28). Frequent terms: order, service, blinkit, product, time, bad. Example review: ""poor"""
good,Explorers,0,0.0196,"Cluster 0 (n=348) labeled 'Explorers' because its centroid is closest to that segment's prototype reviews (cosine=0.020). Supporting cues: try(1). Frequent terms: service, delivery, blinkit, product, experience, like. Example review: ""good service"""
yes sure useful,Price Sensitive,2,0.2879,"Cluster 2 (n=1736) labeled 'Price Sensitive' because its centroid is closest to that segment's prototype reviews (cosine=0.288). Supporting cues: charge(150), rs(122), price(78), money(49), offer(28). Frequent terms: order, service, blinkit, product, time, bad. Example review: ""poor"""
good delivery,Routine Buyers,1,0.1454,"Cluster 1 (n=554) labeled 'Routine Buyers' because its centroid is closest to that segment's prototype reviews (cosine=0.145). Supporting cues: always(16), regular(1), usual(1). Frequent terms: delivery, fast, best, service, time, blinkit. Example review: ""super fast delivery"""
fast good service provider,Explorers,0,0.0196,"Cluster 0 (n=348) labeled 'Explorers' because its centroid is closest to that segment's prototype reviews (cosine=0.020). Supporting cues: try(1). Frequent terms: service, delivery, blinkit, product, experience, like. Example review: ""good service"""
incredible,Price Sensitive,2,0.2879,"Cluster 2 (n=1736) labeled 'Price Sensitive' because its centroid is closest to that segment's prototype reviews (cosine=0.288). Supporting cues: charge(150), rs(122), price(78), money(49), offer(28). Frequent terms: order, service, blinkit, product, time, bad. Example review: ""poor"""
good app fast delivery,Routine Buyers,1,0.1454,"Cluster 1 (n=554) labeled 'Routine Buyers' because its centroid is closest to that segment's prototype reviews (cosine=0.145). Supporting cues: always(16), regular(1), usual(1). Frequent terms: delivery, fast, best, service, time, blinkit. Example review: ""super fast delivery"""
app good,Explorers,0,0.0196,"Cluster 0 (n=348) labeled 'Explorers' because its centroid is closest to that segment's prototype reviews (cosine=0.020). Supporting cues: try(1). Frequent terms: service, delivery, blinkit, product, experience, like. Example review: ""good service"""
deliver product time always late,Price Sensitive,2,0.2879,"Cluster 2 (n=1736) labeled 'Price Sensitive' because its centroid is closest to that segment's prototype reviews (cosine=0.288). Supporting cues: charge(150), rs(122), price(78), money(49), offer(28). Frequent terms: order, service, blinkit, product, time, bad. Example review: ""poor"""
super app immediate reach,Price Sensitive,2,0.2879,"Cluster 2 (n=1736) labeled 'Price Sensitive' because its centroid is closest to that segment's prototype reviews (cosine=0.288). Supporting cues: charge(150), rs(122), price(78), money(49), offer(28). Frequent terms: order, service, blinkit, product, time, bad. Example review: ""poor"""
thank much opening blinkit order anything without hesitation reasonable price thank owner team,Price Sensitive,2,0.2879,"Cluster 2 (n=1736) labeled 'Price Sensitive' because its centroid is closest to that segment's prototype reviews (cosine=0.288). Supporting cues: charge(150), rs(122), price(78), money(49), offer(28). Frequent terms: order, service, blinkit, product, time, bad. Example review: ""poor"""
delivery person hand item 2nd floor instead 4th floor,Routine Buyers,1,0.1454,"Cluster 1 (n=554) labeled 'Routine Buyers' because its centroid is closest to that segment's prototype reviews (cosine=0.145). Supporting cues: always(16), regular(1), usual(1). Frequent terms: delivery, fast, best, service, time, blinkit. Example review: ""super fast delivery"""
slow service,Price Sensitive,2,0.2879,"Cluster 2 (n=1736) labeled 'Price Sensitive' because its centroid is closest to that segment's prototype reviews (cosine=0.288). Supporting cues: charge(150), rs(122), price(78), money(49), offer(28). Frequent terms: order, service, blinkit, product, time, bad. Example review: ""poor"""
brilliant service,Price Sensitive,2,0.2879,"Cluster 2 (n=1736) labeled 'Price Sensitive' because its centroid is closest to that segment's prototype reviews (cosine=0.288). Supporting cues: charge(150), rs(122), price(78), money(49), offer(28). Frequent terms: order, service, blinkit, product, time, bad. Example review: ""poor"""
accha hai,Price Sensitive,2,0.2879,"Cluster 2 (n=1736) labeled 'Price Sensitive' because its centroid is closest to that segment's prototype reviews (cosine=0.288). Supporting cues: charge(150), rs(122), price(78), money(49), offer(28). Frequent terms: order, service, blinkit, product, time, bad. Example review: ""poor"""
thank,Price Sensitive,2,0.2879,"Cluster 2 (n=1736) labeled 'Price Sensitive' because its centroid is closest to that segment's prototype reviews (cosine=0.288). Supporting cues: charge(150), rs(122), price(78), money(49), offer(28). Frequent terms: order, service, blinkit, product, time, bad. Example review: ""poor"""
often change location didnt get refund,Price Sensitive,2,0.2879,"Cluster 2 (n=1736) labeled 'Price Sensitive' because its centroid is closest to that segment's prototype reviews (cosine=0.288). Supporting cues: charge(150), rs(122), price(78), money(49), offer(28). Frequent terms: order, service, blinkit, product, time, bad. Example review: ""poor"""
order time late,Price Sensitive,2,0.2879,"Cluster 2 (n=1736) labeled 'Price Sensitive' because its centroid is closest to that segment's prototype reviews (cosine=0.288). Supporting cues: charge(150), rs(122), price(78), money(49), offer(28). Frequent terms: order, service, blinkit, product, time, bad. Example review: ""poor"""
excellent app super convenient blinkit one convenient apps get everyday essential deliver quickly app smooth userfriendly wellorganized easy navigate finding product add cart make payment track order simple really like wide product selection quick delivery attractive offer hasslefree order experience,Price Sensitive,2,0.2879,"Cluster 2 (n=1736) labeled 'Price Sensitive' because its centroid is closest to that segment's prototype reviews (cosine=0.288). Supporting cues: charge(150), rs(122), price(78), money(49), offer(28). Frequent terms: order, service, blinkit, product, time, bad. Example review: ""poor"""
great experience,Price Sensitive,2,0.2879,"Cluster 2 (n=1736) labeled 'Price Sensitive' because its centroid is closest to that segment's prototype reviews (cosine=0.288). Supporting cues: charge(150), rs(122), price(78), money(49), offer(28). Frequent terms: order, service, blinkit, product, time, bad. Example review: ""poor"""
fast,Routine Buyers,1,0.1454,"Cluster 1 (n=554) labeled 'Routine Buyers' because its centroid is closest to that segment's prototype reviews (cosine=0.145). Supporting cues: always(16), regular(1), usual(1). Frequent terms: delivery, fast, best, service, time, blinkit. Example review: ""super fast delivery"""
awesome service,Price Sensitive,2,0.2879,"Cluster 2 (n=1736) labeled 'Price Sensitive' because its centroid is closest to that segment's prototype reviews (cosine=0.288). Supporting cues: charge(150), rs(122), price(78), money(49), offer(28). Frequent terms: order, service, blinkit, product, time, bad. Example review: ""poor"""
bad service delivery guy doesnt even come location also delivery guy number doesnt work connect post pay order get cancel due mistake charge order cancellation meaning loss money time without get product,Price Sensitive,2,0.2879,"Cluster 2 (n=1736) labeled 'Price Sensitive' because its centroid is closest to that segment's prototype reviews (cosine=0.288). Supporting cues: charge(150), rs(122), price(78), money(49), offer(28). Frequent terms: order, service, blinkit, product, time, bad. Example review: ""poor"""
convenient lady like work time market,Price Sensitive,2,0.2879,"Cluster 2 (n=1736) labeled 'Price Sensitive' because its centroid is closest to that segment's prototype reviews (cosine=0.288). Supporting cues: charge(150), rs(122), price(78), money(49), offer(28). Frequent terms: order, service, blinkit, product, time, bad. Example review: ""poor"""
fast service original product thanks blinkit app,Price Sensitive,2,0.2879,"Cluster 2 (n=1736) labeled 'Price Sensitive' because its centroid is closest to that segment's prototype reviews (cosine=0.288). Supporting cues: charge(150), rs(122), price(78), money(49), offer(28). Frequent terms: order, service, blinkit, product, time, bad. Example review: ""poor"""
make life easy,Price Sensitive,2,0.2879,"Cluster 2 (n=1736) labeled 'Price Sensitive' because its centroid is closest to that segment's prototype reviews (cosine=0.288). Supporting cues: charge(150), rs(122), price(78), money(49), offer(28). Frequent terms: order, service, blinkit, product, time, bad. Example review: ""poor"""
scam app dont resolve issue recieve bad item use instamart insted,Price Sensitive,2,0.2879,"Cluster 2 (n=1736) labeled 'Price Sensitive' because its centroid is closest to that segment's prototype reviews (cosine=0.288). Supporting cues: charge(150), rs(122), price(78), money(49), offer(28). Frequent terms: order, service, blinkit, product, time, bad. Example review: ""poor"""
good,Explorers,0,0.0196,"Cluster 0 (n=348) labeled 'Explorers' because its centroid is closest to that segment's prototype reviews (cosine=0.020). Supporting cues: try(1). Frequent terms: service, delivery, blinkit, product, experience, like. Example review: ""good service"""
cheap service ch sambhaji nagar always address issue,Price Sensitive,2,0.2879,"Cluster 2 (n=1736) labeled 'Price Sensitive' because its centroid is closest to that segment's prototype reviews (cosine=0.288). Supporting cues: charge(150), rs(122), price(78), money(49), offer(28). Frequent terms: order, service, blinkit, product, time, bad. Example review: ""poor"""
convenient service god bless quick commerce,Price Sensitive,2,0.2879,"Cluster 2 (n=1736) labeled 'Price Sensitive' because its centroid is closest to that segment's prototype reviews (cosine=0.288). Supporting cues: charge(150), rs(122), price(78), money(49), offer(28). Frequent terms: order, service, blinkit, product, time, bad. Example review: ""poor"""
good,Explorers,0,0.0196,"Cluster 0 (n=348) labeled 'Explorers' because its centroid is closest to that segment's prototype reviews (cosine=0.020). Supporting cues: try(1). Frequent terms: service, delivery, blinkit, product, experience, like. Example review: ""good service"""
time delivery,Routine Buyers,1,0.1454,"Cluster 1 (n=554) labeled 'Routine Buyers' because its centroid is closest to that segment's prototype reviews (cosine=0.145). Supporting cues: always(16), regular(1), usual(1). Frequent terms: delivery, fast, best, service, time, blinkit. Example review: ""super fast delivery"""
lot love,Price Sensitive,2,0.2879,"Cluster 2 (n=1736) labeled 'Price Sensitive' because its centroid is closest to that segment's prototype reviews (cosine=0.288). Supporting cues: charge(150), rs(122), price(78), money(49), offer(28). Frequent terms: order, service, blinkit, product, time, bad. Example review: ""poor"""
blinkit good app please give u option cash delivery blinkit dont give cod option please blinkit overall blinkit nice,Price Sensitive,2,0.2879,"Cluster 2 (n=1736) labeled 'Price Sensitive' because its centroid is closest to that segment's prototype reviews (cosine=0.288). Supporting cues: charge(150), rs(122), price(78), money(49), offer(28). Frequent terms: order, service, blinkit, product, time, bad. Example review: ""poor"""
good alternative get grocery deliver fast 8 minsespecially able go market,Routine Buyers,1,0.1454,"Cluster 1 (n=554) labeled 'Routine Buyers' because its centroid is closest to that segment's prototype reviews (cosine=0.145). Supporting cues: always(16), regular(1), usual(1). Frequent terms: delivery, fast, best, service, time, blinkit. Example review: ""super fast delivery"""
good quick,Explorers,0,0.0196,"Cluster 0 (n=348) labeled 'Explorers' because its centroid is closest to that segment's prototype reviews (cosine=0.020). Supporting cues: try(1). Frequent terms: service, delivery, blinkit, product, experience, like. Example review: ""good service"""
super service,Price Sensitive,2,0.2879,"Cluster 2 (n=1736) labeled 'Price Sensitive' because its centroid is closest to that segment's prototype reviews (cosine=0.288). Supporting cues: charge(150), rs(122), price(78), money(49), offer(28). Frequent terms: order, service, blinkit, product, time, bad. Example review: ""poor"""
bad app,Price Sensitive,2,0.2879,"Cluster 2 (n=1736) labeled 'Price Sensitive' because its centroid is closest to that segment's prototype reviews (cosine=0.288). Supporting cues: charge(150), rs(122), price(78), money(49), offer(28). Frequent terms: order, service, blinkit, product, time, bad. Example review: ""poor"""
price seem bit high okay,Price Sensitive,2,0.2879,"Cluster 2 (n=1736) labeled 'Price Sensitive' because its centroid is closest to that segment's prototype reviews (cosine=0.288). Supporting cues: charge(150), rs(122), price(78), money(49), offer(28). Frequent terms: order, service, blinkit, product, time, bad. Example review: ""poor"""
good service,Explorers,0,0.0196,"Cluster 0 (n=348) labeled 'Explorers' because its centroid is closest to that segment's prototype reviews (cosine=0.020). Supporting cues: try(1). Frequent terms: service, delivery, blinkit, product, experience, like. Example review: ""good service"""
thanks arrive time urgent,Price Sensitive,2,0.2879,"Cluster 2 (n=1736) labeled 'Price Sensitive' because its centroid is closest to that segment's prototype reviews (cosine=0.288). Supporting cues: charge(150), rs(122), price(78), money(49), offer(28). Frequent terms: order, service, blinkit, product, time, bad. Example review: ""poor"""
excellent suggestion despatch dry wet item separately check properly despatch fruit vegetable,Price Sensitive,2,0.2879,"Cluster 2 (n=1736) labeled 'Price Sensitive' because its centroid is closest to that segment's prototype reviews (cosine=0.288). Supporting cues: charge(150), rs(122), price(78), money(49), offer(28). Frequent terms: order, service, blinkit, product, time, bad. Example review: ""poor"""
👍👍👍,Price Sensitive,2,0.2879,"Cluster 2 (n=1736) labeled 'Price Sensitive' because its centroid is closest to that segment's prototype reviews (cosine=0.288). Supporting cues: charge(150), rs(122), price(78), money(49), offer(28). Frequent terms: order, service, blinkit, product, time, bad. Example review: ""poor"""
goooooodddddd,Price Sensitive,2,0.2879,"Cluster 2 (n=1736) labeled 'Price Sensitive' because its centroid is closest to that segment's prototype reviews (cosine=0.288). Supporting cues: charge(150), rs(122), price(78), money(49), offer(28). Frequent terms: order, service, blinkit, product, time, bad. Example review: ""poor"""
supportive helpful time,Price Sensitive,2,0.2879,"Cluster 2 (n=1736) labeled 'Price Sensitive' because its centroid is closest to that segment's prototype reviews (cosine=0.288). Supporting cues: charge(150), rs(122), price(78), money(49), offer(28). Frequent terms: order, service, blinkit, product, time, bad. Example review: ""poor"""
good service useful emergency situation thankyou provide delivery service,Routine Buyers,1,0.1454,"Cluster 1 (n=554) labeled 'Routine Buyers' because its centroid is closest to that segment's prototype reviews (cosine=0.145). Supporting cues: always(16), regular(1), usual(1). Frequent terms: delivery, fast, best, service, time, blinkit. Example review: ""super fast delivery"""
nice app,Impulse Buyers,3,0.0584,"Cluster 3 (n=180) labeled 'Impulse Buyers' because its centroid is closest to that segment's prototype reviews (cosine=0.058). Supporting cues: quick(4), late night(1). Frequent terms: service, delivery, blinkit, work, much, time. Example review: ""nice"""
valo,Price Sensitive,2,0.2879,"Cluster 2 (n=1736) labeled 'Price Sensitive' because its centroid is closest to that segment's prototype reviews (cosine=0.288). Supporting cues: charge(150), rs(122), price(78), money(49), offer(28). Frequent terms: order, service, blinkit, product, time, bad. Example review: ""poor"""
good experience,Explorers,0,0.0196,"Cluster 0 (n=348) labeled 'Explorers' because its centroid is closest to that segment's prototype reviews (cosine=0.020). Supporting cues: try(1). Frequent terms: service, delivery, blinkit, product, experience, like. Example review: ""good service"""
surcharge high give coupon code able ppy,Price Sensitive,2,0.2879,"Cluster 2 (n=1736) labeled 'Price Sensitive' because its centroid is closest to that segment's prototype reviews (cosine=0.288). Supporting cues: charge(150), rs(122), price(78), money(49), offer(28). Frequent terms: order, service, blinkit, product, time, bad. Example review: ""poor"""
order frequently arrive 10 15 minute,Price Sensitive,2,0.2879,"Cluster 2 (n=1736) labeled 'Price Sensitive' because its centroid is closest to that segment's prototype reviews (cosine=0.288). Supporting cues: charge(150), rs(122), price(78), money(49), offer(28). Frequent terms: order, service, blinkit, product, time, bad. Example review: ""poor"""
helpful,Price Sensitive,2,0.2879,"Cluster 2 (n=1736) labeled 'Price Sensitive' because its centroid is closest to that segment's prototype reviews (cosine=0.288). Supporting cues: charge(150), rs(122), price(78), money(49), offer(28). Frequent terms: order, service, blinkit, product, time, bad. Example review: ""poor"""
70 पर 90100,Price Sensitive,2,0.2879,"Cluster 2 (n=1736) labeled 'Price Sensitive' because its centroid is closest to that segment's prototype reviews (cosine=0.288). Supporting cues: charge(150), rs(122), price(78), money(49), offer(28). Frequent terms: order, service, blinkit, product, time, bad. Example review: ""poor"""
frustrate delivery agent vishal rude call reach even use angry use language stuff use app life,Price Sensitive,2,0.2879,"Cluster 2 (n=1736) labeled 'Price Sensitive' because its centroid is closest to that segment's prototype reviews (cosine=0.288). Supporting cues: charge(150), rs(122), price(78), money(49), offer(28). Frequent terms: order, service, blinkit, product, time, bad. Example review: ""poor"""
beneficial houselady,Price Sensitive,2,0.2879,"Cluster 2 (n=1736) labeled 'Price Sensitive' because its centroid is closest to that segment's prototype reviews (cosine=0.288). Supporting cues: charge(150), rs(122), price(78), money(49), offer(28). Frequent terms: order, service, blinkit, product, time, bad. Example review: ""poor"""
delivery partner dont even wait 2 second approval via gate start call immediately irritate,Routine Buyers,1,0.1454,"Cluster 1 (n=554) labeled 'Routine Buyers' because its centroid is closest to that segment's prototype reviews (cosine=0.145). Supporting cues: always(16), regular(1), usual(1). Frequent terms: delivery, fast, best, service, time, blinkit. Example review: ""super fast delivery"""
nice app every grocery thing available app along electronics sport,Impulse Buyers,3,0.0584,"Cluster 3 (n=180) labeled 'Impulse Buyers' because its centroid is closest to that segment's prototype reviews (cosine=0.058). Supporting cues: quick(4), late night(1). Frequent terms: service, delivery, blinkit, work, much, time. Example review: ""nice"""
excelent,Price Sensitive,2,0.2879,"Cluster 2 (n=1736) labeled 'Price Sensitive' because its centroid is closest to that segment's prototype reviews (cosine=0.288). Supporting cues: charge(150), rs(122), price(78), money(49), offer(28). Frequent terms: order, service, blinkit, product, time, bad. Example review: ""poor"""
order item payment get failed app amount deduct account refund back account even 5 day customer care number issue email assistance send issue email keep ask thing happen app success order try multiple time order fail amount deduct account lol,Price Sensitive,2,0.2879,"Cluster 2 (n=1736) labeled 'Price Sensitive' because its centroid is closest to that segment's prototype reviews (cosine=0.288). Supporting cues: charge(150), rs(122), price(78), money(49), offer(28). Frequent terms: order, service, blinkit, product, time, bad. Example review: ""poor"""
make user friendly offer may give customer,Price Sensitive,2,0.2879,"Cluster 2 (n=1736) labeled 'Price Sensitive' because its centroid is closest to that segment's prototype reviews (cosine=0.288). Supporting cues: charge(150), rs(122), price(78), money(49), offer(28). Frequent terms: order, service, blinkit, product, time, bad. Example review: ""poor"""
app sooo good,Explorers,0,0.0196,"Cluster 0 (n=348) labeled 'Explorers' because its centroid is closest to that segment's prototype reviews (cosine=0.020). Supporting cues: try(1). Frequent terms: service, delivery, blinkit, product, experience, like. Example review: ""good service"""
blinkit please solve problem isthat dont need order 10 mintes deliverd late please available location request,Price Sensitive,2,0.2879,"Cluster 2 (n=1736) labeled 'Price Sensitive' because its centroid is closest to that segment's prototype reviews (cosine=0.288). Supporting cues: charge(150), rs(122), price(78), money(49), offer(28). Frequent terms: order, service, blinkit, product, time, bad. Example review: ""poor"""
wonderful,Price Sensitive,2,0.2879,"Cluster 2 (n=1736) labeled 'Price Sensitive' because its centroid is closest to that segment's prototype reviews (cosine=0.288). Supporting cues: charge(150), rs(122), price(78), money(49), offer(28). Frequent terms: order, service, blinkit, product, time, bad. Example review: ""poor"""
fast good,Explorers,0,0.0196,"Cluster 0 (n=348) labeled 'Explorers' because its centroid is closest to that segment's prototype reviews (cosine=0.020). Supporting cues: try(1). Frequent terms: service, delivery, blinkit, product, experience, like. Example review: ""good service"""
great app product query time product deliver home,Price Sensitive,2,0.2879,"Cluster 2 (n=1736) labeled 'Price Sensitive' because its centroid is closest to that segment's prototype reviews (cosine=0.288). Supporting cues: charge(150), rs(122), price(78), money(49), offer(28). Frequent terms: order, service, blinkit, product, time, bad. Example review: ""poor"""
mean good good feature cant give full,Explorers,0,0.0196,"Cluster 0 (n=348) labeled 'Explorers' because its centroid is closest to that segment's prototype reviews (cosine=0.020). Supporting cues: try(1). Frequent terms: service, delivery, blinkit, product, experience, like. Example review: ""good service"""
good purchase quick delivery good delivery boy,Routine Buyers,1,0.1454,"Cluster 1 (n=554) labeled 'Routine Buyers' because its centroid is closest to that segment's prototype reviews (cosine=0.145). Supporting cues: always(16), regular(1), usual(1). Frequent terms: delivery, fast, best, service, time, blinkit. Example review: ""super fast delivery"""
service excellent,Price Sensitive,2,0.2879,"Cluster 2 (n=1736) labeled 'Price Sensitive' because its centroid is closest to that segment's prototype reviews (cosine=0.288). Supporting cues: charge(150), rs(122), price(78), money(49), offer(28). Frequent terms: order, service, blinkit, product, time, bad. Example review: ""poor"""
manipulate time dont like gesture service good,Price Sensitive,2,0.2879,"Cluster 2 (n=1736) labeled 'Price Sensitive' because its centroid is closest to that segment's prototype reviews (cosine=0.288). Supporting cues: charge(150), rs(122), price(78), money(49), offer(28). Frequent terms: order, service, blinkit, product, time, bad. Example review: ""poor"""
thank blinkit,Price Sensitive,2,0.2879,"Cluster 2 (n=1736) labeled 'Price Sensitive' because its centroid is closest to that segment's prototype reviews (cosine=0.288). Supporting cues: charge(150), rs(122), price(78), money(49), offer(28). Frequent terms: order, service, blinkit, product, time, bad. Example review: ""poor"""
much helpfull app,Price Sensitive,2,0.2879,"Cluster 2 (n=1736) labeled 'Price Sensitive' because its centroid is closest to that segment's prototype reviews (cosine=0.288). Supporting cues: charge(150), rs(122), price(78), money(49), offer(28). Frequent terms: order, service, blinkit, product, time, bad. Example review: ""poor"""
good alternative unable reach local marketplace purchase something urgently less time package satisfactory product mostly good rare exception electronics category however doubt expensive majority product overprice savior come order thing within time constraint feel lazy go,Price Sensitive,2,0.2879,"Cluster 2 (n=1736) labeled 'Price Sensitive' because its centroid is closest to that segment's prototype reviews (cosine=0.288). Supporting cues: charge(150), rs(122), price(78), money(49), offer(28). Frequent terms: order, service, blinkit, product, time, bad. Example review: ""poor"""
helpful time save,Price Sensitive,2,0.2879,"Cluster 2 (n=1736) labeled 'Price Sensitive' because its centroid is closest to that segment's prototype reviews (cosine=0.288). Supporting cues: charge(150), rs(122), price(78), money(49), offer(28). Frequent terms: order, service, blinkit, product, time, bad. Example review: ""poor"""
really like app,Price Sensitive,2,0.2879,"Cluster 2 (n=1736) labeled 'Price Sensitive' because its centroid is closest to that segment's prototype reviews (cosine=0.288). Supporting cues: charge(150), rs(122), price(78), money(49), offer(28). Frequent terms: order, service, blinkit, product, time, bad. Example review: ""poor"""
ok nice,Impulse Buyers,3,0.0584,"Cluster 3 (n=180) labeled 'Impulse Buyers' because its centroid is closest to that segment's prototype reviews (cosine=0.058). Supporting cues: quick(4), late night(1). Frequent terms: service, delivery, blinkit, work, much, time. Example review: ""nice"""
give option cart apply delivery charge 1 2 r difference amount,Routine Buyers,1,0.1454,"Cluster 1 (n=554) labeled 'Routine Buyers' because its centroid is closest to that segment's prototype reviews (cosine=0.145). Supporting cues: always(16), regular(1), usual(1). Frequent terms: delivery, fast, best, service, time, blinkit. Example review: ""super fast delivery"""
fast delivery,Routine Buyers,1,0.1454,"Cluster 1 (n=554) labeled 'Routine Buyers' because its centroid is closest to that segment's prototype reviews (cosine=0.145). Supporting cues: always(16), regular(1), usual(1). Frequent terms: delivery, fast, best, service, time, blinkit. Example review: ""super fast delivery"""
honest many option payment good variation availability thank,Price Sensitive,2,0.2879,"Cluster 2 (n=1736) labeled 'Price Sensitive' because its centroid is closest to that segment's prototype reviews (cosine=0.288). Supporting cues: charge(150), rs(122), price(78), money(49), offer(28). Frequent terms: order, service, blinkit, product, time, bad. Example review: ""poor"""
vey helpful emergency situation,Price Sensitive,2,0.2879,"Cluster 2 (n=1736) labeled 'Price Sensitive' because its centroid is closest to that segment's prototype reviews (cosine=0.288). Supporting cues: charge(150), rs(122), price(78), money(49), offer(28). Frequent terms: order, service, blinkit, product, time, bad. Example review: ""poor"""
service goodbrands standard brand vegetable quantity less compare pricecomplaints menu set accord company conveniencerefund instant surecustomer money riskbecause msg resolution provide msg close option customervery bad service garbage quality deliver dispose damage food itemsvery risky platform,Price Sensitive,2,0.2879,"Cluster 2 (n=1736) labeled 'Price Sensitive' because its centroid is closest to that segment's prototype reviews (cosine=0.288). Supporting cues: charge(150), rs(122), price(78), money(49), offer(28). Frequent terms: order, service, blinkit, product, time, bad. Example review: ""poor"""
nice blinkit aplikesan,Impulse Buyers,3,0.0584,"Cluster 3 (n=180) labeled 'Impulse Buyers' because its centroid is closest to that segment's prototype reviews (cosine=0.058). Supporting cues: quick(4), late night(1). Frequent terms: service, delivery, blinkit, work, much, time. Example review: ""nice"""
one time use,Price Sensitive,2,0.2879,"Cluster 2 (n=1736) labeled 'Price Sensitive' because its centroid is closest to that segment's prototype reviews (cosine=0.288). Supporting cues: charge(150), rs(122), price(78), money(49), offer(28). Frequent terms: order, service, blinkit, product, time, bad. Example review: ""poor"""
super good,Explorers,0,0.0196,"Cluster 0 (n=348) labeled 'Explorers' because its centroid is closest to that segment's prototype reviews (cosine=0.020). Supporting cues: try(1). Frequent terms: service, delivery, blinkit, product, experience, like. Example review: ""good service"""
nice product fresh,Impulse Buyers,3,0.0584,"Cluster 3 (n=180) labeled 'Impulse Buyers' because its centroid is closest to that segment's prototype reviews (cosine=0.058). Supporting cues: quick(4), late night(1). Frequent terms: service, delivery, blinkit, work, much, time. Example review: ""nice"""
delivery goodproduct fresh good,Explorers,0,0.0196,"Cluster 0 (n=348) labeled 'Explorers' because its centroid is closest to that segment's prototype reviews (cosine=0.020). Supporting cues: try(1). Frequent terms: service, delivery, blinkit, product, experience, like. Example review: ""good service"""
extremely disappointing service order cancel wait almost hour fulfil order cancel immediately instead waste time completely unacceptable show poor customer service definitely think twice order thing face one time finally come give review bad app im never use,Price Sensitive,2,0.2879,"Cluster 2 (n=1736) labeled 'Price Sensitive' because its centroid is closest to that segment's prototype reviews (cosine=0.288). Supporting cues: charge(150), rs(122), price(78), money(49), offer(28). Frequent terms: order, service, blinkit, product, time, bad. Example review: ""poor"""
thankyou blinkit good service,Explorers,0,0.0196,"Cluster 0 (n=348) labeled 'Explorers' because its centroid is closest to that segment's prototype reviews (cosine=0.020). Supporting cues: try(1). Frequent terms: service, delivery, blinkit, product, experience, like. Example review: ""good service"""
good sarvice fast delivery,Routine Buyers,1,0.1454,"Cluster 1 (n=554) labeled 'Routine Buyers' because its centroid is closest to that segment's prototype reviews (cosine=0.145). Supporting cues: always(16), regular(1), usual(1). Frequent terms: delivery, fast, best, service, time, blinkit. Example review: ""super fast delivery"""
improve adresss change confuse,Price Sensitive,2,0.2879,"Cluster 2 (n=1736) labeled 'Price Sensitive' because its centroid is closest to that segment's prototype reviews (cosine=0.288). Supporting cues: charge(150), rs(122), price(78), money(49), offer(28). Frequent terms: order, service, blinkit, product, time, bad. Example review: ""poor"""
deliver seal open product,Price Sensitive,2,0.2879,"Cluster 2 (n=1736) labeled 'Price Sensitive' because its centroid is closest to that segment's prototype reviews (cosine=0.288). Supporting cues: charge(150), rs(122), price(78), money(49), offer(28). Frequent terms: order, service, blinkit, product, time, bad. Example review: ""poor"""
nice,Impulse Buyers,3,0.0584,"Cluster 3 (n=180) labeled 'Impulse Buyers' because its centroid is closest to that segment's prototype reviews (cosine=0.058). Supporting cues: quick(4), late night(1). Frequent terms: service, delivery, blinkit, work, much, time. Example review: ""nice"""
nice,Impulse Buyers,3,0.0584,"Cluster 3 (n=180) labeled 'Impulse Buyers' because its centroid is closest to that segment's prototype reviews (cosine=0.058). Supporting cues: quick(4), late night(1). Frequent terms: service, delivery, blinkit, work, much, time. Example review: ""nice"""
return policy customer friendly customer care doesnt understand issue,Price Sensitive,2,0.2879,"Cluster 2 (n=1736) labeled 'Price Sensitive' because its centroid is closest to that segment's prototype reviews (cosine=0.288). Supporting cues: charge(150), rs(122), price(78), money(49), offer(28). Frequent terms: order, service, blinkit, product, time, bad. Example review: ""poor"""
payment direct barcode pay phone,Price Sensitive,2,0.2879,"Cluster 2 (n=1736) labeled 'Price Sensitive' because its centroid is closest to that segment's prototype reviews (cosine=0.288). Supporting cues: charge(150), rs(122), price(78), money(49), offer(28). Frequent terms: order, service, blinkit, product, time, bad. Example review: ""poor"""
great,Price Sensitive,2,0.2879,"Cluster 2 (n=1736) labeled 'Price Sensitive' because its centroid is closest to that segment's prototype reviews (cosine=0.288). Supporting cues: charge(150), rs(122), price(78), money(49), offer(28). Frequent terms: order, service, blinkit, product, time, bad. Example review: ""poor"""
handling charge acceptable,Price Sensitive,2,0.2879,"Cluster 2 (n=1736) labeled 'Price Sensitive' because its centroid is closest to that segment's prototype reviews (cosine=0.288). Supporting cues: charge(150), rs(122), price(78), money(49), offer(28). Frequent terms: order, service, blinkit, product, time, bad. Example review: ""poor"""
good lazy,Explorers,0,0.0196,"Cluster 0 (n=348) labeled 'Explorers' because its centroid is closest to that segment's prototype reviews (cosine=0.020). Supporting cues: try(1). Frequent terms: service, delivery, blinkit, product, experience, like. Example review: ""good service"""
mast hai yaar ye app,Price Sensitive,2,0.2879,"Cluster 2 (n=1736) labeled 'Price Sensitive' because its centroid is closest to that segment's prototype reviews (cosine=0.288). Supporting cues: charge(150), rs(122), price(78), money(49), offer(28). Frequent terms: order, service, blinkit, product, time, bad. Example review: ""poor"""
ramprasad banshal good,Explorers,0,0.0196,"Cluster 0 (n=348) labeled 'Explorers' because its centroid is closest to that segment's prototype reviews (cosine=0.020). Supporting cues: try(1). Frequent terms: service, delivery, blinkit, product, experience, like. Example review: ""good service"""
charge extra,Price Sensitive,2,0.2879,"Cluster 2 (n=1736) labeled 'Price Sensitive' because its centroid is closest to that segment's prototype reviews (cosine=0.288). Supporting cues: charge(150), rs(122), price(78), money(49), offer(28). Frequent terms: order, service, blinkit, product, time, bad. Example review: ""poor"""
scammer,Price Sensitive,2,0.2879,"Cluster 2 (n=1736) labeled 'Price Sensitive' because its centroid is closest to that segment's prototype reviews (cosine=0.288). Supporting cues: charge(150), rs(122), price(78), money(49), offer(28). Frequent terms: order, service, blinkit, product, time, bad. Example review: ""poor"""
good profile,Explorers,0,0.0196,"Cluster 0 (n=348) labeled 'Explorers' because its centroid is closest to that segment's prototype reviews (cosine=0.020). Supporting cues: try(1). Frequent terms: service, delivery, blinkit, product, experience, like. Example review: ""good service"""
jst love,Price Sensitive,2,0.2879,"Cluster 2 (n=1736) labeled 'Price Sensitive' because its centroid is closest to that segment's prototype reviews (cosine=0.288). Supporting cues: charge(150), rs(122), price(78), money(49), offer(28). Frequent terms: order, service, blinkit, product, time, bad. Example review: ""poor"""
market price discount,Price Sensitive,2,0.2879,"Cluster 2 (n=1736) labeled 'Price Sensitive' because its centroid is closest to that segment's prototype reviews (cosine=0.288). Supporting cues: charge(150), rs(122), price(78), money(49), offer(28). Frequent terms: order, service, blinkit, product, time, bad. Example review: ""poor"""
pahli bar istemal kar rahe hain,Price Sensitive,2,0.2879,"Cluster 2 (n=1736) labeled 'Price Sensitive' because its centroid is closest to that segment's prototype reviews (cosine=0.288). Supporting cues: charge(150), rs(122), price(78), money(49), offer(28). Frequent terms: order, service, blinkit, product, time, bad. Example review: ""poor"""
one order deliver multiple part frustrate,Price Sensitive,2,0.2879,"Cluster 2 (n=1736) labeled 'Price Sensitive' because its centroid is closest to that segment's prototype reviews (cosine=0.288). Supporting cues: charge(150), rs(122), price(78), money(49), offer(28). Frequent terms: order, service, blinkit, product, time, bad. Example review: ""poor"""
good,Explorers,0,0.0196,"Cluster 0 (n=348) labeled 'Explorers' because its centroid is closest to that segment's prototype reviews (cosine=0.020). Supporting cues: try(1). Frequent terms: service, delivery, blinkit, product, experience, like. Example review: ""good service"""
vry fast service,Routine Buyers,1,0.1454,"Cluster 1 (n=554) labeled 'Routine Buyers' because its centroid is closest to that segment's prototype reviews (cosine=0.145). Supporting cues: always(16), regular(1), usual(1). Frequent terms: delivery, fast, best, service, time, blinkit. Example review: ""super fast delivery"""
5 star service,Price Sensitive,2,0.2879,"Cluster 2 (n=1736) labeled 'Price Sensitive' because its centroid is closest to that segment's prototype reviews (cosine=0.288). Supporting cues: charge(150), rs(122), price(78), money(49), offer(28). Frequent terms: order, service, blinkit, product, time, bad. Example review: ""poor"""
late service,Price Sensitive,2,0.2879,"Cluster 2 (n=1736) labeled 'Price Sensitive' because its centroid is closest to that segment's prototype reviews (cosine=0.288). Supporting cues: charge(150), rs(122), price(78), money(49), offer(28). Frequent terms: order, service, blinkit, product, time, bad. Example review: ""poor"""
fast delivery super,Routine Buyers,1,0.1454,"Cluster 1 (n=554) labeled 'Routine Buyers' because its centroid is closest to that segment's prototype reviews (cosine=0.145). Supporting cues: always(16), regular(1), usual(1). Frequent terms: delivery, fast, best, service, time, blinkit. Example review: ""super fast delivery"""
wonderful reason immediately come,Price Sensitive,2,0.2879,"Cluster 2 (n=1736) labeled 'Price Sensitive' because its centroid is closest to that segment's prototype reviews (cosine=0.288). Supporting cues: charge(150), rs(122), price(78), money(49), offer(28). Frequent terms: order, service, blinkit, product, time, bad. Example review: ""poor"""
niceee,Price Sensitive,2,0.2879,"Cluster 2 (n=1736) labeled 'Price Sensitive' because its centroid is closest to that segment's prototype reviews (cosine=0.288). Supporting cues: charge(150), rs(122), price(78), money(49), offer(28). Frequent terms: order, service, blinkit, product, time, bad. Example review: ""poor"""
great,Price Sensitive,2,0.2879,"Cluster 2 (n=1736) labeled 'Price Sensitive' because its centroid is closest to that segment's prototype reviews (cosine=0.288). Supporting cues: charge(150), rs(122), price(78), money(49), offer(28). Frequent terms: order, service, blinkit, product, time, bad. Example review: ""poor"""
super improve cashback offer,Price Sensitive,2,0.2879,"Cluster 2 (n=1736) labeled 'Price Sensitive' because its centroid is closest to that segment's prototype reviews (cosine=0.288). Supporting cues: charge(150), rs(122), price(78), money(49), offer(28). Frequent terms: order, service, blinkit, product, time, bad. Example review: ""poor"""
easy option fast order,Price Sensitive,2,0.2879,"Cluster 2 (n=1736) labeled 'Price Sensitive' because its centroid is closest to that segment's prototype reviews (cosine=0.288). Supporting cues: charge(150), rs(122), price(78), money(49), offer(28). Frequent terms: order, service, blinkit, product, time, bad. Example review: ""poor"""
bestt app,Price Sensitive,2,0.2879,"Cluster 2 (n=1736) labeled 'Price Sensitive' because its centroid is closest to that segment's prototype reviews (cosine=0.288). Supporting cues: charge(150), rs(122), price(78), money(49), offer(28). Frequent terms: order, service, blinkit, product, time, bad. Example review: ""poor"""
thanks blinkit delivery partner,Routine Buyers,1,0.1454,"Cluster 1 (n=554) labeled 'Routine Buyers' because its centroid is closest to that segment's prototype reviews (cosine=0.145). Supporting cues: always(16), regular(1), usual(1). Frequent terms: delivery, fast, best, service, time, blinkit. Example review: ""super fast delivery"""
like,Price Sensitive,2,0.2879,"Cluster 2 (n=1736) labeled 'Price Sensitive' because its centroid is closest to that segment's prototype reviews (cosine=0.288). Supporting cues: charge(150), rs(122), price(78), money(49), offer(28). Frequent terms: order, service, blinkit, product, time, bad. Example review: ""poor"""
next level blinkit,Price Sensitive,2,0.2879,"Cluster 2 (n=1736) labeled 'Price Sensitive' because its centroid is closest to that segment's prototype reviews (cosine=0.288). Supporting cues: charge(150), rs(122), price(78), money(49), offer(28). Frequent terms: order, service, blinkit, product, time, bad. Example review: ""poor"""
good product close coltly,Explorers,0,0.0196,"Cluster 0 (n=348) labeled 'Explorers' because its centroid is closest to that segment's prototype reviews (cosine=0.020). Supporting cues: try(1). Frequent terms: service, delivery, blinkit, product, experience, like. Example review: ""good service"""
excellent service,Price Sensitive,2,0.2879,"Cluster 2 (n=1736) labeled 'Price Sensitive' because its centroid is closest to that segment's prototype reviews (cosine=0.288). Supporting cues: charge(150), rs(122), price(78), money(49), offer(28). Frequent terms: order, service, blinkit, product, time, bad. Example review: ""poor"""
many time milk packet deliver damage,Price Sensitive,2,0.2879,"Cluster 2 (n=1736) labeled 'Price Sensitive' because its centroid is closest to that segment's prototype reviews (cosine=0.288). Supporting cues: charge(150), rs(122), price(78), money(49), offer(28). Frequent terms: order, service, blinkit, product, time, bad. Example review: ""poor"""
unfair refund policy poor quality compare zepto responsibility deliver product,Price Sensitive,2,0.2879,"Cluster 2 (n=1736) labeled 'Price Sensitive' because its centroid is closest to that segment's prototype reviews (cosine=0.288). Supporting cues: charge(150), rs(122), price(78), money(49), offer(28). Frequent terms: order, service, blinkit, product, time, bad. Example review: ""poor"""
great service,Price Sensitive,2,0.2879,"Cluster 2 (n=1736) labeled 'Price Sensitive' because its centroid is closest to that segment's prototype reviews (cosine=0.288). Supporting cues: charge(150), rs(122), price(78), money(49), offer(28). Frequent terms: order, service, blinkit, product, time, bad. Example review: ""poor"""
good experience,Explorers,0,0.0196,"Cluster 0 (n=348) labeled 'Explorers' because its centroid is closest to that segment's prototype reviews (cosine=0.020). Supporting cues: try(1). Frequent terms: service, delivery, blinkit, product, experience, like. Example review: ""good service"""
amazing experience,Price Sensitive,2,0.2879,"Cluster 2 (n=1736) labeled 'Price Sensitive' because its centroid is closest to that segment's prototype reviews (cosine=0.288). Supporting cues: charge(150), rs(122), price(78), money(49), offer(28). Frequent terms: order, service, blinkit, product, time, bad. Example review: ""poor"""
app best order something hurry always best service give customer,Routine Buyers,1,0.1454,"Cluster 1 (n=554) labeled 'Routine Buyers' because its centroid is closest to that segment's prototype reviews (cosine=0.145). Supporting cues: always(16), regular(1), usual(1). Frequent terms: delivery, fast, best, service, time, blinkit. Example review: ""super fast delivery"""
super,Price Sensitive,2,0.2879,"Cluster 2 (n=1736) labeled 'Price Sensitive' because its centroid is closest to that segment's prototype reviews (cosine=0.288). Supporting cues: charge(150), rs(122), price(78), money(49), offer(28). Frequent terms: order, service, blinkit, product, time, bad. Example review: ""poor"""
blinkit loose standard guy dont order app,Price Sensitive,2,0.2879,"Cluster 2 (n=1736) labeled 'Price Sensitive' because its centroid is closest to that segment's prototype reviews (cosine=0.288). Supporting cues: charge(150), rs(122), price(78), money(49), offer(28). Frequent terms: order, service, blinkit, product, time, bad. Example review: ""poor"""
nice,Impulse Buyers,3,0.0584,"Cluster 3 (n=180) labeled 'Impulse Buyers' because its centroid is closest to that segment's prototype reviews (cosine=0.058). Supporting cues: quick(4), late night(1). Frequent terms: service, delivery, blinkit, work, much, time. Example review: ""nice"""
happy,Price Sensitive,2,0.2879,"Cluster 2 (n=1736) labeled 'Price Sensitive' because its centroid is closest to that segment's prototype reviews (cosine=0.288). Supporting cues: charge(150), rs(122), price(78), money(49), offer(28). Frequent terms: order, service, blinkit, product, time, bad. Example review: ""poor"""
great service amezing experience,Price Sensitive,2,0.2879,"Cluster 2 (n=1736) labeled 'Price Sensitive' because its centroid is closest to that segment's prototype reviews (cosine=0.288). Supporting cues: charge(150), rs(122), price(78), money(49), offer(28). Frequent terms: order, service, blinkit, product, time, bad. Example review: ""poor"""
app good minimum order value free delivery little extra,Routine Buyers,1,0.1454,"Cluster 1 (n=554) labeled 'Routine Buyers' because its centroid is closest to that segment's prototype reviews (cosine=0.145). Supporting cues: always(16), regular(1), usual(1). Frequent terms: delivery, fast, best, service, time, blinkit. Example review: ""super fast delivery"""
poor quality product sell,Price Sensitive,2,0.2879,"Cluster 2 (n=1736) labeled 'Price Sensitive' because its centroid is closest to that segment's prototype reviews (cosine=0.288). Supporting cues: charge(150), rs(122), price(78), money(49), offer(28). Frequent terms: order, service, blinkit, product, time, bad. Example review: ""poor"""
blinkit good extraordinary app price handling charge deliver charge take,Price Sensitive,2,0.2879,"Cluster 2 (n=1736) labeled 'Price Sensitive' because its centroid is closest to that segment's prototype reviews (cosine=0.288). Supporting cues: charge(150), rs(122), price(78), money(49), offer(28). Frequent terms: order, service, blinkit, product, time, bad. Example review: ""poor"""
fresh veggie thank full fresh veggie,Price Sensitive,2,0.2879,"Cluster 2 (n=1736) labeled 'Price Sensitive' because its centroid is closest to that segment's prototype reviews (cosine=0.288). Supporting cues: charge(150), rs(122), price(78), money(49), offer(28). Frequent terms: order, service, blinkit, product, time, bad. Example review: ""poor"""
good good,Explorers,0,0.0196,"Cluster 0 (n=348) labeled 'Explorers' because its centroid is closest to that segment's prototype reviews (cosine=0.020). Supporting cues: try(1). Frequent terms: service, delivery, blinkit, product, experience, like. Example review: ""good service"""
extreme level delivery,Routine Buyers,1,0.1454,"Cluster 1 (n=554) labeled 'Routine Buyers' because its centroid is closest to that segment's prototype reviews (cosine=0.145). Supporting cues: always(16), regular(1), usual(1). Frequent terms: delivery, fast, best, service, time, blinkit. Example review: ""super fast delivery"""
good product,Explorers,0,0.0196,"Cluster 0 (n=348) labeled 'Explorers' because its centroid is closest to that segment's prototype reviews (cosine=0.020). Supporting cues: try(1). Frequent terms: service, delivery, blinkit, product, experience, like. Example review: ""good service"""
support anything,Price Sensitive,2,0.2879,"Cluster 2 (n=1736) labeled 'Price Sensitive' because its centroid is closest to that segment's prototype reviews (cosine=0.288). Supporting cues: charge(150), rs(122), price(78), money(49), offer(28). Frequent terms: order, service, blinkit, product, time, bad. Example review: ""poor"""
raise complaint receive pasta packet torn mouse still neither get exchange refund,Price Sensitive,2,0.2879,"Cluster 2 (n=1736) labeled 'Price Sensitive' because its centroid is closest to that segment's prototype reviews (cosine=0.288). Supporting cues: charge(150), rs(122), price(78), money(49), offer(28). Frequent terms: order, service, blinkit, product, time, bad. Example review: ""poor"""
कम समझ,Price Sensitive,2,0.2879,"Cluster 2 (n=1736) labeled 'Price Sensitive' because its centroid is closest to that segment's prototype reviews (cosine=0.288). Supporting cues: charge(150), rs(122), price(78), money(49), offer(28). Frequent terms: order, service, blinkit, product, time, bad. Example review: ""poor"""
love way diliver blinkit,Price Sensitive,2,0.2879,"Cluster 2 (n=1736) labeled 'Price Sensitive' because its centroid is closest to that segment's prototype reviews (cosine=0.288). Supporting cues: charge(150), rs(122), price(78), money(49), offer(28). Frequent terms: order, service, blinkit, product, time, bad. Example review: ""poor"""
👍🥲,Price Sensitive,2,0.2879,"Cluster 2 (n=1736) labeled 'Price Sensitive' because its centroid is closest to that segment's prototype reviews (cosine=0.288). Supporting cues: charge(150), rs(122), price(78), money(49), offer(28). Frequent terms: order, service, blinkit, product, time, bad. Example review: ""poor"""
1 star isliye karte hain kyunki itni chijen mangane ke bad bhi ham koi discount coupon nahin milta,Price Sensitive,2,0.2879,"Cluster 2 (n=1736) labeled 'Price Sensitive' because its centroid is closest to that segment's prototype reviews (cosine=0.288). Supporting cues: charge(150), rs(122), price(78), money(49), offer(28). Frequent terms: order, service, blinkit, product, time, bad. Example review: ""poor"""
app savefavourites item option every time waste time search product,Price Sensitive,2,0.2879,"Cluster 2 (n=1736) labeled 'Price Sensitive' because its centroid is closest to that segment's prototype reviews (cosine=0.288). Supporting cues: charge(150), rs(122), price(78), money(49), offer(28). Frequent terms: order, service, blinkit, product, time, bad. Example review: ""poor"""
everything good,Explorers,0,0.0196,"Cluster 0 (n=348) labeled 'Explorers' because its centroid is closest to that segment's prototype reviews (cosine=0.020). Supporting cues: try(1). Frequent terms: service, delivery, blinkit, product, experience, like. Example review: ""good service"""
fast dilivery good,Explorers,0,0.0196,"Cluster 0 (n=348) labeled 'Explorers' because its centroid is closest to that segment's prototype reviews (cosine=0.020). Supporting cues: try(1). Frequent terms: service, delivery, blinkit, product, experience, like. Example review: ""good service"""
suddenly change free delivery value 99 199,Routine Buyers,1,0.1454,"Cluster 1 (n=554) labeled 'Routine Buyers' because its centroid is closest to that segment's prototype reviews (cosine=0.145). Supporting cues: always(16), regular(1), usual(1). Frequent terms: delivery, fast, best, service, time, blinkit. Example review: ""super fast delivery"""
best delivery app ever,Routine Buyers,1,0.1454,"Cluster 1 (n=554) labeled 'Routine Buyers' because its centroid is closest to that segment's prototype reviews (cosine=0.145). Supporting cues: always(16), regular(1), usual(1). Frequent terms: delivery, fast, best, service, time, blinkit. Example review: ""super fast delivery"""
nice shiuld get delivery time,Impulse Buyers,3,0.0584,"Cluster 3 (n=180) labeled 'Impulse Buyers' because its centroid is closest to that segment's prototype reviews (cosine=0.058). Supporting cues: quick(4), late night(1). Frequent terms: service, delivery, blinkit, work, much, time. Example review: ""nice"""
less snack findss still verity need,Price Sensitive,2,0.2879,"Cluster 2 (n=1736) labeled 'Price Sensitive' because its centroid is closest to that segment's prototype reviews (cosine=0.288). Supporting cues: charge(150), rs(122), price(78), money(49), offer(28). Frequent terms: order, service, blinkit, product, time, bad. Example review: ""poor"""
best app hai,Routine Buyers,1,0.1454,"Cluster 1 (n=554) labeled 'Routine Buyers' because its centroid is closest to that segment's prototype reviews (cosine=0.145). Supporting cues: always(16), regular(1), usual(1). Frequent terms: delivery, fast, best, service, time, blinkit. Example review: ""super fast delivery"""
old machine recived,Price Sensitive,2,0.2879,"Cluster 2 (n=1736) labeled 'Price Sensitive' because its centroid is closest to that segment's prototype reviews (cosine=0.288). Supporting cues: charge(150), rs(122), price(78), money(49), offer(28). Frequent terms: order, service, blinkit, product, time, bad. Example review: ""poor"""
nice best app world even time bag break thing get damaged day order opened bag soap bottle leak item soap 610 like blinkit,Price Sensitive,2,0.2879,"Cluster 2 (n=1736) labeled 'Price Sensitive' because its centroid is closest to that segment's prototype reviews (cosine=0.288). Supporting cues: charge(150), rs(122), price(78), money(49), offer(28). Frequent terms: order, service, blinkit, product, time, bad. Example review: ""poor"""
good,Explorers,0,0.0196,"Cluster 0 (n=348) labeled 'Explorers' because its centroid is closest to that segment's prototype reviews (cosine=0.020). Supporting cues: try(1). Frequent terms: service, delivery, blinkit, product, experience, like. Example review: ""good service"""
nice,Impulse Buyers,3,0.0584,"Cluster 3 (n=180) labeled 'Impulse Buyers' because its centroid is closest to that segment's prototype reviews (cosine=0.058). Supporting cues: quick(4), late night(1). Frequent terms: service, delivery, blinkit, work, much, time. Example review: ""nice"""
❤️,Price Sensitive,2,0.2879,"Cluster 2 (n=1736) labeled 'Price Sensitive' because its centroid is closest to that segment's prototype reviews (cosine=0.288). Supporting cues: charge(150), rs(122), price(78), money(49), offer(28). Frequent terms: order, service, blinkit, product, time, bad. Example review: ""poor"""
pathetic service recieved faulty product follow replacement policy mention product page instead say go service center please uninstall app order anything cheater,Price Sensitive,2,0.2879,"Cluster 2 (n=1736) labeled 'Price Sensitive' because its centroid is closest to that segment's prototype reviews (cosine=0.288). Supporting cues: charge(150), rs(122), price(78), money(49), offer(28). Frequent terms: order, service, blinkit, product, time, bad. Example review: ""poor"""
superrrrrrrrrrr,Price Sensitive,2,0.2879,"Cluster 2 (n=1736) labeled 'Price Sensitive' because its centroid is closest to that segment's prototype reviews (cosine=0.288). Supporting cues: charge(150), rs(122), price(78), money(49), offer(28). Frequent terms: order, service, blinkit, product, time, bad. Example review: ""poor"""
good service polyatomic good experience blinkit,Explorers,0,0.0196,"Cluster 0 (n=348) labeled 'Explorers' because its centroid is closest to that segment's prototype reviews (cosine=0.020). Supporting cues: try(1). Frequent terms: service, delivery, blinkit, product, experience, like. Example review: ""good service"""
best shopping aap,Routine Buyers,1,0.1454,"Cluster 1 (n=554) labeled 'Routine Buyers' because its centroid is closest to that segment's prototype reviews (cosine=0.145). Supporting cues: always(16), regular(1), usual(1). Frequent terms: delivery, fast, best, service, time, blinkit. Example review: ""super fast delivery"""
goodi order item 23rd july 26itms delivered money refund,Price Sensitive,2,0.2879,"Cluster 2 (n=1736) labeled 'Price Sensitive' because its centroid is closest to that segment's prototype reviews (cosine=0.288). Supporting cues: charge(150), rs(122), price(78), money(49), offer(28). Frequent terms: order, service, blinkit, product, time, bad. Example review: ""poor"""
helpful good,Explorers,0,0.0196,"Cluster 0 (n=348) labeled 'Explorers' because its centroid is closest to that segment's prototype reviews (cosine=0.020). Supporting cues: try(1). Frequent terms: service, delivery, blinkit, product, experience, like. Example review: ""good service"""
good experience every time,Price Sensitive,2,0.2879,"Cluster 2 (n=1736) labeled 'Price Sensitive' because its centroid is closest to that segment's prototype reviews (cosine=0.288). Supporting cues: charge(150), rs(122), price(78), money(49), offer(28). Frequent terms: order, service, blinkit, product, time, bad. Example review: ""poor"""
need order heat protector spray mistake hv order hair spray 72 hrs replacement policy request deny provision replacement bad part never recommend blinkit anyone people helpful bad experience,Price Sensitive,2,0.2879,"Cluster 2 (n=1736) labeled 'Price Sensitive' because its centroid is closest to that segment's prototype reviews (cosine=0.288). Supporting cues: charge(150), rs(122), price(78), money(49), offer(28). Frequent terms: order, service, blinkit, product, time, bad. Example review: ""poor"""
best offer,Routine Buyers,1,0.1454,"Cluster 1 (n=554) labeled 'Routine Buyers' because its centroid is closest to that segment's prototype reviews (cosine=0.145). Supporting cues: always(16), regular(1), usual(1). Frequent terms: delivery, fast, best, service, time, blinkit. Example review: ""super fast delivery"""
fast reasonable,Routine Buyers,1,0.1454,"Cluster 1 (n=554) labeled 'Routine Buyers' because its centroid is closest to that segment's prototype reviews (cosine=0.145). Supporting cues: always(16), regular(1), usual(1). Frequent terms: delivery, fast, best, service, time, blinkit. Example review: ""super fast delivery"""
best product,Routine Buyers,1,0.1454,"Cluster 1 (n=554) labeled 'Routine Buyers' because its centroid is closest to that segment's prototype reviews (cosine=0.145). Supporting cues: always(16), regular(1), usual(1). Frequent terms: delivery, fast, best, service, time, blinkit. Example review: ""super fast delivery"""
arrive home 5 minute,Price Sensitive,2,0.2879,"Cluster 2 (n=1736) labeled 'Price Sensitive' because its centroid is closest to that segment's prototype reviews (cosine=0.288). Supporting cues: charge(150), rs(122), price(78), money(49), offer(28). Frequent terms: order, service, blinkit, product, time, bad. Example review: ""poor"""
good app purchase everything deliver household item door step smile within minutesi happy service provide,Price Sensitive,2,0.2879,"Cluster 2 (n=1736) labeled 'Price Sensitive' because its centroid is closest to that segment's prototype reviews (cosine=0.288). Supporting cues: charge(150), rs(122), price(78), money(49), offer(28). Frequent terms: order, service, blinkit, product, time, bad. Example review: ""poor"""
ये3से,Price Sensitive,2,0.2879,"Cluster 2 (n=1736) labeled 'Price Sensitive' because its centroid is closest to that segment's prototype reviews (cosine=0.288). Supporting cues: charge(150), rs(122), price(78), money(49), offer(28). Frequent terms: order, service, blinkit, product, time, bad. Example review: ""poor"""
fast quick delivery,Routine Buyers,1,0.1454,"Cluster 1 (n=554) labeled 'Routine Buyers' because its centroid is closest to that segment's prototype reviews (cosine=0.145). Supporting cues: always(16), regular(1), usual(1). Frequent terms: delivery, fast, best, service, time, blinkit. Example review: ""super fast delivery"""
superb,Price Sensitive,2,0.2879,"Cluster 2 (n=1736) labeled 'Price Sensitive' because its centroid is closest to that segment's prototype reviews (cosine=0.288). Supporting cues: charge(150), rs(122), price(78), money(49), offer(28). Frequent terms: order, service, blinkit, product, time, bad. Example review: ""poor"""
please fast delivery,Routine Buyers,1,0.1454,"Cluster 1 (n=554) labeled 'Routine Buyers' because its centroid is closest to that segment's prototype reviews (cosine=0.145). Supporting cues: always(16), regular(1), usual(1). Frequent terms: delivery, fast, best, service, time, blinkit. Example review: ""super fast delivery"""
bad app order product product damage return back amount debit blinkit account promocode formate many time call didnt respond request also please dont install app,Price Sensitive,2,0.2879,"Cluster 2 (n=1736) labeled 'Price Sensitive' because its centroid is closest to that segment's prototype reviews (cosine=0.288). Supporting cues: charge(150), rs(122), price(78), money(49), offer(28). Frequent terms: order, service, blinkit, product, time, bad. Example review: ""poor"""
r unable call delivery partner,Routine Buyers,1,0.1454,"Cluster 1 (n=554) labeled 'Routine Buyers' because its centroid is closest to that segment's prototype reviews (cosine=0.145). Supporting cues: always(16), regular(1), usual(1). Frequent terms: delivery, fast, best, service, time, blinkit. Example review: ""super fast delivery"""
costly majboori hailot charge,Price Sensitive,2,0.2879,"Cluster 2 (n=1736) labeled 'Price Sensitive' because its centroid is closest to that segment's prototype reviews (cosine=0.288). Supporting cues: charge(150), rs(122), price(78), money(49), offer(28). Frequent terms: order, service, blinkit, product, time, bad. Example review: ""poor"""
𝙜𝙤𝙤𝙙,Price Sensitive,2,0.2879,"Cluster 2 (n=1736) labeled 'Price Sensitive' because its centroid is closest to that segment's prototype reviews (cosine=0.288). Supporting cues: charge(150), rs(122), price(78), money(49), offer(28). Frequent terms: order, service, blinkit, product, time, bad. Example review: ""poor"""
go see person alone app prove helpful app make quick arrangement buy good market,Price Sensitive,2,0.2879,"Cluster 2 (n=1736) labeled 'Price Sensitive' because its centroid is closest to that segment's prototype reviews (cosine=0.288). Supporting cues: charge(150), rs(122), price(78), money(49), offer(28). Frequent terms: order, service, blinkit, product, time, bad. Example review: ""poor"""
nice app short time minute delivery,Impulse Buyers,3,0.0584,"Cluster 3 (n=180) labeled 'Impulse Buyers' because its centroid is closest to that segment's prototype reviews (cosine=0.058). Supporting cues: quick(4), late night(1). Frequent terms: service, delivery, blinkit, work, much, time. Example review: ""nice"""
👍🏻👌🏻,Price Sensitive,2,0.2879,"Cluster 2 (n=1736) labeled 'Price Sensitive' because its centroid is closest to that segment's prototype reviews (cosine=0.288). Supporting cues: charge(150), rs(122), price(78), money(49), offer(28). Frequent terms: order, service, blinkit, product, time, bad. Example review: ""poor"""
good easy order charge much order like order milk coffee take,Price Sensitive,2,0.2879,"Cluster 2 (n=1736) labeled 'Price Sensitive' because its centroid is closest to that segment's prototype reviews (cosine=0.288). Supporting cues: charge(150), rs(122), price(78), money(49), offer(28). Frequent terms: order, service, blinkit, product, time, bad. Example review: ""poor"""
service good,Explorers,0,0.0196,"Cluster 0 (n=348) labeled 'Explorers' because its centroid is closest to that segment's prototype reviews (cosine=0.020). Supporting cues: try(1). Frequent terms: service, delivery, blinkit, product, experience, like. Example review: ""good service"""
goof,Price Sensitive,2,0.2879,"Cluster 2 (n=1736) labeled 'Price Sensitive' because its centroid is closest to that segment's prototype reviews (cosine=0.288). Supporting cues: charge(150), rs(122), price(78), money(49), offer(28). Frequent terms: order, service, blinkit, product, time, bad. Example review: ""poor"""
good easy blinkit,Explorers,0,0.0196,"Cluster 0 (n=348) labeled 'Explorers' because its centroid is closest to that segment's prototype reviews (cosine=0.020). Supporting cues: try(1). Frequent terms: service, delivery, blinkit, product, experience, like. Example review: ""good service"""
best delivery,Routine Buyers,1,0.1454,"Cluster 1 (n=554) labeled 'Routine Buyers' because its centroid is closest to that segment's prototype reviews (cosine=0.145). Supporting cues: always(16), regular(1), usual(1). Frequent terms: delivery, fast, best, service, time, blinkit. Example review: ""super fast delivery"""
voice command easy instead type senior citizen like 82 year young hand shake type hence prefer voice command type,Price Sensitive,2,0.2879,"Cluster 2 (n=1736) labeled 'Price Sensitive' because its centroid is closest to that segment's prototype reviews (cosine=0.288). Supporting cues: charge(150), rs(122), price(78), money(49), offer(28). Frequent terms: order, service, blinkit, product, time, bad. Example review: ""poor"""
wait,Price Sensitive,2,0.2879,"Cluster 2 (n=1736) labeled 'Price Sensitive' because its centroid is closest to that segment's prototype reviews (cosine=0.288). Supporting cues: charge(150), rs(122), price(78), money(49), offer(28). Frequent terms: order, service, blinkit, product, time, bad. Example review: ""poor"""
instant good time disappoints,Explorers,0,0.0196,"Cluster 0 (n=348) labeled 'Explorers' because its centroid is closest to that segment's prototype reviews (cosine=0.020). Supporting cues: try(1). Frequent terms: service, delivery, blinkit, product, experience, like. Example review: ""good service"""
free delivery available,Routine Buyers,1,0.1454,"Cluster 1 (n=554) labeled 'Routine Buyers' because its centroid is closest to that segment's prototype reviews (cosine=0.145). Supporting cues: always(16), regular(1), usual(1). Frequent terms: delivery, fast, best, service, time, blinkit. Example review: ""super fast delivery"""
best service really fast delivery person polite,Routine Buyers,1,0.1454,"Cluster 1 (n=554) labeled 'Routine Buyers' because its centroid is closest to that segment's prototype reviews (cosine=0.145). Supporting cues: always(16), regular(1), usual(1). Frequent terms: delivery, fast, best, service, time, blinkit. Example review: ""super fast delivery"""
quality vegetable electronics product could improve,Price Sensitive,2,0.2879,"Cluster 2 (n=1736) labeled 'Price Sensitive' because its centroid is closest to that segment's prototype reviews (cosine=0.288). Supporting cues: charge(150), rs(122), price(78), money(49), offer(28). Frequent terms: order, service, blinkit, product, time, bad. Example review: ""poor"""
nice app,Impulse Buyers,3,0.0584,"Cluster 3 (n=180) labeled 'Impulse Buyers' because its centroid is closest to that segment's prototype reviews (cosine=0.058). Supporting cues: quick(4), late night(1). Frequent terms: service, delivery, blinkit, work, much, time. Example review: ""nice"""
nice facility,Impulse Buyers,3,0.0584,"Cluster 3 (n=180) labeled 'Impulse Buyers' because its centroid is closest to that segment's prototype reviews (cosine=0.058). Supporting cues: quick(4), late night(1). Frequent terms: service, delivery, blinkit, work, much, time. Example review: ""nice"""
vari good,Explorers,0,0.0196,"Cluster 0 (n=348) labeled 'Explorers' because its centroid is closest to that segment's prototype reviews (cosine=0.020). Supporting cues: try(1). Frequent terms: service, delivery, blinkit, product, experience, like. Example review: ""good service"""
bast aap,Price Sensitive,2,0.2879,"Cluster 2 (n=1736) labeled 'Price Sensitive' because its centroid is closest to that segment's prototype reviews (cosine=0.288). Supporting cues: charge(150), rs(122), price(78), money(49), offer(28). Frequent terms: order, service, blinkit, product, time, bad. Example review: ""poor"""
bad app,Price Sensitive,2,0.2879,"Cluster 2 (n=1736) labeled 'Price Sensitive' because its centroid is closest to that segment's prototype reviews (cosine=0.288). Supporting cues: charge(150), rs(122), price(78), money(49), offer(28). Frequent terms: order, service, blinkit, product, time, bad. Example review: ""poor"""
bad good waste money,Explorers,0,0.0196,"Cluster 0 (n=348) labeled 'Explorers' because its centroid is closest to that segment's prototype reviews (cosine=0.020). Supporting cues: try(1). Frequent terms: service, delivery, blinkit, product, experience, like. Example review: ""good service"""
today order kamal kakadi bad extremely dirty,Price Sensitive,2,0.2879,"Cluster 2 (n=1736) labeled 'Price Sensitive' because its centroid is closest to that segment's prototype reviews (cosine=0.288). Supporting cues: charge(150), rs(122), price(78), money(49), offer(28). Frequent terms: order, service, blinkit, product, time, bad. Example review: ""poor"""
work full app,Price Sensitive,2,0.2879,"Cluster 2 (n=1736) labeled 'Price Sensitive' because its centroid is closest to that segment's prototype reviews (cosine=0.288). Supporting cues: charge(150), rs(122), price(78), money(49), offer(28). Frequent terms: order, service, blinkit, product, time, bad. Example review: ""poor"""
good,Explorers,0,0.0196,"Cluster 0 (n=348) labeled 'Explorers' because its centroid is closest to that segment's prototype reviews (cosine=0.020). Supporting cues: try(1). Frequent terms: service, delivery, blinkit, product, experience, like. Example review: ""good service"""
சூப்பர்,Price Sensitive,2,0.2879,"Cluster 2 (n=1736) labeled 'Price Sensitive' because its centroid is closest to that segment's prototype reviews (cosine=0.288). Supporting cues: charge(150), rs(122), price(78), money(49), offer(28). Frequent terms: order, service, blinkit, product, time, bad. Example review: ""poor"""
ret bhut mahgi h discount kijiye,Price Sensitive,2,0.2879,"Cluster 2 (n=1736) labeled 'Price Sensitive' because its centroid is closest to that segment's prototype reviews (cosine=0.288). Supporting cues: charge(150), rs(122), price(78), money(49), offer(28). Frequent terms: order, service, blinkit, product, time, bad. Example review: ""poor"""
bad experience item miss even though product stock show customer app ridiculous,Price Sensitive,2,0.2879,"Cluster 2 (n=1736) labeled 'Price Sensitive' because its centroid is closest to that segment's prototype reviews (cosine=0.288). Supporting cues: charge(150), rs(122), price(78), money(49), offer(28). Frequent terms: order, service, blinkit, product, time, bad. Example review: ""poor"""
would love product option add later otherwise app userfriendly smooth,Price Sensitive,2,0.2879,"Cluster 2 (n=1736) labeled 'Price Sensitive' because its centroid is closest to that segment's prototype reviews (cosine=0.288). Supporting cues: charge(150), rs(122), price(78), money(49), offer(28). Frequent terms: order, service, blinkit, product, time, bad. Example review: ""poor"""
add option expect expiry date face problem past 1 year,Price Sensitive,2,0.2879,"Cluster 2 (n=1736) labeled 'Price Sensitive' because its centroid is closest to that segment's prototype reviews (cosine=0.288). Supporting cues: charge(150), rs(122), price(78), money(49), offer(28). Frequent terms: order, service, blinkit, product, time, bad. Example review: ""poor"""
product sahi jaldi ate hai delivery man ka behaviour bhi bohot acha hota hai,Price Sensitive,2,0.2879,"Cluster 2 (n=1736) labeled 'Price Sensitive' because its centroid is closest to that segment's prototype reviews (cosine=0.288). Supporting cues: charge(150), rs(122), price(78), money(49), offer(28). Frequent terms: order, service, blinkit, product, time, bad. Example review: ""poor"""
good home survice,Explorers,0,0.0196,"Cluster 0 (n=348) labeled 'Explorers' because its centroid is closest to that segment's prototype reviews (cosine=0.020). Supporting cues: try(1). Frequent terms: service, delivery, blinkit, product, experience, like. Example review: ""good service"""
okay,Price Sensitive,2,0.2879,"Cluster 2 (n=1736) labeled 'Price Sensitive' because its centroid is closest to that segment's prototype reviews (cosine=0.288). Supporting cues: charge(150), rs(122), price(78), money(49), offer(28). Frequent terms: order, service, blinkit, product, time, bad. Example review: ""poor"""
prompt quick service enjoy order,Price Sensitive,2,0.2879,"Cluster 2 (n=1736) labeled 'Price Sensitive' because its centroid is closest to that segment's prototype reviews (cosine=0.288). Supporting cues: charge(150), rs(122), price(78), money(49), offer(28). Frequent terms: order, service, blinkit, product, time, bad. Example review: ""poor"""
truly indias last minute app thank blinkit,Price Sensitive,2,0.2879,"Cluster 2 (n=1736) labeled 'Price Sensitive' because its centroid is closest to that segment's prototype reviews (cosine=0.288). Supporting cues: charge(150), rs(122), price(78), money(49), offer(28). Frequent terms: order, service, blinkit, product, time, bad. Example review: ""poor"""
great could variety,Price Sensitive,2,0.2879,"Cluster 2 (n=1736) labeled 'Price Sensitive' because its centroid is closest to that segment's prototype reviews (cosine=0.288). Supporting cues: charge(150), rs(122), price(78), money(49), offer(28). Frequent terms: order, service, blinkit, product, time, bad. Example review: ""poor"""
fast service get blinkit come immense relief early morning local kirana shop close commitment timely service real thing importantly service rapidly spread india great help come small town,Price Sensitive,2,0.2879,"Cluster 2 (n=1736) labeled 'Price Sensitive' because its centroid is closest to that segment's prototype reviews (cosine=0.288). Supporting cues: charge(150), rs(122), price(78), money(49), offer(28). Frequent terms: order, service, blinkit, product, time, bad. Example review: ""poor"""
amaze experience shop close distance blinkit available,Price Sensitive,2,0.2879,"Cluster 2 (n=1736) labeled 'Price Sensitive' because its centroid is closest to that segment's prototype reviews (cosine=0.288). Supporting cues: charge(150), rs(122), price(78), money(49), offer(28). Frequent terms: order, service, blinkit, product, time, bad. Example review: ""poor"""
day day face bad experience blinkeit seriously face delay ill uninstall blink download zepto,Price Sensitive,2,0.2879,"Cluster 2 (n=1736) labeled 'Price Sensitive' because its centroid is closest to that segment's prototype reviews (cosine=0.288). Supporting cues: charge(150), rs(122), price(78), money(49), offer(28). Frequent terms: order, service, blinkit, product, time, bad. Example review: ""poor"""
apne aap order cancel karne wale,Price Sensitive,2,0.2879,"Cluster 2 (n=1736) labeled 'Price Sensitive' because its centroid is closest to that segment's prototype reviews (cosine=0.288). Supporting cues: charge(150), rs(122), price(78), money(49), offer(28). Frequent terms: order, service, blinkit, product, time, bad. Example review: ""poor"""
waw super,Price Sensitive,2,0.2879,"Cluster 2 (n=1736) labeled 'Price Sensitive' because its centroid is closest to that segment's prototype reviews (cosine=0.288). Supporting cues: charge(150), rs(122), price(78), money(49), offer(28). Frequent terms: order, service, blinkit, product, time, bad. Example review: ""poor"""
excellent service,Price Sensitive,2,0.2879,"Cluster 2 (n=1736) labeled 'Price Sensitive' because its centroid is closest to that segment's prototype reviews (cosine=0.288). Supporting cues: charge(150), rs(122), price(78), money(49), offer(28). Frequent terms: order, service, blinkit, product, time, bad. Example review: ""poor"""
blinkit dont even follow instruction,Price Sensitive,2,0.2879,"Cluster 2 (n=1736) labeled 'Price Sensitive' because its centroid is closest to that segment's prototype reviews (cosine=0.288). Supporting cues: charge(150), rs(122), price(78), money(49), offer(28). Frequent terms: order, service, blinkit, product, time, bad. Example review: ""poor"""
stay small city get many item many good brand blink come everything available best part deliver 8mins early happy service,Price Sensitive,2,0.2879,"Cluster 2 (n=1736) labeled 'Price Sensitive' because its centroid is closest to that segment's prototype reviews (cosine=0.288). Supporting cues: charge(150), rs(122), price(78), money(49), offer(28). Frequent terms: order, service, blinkit, product, time, bad. Example review: ""poor"""
best fast service thanks,Routine Buyers,1,0.1454,"Cluster 1 (n=554) labeled 'Routine Buyers' because its centroid is closest to that segment's prototype reviews (cosine=0.145). Supporting cues: always(16), regular(1), usual(1). Frequent terms: delivery, fast, best, service, time, blinkit. Example review: ""super fast delivery"""
great delivery app far,Routine Buyers,1,0.1454,"Cluster 1 (n=554) labeled 'Routine Buyers' because its centroid is closest to that segment's prototype reviews (cosine=0.145). Supporting cues: always(16), regular(1), usual(1). Frequent terms: delivery, fast, best, service, time, blinkit. Example review: ""super fast delivery"""
good sarvice,Explorers,0,0.0196,"Cluster 0 (n=348) labeled 'Explorers' because its centroid is closest to that segment's prototype reviews (cosine=0.020). Supporting cues: try(1). Frequent terms: service, delivery, blinkit, product, experience, like. Example review: ""good service"""
super superb,Price Sensitive,2,0.2879,"Cluster 2 (n=1736) labeled 'Price Sensitive' because its centroid is closest to that segment's prototype reviews (cosine=0.288). Supporting cues: charge(150), rs(122), price(78), money(49), offer(28). Frequent terms: order, service, blinkit, product, time, bad. Example review: ""poor"""
medicine dr instant call prescription highly appreciable 31st july 26,Price Sensitive,2,0.2879,"Cluster 2 (n=1736) labeled 'Price Sensitive' because its centroid is closest to that segment's prototype reviews (cosine=0.288). Supporting cues: charge(150), rs(122), price(78), money(49), offer(28). Frequent terms: order, service, blinkit, product, time, bad. Example review: ""poor"""
best service app,Routine Buyers,1,0.1454,"Cluster 1 (n=554) labeled 'Routine Buyers' because its centroid is closest to that segment's prototype reviews (cosine=0.145). Supporting cues: always(16), regular(1), usual(1). Frequent terms: delivery, fast, best, service, time, blinkit. Example review: ""super fast delivery"""
bad,Price Sensitive,2,0.2879,"Cluster 2 (n=1736) labeled 'Price Sensitive' because its centroid is closest to that segment's prototype reviews (cosine=0.288). Supporting cues: charge(150), rs(122), price(78), money(49), offer(28). Frequent terms: order, service, blinkit, product, time, bad. Example review: ""poor"""
best platform help night 3 4,Routine Buyers,1,0.1454,"Cluster 1 (n=554) labeled 'Routine Buyers' because its centroid is closest to that segment's prototype reviews (cosine=0.145). Supporting cues: always(16), regular(1), usual(1). Frequent terms: delivery, fast, best, service, time, blinkit. Example review: ""super fast delivery"""
delivery fast,Routine Buyers,1,0.1454,"Cluster 1 (n=554) labeled 'Routine Buyers' because its centroid is closest to that segment's prototype reviews (cosine=0.145). Supporting cues: always(16), regular(1), usual(1). Frequent terms: delivery, fast, best, service, time, blinkit. Example review: ""super fast delivery"""
offer blinkit extra charge handle newly add late fee chargesin think instamart far well blinkit,Price Sensitive,2,0.2879,"Cluster 2 (n=1736) labeled 'Price Sensitive' because its centroid is closest to that segment's prototype reviews (cosine=0.288). Supporting cues: charge(150), rs(122), price(78), money(49), offer(28). Frequent terms: order, service, blinkit, product, time, bad. Example review: ""poor"""
add much extra charge zepto best,Routine Buyers,1,0.1454,"Cluster 1 (n=554) labeled 'Routine Buyers' because its centroid is closest to that segment's prototype reviews (cosine=0.145). Supporting cues: always(16), regular(1), usual(1). Frequent terms: delivery, fast, best, service, time, blinkit. Example review: ""super fast delivery"""
wan na experience blinkit kindly avail service town goalpara assam,Price Sensitive,2,0.2879,"Cluster 2 (n=1736) labeled 'Price Sensitive' because its centroid is closest to that segment's prototype reviews (cosine=0.288). Supporting cues: charge(150), rs(122), price(78), money(49), offer(28). Frequent terms: order, service, blinkit, product, time, bad. Example review: ""poor"""
bad service ever see life,Price Sensitive,2,0.2879,"Cluster 2 (n=1736) labeled 'Price Sensitive' because its centroid is closest to that segment's prototype reviews (cosine=0.288). Supporting cues: charge(150), rs(122), price(78), money(49), offer(28). Frequent terms: order, service, blinkit, product, time, bad. Example review: ""poor"""
good app,Explorers,0,0.0196,"Cluster 0 (n=348) labeled 'Explorers' because its centroid is closest to that segment's prototype reviews (cosine=0.020). Supporting cues: try(1). Frequent terms: service, delivery, blinkit, product, experience, like. Example review: ""good service"""
thank u,Price Sensitive,2,0.2879,"Cluster 2 (n=1736) labeled 'Price Sensitive' because its centroid is closest to that segment's prototype reviews (cosine=0.288). Supporting cues: charge(150), rs(122), price(78), money(49), offer(28). Frequent terms: order, service, blinkit, product, time, bad. Example review: ""poor"""
please add amazon pay later payment order nearly 2000 plus order zepto last month take little bit charge please integrate amazon pay later,Price Sensitive,2,0.2879,"Cluster 2 (n=1736) labeled 'Price Sensitive' because its centroid is closest to that segment's prototype reviews (cosine=0.288). Supporting cues: charge(150), rs(122), price(78), money(49), offer(28). Frequent terms: order, service, blinkit, product, time, bad. Example review: ""poor"""
dont like blinkit service,Price Sensitive,2,0.2879,"Cluster 2 (n=1736) labeled 'Price Sensitive' because its centroid is closest to that segment's prototype reviews (cosine=0.288). Supporting cues: charge(150), rs(122), price(78), money(49), offer(28). Frequent terms: order, service, blinkit, product, time, bad. Example review: ""poor"""
item miss order customer support didnt even try help address issue end chat say customer support hamper delivery partner block number poor service wont advise anyone use app didnt even try bad service blinkit,Price Sensitive,2,0.2879,"Cluster 2 (n=1736) labeled 'Price Sensitive' because its centroid is closest to that segment's prototype reviews (cosine=0.288). Supporting cues: charge(150), rs(122), price(78), money(49), offer(28). Frequent terms: order, service, blinkit, product, time, bad. Example review: ""poor"""
get response feedback zero 100,Price Sensitive,2,0.2879,"Cluster 2 (n=1736) labeled 'Price Sensitive' because its centroid is closest to that segment's prototype reviews (cosine=0.288). Supporting cues: charge(150), rs(122), price(78), money(49), offer(28). Frequent terms: order, service, blinkit, product, time, bad. Example review: ""poor"""
every time receive unfresh item bakery product specially bread,Price Sensitive,2,0.2879,"Cluster 2 (n=1736) labeled 'Price Sensitive' because its centroid is closest to that segment's prototype reviews (cosine=0.288). Supporting cues: charge(150), rs(122), price(78), money(49), offer(28). Frequent terms: order, service, blinkit, product, time, bad. Example review: ""poor"""
ree bhai correct time bhejta hai bhai love ree,Price Sensitive,2,0.2879,"Cluster 2 (n=1736) labeled 'Price Sensitive' because its centroid is closest to that segment's prototype reviews (cosine=0.288). Supporting cues: charge(150), rs(122), price(78), money(49), offer(28). Frequent terms: order, service, blinkit, product, time, bad. Example review: ""poor"""
useful app fast delivery save time,Routine Buyers,1,0.1454,"Cluster 1 (n=554) labeled 'Routine Buyers' because its centroid is closest to that segment's prototype reviews (cosine=0.145). Supporting cues: always(16), regular(1), usual(1). Frequent terms: delivery, fast, best, service, time, blinkit. Example review: ""super fast delivery"""
well pack late night support also awesome thanks blinkit team,Price Sensitive,2,0.2879,"Cluster 2 (n=1736) labeled 'Price Sensitive' because its centroid is closest to that segment's prototype reviews (cosine=0.288). Supporting cues: charge(150), rs(122), price(78), money(49), offer(28). Frequent terms: order, service, blinkit, product, time, bad. Example review: ""poor"""
mega deta hai bohot,Price Sensitive,2,0.2879,"Cluster 2 (n=1736) labeled 'Price Sensitive' because its centroid is closest to that segment's prototype reviews (cosine=0.288). Supporting cues: charge(150), rs(122), price(78), money(49), offer(28). Frequent terms: order, service, blinkit, product, time, bad. Example review: ""poor"""
ordered chest mount suppose universal size strap one receive tiny aqsa customer service wasnt helpful blinkit couldnt resolve issue didnt value time money,Price Sensitive,2,0.2879,"Cluster 2 (n=1736) labeled 'Price Sensitive' because its centroid is closest to that segment's prototype reviews (cosine=0.288). Supporting cues: charge(150), rs(122), price(78), money(49), offer(28). Frequent terms: order, service, blinkit, product, time, bad. Example review: ""poor"""
nice work fast delivery u purchase everything easy fast,Routine Buyers,1,0.1454,"Cluster 1 (n=554) labeled 'Routine Buyers' because its centroid is closest to that segment's prototype reviews (cosine=0.145). Supporting cues: always(16), regular(1), usual(1). Frequent terms: delivery, fast, best, service, time, blinkit. Example review: ""super fast delivery"""
bad payment method try 50 time ordering payment method nit work,Price Sensitive,2,0.2879,"Cluster 2 (n=1736) labeled 'Price Sensitive' because its centroid is closest to that segment's prototype reviews (cosine=0.288). Supporting cues: charge(150), rs(122), price(78), money(49), offer(28). Frequent terms: order, service, blinkit, product, time, bad. Example review: ""poor"""
remove ordered item add delivery charge late night fee convince charge show billing amount,Price Sensitive,2,0.2879,"Cluster 2 (n=1736) labeled 'Price Sensitive' because its centroid is closest to that segment's prototype reviews (cosine=0.288). Supporting cues: charge(150), rs(122), price(78), money(49), offer(28). Frequent terms: order, service, blinkit, product, time, bad. Example review: ""poor"""
doubt app provide snack grocery electronic many item time 15 20 minute buti hear 5 star ambulance service blinkit zero fee write review guy support try app,Price Sensitive,2,0.2879,"Cluster 2 (n=1736) labeled 'Price Sensitive' because its centroid is closest to that segment's prototype reviews (cosine=0.288). Supporting cues: charge(150), rs(122), price(78), money(49), offer(28). Frequent terms: order, service, blinkit, product, time, bad. Example review: ""poor"""
nise,Price Sensitive,2,0.2879,"Cluster 2 (n=1736) labeled 'Price Sensitive' because its centroid is closest to that segment's prototype reviews (cosine=0.288). Supporting cues: charge(150), rs(122), price(78), money(49), offer(28). Frequent terms: order, service, blinkit, product, time, bad. Example review: ""poor"""
best,Routine Buyers,1,0.1454,"Cluster 1 (n=554) labeled 'Routine Buyers' because its centroid is closest to that segment's prototype reviews (cosine=0.145). Supporting cues: always(16), regular(1), usual(1). Frequent terms: delivery, fast, best, service, time, blinkit. Example review: ""super fast delivery"""
order receive,Price Sensitive,2,0.2879,"Cluster 2 (n=1736) labeled 'Price Sensitive' because its centroid is closest to that segment's prototype reviews (cosine=0.288). Supporting cues: charge(150), rs(122), price(78), money(49), offer(28). Frequent terms: order, service, blinkit, product, time, bad. Example review: ""poor"""
first delivers damage product doesnt exchange even urgency,Price Sensitive,2,0.2879,"Cluster 2 (n=1736) labeled 'Price Sensitive' because its centroid is closest to that segment's prototype reviews (cosine=0.288). Supporting cues: charge(150), rs(122), price(78), money(49), offer(28). Frequent terms: order, service, blinkit, product, time, bad. Example review: ""poor"""
exilent,Price Sensitive,2,0.2879,"Cluster 2 (n=1736) labeled 'Price Sensitive' because its centroid is closest to that segment's prototype reviews (cosine=0.288). Supporting cues: charge(150), rs(122), price(78), money(49), offer(28). Frequent terms: order, service, blinkit, product, time, bad. Example review: ""poor"""
app interested app delevery charge high bill also high,Price Sensitive,2,0.2879,"Cluster 2 (n=1736) labeled 'Price Sensitive' because its centroid is closest to that segment's prototype reviews (cosine=0.288). Supporting cues: charge(150), rs(122), price(78), money(49), offer(28). Frequent terms: order, service, blinkit, product, time, bad. Example review: ""poor"""
satisfied,Price Sensitive,2,0.2879,"Cluster 2 (n=1736) labeled 'Price Sensitive' because its centroid is closest to that segment's prototype reviews (cosine=0.288). Supporting cues: charge(150), rs(122), price(78), money(49), offer(28). Frequent terms: order, service, blinkit, product, time, bad. Example review: ""poor"""
agar koi online pement na chalata ho koi order nhi kar sakta 12 bje ke bad ya online na ho,Price Sensitive,2,0.2879,"Cluster 2 (n=1736) labeled 'Price Sensitive' because its centroid is closest to that segment's prototype reviews (cosine=0.288). Supporting cues: charge(150), rs(122), price(78), money(49), offer(28). Frequent terms: order, service, blinkit, product, time, bad. Example review: ""poor"""
dilivery waste product,Price Sensitive,2,0.2879,"Cluster 2 (n=1736) labeled 'Price Sensitive' because its centroid is closest to that segment's prototype reviews (cosine=0.288). Supporting cues: charge(150), rs(122), price(78), money(49), offer(28). Frequent terms: order, service, blinkit, product, time, bad. Example review: ""poor"""
good product quality service fast,Price Sensitive,2,0.2879,"Cluster 2 (n=1736) labeled 'Price Sensitive' because its centroid is closest to that segment's prototype reviews (cosine=0.288). Supporting cues: charge(150), rs(122), price(78), money(49), offer(28). Frequent terms: order, service, blinkit, product, time, bad. Example review: ""poor"""
bad app recommend use money waste customer service worst experience,Price Sensitive,2,0.2879,"Cluster 2 (n=1736) labeled 'Price Sensitive' because its centroid is closest to that segment's prototype reviews (cosine=0.288). Supporting cues: charge(150), rs(122), price(78), money(49), offer(28). Frequent terms: order, service, blinkit, product, time, bad. Example review: ""poor"""
har problem ka solution blinkit,Price Sensitive,2,0.2879,"Cluster 2 (n=1736) labeled 'Price Sensitive' because its centroid is closest to that segment's prototype reviews (cosine=0.288). Supporting cues: charge(150), rs(122), price(78), money(49), offer(28). Frequent terms: order, service, blinkit, product, time, bad. Example review: ""poor"""
experience bad service quality food product last month guy give fake empathy blinkit become pathetic day day,Price Sensitive,2,0.2879,"Cluster 2 (n=1736) labeled 'Price Sensitive' because its centroid is closest to that segment's prototype reviews (cosine=0.288). Supporting cues: charge(150), rs(122), price(78), money(49), offer(28). Frequent terms: order, service, blinkit, product, time, bad. Example review: ""poor"""
order samene kux order kiya mere pas aaya kux h,Price Sensitive,2,0.2879,"Cluster 2 (n=1736) labeled 'Price Sensitive' because its centroid is closest to that segment's prototype reviews (cosine=0.288). Supporting cues: charge(150), rs(122), price(78), money(49), offer(28). Frequent terms: order, service, blinkit, product, time, bad. Example review: ""poor"""
terrible experience place order 1106 pm cancel 1150 pm state couldnt complete completely ridiculous order fulfil basic courtesy inform customer within 15 minute instead waste nearly hour even 44 minute completely unreliable service,Price Sensitive,2,0.2879,"Cluster 2 (n=1736) labeled 'Price Sensitive' because its centroid is closest to that segment's prototype reviews (cosine=0.288). Supporting cues: charge(150), rs(122), price(78), money(49), offer(28). Frequent terms: order, service, blinkit, product, time, bad. Example review: ""poor"""
veer good aap,Explorers,0,0.0196,"Cluster 0 (n=348) labeled 'Explorers' because its centroid is closest to that segment's prototype reviews (cosine=0.020). Supporting cues: try(1). Frequent terms: service, delivery, blinkit, product, experience, like. Example review: ""good service"""
nice,Impulse Buyers,3,0.0584,"Cluster 3 (n=180) labeled 'Impulse Buyers' because its centroid is closest to that segment's prototype reviews (cosine=0.058). Supporting cues: quick(4), late night(1). Frequent terms: service, delivery, blinkit, work, much, time. Example review: ""nice"""
great fast service,Routine Buyers,1,0.1454,"Cluster 1 (n=554) labeled 'Routine Buyers' because its centroid is closest to that segment's prototype reviews (cosine=0.145). Supporting cues: always(16), regular(1), usual(1). Frequent terms: delivery, fast, best, service, time, blinkit. Example review: ""super fast delivery"""
best use easy app face,Routine Buyers,1,0.1454,"Cluster 1 (n=554) labeled 'Routine Buyers' because its centroid is closest to that segment's prototype reviews (cosine=0.145). Supporting cues: always(16), regular(1), usual(1). Frequent terms: delivery, fast, best, service, time, blinkit. Example review: ""super fast delivery"""
bad service wrong product delever,Price Sensitive,2,0.2879,"Cluster 2 (n=1736) labeled 'Price Sensitive' because its centroid is closest to that segment's prototype reviews (cosine=0.288). Supporting cues: charge(150), rs(122), price(78), money(49), offer(28). Frequent terms: order, service, blinkit, product, time, bad. Example review: ""poor"""
bad delivery,Routine Buyers,1,0.1454,"Cluster 1 (n=554) labeled 'Routine Buyers' because its centroid is closest to that segment's prototype reviews (cosine=0.145). Supporting cues: always(16), regular(1), usual(1). Frequent terms: delivery, fast, best, service, time, blinkit. Example review: ""super fast delivery"""
firstly want thank saravanan delivery sir thank much kind tiruppur railway station saravanan sir emergency sichwation need or fastly deliver order thank much date 30072026,Price Sensitive,2,0.2879,"Cluster 2 (n=1736) labeled 'Price Sensitive' because its centroid is closest to that segment's prototype reviews (cosine=0.288). Supporting cues: charge(150), rs(122), price(78), money(49), offer(28). Frequent terms: order, service, blinkit, product, time, bad. Example review: ""poor"""
print ka kaam bhi chalu karo himmatnagar,Price Sensitive,2,0.2879,"Cluster 2 (n=1736) labeled 'Price Sensitive' because its centroid is closest to that segment's prototype reviews (cosine=0.288). Supporting cues: charge(150), rs(122), price(78), money(49), offer(28). Frequent terms: order, service, blinkit, product, time, bad. Example review: ""poor"""
❤️🙂,Price Sensitive,2,0.2879,"Cluster 2 (n=1736) labeled 'Price Sensitive' because its centroid is closest to that segment's prototype reviews (cosine=0.288). Supporting cues: charge(150), rs(122), price(78), money(49), offer(28). Frequent terms: order, service, blinkit, product, time, bad. Example review: ""poor"""
good fast service,Routine Buyers,1,0.1454,"Cluster 1 (n=554) labeled 'Routine Buyers' because its centroid is closest to that segment's prototype reviews (cosine=0.145). Supporting cues: always(16), regular(1), usual(1). Frequent terms: delivery, fast, best, service, time, blinkit. Example review: ""super fast delivery"""
waste,Price Sensitive,2,0.2879,"Cluster 2 (n=1736) labeled 'Price Sensitive' because its centroid is closest to that segment's prototype reviews (cosine=0.288). Supporting cues: charge(150), rs(122), price(78), money(49), offer(28). Frequent terms: order, service, blinkit, product, time, bad. Example review: ""poor"""
good service add product also price must low competitor like jio mart dmart,Price Sensitive,2,0.2879,"Cluster 2 (n=1736) labeled 'Price Sensitive' because its centroid is closest to that segment's prototype reviews (cosine=0.288). Supporting cues: charge(150), rs(122), price(78), money(49), offer(28). Frequent terms: order, service, blinkit, product, time, bad. Example review: ""poor"""
nice delivery mid night near biharsharif delivery late,Routine Buyers,1,0.1454,"Cluster 1 (n=554) labeled 'Routine Buyers' because its centroid is closest to that segment's prototype reviews (cosine=0.145). Supporting cues: always(16), regular(1), usual(1). Frequent terms: delivery, fast, best, service, time, blinkit. Example review: ""super fast delivery"""
best work hard,Routine Buyers,1,0.1454,"Cluster 1 (n=554) labeled 'Routine Buyers' because its centroid is closest to that segment's prototype reviews (cosine=0.145). Supporting cues: always(16), regular(1), usual(1). Frequent terms: delivery, fast, best, service, time, blinkit. Example review: ""super fast delivery"""
highly satisfied best thing like blinkit thatwhen ever order medicine doctor call immediately ask ordered tha medicine thankyou blinkit,Price Sensitive,2,0.2879,"Cluster 2 (n=1736) labeled 'Price Sensitive' because its centroid is closest to that segment's prototype reviews (cosine=0.288). Supporting cues: charge(150), rs(122), price(78), money(49), offer(28). Frequent terms: order, service, blinkit, product, time, bad. Example review: ""poor"""
super fast delivery im happy,Routine Buyers,1,0.1454,"Cluster 1 (n=554) labeled 'Routine Buyers' because its centroid is closest to that segment's prototype reviews (cosine=0.145). Supporting cues: always(16), regular(1), usual(1). Frequent terms: delivery, fast, best, service, time, blinkit. Example review: ""super fast delivery"""
fast delivery,Routine Buyers,1,0.1454,"Cluster 1 (n=554) labeled 'Routine Buyers' because its centroid is closest to that segment's prototype reviews (cosine=0.145). Supporting cues: always(16), regular(1), usual(1). Frequent terms: delivery, fast, best, service, time, blinkit. Example review: ""super fast delivery"""
cash delivery,Routine Buyers,1,0.1454,"Cluster 1 (n=554) labeled 'Routine Buyers' because its centroid is closest to that segment's prototype reviews (cosine=0.145). Supporting cues: always(16), regular(1), usual(1). Frequent terms: delivery, fast, best, service, time, blinkit. Example review: ""super fast delivery"""
helpful,Price Sensitive,2,0.2879,"Cluster 2 (n=1736) labeled 'Price Sensitive' because its centroid is closest to that segment's prototype reviews (cosine=0.288). Supporting cues: charge(150), rs(122), price(78), money(49), offer(28). Frequent terms: order, service, blinkit, product, time, bad. Example review: ""poor"""
delivery quick,Routine Buyers,1,0.1454,"Cluster 1 (n=554) labeled 'Routine Buyers' because its centroid is closest to that segment's prototype reviews (cosine=0.145). Supporting cues: always(16), regular(1), usual(1). Frequent terms: delivery, fast, best, service, time, blinkit. Example review: ""super fast delivery"""
always 23 high price local nearest shop,Price Sensitive,2,0.2879,"Cluster 2 (n=1736) labeled 'Price Sensitive' because its centroid is closest to that segment's prototype reviews (cosine=0.288). Supporting cues: charge(150), rs(122), price(78), money(49), offer(28). Frequent terms: order, service, blinkit, product, time, bad. Example review: ""poor"""
bad deliver executive bad customer service reason two star availability area,Price Sensitive,2,0.2879,"Cluster 2 (n=1736) labeled 'Price Sensitive' because its centroid is closest to that segment's prototype reviews (cosine=0.288). Supporting cues: charge(150), rs(122), price(78), money(49), offer(28). Frequent terms: order, service, blinkit, product, time, bad. Example review: ""poor"""
great,Price Sensitive,2,0.2879,"Cluster 2 (n=1736) labeled 'Price Sensitive' because its centroid is closest to that segment's prototype reviews (cosine=0.288). Supporting cues: charge(150), rs(122), price(78), money(49), offer(28). Frequent terms: order, service, blinkit, product, time, bad. Example review: ""poor"""
calculation mistake free delivery 150,Routine Buyers,1,0.1454,"Cluster 1 (n=554) labeled 'Routine Buyers' because its centroid is closest to that segment's prototype reviews (cosine=0.145). Supporting cues: always(16), regular(1), usual(1). Frequent terms: delivery, fast, best, service, time, blinkit. Example review: ""super fast delivery"""
everything perfect,Price Sensitive,2,0.2879,"Cluster 2 (n=1736) labeled 'Price Sensitive' because its centroid is closest to that segment's prototype reviews (cosine=0.288). Supporting cues: charge(150), rs(122), price(78), money(49), offer(28). Frequent terms: order, service, blinkit, product, time, bad. Example review: ""poor"""
nice service,Impulse Buyers,3,0.0584,"Cluster 3 (n=180) labeled 'Impulse Buyers' because its centroid is closest to that segment's prototype reviews (cosine=0.058). Supporting cues: quick(4), late night(1). Frequent terms: service, delivery, blinkit, work, much, time. Example review: ""nice"""
🌹,Price Sensitive,2,0.2879,"Cluster 2 (n=1736) labeled 'Price Sensitive' because its centroid is closest to that segment's prototype reviews (cosine=0.288). Supporting cues: charge(150), rs(122), price(78), money(49), offer(28). Frequent terms: order, service, blinkit, product, time, bad. Example review: ""poor"""
super app,Price Sensitive,2,0.2879,"Cluster 2 (n=1736) labeled 'Price Sensitive' because its centroid is closest to that segment's prototype reviews (cosine=0.288). Supporting cues: charge(150), rs(122), price(78), money(49), offer(28). Frequent terms: order, service, blinkit, product, time, bad. Example review: ""poor"""
always cost effecient compare store nowadays blinkit even take surge charge aswell,Price Sensitive,2,0.2879,"Cluster 2 (n=1736) labeled 'Price Sensitive' because its centroid is closest to that segment's prototype reviews (cosine=0.288). Supporting cues: charge(150), rs(122), price(78), money(49), offer(28). Frequent terms: order, service, blinkit, product, time, bad. Example review: ""poor"""
nice delivery,Impulse Buyers,3,0.0584,"Cluster 3 (n=180) labeled 'Impulse Buyers' because its centroid is closest to that segment's prototype reviews (cosine=0.058). Supporting cues: quick(4), late night(1). Frequent terms: service, delivery, blinkit, work, much, time. Example review: ""nice"""
scammer search electroinc product highly un recommend blink order blue tooth speaker worth 1200rs opened box product power try lot method speaker workless send repair speaker twice connect cc tell cant issue dont waste money order electronic product blink waste money waste time worst customer care,Price Sensitive,2,0.2879,"Cluster 2 (n=1736) labeled 'Price Sensitive' because its centroid is closest to that segment's prototype reviews (cosine=0.288). Supporting cues: charge(150), rs(122), price(78), money(49), offer(28). Frequent terms: order, service, blinkit, product, time, bad. Example review: ""poor"""
poor customer service,Price Sensitive,2,0.2879,"Cluster 2 (n=1736) labeled 'Price Sensitive' because its centroid is closest to that segment's prototype reviews (cosine=0.288). Supporting cues: charge(150), rs(122), price(78), money(49), offer(28). Frequent terms: order, service, blinkit, product, time, bad. Example review: ""poor"""
best app forever,Routine Buyers,1,0.1454,"Cluster 1 (n=554) labeled 'Routine Buyers' because its centroid is closest to that segment's prototype reviews (cosine=0.145). Supporting cues: always(16), regular(1), usual(1). Frequent terms: delivery, fast, best, service, time, blinkit. Example review: ""super fast delivery"""
thanku wishlist,Price Sensitive,2,0.2879,"Cluster 2 (n=1736) labeled 'Price Sensitive' because its centroid is closest to that segment's prototype reviews (cosine=0.288). Supporting cues: charge(150), rs(122), price(78), money(49), offer(28). Frequent terms: order, service, blinkit, product, time, bad. Example review: ""poor"""
bad platform purchase charge compare dont trust blinkit,Price Sensitive,2,0.2879,"Cluster 2 (n=1736) labeled 'Price Sensitive' because its centroid is closest to that segment's prototype reviews (cosine=0.288). Supporting cues: charge(150), rs(122), price(78), money(49), offer(28). Frequent terms: order, service, blinkit, product, time, bad. Example review: ""poor"""
many time show completely wrong time take time fine dont show false timing,Price Sensitive,2,0.2879,"Cluster 2 (n=1736) labeled 'Price Sensitive' because its centroid is closest to that segment's prototype reviews (cosine=0.288). Supporting cues: charge(150), rs(122), price(78), money(49), offer(28). Frequent terms: order, service, blinkit, product, time, bad. Example review: ""poor"""
super fast deliver,Routine Buyers,1,0.1454,"Cluster 1 (n=554) labeled 'Routine Buyers' because its centroid is closest to that segment's prototype reviews (cosine=0.145). Supporting cues: always(16), regular(1), usual(1). Frequent terms: delivery, fast, best, service, time, blinkit. Example review: ""super fast delivery"""
pahli bar manga rahe hain aaega tab rating denge,Price Sensitive,2,0.2879,"Cluster 2 (n=1736) labeled 'Price Sensitive' because its centroid is closest to that segment's prototype reviews (cosine=0.288). Supporting cues: charge(150), rs(122), price(78), money(49), offer(28). Frequent terms: order, service, blinkit, product, time, bad. Example review: ""poor"""
best experience blinkit,Routine Buyers,1,0.1454,"Cluster 1 (n=554) labeled 'Routine Buyers' because its centroid is closest to that segment's prototype reviews (cosine=0.145). Supporting cues: always(16), regular(1), usual(1). Frequent terms: delivery, fast, best, service, time, blinkit. Example review: ""super fast delivery"""
service good one add many thing get free delivery,Routine Buyers,1,0.1454,"Cluster 1 (n=554) labeled 'Routine Buyers' because its centroid is closest to that segment's prototype reviews (cosine=0.145). Supporting cues: always(16), regular(1), usual(1). Frequent terms: delivery, fast, best, service, time, blinkit. Example review: ""super fast delivery"""
good experience wonder recently get expired material along damage loss moneyi never use dont know blink charge handling fulfill,Price Sensitive,2,0.2879,"Cluster 2 (n=1736) labeled 'Price Sensitive' because its centroid is closest to that segment's prototype reviews (cosine=0.288). Supporting cues: charge(150), rs(122), price(78), money(49), offer(28). Frequent terms: order, service, blinkit, product, time, bad. Example review: ""poor"""
please bring new harry potter kinderjoy stock son want badly talk day night,Price Sensitive,2,0.2879,"Cluster 2 (n=1736) labeled 'Price Sensitive' because its centroid is closest to that segment's prototype reviews (cosine=0.288). Supporting cues: charge(150), rs(122), price(78), money(49), offer(28). Frequent terms: order, service, blinkit, product, time, bad. Example review: ""poor"""
good,Explorers,0,0.0196,"Cluster 0 (n=348) labeled 'Explorers' because its centroid is closest to that segment's prototype reviews (cosine=0.020). Supporting cues: try(1). Frequent terms: service, delivery, blinkit, product, experience, like. Example review: ""good service"""
helpful app thanks,Price Sensitive,2,0.2879,"Cluster 2 (n=1736) labeled 'Price Sensitive' because its centroid is closest to that segment's prototype reviews (cosine=0.288). Supporting cues: charge(150), rs(122), price(78), money(49), offer(28). Frequent terms: order, service, blinkit, product, time, bad. Example review: ""poor"""
nice,Impulse Buyers,3,0.0584,"Cluster 3 (n=180) labeled 'Impulse Buyers' because its centroid is closest to that segment's prototype reviews (cosine=0.058). Supporting cues: quick(4), late night(1). Frequent terms: service, delivery, blinkit, work, much, time. Example review: ""nice"""
order take,Price Sensitive,2,0.2879,"Cluster 2 (n=1736) labeled 'Price Sensitive' because its centroid is closest to that segment's prototype reviews (cosine=0.288). Supporting cues: charge(150), rs(122), price(78), money(49), offer(28). Frequent terms: order, service, blinkit, product, time, bad. Example review: ""poor"""
bro like app much love app cod cash delivery get soo get sooo angry start hate app order something soo app win heart,Price Sensitive,2,0.2879,"Cluster 2 (n=1736) labeled 'Price Sensitive' because its centroid is closest to that segment's prototype reviews (cosine=0.288). Supporting cues: charge(150), rs(122), price(78), money(49), offer(28). Frequent terms: order, service, blinkit, product, time, bad. Example review: ""poor"""
deliver fast like app,Price Sensitive,2,0.2879,"Cluster 2 (n=1736) labeled 'Price Sensitive' because its centroid is closest to that segment's prototype reviews (cosine=0.288). Supporting cues: charge(150), rs(122), price(78), money(49), offer(28). Frequent terms: order, service, blinkit, product, time, bad. Example review: ""poor"""
good time delivery,Routine Buyers,1,0.1454,"Cluster 1 (n=554) labeled 'Routine Buyers' because its centroid is closest to that segment's prototype reviews (cosine=0.145). Supporting cues: always(16), regular(1), usual(1). Frequent terms: delivery, fast, best, service, time, blinkit. Example review: ""super fast delivery"""
blinkit delivery app install h toh kya hum blinkit se kuch nhi manga sakte kya bad service,Price Sensitive,2,0.2879,"Cluster 2 (n=1736) labeled 'Price Sensitive' because its centroid is closest to that segment's prototype reviews (cosine=0.288). Supporting cues: charge(150), rs(122), price(78), money(49), offer(28). Frequent terms: order, service, blinkit, product, time, bad. Example review: ""poor"""
super fast delivery careful hand,Routine Buyers,1,0.1454,"Cluster 1 (n=554) labeled 'Routine Buyers' because its centroid is closest to that segment's prototype reviews (cosine=0.145). Supporting cues: always(16), regular(1), usual(1). Frequent terms: delivery, fast, best, service, time, blinkit. Example review: ""super fast delivery"""
mast ha yaar,Price Sensitive,2,0.2879,"Cluster 2 (n=1736) labeled 'Price Sensitive' because its centroid is closest to that segment's prototype reviews (cosine=0.288). Supporting cues: charge(150), rs(122), price(78), money(49), offer(28). Frequent terms: order, service, blinkit, product, time, bad. Example review: ""poor"""
really great initiative get grocery deliver 10 minute bless,Price Sensitive,2,0.2879,"Cluster 2 (n=1736) labeled 'Price Sensitive' because its centroid is closest to that segment's prototype reviews (cosine=0.288). Supporting cues: charge(150), rs(122), price(78), money(49), offer(28). Frequent terms: order, service, blinkit, product, time, bad. Example review: ""poor"""
ok ok,Price Sensitive,2,0.2879,"Cluster 2 (n=1736) labeled 'Price Sensitive' because its centroid is closest to that segment's prototype reviews (cosine=0.288). Supporting cues: charge(150), rs(122), price(78), money(49), offer(28). Frequent terms: order, service, blinkit, product, time, bad. Example review: ""poor"""
good daily life us,Explorers,0,0.0196,"Cluster 0 (n=348) labeled 'Explorers' because its centroid is closest to that segment's prototype reviews (cosine=0.020). Supporting cues: try(1). Frequent terms: service, delivery, blinkit, product, experience, like. Example review: ""good service"""
bad service receive order tear adulteration food item fssi check fine heavy money,Price Sensitive,2,0.2879,"Cluster 2 (n=1736) labeled 'Price Sensitive' because its centroid is closest to that segment's prototype reviews (cosine=0.288). Supporting cues: charge(150), rs(122), price(78), money(49), offer(28). Frequent terms: order, service, blinkit, product, time, bad. Example review: ""poor"""
refund nhi milta product bhi acha nhi ata hai mere paise 2400 refund nhi kare hai pls ya se order na kare,Price Sensitive,2,0.2879,"Cluster 2 (n=1736) labeled 'Price Sensitive' because its centroid is closest to that segment's prototype reviews (cosine=0.288). Supporting cues: charge(150), rs(122), price(78), money(49), offer(28). Frequent terms: order, service, blinkit, product, time, bad. Example review: ""poor"""
nice commitment time order mid night get deliver within time frame useful always full fill last minute need great service,Price Sensitive,2,0.2879,"Cluster 2 (n=1736) labeled 'Price Sensitive' because its centroid is closest to that segment's prototype reviews (cosine=0.288). Supporting cues: charge(150), rs(122), price(78), money(49), offer(28). Frequent terms: order, service, blinkit, product, time, bad. Example review: ""poor"""
phle mera order nhi laya koi pata nhi kon tha vo,Price Sensitive,2,0.2879,"Cluster 2 (n=1736) labeled 'Price Sensitive' because its centroid is closest to that segment's prototype reviews (cosine=0.288). Supporting cues: charge(150), rs(122), price(78), money(49), offer(28). Frequent terms: order, service, blinkit, product, time, bad. Example review: ""poor"""
nise app,Price Sensitive,2,0.2879,"Cluster 2 (n=1736) labeled 'Price Sensitive' because its centroid is closest to that segment's prototype reviews (cosine=0.288). Supporting cues: charge(150), rs(122), price(78), money(49), offer(28). Frequent terms: order, service, blinkit, product, time, bad. Example review: ""poor"""
late delivery less amount show u currently unavailable delivery like hing demand,Routine Buyers,1,0.1454,"Cluster 1 (n=554) labeled 'Routine Buyers' because its centroid is closest to that segment's prototype reviews (cosine=0.145). Supporting cues: always(16), regular(1), usual(1). Frequent terms: delivery, fast, best, service, time, blinkit. Example review: ""super fast delivery"""
time delivery need,Routine Buyers,1,0.1454,"Cluster 1 (n=554) labeled 'Routine Buyers' because its centroid is closest to that segment's prototype reviews (cosine=0.145). Supporting cues: always(16), regular(1), usual(1). Frequent terms: delivery, fast, best, service, time, blinkit. Example review: ""super fast delivery"""
time sever get whatever want door step,Price Sensitive,2,0.2879,"Cluster 2 (n=1736) labeled 'Price Sensitive' because its centroid is closest to that segment's prototype reviews (cosine=0.288). Supporting cues: charge(150), rs(122), price(78), money(49), offer(28). Frequent terms: order, service, blinkit, product, time, bad. Example review: ""poor"""
convenience quality,Price Sensitive,2,0.2879,"Cluster 2 (n=1736) labeled 'Price Sensitive' because its centroid is closest to that segment's prototype reviews (cosine=0.288). Supporting cues: charge(150), rs(122), price(78), money(49), offer(28). Frequent terms: order, service, blinkit, product, time, bad. Example review: ""poor"""
cancellation allow time say payment fail order 2 product,Price Sensitive,2,0.2879,"Cluster 2 (n=1736) labeled 'Price Sensitive' because its centroid is closest to that segment's prototype reviews (cosine=0.288). Supporting cues: charge(150), rs(122), price(78), money(49), offer(28). Frequent terms: order, service, blinkit, product, time, bad. Example review: ""poor"""
thik thak hai,Price Sensitive,2,0.2879,"Cluster 2 (n=1736) labeled 'Price Sensitive' because its centroid is closest to that segment's prototype reviews (cosine=0.288). Supporting cues: charge(150), rs(122), price(78), money(49), offer(28). Frequent terms: order, service, blinkit, product, time, bad. Example review: ""poor"""
good work,Explorers,0,0.0196,"Cluster 0 (n=348) labeled 'Explorers' because its centroid is closest to that segment's prototype reviews (cosine=0.020). Supporting cues: try(1). Frequent terms: service, delivery, blinkit, product, experience, like. Example review: ""good service"""
need improvement,Price Sensitive,2,0.2879,"Cluster 2 (n=1736) labeled 'Price Sensitive' because its centroid is closest to that segment's prototype reviews (cosine=0.288). Supporting cues: charge(150), rs(122), price(78), money(49), offer(28). Frequent terms: order, service, blinkit, product, time, bad. Example review: ""poor"""
good app certain product app definitely good others,Explorers,0,0.0196,"Cluster 0 (n=348) labeled 'Explorers' because its centroid is closest to that segment's prototype reviews (cosine=0.020). Supporting cues: try(1). Frequent terms: service, delivery, blinkit, product, experience, like. Example review: ""good service"""
blinkit really good app take lot money like object order extra fee approximately become thing dont like blinkit otherwise everything good,Price Sensitive,2,0.2879,"Cluster 2 (n=1736) labeled 'Price Sensitive' because its centroid is closest to that segment's prototype reviews (cosine=0.288). Supporting cues: charge(150), rs(122), price(78), money(49), offer(28). Frequent terms: order, service, blinkit, product, time, bad. Example review: ""poor"""
good,Explorers,0,0.0196,"Cluster 0 (n=348) labeled 'Explorers' because its centroid is closest to that segment's prototype reviews (cosine=0.020). Supporting cues: try(1). Frequent terms: service, delivery, blinkit, product, experience, like. Example review: ""good service"""
daily life make easy,Price Sensitive,2,0.2879,"Cluster 2 (n=1736) labeled 'Price Sensitive' because its centroid is closest to that segment's prototype reviews (cosine=0.288). Supporting cues: charge(150), rs(122), price(78), money(49), offer(28). Frequent terms: order, service, blinkit, product, time, bad. Example review: ""poor"""
good,Explorers,0,0.0196,"Cluster 0 (n=348) labeled 'Explorers' because its centroid is closest to that segment's prototype reviews (cosine=0.020). Supporting cues: try(1). Frequent terms: service, delivery, blinkit, product, experience, like. Example review: ""good service"""
speedy delivery applike,Routine Buyers,1,0.1454,"Cluster 1 (n=554) labeled 'Routine Buyers' because its centroid is closest to that segment's prototype reviews (cosine=0.145). Supporting cues: always(16), regular(1), usual(1). Frequent terms: delivery, fast, best, service, time, blinkit. Example review: ""super fast delivery"""
first time order kiya hai dekhte hai kaisa ata hai,Price Sensitive,2,0.2879,"Cluster 2 (n=1736) labeled 'Price Sensitive' because its centroid is closest to that segment's prototype reviews (cosine=0.288). Supporting cues: charge(150), rs(122), price(78), money(49), offer(28). Frequent terms: order, service, blinkit, product, time, bad. Example review: ""poor"""
good fast service please maintain privacy product,Routine Buyers,1,0.1454,"Cluster 1 (n=554) labeled 'Routine Buyers' because its centroid is closest to that segment's prototype reviews (cosine=0.145). Supporting cues: always(16), regular(1), usual(1). Frequent terms: delivery, fast, best, service, time, blinkit. Example review: ""super fast delivery"""
good,Explorers,0,0.0196,"Cluster 0 (n=348) labeled 'Explorers' because its centroid is closest to that segment's prototype reviews (cosine=0.020). Supporting cues: try(1). Frequent terms: service, delivery, blinkit, product, experience, like. Example review: ""good service"""
nice,Impulse Buyers,3,0.0584,"Cluster 3 (n=180) labeled 'Impulse Buyers' because its centroid is closest to that segment's prototype reviews (cosine=0.058). Supporting cues: quick(4), late night(1). Frequent terms: service, delivery, blinkit, work, much, time. Example review: ""nice"""
im use app really good time save u cant reach supermarket order experience make write reviewis shortage bag coz spacially product come fully wet rain please blinkit fix problem bag available please need accept order,Price Sensitive,2,0.2879,"Cluster 2 (n=1736) labeled 'Price Sensitive' because its centroid is closest to that segment's prototype reviews (cosine=0.288). Supporting cues: charge(150), rs(122), price(78), money(49), offer(28). Frequent terms: order, service, blinkit, product, time, bad. Example review: ""poor"""
best,Routine Buyers,1,0.1454,"Cluster 1 (n=554) labeled 'Routine Buyers' because its centroid is closest to that segment's prototype reviews (cosine=0.145). Supporting cues: always(16), regular(1), usual(1). Frequent terms: delivery, fast, best, service, time, blinkit. Example review: ""super fast delivery"""
good app,Explorers,0,0.0196,"Cluster 0 (n=348) labeled 'Explorers' because its centroid is closest to that segment's prototype reviews (cosine=0.020). Supporting cues: try(1). Frequent terms: service, delivery, blinkit, product, experience, like. Example review: ""good service"""
choose item easy also deliver fast,Price Sensitive,2,0.2879,"Cluster 2 (n=1736) labeled 'Price Sensitive' because its centroid is closest to that segment's prototype reviews (cosine=0.288). Supporting cues: charge(150), rs(122), price(78), money(49), offer(28). Frequent terms: order, service, blinkit, product, time, bad. Example review: ""poor"""
osm,Price Sensitive,2,0.2879,"Cluster 2 (n=1736) labeled 'Price Sensitive' because its centroid is closest to that segment's prototype reviews (cosine=0.288). Supporting cues: charge(150), rs(122), price(78), money(49), offer(28). Frequent terms: order, service, blinkit, product, time, bad. Example review: ""poor"""
everything nice think start accept cash 2000,Impulse Buyers,3,0.0584,"Cluster 3 (n=180) labeled 'Impulse Buyers' because its centroid is closest to that segment's prototype reviews (cosine=0.058). Supporting cues: quick(4), late night(1). Frequent terms: service, delivery, blinkit, work, much, time. Example review: ""nice"""
best,Routine Buyers,1,0.1454,"Cluster 1 (n=554) labeled 'Routine Buyers' because its centroid is closest to that segment's prototype reviews (cosine=0.145). Supporting cues: always(16), regular(1), usual(1). Frequent terms: delivery, fast, best, service, time, blinkit. Example review: ""super fast delivery"""
sometimes play smart order two item send separately charge handling charge,Price Sensitive,2,0.2879,"Cluster 2 (n=1736) labeled 'Price Sensitive' because its centroid is closest to that segment's prototype reviews (cosine=0.288). Supporting cues: charge(150), rs(122), price(78), money(49), offer(28). Frequent terms: order, service, blinkit, product, time, bad. Example review: ""poor"""
thik ha par mahngha ha,Price Sensitive,2,0.2879,"Cluster 2 (n=1736) labeled 'Price Sensitive' because its centroid is closest to that segment's prototype reviews (cosine=0.288). Supporting cues: charge(150), rs(122), price(78), money(49), offer(28). Frequent terms: order, service, blinkit, product, time, bad. Example review: ""poor"""
whatever want get blinkit,Price Sensitive,2,0.2879,"Cluster 2 (n=1736) labeled 'Price Sensitive' because its centroid is closest to that segment's prototype reviews (cosine=0.288). Supporting cues: charge(150), rs(122), price(78), money(49), offer(28). Frequent terms: order, service, blinkit, product, time, bad. Example review: ""poor"""
expensive,Price Sensitive,2,0.2879,"Cluster 2 (n=1736) labeled 'Price Sensitive' because its centroid is closest to that segment's prototype reviews (cosine=0.288). Supporting cues: charge(150), rs(122), price(78), money(49), offer(28). Frequent terms: order, service, blinkit, product, time, bad. Example review: ""poor"""
osm work,Price Sensitive,2,0.2879,"Cluster 2 (n=1736) labeled 'Price Sensitive' because its centroid is closest to that segment's prototype reviews (cosine=0.288). Supporting cues: charge(150), rs(122), price(78), money(49), offer(28). Frequent terms: order, service, blinkit, product, time, bad. Example review: ""poor"""
good night fast service,Routine Buyers,1,0.1454,"Cluster 1 (n=554) labeled 'Routine Buyers' because its centroid is closest to that segment's prototype reviews (cosine=0.145). Supporting cues: always(16), regular(1), usual(1). Frequent terms: delivery, fast, best, service, time, blinkit. Example review: ""super fast delivery"""
good fast service,Routine Buyers,1,0.1454,"Cluster 1 (n=554) labeled 'Routine Buyers' because its centroid is closest to that segment's prototype reviews (cosine=0.145). Supporting cues: always(16), regular(1), usual(1). Frequent terms: delivery, fast, best, service, time, blinkit. Example review: ""super fast delivery"""
bad app u want return damage item deliver,Price Sensitive,2,0.2879,"Cluster 2 (n=1736) labeled 'Price Sensitive' because its centroid is closest to that segment's prototype reviews (cosine=0.288). Supporting cues: charge(150), rs(122), price(78), money(49), offer(28). Frequent terms: order, service, blinkit, product, time, bad. Example review: ""poor"""
thank,Price Sensitive,2,0.2879,"Cluster 2 (n=1736) labeled 'Price Sensitive' because its centroid is closest to that segment's prototype reviews (cosine=0.288). Supporting cues: charge(150), rs(122), price(78), money(49), offer(28). Frequent terms: order, service, blinkit, product, time, bad. Example review: ""poor"""
app good purchase 150 take delivery charge purchase 150 delivery charge take happy app set home itme come door step,Routine Buyers,1,0.1454,"Cluster 1 (n=554) labeled 'Routine Buyers' because its centroid is closest to that segment's prototype reviews (cosine=0.145). Supporting cues: always(16), regular(1), usual(1). Frequent terms: delivery, fast, best, service, time, blinkit. Example review: ""super fast delivery"""
everything fine except didnt thing expect unnecessary charge,Price Sensitive,2,0.2879,"Cluster 2 (n=1736) labeled 'Price Sensitive' because its centroid is closest to that segment's prototype reviews (cosine=0.288). Supporting cues: charge(150), rs(122), price(78), money(49), offer(28). Frequent terms: order, service, blinkit, product, time, bad. Example review: ""poor"""
milk useless,Price Sensitive,2,0.2879,"Cluster 2 (n=1736) labeled 'Price Sensitive' because its centroid is closest to that segment's prototype reviews (cosine=0.288). Supporting cues: charge(150), rs(122), price(78), money(49), offer(28). Frequent terms: order, service, blinkit, product, time, bad. Example review: ""poor"""
best seller india cuz take exchange refund problem,Routine Buyers,1,0.1454,"Cluster 1 (n=554) labeled 'Routine Buyers' because its centroid is closest to that segment's prototype reviews (cosine=0.145). Supporting cues: always(16), regular(1), usual(1). Frequent terms: delivery, fast, best, service, time, blinkit. Example review: ""super fast delivery"""
good,Explorers,0,0.0196,"Cluster 0 (n=348) labeled 'Explorers' because its centroid is closest to that segment's prototype reviews (cosine=0.020). Supporting cues: try(1). Frequent terms: service, delivery, blinkit, product, experience, like. Example review: ""good service"""
good experience blinket,Explorers,0,0.0196,"Cluster 0 (n=348) labeled 'Explorers' because its centroid is closest to that segment's prototype reviews (cosine=0.020). Supporting cues: try(1). Frequent terms: service, delivery, blinkit, product, experience, like. Example review: ""good service"""
disappointed experience use blinkit delivery delay item receive expected condition frustrate deal issue customer support provide satisfactory solution app potential inconsistent service poor order handle lack timely assistance make overall experience unpleasant hope issue address customer rely service future,Price Sensitive,2,0.2879,"Cluster 2 (n=1736) labeled 'Price Sensitive' because its centroid is closest to that segment's prototype reviews (cosine=0.288). Supporting cues: charge(150), rs(122), price(78), money(49), offer(28). Frequent terms: order, service, blinkit, product, time, bad. Example review: ""poor"""
pl ensure item rain protection ok,Price Sensitive,2,0.2879,"Cluster 2 (n=1736) labeled 'Price Sensitive' because its centroid is closest to that segment's prototype reviews (cosine=0.288). Supporting cues: charge(150), rs(122), price(78), money(49), offer(28). Frequent terms: order, service, blinkit, product, time, bad. Example review: ""poor"""
ost jewellery stock area many thing stock dont get stock also turn notify still nothing doubt app perfect thing require make feel bad,Price Sensitive,2,0.2879,"Cluster 2 (n=1736) labeled 'Price Sensitive' because its centroid is closest to that segment's prototype reviews (cosine=0.288). Supporting cues: charge(150), rs(122), price(78), money(49), offer(28). Frequent terms: order, service, blinkit, product, time, bad. Example review: ""poor"""
help ful aap,Price Sensitive,2,0.2879,"Cluster 2 (n=1736) labeled 'Price Sensitive' because its centroid is closest to that segment's prototype reviews (cosine=0.288). Supporting cues: charge(150), rs(122), price(78), money(49), offer(28). Frequent terms: order, service, blinkit, product, time, bad. Example review: ""poor"""
best service reliable product super fast delivery regret far,Routine Buyers,1,0.1454,"Cluster 1 (n=554) labeled 'Routine Buyers' because its centroid is closest to that segment's prototype reviews (cosine=0.145). Supporting cues: always(16), regular(1), usual(1). Frequent terms: delivery, fast, best, service, time, blinkit. Example review: ""super fast delivery"""
love,Price Sensitive,2,0.2879,"Cluster 2 (n=1736) labeled 'Price Sensitive' because its centroid is closest to that segment's prototype reviews (cosine=0.288). Supporting cues: charge(150), rs(122), price(78), money(49), offer(28). Frequent terms: order, service, blinkit, product, time, bad. Example review: ""poor"""
case almost every time delivery quick within 10 15min super happy,Routine Buyers,1,0.1454,"Cluster 1 (n=554) labeled 'Routine Buyers' because its centroid is closest to that segment's prototype reviews (cosine=0.145). Supporting cues: always(16), regular(1), usual(1). Frequent terms: delivery, fast, best, service, time, blinkit. Example review: ""super fast delivery"""
best delivery aall,Routine Buyers,1,0.1454,"Cluster 1 (n=554) labeled 'Routine Buyers' because its centroid is closest to that segment's prototype reviews (cosine=0.145). Supporting cues: always(16), regular(1), usual(1). Frequent terms: delivery, fast, best, service, time, blinkit. Example review: ""super fast delivery"""
super mast,Price Sensitive,2,0.2879,"Cluster 2 (n=1736) labeled 'Price Sensitive' because its centroid is closest to that segment's prototype reviews (cosine=0.288). Supporting cues: charge(150), rs(122), price(78), money(49), offer(28). Frequent terms: order, service, blinkit, product, time, bad. Example review: ""poor"""
bad product poor quality price high,Price Sensitive,2,0.2879,"Cluster 2 (n=1736) labeled 'Price Sensitive' because its centroid is closest to that segment's prototype reviews (cosine=0.288). Supporting cues: charge(150), rs(122), price(78), money(49), offer(28). Frequent terms: order, service, blinkit, product, time, bad. Example review: ""poor"""
supar,Price Sensitive,2,0.2879,"Cluster 2 (n=1736) labeled 'Price Sensitive' because its centroid is closest to that segment's prototype reviews (cosine=0.288). Supporting cues: charge(150), rs(122), price(78), money(49), offer(28). Frequent terms: order, service, blinkit, product, time, bad. Example review: ""poor"""
today expr experience poor dilivery boy rude abuse word dilivery boy ne aaj drink kri hui thi,Price Sensitive,2,0.2879,"Cluster 2 (n=1736) labeled 'Price Sensitive' because its centroid is closest to that segment's prototype reviews (cosine=0.288). Supporting cues: charge(150), rs(122), price(78), money(49), offer(28). Frequent terms: order, service, blinkit, product, time, bad. Example review: ""poor"""
well good experience,Explorers,0,0.0196,"Cluster 0 (n=348) labeled 'Explorers' because its centroid is closest to that segment's prototype reviews (cosine=0.020). Supporting cues: try(1). Frequent terms: service, delivery, blinkit, product, experience, like. Example review: ""good service"""
good app,Explorers,0,0.0196,"Cluster 0 (n=348) labeled 'Explorers' because its centroid is closest to that segment's prototype reviews (cosine=0.020). Supporting cues: try(1). Frequent terms: service, delivery, blinkit, product, experience, like. Example review: ""good service"""
first time use kr rhi abi delevery hui nhi h mne 5 star rating de di h hope delivery achi ho,Price Sensitive,2,0.2879,"Cluster 2 (n=1736) labeled 'Price Sensitive' because its centroid is closest to that segment's prototype reviews (cosine=0.288). Supporting cues: charge(150), rs(122), price(78), money(49), offer(28). Frequent terms: order, service, blinkit, product, time, bad. Example review: ""poor"""
order first time hope arrive well thanks blinkit save lot people time,Price Sensitive,2,0.2879,"Cluster 2 (n=1736) labeled 'Price Sensitive' because its centroid is closest to that segment's prototype reviews (cosine=0.288). Supporting cues: charge(150), rs(122), price(78), money(49), offer(28). Frequent terms: order, service, blinkit, product, time, bad. Example review: ""poor"""
woww,Price Sensitive,2,0.2879,"Cluster 2 (n=1736) labeled 'Price Sensitive' because its centroid is closest to that segment's prototype reviews (cosine=0.288). Supporting cues: charge(150), rs(122), price(78), money(49), offer(28). Frequent terms: order, service, blinkit, product, time, bad. Example review: ""poor"""
amaze last minute hustle,Price Sensitive,2,0.2879,"Cluster 2 (n=1736) labeled 'Price Sensitive' because its centroid is closest to that segment's prototype reviews (cosine=0.288). Supporting cues: charge(150), rs(122), price(78), money(49), offer(28). Frequent terms: order, service, blinkit, product, time, bad. Example review: ""poor"""
dont get handle bag get item hand,Price Sensitive,2,0.2879,"Cluster 2 (n=1736) labeled 'Price Sensitive' because its centroid is closest to that segment's prototype reviews (cosine=0.288). Supporting cues: charge(150), rs(122), price(78), money(49), offer(28). Frequent terms: order, service, blinkit, product, time, bad. Example review: ""poor"""
theek h beta,Price Sensitive,2,0.2879,"Cluster 2 (n=1736) labeled 'Price Sensitive' because its centroid is closest to that segment's prototype reviews (cosine=0.288). Supporting cues: charge(150), rs(122), price(78), money(49), offer(28). Frequent terms: order, service, blinkit, product, time, bad. Example review: ""poor"""
badia app h kya soch k banae h bhai time item watch order,Price Sensitive,2,0.2879,"Cluster 2 (n=1736) labeled 'Price Sensitive' because its centroid is closest to that segment's prototype reviews (cosine=0.288). Supporting cues: charge(150), rs(122), price(78), money(49), offer(28). Frequent terms: order, service, blinkit, product, time, bad. Example review: ""poor"""
waww,Price Sensitive,2,0.2879,"Cluster 2 (n=1736) labeled 'Price Sensitive' because its centroid is closest to that segment's prototype reviews (cosine=0.288). Supporting cues: charge(150), rs(122), price(78), money(49), offer(28). Frequent terms: order, service, blinkit, product, time, bad. Example review: ""poor"""
give three star surge charge 2 minute say surge applicable dont like policy remove policy rs 150 thing order 499 remove surge otherwise best mean best,Price Sensitive,2,0.2879,"Cluster 2 (n=1736) labeled 'Price Sensitive' because its centroid is closest to that segment's prototype reviews (cosine=0.288). Supporting cues: charge(150), rs(122), price(78), money(49), offer(28). Frequent terms: order, service, blinkit, product, time, bad. Example review: ""poor"""
blinkit good bad thing dont provide cash delivery many area take handling charge matter much spent good ok ok app,Price Sensitive,2,0.2879,"Cluster 2 (n=1736) labeled 'Price Sensitive' because its centroid is closest to that segment's prototype reviews (cosine=0.288). Supporting cues: charge(150), rs(122), price(78), money(49), offer(28). Frequent terms: order, service, blinkit, product, time, bad. Example review: ""poor"""
receive item,Price Sensitive,2,0.2879,"Cluster 2 (n=1736) labeled 'Price Sensitive' because its centroid is closest to that segment's prototype reviews (cosine=0.288). Supporting cues: charge(150), rs(122), price(78), money(49), offer(28). Frequent terms: order, service, blinkit, product, time, bad. Example review: ""poor"""
fast delivery like much,Routine Buyers,1,0.1454,"Cluster 1 (n=554) labeled 'Routine Buyers' because its centroid is closest to that segment's prototype reviews (cosine=0.145). Supporting cues: always(16), regular(1), usual(1). Frequent terms: delivery, fast, best, service, time, blinkit. Example review: ""super fast delivery"""
happy,Price Sensitive,2,0.2879,"Cluster 2 (n=1736) labeled 'Price Sensitive' because its centroid is closest to that segment's prototype reviews (cosine=0.288). Supporting cues: charge(150), rs(122), price(78), money(49), offer(28). Frequent terms: order, service, blinkit, product, time, bad. Example review: ""poor"""
good n fast,Routine Buyers,1,0.1454,"Cluster 1 (n=554) labeled 'Routine Buyers' because its centroid is closest to that segment's prototype reviews (cosine=0.145). Supporting cues: always(16), regular(1), usual(1). Frequent terms: delivery, fast, best, service, time, blinkit. Example review: ""super fast delivery"""
response several complaint requeststhis last order customer care resolve issuemy hardearned money still stick,Price Sensitive,2,0.2879,"Cluster 2 (n=1736) labeled 'Price Sensitive' because its centroid is closest to that segment's prototype reviews (cosine=0.288). Supporting cues: charge(150), rs(122), price(78), money(49), offer(28). Frequent terms: order, service, blinkit, product, time, bad. Example review: ""poor"""
good job,Price Sensitive,2,0.2879,"Cluster 2 (n=1736) labeled 'Price Sensitive' because its centroid is closest to that segment's prototype reviews (cosine=0.288). Supporting cues: charge(150), rs(122), price(78), money(49), offer(28). Frequent terms: order, service, blinkit, product, time, bad. Example review: ""poor"""
z time important situation show currently unavailable location good app,Explorers,0,0.0196,"Cluster 0 (n=348) labeled 'Explorers' because its centroid is closest to that segment's prototype reviews (cosine=0.020). Supporting cues: try(1). Frequent terms: service, delivery, blinkit, product, experience, like. Example review: ""good service"""
good service right time,Explorers,0,0.0196,"Cluster 0 (n=348) labeled 'Explorers' because its centroid is closest to that segment's prototype reviews (cosine=0.020). Supporting cues: try(1). Frequent terms: service, delivery, blinkit, product, experience, like. Example review: ""good service"""
bilkul hi kam time delivery ho jata hai thanks blinkit,Price Sensitive,2,0.2879,"Cluster 2 (n=1736) labeled 'Price Sensitive' because its centroid is closest to that segment's prototype reviews (cosine=0.288). Supporting cues: charge(150), rs(122), price(78), money(49), offer(28). Frequent terms: order, service, blinkit, product, time, bad. Example review: ""poor"""
good,Explorers,0,0.0196,"Cluster 0 (n=348) labeled 'Explorers' because its centroid is closest to that segment's prototype reviews (cosine=0.020). Supporting cues: try(1). Frequent terms: service, delivery, blinkit, product, experience, like. Example review: ""good service"""
customer support say order ciggerate promo code issue promo code give promocode say sorry promo code use tabbacco product issue promo code say cant anything unprofessional behaviour treat customer pay order agent dont even know policy sit customer support,Price Sensitive,2,0.2879,"Cluster 2 (n=1736) labeled 'Price Sensitive' because its centroid is closest to that segment's prototype reviews (cosine=0.288). Supporting cues: charge(150), rs(122), price(78), money(49), offer(28). Frequent terms: order, service, blinkit, product, time, bad. Example review: ""poor"""
online grocery service pattern first give offer make customer slowly customer start rely service sudden inlogical customer support concern dont bother issue order call email simply get convenient reply thank get touch u sincerely apologize inconvenience cause,Price Sensitive,2,0.2879,"Cluster 2 (n=1736) labeled 'Price Sensitive' because its centroid is closest to that segment's prototype reviews (cosine=0.288). Supporting cues: charge(150), rs(122), price(78), money(49), offer(28). Frequent terms: order, service, blinkit, product, time, bad. Example review: ""poor"""
nice work,Impulse Buyers,3,0.0584,"Cluster 3 (n=180) labeled 'Impulse Buyers' because its centroid is closest to that segment's prototype reviews (cosine=0.058). Supporting cues: quick(4), late night(1). Frequent terms: service, delivery, blinkit, work, much, time. Example review: ""nice"""
nice good food,Impulse Buyers,3,0.0584,"Cluster 3 (n=180) labeled 'Impulse Buyers' because its centroid is closest to that segment's prototype reviews (cosine=0.058). Supporting cues: quick(4), late night(1). Frequent terms: service, delivery, blinkit, work, much, time. Example review: ""nice"""
good app thank time available u,Price Sensitive,2,0.2879,"Cluster 2 (n=1736) labeled 'Price Sensitive' because its centroid is closest to that segment's prototype reviews (cosine=0.288). Supporting cues: charge(150), rs(122), price(78), money(49), offer(28). Frequent terms: order, service, blinkit, product, time, bad. Example review: ""poor"""
dont come acctuall place,Price Sensitive,2,0.2879,"Cluster 2 (n=1736) labeled 'Price Sensitive' because its centroid is closest to that segment's prototype reviews (cosine=0.288). Supporting cues: charge(150), rs(122), price(78), money(49), offer(28). Frequent terms: order, service, blinkit, product, time, bad. Example review: ""poor"""
good fast service,Routine Buyers,1,0.1454,"Cluster 1 (n=554) labeled 'Routine Buyers' because its centroid is closest to that segment's prototype reviews (cosine=0.145). Supporting cues: always(16), regular(1), usual(1). Frequent terms: delivery, fast, best, service, time, blinkit. Example review: ""super fast delivery"""
price bit high usuals,Price Sensitive,2,0.2879,"Cluster 2 (n=1736) labeled 'Price Sensitive' because its centroid is closest to that segment's prototype reviews (cosine=0.288). Supporting cues: charge(150), rs(122), price(78), money(49), offer(28). Frequent terms: order, service, blinkit, product, time, bad. Example review: ""poor"""
super fast,Routine Buyers,1,0.1454,"Cluster 1 (n=554) labeled 'Routine Buyers' because its centroid is closest to that segment's prototype reviews (cosine=0.145). Supporting cues: always(16), regular(1), usual(1). Frequent terms: delivery, fast, best, service, time, blinkit. Example review: ""super fast delivery"""
costly also service charge high rajkot gujarat,Price Sensitive,2,0.2879,"Cluster 2 (n=1736) labeled 'Price Sensitive' because its centroid is closest to that segment's prototype reviews (cosine=0.288). Supporting cues: charge(150), rs(122), price(78), money(49), offer(28). Frequent terms: order, service, blinkit, product, time, bad. Example review: ""poor"""
best delivery app fast delivery time,Routine Buyers,1,0.1454,"Cluster 1 (n=554) labeled 'Routine Buyers' because its centroid is closest to that segment's prototype reviews (cosine=0.145). Supporting cues: always(16), regular(1), usual(1). Frequent terms: delivery, fast, best, service, time, blinkit. Example review: ""super fast delivery"""
top good aap,Explorers,0,0.0196,"Cluster 0 (n=348) labeled 'Explorers' because its centroid is closest to that segment's prototype reviews (cosine=0.020). Supporting cues: try(1). Frequent terms: service, delivery, blinkit, product, experience, like. Example review: ""good service"""
bad product dont buy order bang rice 26 kg get bad smell ofter cook old stock ofter review also use dont use blinkit fruad sell product,Price Sensitive,2,0.2879,"Cluster 2 (n=1736) labeled 'Price Sensitive' because its centroid is closest to that segment's prototype reviews (cosine=0.288). Supporting cues: charge(150), rs(122), price(78), money(49), offer(28). Frequent terms: order, service, blinkit, product, time, bad. Example review: ""poor"""
super order,Price Sensitive,2,0.2879,"Cluster 2 (n=1736) labeled 'Price Sensitive' because its centroid is closest to that segment's prototype reviews (cosine=0.288). Supporting cues: charge(150), rs(122), price(78), money(49), offer(28). Frequent terms: order, service, blinkit, product, time, bad. Example review: ""poor"""
stressfree quality service,Price Sensitive,2,0.2879,"Cluster 2 (n=1736) labeled 'Price Sensitive' because its centroid is closest to that segment's prototype reviews (cosine=0.288). Supporting cues: charge(150), rs(122), price(78), money(49), offer(28). Frequent terms: order, service, blinkit, product, time, bad. Example review: ""poor"""
blink ittt kamal haiii,Price Sensitive,2,0.2879,"Cluster 2 (n=1736) labeled 'Price Sensitive' because its centroid is closest to that segment's prototype reviews (cosine=0.288). Supporting cues: charge(150), rs(122), price(78), money(49), offer(28). Frequent terms: order, service, blinkit, product, time, bad. Example review: ""poor"""
fast delivery thank blinkit thank delivery person,Routine Buyers,1,0.1454,"Cluster 1 (n=554) labeled 'Routine Buyers' because its centroid is closest to that segment's prototype reviews (cosine=0.145). Supporting cues: always(16), regular(1), usual(1). Frequent terms: delivery, fast, best, service, time, blinkit. Example review: ""super fast delivery"""
delay order delivery follow map guide,Routine Buyers,1,0.1454,"Cluster 1 (n=554) labeled 'Routine Buyers' because its centroid is closest to that segment's prototype reviews (cosine=0.145). Supporting cues: always(16), regular(1), usual(1). Frequent terms: delivery, fast, best, service, time, blinkit. Example review: ""super fast delivery"""
bad service cancle policy,Price Sensitive,2,0.2879,"Cluster 2 (n=1736) labeled 'Price Sensitive' because its centroid is closest to that segment's prototype reviews (cosine=0.288). Supporting cues: charge(150), rs(122), price(78), money(49), offer(28). Frequent terms: order, service, blinkit, product, time, bad. Example review: ""poor"""
good app order anything anytime,Explorers,0,0.0196,"Cluster 0 (n=348) labeled 'Explorers' because its centroid is closest to that segment's prototype reviews (cosine=0.020). Supporting cues: try(1). Frequent terms: service, delivery, blinkit, product, experience, like. Example review: ""good service"""
toooooooooooo quickkkkkkkkkkkkk,Price Sensitive,2,0.2879,"Cluster 2 (n=1736) labeled 'Price Sensitive' because its centroid is closest to that segment's prototype reviews (cosine=0.288). Supporting cues: charge(150), rs(122), price(78), money(49), offer(28). Frequent terms: order, service, blinkit, product, time, bad. Example review: ""poor"""
item costly compare zepto,Price Sensitive,2,0.2879,"Cluster 2 (n=1736) labeled 'Price Sensitive' because its centroid is closest to that segment's prototype reviews (cosine=0.288). Supporting cues: charge(150), rs(122), price(78), money(49), offer(28). Frequent terms: order, service, blinkit, product, time, bad. Example review: ""poor"""
love come time,Price Sensitive,2,0.2879,"Cluster 2 (n=1736) labeled 'Price Sensitive' because its centroid is closest to that segment's prototype reviews (cosine=0.288). Supporting cues: charge(150), rs(122), price(78), money(49), offer(28). Frequent terms: order, service, blinkit, product, time, bad. Example review: ""poor"""
bht achcha hai nice,Impulse Buyers,3,0.0584,"Cluster 3 (n=180) labeled 'Impulse Buyers' because its centroid is closest to that segment's prototype reviews (cosine=0.058). Supporting cues: quick(4), late night(1). Frequent terms: service, delivery, blinkit, work, much, time. Example review: ""nice"""
aap amaze ill order three product late night deliver 10 12 minute give free moisturizer absolutely awesome love aap fast delivery,Price Sensitive,2,0.2879,"Cluster 2 (n=1736) labeled 'Price Sensitive' because its centroid is closest to that segment's prototype reviews (cosine=0.288). Supporting cues: charge(150), rs(122), price(78), money(49), offer(28). Frequent terms: order, service, blinkit, product, time, bad. Example review: ""poor"""
good,Explorers,0,0.0196,"Cluster 0 (n=348) labeled 'Explorers' because its centroid is closest to that segment's prototype reviews (cosine=0.020). Supporting cues: try(1). Frequent terms: service, delivery, blinkit, product, experience, like. Example review: ""good service"""
good,Explorers,0,0.0196,"Cluster 0 (n=348) labeled 'Explorers' because its centroid is closest to that segment's prototype reviews (cosine=0.020). Supporting cues: try(1). Frequent terms: service, delivery, blinkit, product, experience, like. Example review: ""good service"""
good shop blinkit,Explorers,0,0.0196,"Cluster 0 (n=348) labeled 'Explorers' because its centroid is closest to that segment's prototype reviews (cosine=0.020). Supporting cues: try(1). Frequent terms: service, delivery, blinkit, product, experience, like. Example review: ""good service"""
best service best service plz service start location ipshit sweet home juna sathpati road near navodaya school road near bagicha house palghar west,Routine Buyers,1,0.1454,"Cluster 1 (n=554) labeled 'Routine Buyers' because its centroid is closest to that segment's prototype reviews (cosine=0.145). Supporting cues: always(16), regular(1), usual(1). Frequent terms: delivery, fast, best, service, time, blinkit. Example review: ""super fast delivery"""
bad experience,Price Sensitive,2,0.2879,"Cluster 2 (n=1736) labeled 'Price Sensitive' because its centroid is closest to that segment's prototype reviews (cosine=0.288). Supporting cues: charge(150), rs(122), price(78), money(49), offer(28). Frequent terms: order, service, blinkit, product, time, bad. Example review: ""poor"""
slow delivery miss item proper response,Routine Buyers,1,0.1454,"Cluster 1 (n=554) labeled 'Routine Buyers' because its centroid is closest to that segment's prototype reviews (cosine=0.145). Supporting cues: always(16), regular(1), usual(1). Frequent terms: delivery, fast, best, service, time, blinkit. Example review: ""super fast delivery"""
quick delivery,Routine Buyers,1,0.1454,"Cluster 1 (n=554) labeled 'Routine Buyers' because its centroid is closest to that segment's prototype reviews (cosine=0.145). Supporting cues: always(16), regular(1), usual(1). Frequent terms: delivery, fast, best, service, time, blinkit. Example review: ""super fast delivery"""
best service ever see,Routine Buyers,1,0.1454,"Cluster 1 (n=554) labeled 'Routine Buyers' because its centroid is closest to that segment's prototype reviews (cosine=0.145). Supporting cues: always(16), regular(1), usual(1). Frequent terms: delivery, fast, best, service, time, blinkit. Example review: ""super fast delivery"""
good,Explorers,0,0.0196,"Cluster 0 (n=348) labeled 'Explorers' because its centroid is closest to that segment's prototype reviews (cosine=0.020). Supporting cues: try(1). Frequent terms: service, delivery, blinkit, product, experience, like. Example review: ""good service"""
app good iam give 5 star,Explorers,0,0.0196,"Cluster 0 (n=348) labeled 'Explorers' because its centroid is closest to that segment's prototype reviews (cosine=0.020). Supporting cues: try(1). Frequent terms: service, delivery, blinkit, product, experience, like. Example review: ""good service"""
good working,Explorers,0,0.0196,"Cluster 0 (n=348) labeled 'Explorers' because its centroid is closest to that segment's prototype reviews (cosine=0.020). Supporting cues: try(1). Frequent terms: service, delivery, blinkit, product, experience, like. Example review: ""good service"""
order amul rajbhog ice cream 1 liter july 21 2026 order subsequently cancel inform refund would process 28th however 30th still havent receive refund meanwhile blinkit show refund complete possible make matter bad even find helpline number contact blinkit assistance delivery apps far well disappointed,Price Sensitive,2,0.2879,"Cluster 2 (n=1736) labeled 'Price Sensitive' because its centroid is closest to that segment's prototype reviews (cosine=0.288). Supporting cues: charge(150), rs(122), price(78), money(49), offer(28). Frequent terms: order, service, blinkit, product, time, bad. Example review: ""poor"""
good delivery,Routine Buyers,1,0.1454,"Cluster 1 (n=554) labeled 'Routine Buyers' because its centroid is closest to that segment's prototype reviews (cosine=0.145). Supporting cues: always(16), regular(1), usual(1). Frequent terms: delivery, fast, best, service, time, blinkit. Example review: ""super fast delivery"""
cash delivery app online payment order anything order lot thing face lot problem make payment,Price Sensitive,2,0.2879,"Cluster 2 (n=1736) labeled 'Price Sensitive' because its centroid is closest to that segment's prototype reviews (cosine=0.288). Supporting cues: charge(150), rs(122), price(78), money(49), offer(28). Frequent terms: order, service, blinkit, product, time, bad. Example review: ""poor"""
goooooooooooooooooood,Price Sensitive,2,0.2879,"Cluster 2 (n=1736) labeled 'Price Sensitive' because its centroid is closest to that segment's prototype reviews (cosine=0.288). Supporting cues: charge(150), rs(122), price(78), money(49), offer(28). Frequent terms: order, service, blinkit, product, time, bad. Example review: ""poor"""
happy blinket,Price Sensitive,2,0.2879,"Cluster 2 (n=1736) labeled 'Price Sensitive' because its centroid is closest to that segment's prototype reviews (cosine=0.288). Supporting cues: charge(150), rs(122), price(78), money(49), offer(28). Frequent terms: order, service, blinkit, product, time, bad. Example review: ""poor"""
deserve star dont like app,Price Sensitive,2,0.2879,"Cluster 2 (n=1736) labeled 'Price Sensitive' because its centroid is closest to that segment's prototype reviews (cosine=0.288). Supporting cues: charge(150), rs(122), price(78), money(49), offer(28). Frequent terms: order, service, blinkit, product, time, bad. Example review: ""poor"""
awesome hai bos,Price Sensitive,2,0.2879,"Cluster 2 (n=1736) labeled 'Price Sensitive' because its centroid is closest to that segment's prototype reviews (cosine=0.288). Supporting cues: charge(150), rs(122), price(78), money(49), offer(28). Frequent terms: order, service, blinkit, product, time, bad. Example review: ""poor"""
good give product right time,Price Sensitive,2,0.2879,"Cluster 2 (n=1736) labeled 'Price Sensitive' because its centroid is closest to that segment's prototype reviews (cosine=0.288). Supporting cues: charge(150), rs(122), price(78), money(49), offer(28). Frequent terms: order, service, blinkit, product, time, bad. Example review: ""poor"""
soooooooooo convenient,Price Sensitive,2,0.2879,"Cluster 2 (n=1736) labeled 'Price Sensitive' because its centroid is closest to that segment's prototype reviews (cosine=0.288). Supporting cues: charge(150), rs(122), price(78), money(49), offer(28). Frequent terms: order, service, blinkit, product, time, bad. Example review: ""poor"""
low price,Price Sensitive,2,0.2879,"Cluster 2 (n=1736) labeled 'Price Sensitive' because its centroid is closest to that segment's prototype reviews (cosine=0.288). Supporting cues: charge(150), rs(122), price(78), money(49), offer(28). Frequent terms: order, service, blinkit, product, time, bad. Example review: ""poor"""
blinkit store 500 meter home traffic nothing take 18 minute ever 20 minute charge 50 rs blinkit give day day bad service,Price Sensitive,2,0.2879,"Cluster 2 (n=1736) labeled 'Price Sensitive' because its centroid is closest to that segment's prototype reviews (cosine=0.288). Supporting cues: charge(150), rs(122), price(78), money(49), offer(28). Frequent terms: order, service, blinkit, product, time, bad. Example review: ""poor"""
loveeeeeee ittttttttt,Price Sensitive,2,0.2879,"Cluster 2 (n=1736) labeled 'Price Sensitive' because its centroid is closest to that segment's prototype reviews (cosine=0.288). Supporting cues: charge(150), rs(122), price(78), money(49), offer(28). Frequent terms: order, service, blinkit, product, time, bad. Example review: ""poor"""
blinkit delivery good item rotten pack properly happen frequently,Routine Buyers,1,0.1454,"Cluster 1 (n=554) labeled 'Routine Buyers' because its centroid is closest to that segment's prototype reviews (cosine=0.145). Supporting cues: always(16), regular(1), usual(1). Frequent terms: delivery, fast, best, service, time, blinkit. Example review: ""super fast delivery"""
nice much,Impulse Buyers,3,0.0584,"Cluster 3 (n=180) labeled 'Impulse Buyers' because its centroid is closest to that segment's prototype reviews (cosine=0.058). Supporting cues: quick(4), late night(1). Frequent terms: service, delivery, blinkit, work, much, time. Example review: ""nice"""
google map recognise place easily,Price Sensitive,2,0.2879,"Cluster 2 (n=1736) labeled 'Price Sensitive' because its centroid is closest to that segment's prototype reviews (cosine=0.288). Supporting cues: charge(150), rs(122), price(78), money(49), offer(28). Frequent terms: order, service, blinkit, product, time, bad. Example review: ""poor"""
good app must try,Explorers,0,0.0196,"Cluster 0 (n=348) labeled 'Explorers' because its centroid is closest to that segment's prototype reviews (cosine=0.020). Supporting cues: try(1). Frequent terms: service, delivery, blinkit, product, experience, like. Example review: ""good service"""
nice good,Impulse Buyers,3,0.0584,"Cluster 3 (n=180) labeled 'Impulse Buyers' because its centroid is closest to that segment's prototype reviews (cosine=0.058). Supporting cues: quick(4), late night(1). Frequent terms: service, delivery, blinkit, work, much, time. Example review: ""nice"""
could give something free complementary thing food item order heavy thing,Price Sensitive,2,0.2879,"Cluster 2 (n=1736) labeled 'Price Sensitive' because its centroid is closest to that segment's prototype reviews (cosine=0.288). Supporting cues: charge(150), rs(122), price(78), money(49), offer(28). Frequent terms: order, service, blinkit, product, time, bad. Example review: ""poor"""
fast good service,Explorers,0,0.0196,"Cluster 0 (n=348) labeled 'Explorers' because its centroid is closest to that segment's prototype reviews (cosine=0.020). Supporting cues: try(1). Frequent terms: service, delivery, blinkit, product, experience, like. Example review: ""good service"""
🤗,Price Sensitive,2,0.2879,"Cluster 2 (n=1736) labeled 'Price Sensitive' because its centroid is closest to that segment's prototype reviews (cosine=0.288). Supporting cues: charge(150), rs(122), price(78), money(49), offer(28). Frequent terms: order, service, blinkit, product, time, bad. Example review: ""poor"""
sabse accha im love itttt,Price Sensitive,2,0.2879,"Cluster 2 (n=1736) labeled 'Price Sensitive' because its centroid is closest to that segment's prototype reviews (cosine=0.288). Supporting cues: charge(150), rs(122), price(78), money(49), offer(28). Frequent terms: order, service, blinkit, product, time, bad. Example review: ""poor"""
blinkit photocopy delivery late,Routine Buyers,1,0.1454,"Cluster 1 (n=554) labeled 'Routine Buyers' because its centroid is closest to that segment's prototype reviews (cosine=0.145). Supporting cues: always(16), regular(1), usual(1). Frequent terms: delivery, fast, best, service, time, blinkit. Example review: ""super fast delivery"""
something order delay long period time,Price Sensitive,2,0.2879,"Cluster 2 (n=1736) labeled 'Price Sensitive' because its centroid is closest to that segment's prototype reviews (cosine=0.288). Supporting cues: charge(150), rs(122), price(78), money(49), offer(28). Frequent terms: order, service, blinkit, product, time, bad. Example review: ""poor"""
good experience blinkit,Price Sensitive,2,0.2879,"Cluster 2 (n=1736) labeled 'Price Sensitive' because its centroid is closest to that segment's prototype reviews (cosine=0.288). Supporting cues: charge(150), rs(122), price(78), money(49), offer(28). Frequent terms: order, service, blinkit, product, time, bad. Example review: ""poor"""
damage product बदल बस कम और घर,Price Sensitive,2,0.2879,"Cluster 2 (n=1736) labeled 'Price Sensitive' because its centroid is closest to that segment's prototype reviews (cosine=0.288). Supporting cues: charge(150), rs(122), price(78), money(49), offer(28). Frequent terms: order, service, blinkit, product, time, bad. Example review: ""poor"""
sell completely used makeup first time buy makeup already use customer service worst ive even threaten customer care staff call support customer,Price Sensitive,2,0.2879,"Cluster 2 (n=1736) labeled 'Price Sensitive' because its centroid is closest to that segment's prototype reviews (cosine=0.288). Supporting cues: charge(150), rs(122), price(78), money(49), offer(28). Frequent terms: order, service, blinkit, product, time, bad. Example review: ""poor"""
helpful every one happy product also like flipkart happy order 11to15 time,Price Sensitive,2,0.2879,"Cluster 2 (n=1736) labeled 'Price Sensitive' because its centroid is closest to that segment's prototype reviews (cosine=0.288). Supporting cues: charge(150), rs(122), price(78), money(49), offer(28). Frequent terms: order, service, blinkit, product, time, bad. Example review: ""poor"""
amaze experience blinkit,Price Sensitive,2,0.2879,"Cluster 2 (n=1736) labeled 'Price Sensitive' because its centroid is closest to that segment's prototype reviews (cosine=0.288). Supporting cues: charge(150), rs(122), price(78), money(49), offer(28). Frequent terms: order, service, blinkit, product, time, bad. Example review: ""poor"""
item deliver time product good condition,Price Sensitive,2,0.2879,"Cluster 2 (n=1736) labeled 'Price Sensitive' because its centroid is closest to that segment's prototype reviews (cosine=0.288). Supporting cues: charge(150), rs(122), price(78), money(49), offer(28). Frequent terms: order, service, blinkit, product, time, bad. Example review: ""poor"""
best platform,Routine Buyers,1,0.1454,"Cluster 1 (n=554) labeled 'Routine Buyers' because its centroid is closest to that segment's prototype reviews (cosine=0.145). Supporting cues: always(16), regular(1), usual(1). Frequent terms: delivery, fast, best, service, time, blinkit. Example review: ""super fast delivery"""
और हर वजन कम न,Price Sensitive,2,0.2879,"Cluster 2 (n=1736) labeled 'Price Sensitive' because its centroid is closest to that segment's prototype reviews (cosine=0.288). Supporting cues: charge(150), rs(122), price(78), money(49), offer(28). Frequent terms: order, service, blinkit, product, time, bad. Example review: ""poor"""
bad experience order cancel option available book order,Price Sensitive,2,0.2879,"Cluster 2 (n=1736) labeled 'Price Sensitive' because its centroid is closest to that segment's prototype reviews (cosine=0.288). Supporting cues: charge(150), rs(122), price(78), money(49), offer(28). Frequent terms: order, service, blinkit, product, time, bad. Example review: ""poor"""
good website,Explorers,0,0.0196,"Cluster 0 (n=348) labeled 'Explorers' because its centroid is closest to that segment's prototype reviews (cosine=0.020). Supporting cues: try(1). Frequent terms: service, delivery, blinkit, product, experience, like. Example review: ""good service"""
make life much easy,Price Sensitive,2,0.2879,"Cluster 2 (n=1736) labeled 'Price Sensitive' because its centroid is closest to that segment's prototype reviews (cosine=0.288). Supporting cues: charge(150), rs(122), price(78), money(49), offer(28). Frequent terms: order, service, blinkit, product, time, bad. Example review: ""poor"""
cod must available order 50 80 wise create problem bank surver,Price Sensitive,2,0.2879,"Cluster 2 (n=1736) labeled 'Price Sensitive' because its centroid is closest to that segment's prototype reviews (cosine=0.288). Supporting cues: charge(150), rs(122), price(78), money(49), offer(28). Frequent terms: order, service, blinkit, product, time, bad. Example review: ""poor"""
good app use timer actually come 10 min much grocery love app,Price Sensitive,2,0.2879,"Cluster 2 (n=1736) labeled 'Price Sensitive' because its centroid is closest to that segment's prototype reviews (cosine=0.288). Supporting cues: charge(150), rs(122), price(78), money(49), offer(28). Frequent terms: order, service, blinkit, product, time, bad. Example review: ""poor"""
supportive team coordination,Price Sensitive,2,0.2879,"Cluster 2 (n=1736) labeled 'Price Sensitive' because its centroid is closest to that segment's prototype reviews (cosine=0.288). Supporting cues: charge(150), rs(122), price(78), money(49), offer(28). Frequent terms: order, service, blinkit, product, time, bad. Example review: ""poor"""
first time use application impressed selection require customer choice,Price Sensitive,2,0.2879,"Cluster 2 (n=1736) labeled 'Price Sensitive' because its centroid is closest to that segment's prototype reviews (cosine=0.288). Supporting cues: charge(150), rs(122), price(78), money(49), offer(28). Frequent terms: order, service, blinkit, product, time, bad. Example review: ""poor"""
payment hand deliverymust better,Price Sensitive,2,0.2879,"Cluster 2 (n=1736) labeled 'Price Sensitive' because its centroid is closest to that segment's prototype reviews (cosine=0.288). Supporting cues: charge(150), rs(122), price(78), money(49), offer(28). Frequent terms: order, service, blinkit, product, time, bad. Example review: ""poor"""
low earn offer store close 11pm offer time late night 2 pm store close 11pm,Price Sensitive,2,0.2879,"Cluster 2 (n=1736) labeled 'Price Sensitive' because its centroid is closest to that segment's prototype reviews (cosine=0.288). Supporting cues: charge(150), rs(122), price(78), money(49), offer(28). Frequent terms: order, service, blinkit, product, time, bad. Example review: ""poor"""
last time sevier,Price Sensitive,2,0.2879,"Cluster 2 (n=1736) labeled 'Price Sensitive' because its centroid is closest to that segment's prototype reviews (cosine=0.288). Supporting cues: charge(150), rs(122), price(78), money(49), offer(28). Frequent terms: order, service, blinkit, product, time, bad. Example review: ""poor"""
good apps,Explorers,0,0.0196,"Cluster 0 (n=348) labeled 'Explorers' because its centroid is closest to that segment's prototype reviews (cosine=0.020). Supporting cues: try(1). Frequent terms: service, delivery, blinkit, product, experience, like. Example review: ""good service"""
fast deliveryall product good,Explorers,0,0.0196,"Cluster 0 (n=348) labeled 'Explorers' because its centroid is closest to that segment's prototype reviews (cosine=0.020). Supporting cues: try(1). Frequent terms: service, delivery, blinkit, product, experience, like. Example review: ""good service"""
great help outside townthnxxx blinkit,Price Sensitive,2,0.2879,"Cluster 2 (n=1736) labeled 'Price Sensitive' because its centroid is closest to that segment's prototype reviews (cosine=0.288). Supporting cues: charge(150), rs(122), price(78), money(49), offer(28). Frequent terms: order, service, blinkit, product, time, bad. Example review: ""poor"""
good true convenient,Explorers,0,0.0196,"Cluster 0 (n=348) labeled 'Explorers' because its centroid is closest to that segment's prototype reviews (cosine=0.020). Supporting cues: try(1). Frequent terms: service, delivery, blinkit, product, experience, like. Example review: ""good service"""
nice service,Impulse Buyers,3,0.0584,"Cluster 3 (n=180) labeled 'Impulse Buyers' because its centroid is closest to that segment's prototype reviews (cosine=0.058). Supporting cues: quick(4), late night(1). Frequent terms: service, delivery, blinkit, work, much, time. Example review: ""nice"""
awesome,Price Sensitive,2,0.2879,"Cluster 2 (n=1736) labeled 'Price Sensitive' because its centroid is closest to that segment's prototype reviews (cosine=0.288). Supporting cues: charge(150), rs(122), price(78), money(49), offer(28). Frequent terms: order, service, blinkit, product, time, bad. Example review: ""poor"""
excellent service,Price Sensitive,2,0.2879,"Cluster 2 (n=1736) labeled 'Price Sensitive' because its centroid is closest to that segment's prototype reviews (cosine=0.288). Supporting cues: charge(150), rs(122), price(78), money(49), offer(28). Frequent terms: order, service, blinkit, product, time, bad. Example review: ""poor"""
experience good,Explorers,0,0.0196,"Cluster 0 (n=348) labeled 'Explorers' because its centroid is closest to that segment's prototype reviews (cosine=0.020). Supporting cues: try(1). Frequent terms: service, delivery, blinkit, product, experience, like. Example review: ""good service"""
🙂💔,Price Sensitive,2,0.2879,"Cluster 2 (n=1736) labeled 'Price Sensitive' because its centroid is closest to that segment's prototype reviews (cosine=0.288). Supporting cues: charge(150), rs(122), price(78), money(49), offer(28). Frequent terms: order, service, blinkit, product, time, bad. Example review: ""poor"""
service good price jio mart,Price Sensitive,2,0.2879,"Cluster 2 (n=1736) labeled 'Price Sensitive' because its centroid is closest to that segment's prototype reviews (cosine=0.288). Supporting cues: charge(150), rs(122), price(78), money(49), offer(28). Frequent terms: order, service, blinkit, product, time, bad. Example review: ""poor"""
good delivery service,Routine Buyers,1,0.1454,"Cluster 1 (n=554) labeled 'Routine Buyers' because its centroid is closest to that segment's prototype reviews (cosine=0.145). Supporting cues: always(16), regular(1), usual(1). Frequent terms: delivery, fast, best, service, time, blinkit. Example review: ""super fast delivery"""
rude behaviour delay service,Price Sensitive,2,0.2879,"Cluster 2 (n=1736) labeled 'Price Sensitive' because its centroid is closest to that segment's prototype reviews (cosine=0.288). Supporting cues: charge(150), rs(122), price(78), money(49), offer(28). Frequent terms: order, service, blinkit, product, time, bad. Example review: ""poor"""
wow amaze,Price Sensitive,2,0.2879,"Cluster 2 (n=1736) labeled 'Price Sensitive' because its centroid is closest to that segment's prototype reviews (cosine=0.288). Supporting cues: charge(150), rs(122), price(78), money(49), offer(28). Frequent terms: order, service, blinkit, product, time, bad. Example review: ""poor"""
bahut badiya,Price Sensitive,2,0.2879,"Cluster 2 (n=1736) labeled 'Price Sensitive' because its centroid is closest to that segment's prototype reviews (cosine=0.288). Supporting cues: charge(150), rs(122), price(78), money(49), offer(28). Frequent terms: order, service, blinkit, product, time, bad. Example review: ""poor"""
nice product quality,Impulse Buyers,3,0.0584,"Cluster 3 (n=180) labeled 'Impulse Buyers' because its centroid is closest to that segment's prototype reviews (cosine=0.058). Supporting cues: quick(4), late night(1). Frequent terms: service, delivery, blinkit, work, much, time. Example review: ""nice"""
nice,Impulse Buyers,3,0.0584,"Cluster 3 (n=180) labeled 'Impulse Buyers' because its centroid is closest to that segment's prototype reviews (cosine=0.058). Supporting cues: quick(4), late night(1). Frequent terms: service, delivery, blinkit, work, much, time. Example review: ""nice"""
always delevering time time delay,Price Sensitive,2,0.2879,"Cluster 2 (n=1736) labeled 'Price Sensitive' because its centroid is closest to that segment's prototype reviews (cosine=0.288). Supporting cues: charge(150), rs(122), price(78), money(49), offer(28). Frequent terms: order, service, blinkit, product, time, bad. Example review: ""poor"""
awesome ness faster,Price Sensitive,2,0.2879,"Cluster 2 (n=1736) labeled 'Price Sensitive' because its centroid is closest to that segment's prototype reviews (cosine=0.288). Supporting cues: charge(150), rs(122), price(78), money(49), offer(28). Frequent terms: order, service, blinkit, product, time, bad. Example review: ""poor"""
cod available number,Price Sensitive,2,0.2879,"Cluster 2 (n=1736) labeled 'Price Sensitive' because its centroid is closest to that segment's prototype reviews (cosine=0.288). Supporting cues: charge(150), rs(122), price(78), money(49), offer(28). Frequent terms: order, service, blinkit, product, time, bad. Example review: ""poor"""
thank demonstrate customer support customer resolution apparently separate department experience suggest follow policy take priority apply basic judgment solve straightforward issue current process prevents support team exercise common sense may worth review policy rather expect customer accept avoidable poor experience hope feedback reach someone empower improve system,Price Sensitive,2,0.2879,"Cluster 2 (n=1736) labeled 'Price Sensitive' because its centroid is closest to that segment's prototype reviews (cosine=0.288). Supporting cues: charge(150), rs(122), price(78), money(49), offer(28). Frequent terms: order, service, blinkit, product, time, bad. Example review: ""poor"""
extremely disappointed app since yesterday every time try place order show currently unavailable cant accept order right due high demand cant handle demand dont let customer spend time add product cart terrible user experience proper explanation estimate time solution provide please fix server stop show unavailable service frustrate complete waste time,Price Sensitive,2,0.2879,"Cluster 2 (n=1736) labeled 'Price Sensitive' because its centroid is closest to that segment's prototype reviews (cosine=0.288). Supporting cues: charge(150), rs(122), price(78), money(49), offer(28). Frequent terms: order, service, blinkit, product, time, bad. Example review: ""poor"""
get additional 65 rupee charge past day anytime try order something,Price Sensitive,2,0.2879,"Cluster 2 (n=1736) labeled 'Price Sensitive' because its centroid is closest to that segment's prototype reviews (cosine=0.288). Supporting cues: charge(150), rs(122), price(78), money(49), offer(28). Frequent terms: order, service, blinkit, product, time, bad. Example review: ""poor"""
charge high delivery,Routine Buyers,1,0.1454,"Cluster 1 (n=554) labeled 'Routine Buyers' because its centroid is closest to that segment's prototype reviews (cosine=0.145). Supporting cues: always(16), regular(1), usual(1). Frequent terms: delivery, fast, best, service, time, blinkit. Example review: ""super fast delivery"""
nice comfortable return well,Impulse Buyers,3,0.0584,"Cluster 3 (n=180) labeled 'Impulse Buyers' because its centroid is closest to that segment's prototype reviews (cosine=0.058). Supporting cues: quick(4), late night(1). Frequent terms: service, delivery, blinkit, work, much, time. Example review: ""nice"""
nice experience,Impulse Buyers,3,0.0584,"Cluster 3 (n=180) labeled 'Impulse Buyers' because its centroid is closest to that segment's prototype reviews (cosine=0.058). Supporting cues: quick(4), late night(1). Frequent terms: service, delivery, blinkit, work, much, time. Example review: ""nice"""
amaze app super fast delivery easy use product always arrive good condition highly recommend,Routine Buyers,1,0.1454,"Cluster 1 (n=554) labeled 'Routine Buyers' because its centroid is closest to that segment's prototype reviews (cosine=0.145). Supporting cues: always(16), regular(1), usual(1). Frequent terms: delivery, fast, best, service, time, blinkit. Example review: ""super fast delivery"""
badhiya,Price Sensitive,2,0.2879,"Cluster 2 (n=1736) labeled 'Price Sensitive' because its centroid is closest to that segment's prototype reviews (cosine=0.288). Supporting cues: charge(150), rs(122), price(78), money(49), offer(28). Frequent terms: order, service, blinkit, product, time, bad. Example review: ""poor"""
customer service never customer friendly election return policy consider even blink mistake,Price Sensitive,2,0.2879,"Cluster 2 (n=1736) labeled 'Price Sensitive' because its centroid is closest to that segment's prototype reviews (cosine=0.288). Supporting cues: charge(150), rs(122), price(78), money(49), offer(28). Frequent terms: order, service, blinkit, product, time, bad. Example review: ""poor"""
good simple,Explorers,0,0.0196,"Cluster 0 (n=348) labeled 'Explorers' because its centroid is closest to that segment's prototype reviews (cosine=0.020). Supporting cues: try(1). Frequent terms: service, delivery, blinkit, product, experience, like. Example review: ""good service"""
thank quick service,Price Sensitive,2,0.2879,"Cluster 2 (n=1736) labeled 'Price Sensitive' because its centroid is closest to that segment's prototype reviews (cosine=0.288). Supporting cues: charge(150), rs(122), price(78), money(49), offer(28). Frequent terms: order, service, blinkit, product, time, bad. Example review: ""poor"""
disgust cost show 36 time checkout show 94,Price Sensitive,2,0.2879,"Cluster 2 (n=1736) labeled 'Price Sensitive' because its centroid is closest to that segment's prototype reviews (cosine=0.288). Supporting cues: charge(150), rs(122), price(78), money(49), offer(28). Frequent terms: order, service, blinkit, product, time, bad. Example review: ""poor"""
order cancel,Price Sensitive,2,0.2879,"Cluster 2 (n=1736) labeled 'Price Sensitive' because its centroid is closest to that segment's prototype reviews (cosine=0.288). Supporting cues: charge(150), rs(122), price(78), money(49), offer(28). Frequent terms: order, service, blinkit, product, time, bad. Example review: ""poor"""
wrost customer support delivery product make open pouch dirty part miss itemdelivery boy listen complaint even customer support work 9 7 need urgently productdont rely appgo shop nearbywrost experience today,Price Sensitive,2,0.2879,"Cluster 2 (n=1736) labeled 'Price Sensitive' because its centroid is closest to that segment's prototype reviews (cosine=0.288). Supporting cues: charge(150), rs(122), price(78), money(49), offer(28). Frequent terms: order, service, blinkit, product, time, bad. Example review: ""poor"""
absolutely excellent experience regard quality product delivery,Price Sensitive,2,0.2879,"Cluster 2 (n=1736) labeled 'Price Sensitive' because its centroid is closest to that segment's prototype reviews (cosine=0.288). Supporting cues: charge(150), rs(122), price(78), money(49), offer(28). Frequent terms: order, service, blinkit, product, time, bad. Example review: ""poor"""
delivery boy rude unbearable,Routine Buyers,1,0.1454,"Cluster 1 (n=554) labeled 'Routine Buyers' because its centroid is closest to that segment's prototype reviews (cosine=0.145). Supporting cues: always(16), regular(1), usual(1). Frequent terms: delivery, fast, best, service, time, blinkit. Example review: ""super fast delivery"""
good service fast service,Routine Buyers,1,0.1454,"Cluster 1 (n=554) labeled 'Routine Buyers' because its centroid is closest to that segment's prototype reviews (cosine=0.145). Supporting cues: always(16), regular(1), usual(1). Frequent terms: delivery, fast, best, service, time, blinkit. Example review: ""super fast delivery"""
169 dikha rha tha price peanut ka jab payment ki bari aayi 171 rupay ki chij ka hai delivery bhi free show kr rha h,Price Sensitive,2,0.2879,"Cluster 2 (n=1736) labeled 'Price Sensitive' because its centroid is closest to that segment's prototype reviews (cosine=0.288). Supporting cues: charge(150), rs(122), price(78), money(49), offer(28). Frequent terms: order, service, blinkit, product, time, bad. Example review: ""poor"""
best,Routine Buyers,1,0.1454,"Cluster 1 (n=554) labeled 'Routine Buyers' because its centroid is closest to that segment's prototype reviews (cosine=0.145). Supporting cues: always(16), regular(1), usual(1). Frequent terms: delivery, fast, best, service, time, blinkit. Example review: ""super fast delivery"""
handle price high offer also price high compare swiggy instamart flipkart minute,Price Sensitive,2,0.2879,"Cluster 2 (n=1736) labeled 'Price Sensitive' because its centroid is closest to that segment's prototype reviews (cosine=0.288). Supporting cues: charge(150), rs(122), price(78), money(49), offer(28). Frequent terms: order, service, blinkit, product, time, bad. Example review: ""poor"""
good job,Price Sensitive,2,0.2879,"Cluster 2 (n=1736) labeled 'Price Sensitive' because its centroid is closest to that segment's prototype reviews (cosine=0.288). Supporting cues: charge(150), rs(122), price(78), money(49), offer(28). Frequent terms: order, service, blinkit, product, time, bad. Example review: ""poor"""
sell product blink,Price Sensitive,2,0.2879,"Cluster 2 (n=1736) labeled 'Price Sensitive' because its centroid is closest to that segment's prototype reviews (cosine=0.288). Supporting cues: charge(150), rs(122), price(78), money(49), offer(28). Frequent terms: order, service, blinkit, product, time, bad. Example review: ""poor"""
osm service,Price Sensitive,2,0.2879,"Cluster 2 (n=1736) labeled 'Price Sensitive' because its centroid is closest to that segment's prototype reviews (cosine=0.288). Supporting cues: charge(150), rs(122), price(78), money(49), offer(28). Frequent terms: order, service, blinkit, product, time, bad. Example review: ""poor"""
love app,Price Sensitive,2,0.2879,"Cluster 2 (n=1736) labeled 'Price Sensitive' because its centroid is closest to that segment's prototype reviews (cosine=0.288). Supporting cues: charge(150), rs(122), price(78), money(49), offer(28). Frequent terms: order, service, blinkit, product, time, bad. Example review: ""poor"""
fast delivery,Routine Buyers,1,0.1454,"Cluster 1 (n=554) labeled 'Routine Buyers' because its centroid is closest to that segment's prototype reviews (cosine=0.145). Supporting cues: always(16), regular(1), usual(1). Frequent terms: delivery, fast, best, service, time, blinkit. Example review: ""super fast delivery"""
excellent service blinkit make life easy,Price Sensitive,2,0.2879,"Cluster 2 (n=1736) labeled 'Price Sensitive' because its centroid is closest to that segment's prototype reviews (cosine=0.288). Supporting cues: charge(150), rs(122), price(78), money(49), offer(28). Frequent terms: order, service, blinkit, product, time, bad. Example review: ""poor"""
wow,Price Sensitive,2,0.2879,"Cluster 2 (n=1736) labeled 'Price Sensitive' because its centroid is closest to that segment's prototype reviews (cosine=0.288). Supporting cues: charge(150), rs(122), price(78), money(49), offer(28). Frequent terms: order, service, blinkit, product, time, bad. Example review: ""poor"""
first order app dont know go apps interface good easy order,Price Sensitive,2,0.2879,"Cluster 2 (n=1736) labeled 'Price Sensitive' because its centroid is closest to that segment's prototype reviews (cosine=0.288). Supporting cues: charge(150), rs(122), price(78), money(49), offer(28). Frequent terms: order, service, blinkit, product, time, bad. Example review: ""poor"""
best service provider,Routine Buyers,1,0.1454,"Cluster 1 (n=554) labeled 'Routine Buyers' because its centroid is closest to that segment's prototype reviews (cosine=0.145). Supporting cues: always(16), regular(1), usual(1). Frequent terms: delivery, fast, best, service, time, blinkit. Example review: ""super fast delivery"""
good app shopping,Explorers,0,0.0196,"Cluster 0 (n=348) labeled 'Explorers' because its centroid is closest to that segment's prototype reviews (cosine=0.020). Supporting cues: try(1). Frequent terms: service, delivery, blinkit, product, experience, like. Example review: ""good service"""
love,Price Sensitive,2,0.2879,"Cluster 2 (n=1736) labeled 'Price Sensitive' because its centroid is closest to that segment's prototype reviews (cosine=0.288). Supporting cues: charge(150), rs(122), price(78), money(49), offer(28). Frequent terms: order, service, blinkit, product, time, bad. Example review: ""poor"""
good price,Explorers,0,0.0196,"Cluster 0 (n=348) labeled 'Explorers' because its centroid is closest to that segment's prototype reviews (cosine=0.020). Supporting cues: try(1). Frequent terms: service, delivery, blinkit, product, experience, like. Example review: ""good service"""
bad silvassa,Price Sensitive,2,0.2879,"Cluster 2 (n=1736) labeled 'Price Sensitive' because its centroid is closest to that segment's prototype reviews (cosine=0.288). Supporting cues: charge(150), rs(122), price(78), money(49), offer(28). Frequent terms: order, service, blinkit, product, time, bad. Example review: ""poor"""
fast superb app item fresh,Price Sensitive,2,0.2879,"Cluster 2 (n=1736) labeled 'Price Sensitive' because its centroid is closest to that segment's prototype reviews (cosine=0.288). Supporting cues: charge(150), rs(122), price(78), money(49), offer(28). Frequent terms: order, service, blinkit, product, time, bad. Example review: ""poor"""
charge lete hai bhot cash bhi ni hai bhot bar,Price Sensitive,2,0.2879,"Cluster 2 (n=1736) labeled 'Price Sensitive' because its centroid is closest to that segment's prototype reviews (cosine=0.288). Supporting cues: charge(150), rs(122), price(78), money(49), offer(28). Frequent terms: order, service, blinkit, product, time, bad. Example review: ""poor"""
achhha h bss price high kr deta h kvi kvi,Price Sensitive,2,0.2879,"Cluster 2 (n=1736) labeled 'Price Sensitive' because its centroid is closest to that segment's prototype reviews (cosine=0.288). Supporting cues: charge(150), rs(122), price(78), money(49), offer(28). Frequent terms: order, service, blinkit, product, time, bad. Example review: ""poor"""
fast,Routine Buyers,1,0.1454,"Cluster 1 (n=554) labeled 'Routine Buyers' because its centroid is closest to that segment's prototype reviews (cosine=0.145). Supporting cues: always(16), regular(1), usual(1). Frequent terms: delivery, fast, best, service, time, blinkit. Example review: ""super fast delivery"""
helpful best service,Routine Buyers,1,0.1454,"Cluster 1 (n=554) labeled 'Routine Buyers' because its centroid is closest to that segment's prototype reviews (cosine=0.145). Supporting cues: always(16), regular(1), usual(1). Frequent terms: delivery, fast, best, service, time, blinkit. Example review: ""super fast delivery"""
nice platform,Impulse Buyers,3,0.0584,"Cluster 3 (n=180) labeled 'Impulse Buyers' because its centroid is closest to that segment's prototype reviews (cosine=0.058). Supporting cues: quick(4), late night(1). Frequent terms: service, delivery, blinkit, work, much, time. Example review: ""nice"""
nice app delivery person also nice way talk,Impulse Buyers,3,0.0584,"Cluster 3 (n=180) labeled 'Impulse Buyers' because its centroid is closest to that segment's prototype reviews (cosine=0.058). Supporting cues: quick(4), late night(1). Frequent terms: service, delivery, blinkit, work, much, time. Example review: ""nice"""
really helpful love fast delivery product available blinkit doesnt provide service bihar get ta good,Routine Buyers,1,0.1454,"Cluster 1 (n=554) labeled 'Routine Buyers' because its centroid is closest to that segment's prototype reviews (cosine=0.145). Supporting cues: always(16), regular(1), usual(1). Frequent terms: delivery, fast, best, service, time, blinkit. Example review: ""super fast delivery"""
zero costomer assist,Price Sensitive,2,0.2879,"Cluster 2 (n=1736) labeled 'Price Sensitive' because its centroid is closest to that segment's prototype reviews (cosine=0.288). Supporting cues: charge(150), rs(122), price(78), money(49), offer(28). Frequent terms: order, service, blinkit, product, time, bad. Example review: ""poor"""
thanks blinkit,Price Sensitive,2,0.2879,"Cluster 2 (n=1736) labeled 'Price Sensitive' because its centroid is closest to that segment's prototype reviews (cosine=0.288). Supporting cues: charge(150), rs(122), price(78), money(49), offer(28). Frequent terms: order, service, blinkit, product, time, bad. Example review: ""poor"""
customer service 100010,Price Sensitive,2,0.2879,"Cluster 2 (n=1736) labeled 'Price Sensitive' because its centroid is closest to that segment's prototype reviews (cosine=0.288). Supporting cues: charge(150), rs(122), price(78), money(49), offer(28). Frequent terms: order, service, blinkit, product, time, bad. Example review: ""poor"""
fraud people,Price Sensitive,2,0.2879,"Cluster 2 (n=1736) labeled 'Price Sensitive' because its centroid is closest to that segment's prototype reviews (cosine=0.288). Supporting cues: charge(150), rs(122), price(78), money(49), offer(28). Frequent terms: order, service, blinkit, product, time, bad. Example review: ""poor"""
high demand charge 30 r acceptable,Price Sensitive,2,0.2879,"Cluster 2 (n=1736) labeled 'Price Sensitive' because its centroid is closest to that segment's prototype reviews (cosine=0.288). Supporting cues: charge(150), rs(122), price(78), money(49), offer(28). Frequent terms: order, service, blinkit, product, time, bad. Example review: ""poor"""
experience blinkit exceptionally well thanks wonderful service,Price Sensitive,2,0.2879,"Cluster 2 (n=1736) labeled 'Price Sensitive' because its centroid is closest to that segment's prototype reviews (cosine=0.288). Supporting cues: charge(150), rs(122), price(78), money(49), offer(28). Frequent terms: order, service, blinkit, product, time, bad. Example review: ""poor"""
nice good application,Impulse Buyers,3,0.0584,"Cluster 3 (n=180) labeled 'Impulse Buyers' because its centroid is closest to that segment's prototype reviews (cosine=0.058). Supporting cues: quick(4), late night(1). Frequent terms: service, delivery, blinkit, work, much, time. Example review: ""nice"""
delivery good,Explorers,0,0.0196,"Cluster 0 (n=348) labeled 'Explorers' because its centroid is closest to that segment's prototype reviews (cosine=0.020). Supporting cues: try(1). Frequent terms: service, delivery, blinkit, product, experience, like. Example review: ""good service"""
amul milk fresh warm milk soon receive started curdling,Price Sensitive,2,0.2879,"Cluster 2 (n=1736) labeled 'Price Sensitive' because its centroid is closest to that segment's prototype reviews (cosine=0.288). Supporting cues: charge(150), rs(122), price(78), money(49), offer(28). Frequent terms: order, service, blinkit, product, time, bad. Example review: ""poor"""
best,Routine Buyers,1,0.1454,"Cluster 1 (n=554) labeled 'Routine Buyers' because its centroid is closest to that segment's prototype reviews (cosine=0.145). Supporting cues: always(16), regular(1), usual(1). Frequent terms: delivery, fast, best, service, time, blinkit. Example review: ""super fast delivery"""
dikhata kuchh hai aur bhj kuchh deta hai,Price Sensitive,2,0.2879,"Cluster 2 (n=1736) labeled 'Price Sensitive' because its centroid is closest to that segment's prototype reviews (cosine=0.288). Supporting cues: charge(150), rs(122), price(78), money(49), offer(28). Frequent terms: order, service, blinkit, product, time, bad. Example review: ""poor"""
nice time save,Impulse Buyers,3,0.0584,"Cluster 3 (n=180) labeled 'Impulse Buyers' because its centroid is closest to that segment's prototype reviews (cosine=0.058). Supporting cues: quick(4), late night(1). Frequent terms: service, delivery, blinkit, work, much, time. Example review: ""nice"""
good app thats like food meal everyone instal app,Explorers,0,0.0196,"Cluster 0 (n=348) labeled 'Explorers' because its centroid is closest to that segment's prototype reviews (cosine=0.020). Supporting cues: try(1). Frequent terms: service, delivery, blinkit, product, experience, like. Example review: ""good service"""
nice dilivery boy,Impulse Buyers,3,0.0584,"Cluster 3 (n=180) labeled 'Impulse Buyers' because its centroid is closest to that segment's prototype reviews (cosine=0.058). Supporting cues: quick(4), late night(1). Frequent terms: service, delivery, blinkit, work, much, time. Example review: ""nice"""
fast affordable,Routine Buyers,1,0.1454,"Cluster 1 (n=554) labeled 'Routine Buyers' because its centroid is closest to that segment's prototype reviews (cosine=0.145). Supporting cues: always(16), regular(1), usual(1). Frequent terms: delivery, fast, best, service, time, blinkit. Example review: ""super fast delivery"""
overprice,Price Sensitive,2,0.2879,"Cluster 2 (n=1736) labeled 'Price Sensitive' because its centroid is closest to that segment's prototype reviews (cosine=0.288). Supporting cues: charge(150), rs(122), price(78), money(49), offer(28). Frequent terms: order, service, blinkit, product, time, bad. Example review: ""poor"""
sab kuch accha hai par discount nahi milta quantity saman mangwane par,Price Sensitive,2,0.2879,"Cluster 2 (n=1736) labeled 'Price Sensitive' because its centroid is closest to that segment's prototype reviews (cosine=0.288). Supporting cues: charge(150), rs(122), price(78), money(49), offer(28). Frequent terms: order, service, blinkit, product, time, bad. Example review: ""poor"""
cute,Price Sensitive,2,0.2879,"Cluster 2 (n=1736) labeled 'Price Sensitive' because its centroid is closest to that segment's prototype reviews (cosine=0.288). Supporting cues: charge(150), rs(122), price(78), money(49), offer(28). Frequent terms: order, service, blinkit, product, time, bad. Example review: ""poor"""
hedling charge high price high,Price Sensitive,2,0.2879,"Cluster 2 (n=1736) labeled 'Price Sensitive' because its centroid is closest to that segment's prototype reviews (cosine=0.288). Supporting cues: charge(150), rs(122), price(78), money(49), offer(28). Frequent terms: order, service, blinkit, product, time, bad. Example review: ""poor"""
free gift superfast delivery love app ad,Routine Buyers,1,0.1454,"Cluster 1 (n=554) labeled 'Routine Buyers' because its centroid is closest to that segment's prototype reviews (cosine=0.145). Supporting cues: always(16), regular(1), usual(1). Frequent terms: delivery, fast, best, service, time, blinkit. Example review: ""super fast delivery"""
good service product,Explorers,0,0.0196,"Cluster 0 (n=348) labeled 'Explorers' because its centroid is closest to that segment's prototype reviews (cosine=0.020). Supporting cues: try(1). Frequent terms: service, delivery, blinkit, product, experience, like. Example review: ""good service"""
show order 4 min order 20 min,Price Sensitive,2,0.2879,"Cluster 2 (n=1736) labeled 'Price Sensitive' because its centroid is closest to that segment's prototype reviews (cosine=0.288). Supporting cues: charge(150), rs(122), price(78), money(49), offer(28). Frequent terms: order, service, blinkit, product, time, bad. Example review: ""poor"""
use good youve change bro,Explorers,0,0.0196,"Cluster 0 (n=348) labeled 'Explorers' because its centroid is closest to that segment's prototype reviews (cosine=0.020). Supporting cues: try(1). Frequent terms: service, delivery, blinkit, product, experience, like. Example review: ""good service"""
nice rate little bit less,Impulse Buyers,3,0.0584,"Cluster 3 (n=180) labeled 'Impulse Buyers' because its centroid is closest to that segment's prototype reviews (cosine=0.058). Supporting cues: quick(4), late night(1). Frequent terms: service, delivery, blinkit, work, much, time. Example review: ""nice"""
excellent discount,Price Sensitive,2,0.2879,"Cluster 2 (n=1736) labeled 'Price Sensitive' because its centroid is closest to that segment's prototype reviews (cosine=0.288). Supporting cues: charge(150), rs(122), price(78), money(49), offer(28). Frequent terms: order, service, blinkit, product, time, bad. Example review: ""poor"""
ordered raisin black instead original colour try return say help request please try fix return system blinkit everything else app actually impressive use app order plenty item come fast,Price Sensitive,2,0.2879,"Cluster 2 (n=1736) labeled 'Price Sensitive' because its centroid is closest to that segment's prototype reviews (cosine=0.288). Supporting cues: charge(150), rs(122), price(78), money(49), offer(28). Frequent terms: order, service, blinkit, product, time, bad. Example review: ""poor"""
mere oder return le gye par payment abhi tak nhi aaye,Price Sensitive,2,0.2879,"Cluster 2 (n=1736) labeled 'Price Sensitive' because its centroid is closest to that segment's prototype reviews (cosine=0.288). Supporting cues: charge(150), rs(122), price(78), money(49), offer(28). Frequent terms: order, service, blinkit, product, time, bad. Example review: ""poor"""
ita first order far good use let see,Price Sensitive,2,0.2879,"Cluster 2 (n=1736) labeled 'Price Sensitive' because its centroid is closest to that segment's prototype reviews (cosine=0.288). Supporting cues: charge(150), rs(122), price(78), money(49), offer(28). Frequent terms: order, service, blinkit, product, time, bad. Example review: ""poor"""
best delivery app,Routine Buyers,1,0.1454,"Cluster 1 (n=554) labeled 'Routine Buyers' because its centroid is closest to that segment's prototype reviews (cosine=0.145). Supporting cues: always(16), regular(1), usual(1). Frequent terms: delivery, fast, best, service, time, blinkit. Example review: ""super fast delivery"""
good service time,Explorers,0,0.0196,"Cluster 0 (n=348) labeled 'Explorers' because its centroid is closest to that segment's prototype reviews (cosine=0.020). Supporting cues: try(1). Frequent terms: service, delivery, blinkit, product, experience, like. Example review: ""good service"""
door step delivery without single call,Routine Buyers,1,0.1454,"Cluster 1 (n=554) labeled 'Routine Buyers' because its centroid is closest to that segment's prototype reviews (cosine=0.145). Supporting cues: always(16), regular(1), usual(1). Frequent terms: delivery, fast, best, service, time, blinkit. Example review: ""super fast delivery"""
cod option available cancelled order bad service bad app,Price Sensitive,2,0.2879,"Cluster 2 (n=1736) labeled 'Price Sensitive' because its centroid is closest to that segment's prototype reviews (cosine=0.288). Supporting cues: charge(150), rs(122), price(78), money(49), offer(28). Frequent terms: order, service, blinkit, product, time, bad. Example review: ""poor"""
awesome service,Price Sensitive,2,0.2879,"Cluster 2 (n=1736) labeled 'Price Sensitive' because its centroid is closest to that segment's prototype reviews (cosine=0.288). Supporting cues: charge(150), rs(122), price(78), money(49), offer(28). Frequent terms: order, service, blinkit, product, time, bad. Example review: ""poor"""
trust app aprishiated,Price Sensitive,2,0.2879,"Cluster 2 (n=1736) labeled 'Price Sensitive' because its centroid is closest to that segment's prototype reviews (cosine=0.288). Supporting cues: charge(150), rs(122), price(78), money(49), offer(28). Frequent terms: order, service, blinkit, product, time, bad. Example review: ""poor"""
convient n hassle free,Price Sensitive,2,0.2879,"Cluster 2 (n=1736) labeled 'Price Sensitive' because its centroid is closest to that segment's prototype reviews (cosine=0.288). Supporting cues: charge(150), rs(122), price(78), money(49), offer(28). Frequent terms: order, service, blinkit, product, time, bad. Example review: ""poor"""
useful app,Price Sensitive,2,0.2879,"Cluster 2 (n=1736) labeled 'Price Sensitive' because its centroid is closest to that segment's prototype reviews (cosine=0.288). Supporting cues: charge(150), rs(122), price(78), money(49), offer(28). Frequent terms: order, service, blinkit, product, time, bad. Example review: ""poor"""
accha app h easily har chij mil jati ghar pr baithe baithe sath hi fresh chij milti h thanku hamari life ko thoda aasan banane ke liye,Price Sensitive,2,0.2879,"Cluster 2 (n=1736) labeled 'Price Sensitive' because its centroid is closest to that segment's prototype reviews (cosine=0.288). Supporting cues: charge(150), rs(122), price(78), money(49), offer(28). Frequent terms: order, service, blinkit, product, time, bad. Example review: ""poor"""
extremely good keep get well day,Explorers,0,0.0196,"Cluster 0 (n=348) labeled 'Explorers' because its centroid is closest to that segment's prototype reviews (cosine=0.020). Supporting cues: try(1). Frequent terms: service, delivery, blinkit, product, experience, like. Example review: ""good service"""
nice app,Impulse Buyers,3,0.0584,"Cluster 3 (n=180) labeled 'Impulse Buyers' because its centroid is closest to that segment's prototype reviews (cosine=0.058). Supporting cues: quick(4), late night(1). Frequent terms: service, delivery, blinkit, work, much, time. Example review: ""nice"""
delevery time,Price Sensitive,2,0.2879,"Cluster 2 (n=1736) labeled 'Price Sensitive' because its centroid is closest to that segment's prototype reviews (cosine=0.288). Supporting cues: charge(150), rs(122), price(78), money(49), offer(28). Frequent terms: order, service, blinkit, product, time, bad. Example review: ""poor"""
delivers worst product,Price Sensitive,2,0.2879,"Cluster 2 (n=1736) labeled 'Price Sensitive' because its centroid is closest to that segment's prototype reviews (cosine=0.288). Supporting cues: charge(150), rs(122), price(78), money(49), offer(28). Frequent terms: order, service, blinkit, product, time, bad. Example review: ""poor"""
good service blinkit,Explorers,0,0.0196,"Cluster 0 (n=348) labeled 'Explorers' because its centroid is closest to that segment's prototype reviews (cosine=0.020). Supporting cues: try(1). Frequent terms: service, delivery, blinkit, product, experience, like. Example review: ""good service"""
mast hai baba,Price Sensitive,2,0.2879,"Cluster 2 (n=1736) labeled 'Price Sensitive' because its centroid is closest to that segment's prototype reviews (cosine=0.288). Supporting cues: charge(150), rs(122), price(78), money(49), offer(28). Frequent terms: order, service, blinkit, product, time, bad. Example review: ""poor"""
poor customer service request exchange mistaken order product seal unused blinkit customer care helpful response delay unclearno proper resolution option talk supervisor delivery fast support terrible really disappointed please improve customer service,Price Sensitive,2,0.2879,"Cluster 2 (n=1736) labeled 'Price Sensitive' because its centroid is closest to that segment's prototype reviews (cosine=0.288). Supporting cues: charge(150), rs(122), price(78), money(49), offer(28). Frequent terms: order, service, blinkit, product, time, bad. Example review: ""poor"""
wrust app,Price Sensitive,2,0.2879,"Cluster 2 (n=1736) labeled 'Price Sensitive' because its centroid is closest to that segment's prototype reviews (cosine=0.288). Supporting cues: charge(150), rs(122), price(78), money(49), offer(28). Frequent terms: order, service, blinkit, product, time, bad. Example review: ""poor"""
good aap thank much blinkit,Price Sensitive,2,0.2879,"Cluster 2 (n=1736) labeled 'Price Sensitive' because its centroid is closest to that segment's prototype reviews (cosine=0.288). Supporting cues: charge(150), rs(122), price(78), money(49), offer(28). Frequent terms: order, service, blinkit, product, time, bad. Example review: ""poor"""
fantastic super fast delivery,Routine Buyers,1,0.1454,"Cluster 1 (n=554) labeled 'Routine Buyers' because its centroid is closest to that segment's prototype reviews (cosine=0.145). Supporting cues: always(16), regular(1), usual(1). Frequent terms: delivery, fast, best, service, time, blinkit. Example review: ""super fast delivery"""
excellent service,Price Sensitive,2,0.2879,"Cluster 2 (n=1736) labeled 'Price Sensitive' because its centroid is closest to that segment's prototype reviews (cosine=0.288). Supporting cues: charge(150), rs(122), price(78), money(49), offer(28). Frequent terms: order, service, blinkit, product, time, bad. Example review: ""poor"""
best service app,Routine Buyers,1,0.1454,"Cluster 1 (n=554) labeled 'Routine Buyers' because its centroid is closest to that segment's prototype reviews (cosine=0.145). Supporting cues: always(16), regular(1), usual(1). Frequent terms: delivery, fast, best, service, time, blinkit. Example review: ""super fast delivery"""
please change cod amount cant buy 1500 limit,Price Sensitive,2,0.2879,"Cluster 2 (n=1736) labeled 'Price Sensitive' because its centroid is closest to that segment's prototype reviews (cosine=0.288). Supporting cues: charge(150), rs(122), price(78), money(49), offer(28). Frequent terms: order, service, blinkit, product, time, bad. Example review: ""poor"""
order area pathetically delay,Price Sensitive,2,0.2879,"Cluster 2 (n=1736) labeled 'Price Sensitive' because its centroid is closest to that segment's prototype reviews (cosine=0.288). Supporting cues: charge(150), rs(122), price(78), money(49), offer(28). Frequent terms: order, service, blinkit, product, time, bad. Example review: ""poor"""
super,Price Sensitive,2,0.2879,"Cluster 2 (n=1736) labeled 'Price Sensitive' because its centroid is closest to that segment's prototype reviews (cosine=0.288). Supporting cues: charge(150), rs(122), price(78), money(49), offer(28). Frequent terms: order, service, blinkit, product, time, bad. Example review: ""poor"""
exlent,Price Sensitive,2,0.2879,"Cluster 2 (n=1736) labeled 'Price Sensitive' because its centroid is closest to that segment's prototype reviews (cosine=0.288). Supporting cues: charge(150), rs(122), price(78), money(49), offer(28). Frequent terms: order, service, blinkit, product, time, bad. Example review: ""poor"""
customer service bad response enquiry chatbox contact via mail resolution answer regard damage product delivery even thy especially mention 72 hour replacement available item bad experience app please beware product service,Price Sensitive,2,0.2879,"Cluster 2 (n=1736) labeled 'Price Sensitive' because its centroid is closest to that segment's prototype reviews (cosine=0.288). Supporting cues: charge(150), rs(122), price(78), money(49), offer(28). Frequent terms: order, service, blinkit, product, time, bad. Example review: ""poor"""
best service,Routine Buyers,1,0.1454,"Cluster 1 (n=554) labeled 'Routine Buyers' because its centroid is closest to that segment's prototype reviews (cosine=0.145). Supporting cues: always(16), regular(1), usual(1). Frequent terms: delivery, fast, best, service, time, blinkit. Example review: ""super fast delivery"""
happy,Price Sensitive,2,0.2879,"Cluster 2 (n=1736) labeled 'Price Sensitive' because its centroid is closest to that segment's prototype reviews (cosine=0.288). Supporting cues: charge(150), rs(122), price(78), money(49), offer(28). Frequent terms: order, service, blinkit, product, time, bad. Example review: ""poor"""
really good fast service keep smile,Routine Buyers,1,0.1454,"Cluster 1 (n=554) labeled 'Routine Buyers' because its centroid is closest to that segment's prototype reviews (cosine=0.145). Supporting cues: always(16), regular(1), usual(1). Frequent terms: delivery, fast, best, service, time, blinkit. Example review: ""super fast delivery"""
absolutely love service lightningfast delivery excellent product quality smooth order experience start finish blinkit never disappoint keep fantastic work,Price Sensitive,2,0.2879,"Cluster 2 (n=1736) labeled 'Price Sensitive' because its centroid is closest to that segment's prototype reviews (cosine=0.288). Supporting cues: charge(150), rs(122), price(78), money(49), offer(28). Frequent terms: order, service, blinkit, product, time, bad. Example review: ""poor"""
okay good,Explorers,0,0.0196,"Cluster 0 (n=348) labeled 'Explorers' because its centroid is closest to that segment's prototype reviews (cosine=0.020). Supporting cues: try(1). Frequent terms: service, delivery, blinkit, product, experience, like. Example review: ""good service"""
nice fast,Impulse Buyers,3,0.0584,"Cluster 3 (n=180) labeled 'Impulse Buyers' because its centroid is closest to that segment's prototype reviews (cosine=0.058). Supporting cues: quick(4), late night(1). Frequent terms: service, delivery, blinkit, work, much, time. Example review: ""nice"""
order delay waay much,Price Sensitive,2,0.2879,"Cluster 2 (n=1736) labeled 'Price Sensitive' because its centroid is closest to that segment's prototype reviews (cosine=0.288). Supporting cues: charge(150), rs(122), price(78), money(49), offer(28). Frequent terms: order, service, blinkit, product, time, bad. Example review: ""poor"""
best website scam love much,Routine Buyers,1,0.1454,"Cluster 1 (n=554) labeled 'Routine Buyers' because its centroid is closest to that segment's prototype reviews (cosine=0.145). Supporting cues: always(16), regular(1), usual(1). Frequent terms: delivery, fast, best, service, time, blinkit. Example review: ""super fast delivery"""
product five star deliver time delivery executive rude cooperative,Routine Buyers,1,0.1454,"Cluster 1 (n=554) labeled 'Routine Buyers' because its centroid is closest to that segment's prototype reviews (cosine=0.145). Supporting cues: always(16), regular(1), usual(1). Frequent terms: delivery, fast, best, service, time, blinkit. Example review: ""super fast delivery"""
great app,Price Sensitive,2,0.2879,"Cluster 2 (n=1736) labeled 'Price Sensitive' because its centroid is closest to that segment's prototype reviews (cosine=0.288). Supporting cues: charge(150), rs(122), price(78), money(49), offer(28). Frequent terms: order, service, blinkit, product, time, bad. Example review: ""poor"""
nice helpful,Impulse Buyers,3,0.0584,"Cluster 3 (n=180) labeled 'Impulse Buyers' because its centroid is closest to that segment's prototype reviews (cosine=0.058). Supporting cues: quick(4), late night(1). Frequent terms: service, delivery, blinkit, work, much, time. Example review: ""nice"""
dont send disposable spoon item actually require one suppose stick finger eat,Price Sensitive,2,0.2879,"Cluster 2 (n=1736) labeled 'Price Sensitive' because its centroid is closest to that segment's prototype reviews (cosine=0.288). Supporting cues: charge(150), rs(122), price(78), money(49), offer(28). Frequent terms: order, service, blinkit, product, time, bad. Example review: ""poor"""
price much good,Explorers,0,0.0196,"Cluster 0 (n=348) labeled 'Explorers' because its centroid is closest to that segment's prototype reviews (cosine=0.020). Supporting cues: try(1). Frequent terms: service, delivery, blinkit, product, experience, like. Example review: ""good service"""
handle fee,Price Sensitive,2,0.2879,"Cluster 2 (n=1736) labeled 'Price Sensitive' because its centroid is closest to that segment's prototype reviews (cosine=0.288). Supporting cues: charge(150), rs(122), price(78), money(49), offer(28). Frequent terms: order, service, blinkit, product, time, bad. Example review: ""poor"""
deliver product,Price Sensitive,2,0.2879,"Cluster 2 (n=1736) labeled 'Price Sensitive' because its centroid is closest to that segment's prototype reviews (cosine=0.288). Supporting cues: charge(150), rs(122), price(78), money(49), offer(28). Frequent terms: order, service, blinkit, product, time, bad. Example review: ""poor"""
great app,Price Sensitive,2,0.2879,"Cluster 2 (n=1736) labeled 'Price Sensitive' because its centroid is closest to that segment's prototype reviews (cosine=0.288). Supporting cues: charge(150), rs(122), price(78), money(49), offer(28). Frequent terms: order, service, blinkit, product, time, bad. Example review: ""poor"""
good,Explorers,0,0.0196,"Cluster 0 (n=348) labeled 'Explorers' because its centroid is closest to that segment's prototype reviews (cosine=0.020). Supporting cues: try(1). Frequent terms: service, delivery, blinkit, product, experience, like. Example review: ""good service"""
life saver,Price Sensitive,2,0.2879,"Cluster 2 (n=1736) labeled 'Price Sensitive' because its centroid is closest to that segment's prototype reviews (cosine=0.288). Supporting cues: charge(150), rs(122), price(78), money(49), offer(28). Frequent terms: order, service, blinkit, product, time, bad. Example review: ""poor"""
difficult find exact location,Price Sensitive,2,0.2879,"Cluster 2 (n=1736) labeled 'Price Sensitive' because its centroid is closest to that segment's prototype reviews (cosine=0.288). Supporting cues: charge(150), rs(122), price(78), money(49), offer(28). Frequent terms: order, service, blinkit, product, time, bad. Example review: ""poor"""
order fast kro,Routine Buyers,1,0.1454,"Cluster 1 (n=554) labeled 'Routine Buyers' because its centroid is closest to that segment's prototype reviews (cosine=0.145). Supporting cues: always(16), regular(1), usual(1). Frequent terms: delivery, fast, best, service, time, blinkit. Example review: ""super fast delivery"""
help accessible user easily 30july2026 still hopeless ever,Price Sensitive,2,0.2879,"Cluster 2 (n=1736) labeled 'Price Sensitive' because its centroid is closest to that segment's prototype reviews (cosine=0.288). Supporting cues: charge(150), rs(122), price(78), money(49), offer(28). Frequent terms: order, service, blinkit, product, time, bad. Example review: ""poor"""
good service,Explorers,0,0.0196,"Cluster 0 (n=348) labeled 'Explorers' because its centroid is closest to that segment's prototype reviews (cosine=0.020). Supporting cues: try(1). Frequent terms: service, delivery, blinkit, product, experience, like. Example review: ""good service"""
item good,Explorers,0,0.0196,"Cluster 0 (n=348) labeled 'Explorers' because its centroid is closest to that segment's prototype reviews (cosine=0.020). Supporting cues: try(1). Frequent terms: service, delivery, blinkit, product, experience, like. Example review: ""good service"""
wow,Price Sensitive,2,0.2879,"Cluster 2 (n=1736) labeled 'Price Sensitive' because its centroid is closest to that segment's prototype reviews (cosine=0.288). Supporting cues: charge(150), rs(122), price(78), money(49), offer(28). Frequent terms: order, service, blinkit, product, time, bad. Example review: ""poor"""
exorbitant,Price Sensitive,2,0.2879,"Cluster 2 (n=1736) labeled 'Price Sensitive' because its centroid is closest to that segment's prototype reviews (cosine=0.288). Supporting cues: charge(150), rs(122), price(78), money(49), offer(28). Frequent terms: order, service, blinkit, product, time, bad. Example review: ""poor"""
best sarvice,Routine Buyers,1,0.1454,"Cluster 1 (n=554) labeled 'Routine Buyers' because its centroid is closest to that segment's prototype reviews (cosine=0.145). Supporting cues: always(16), regular(1), usual(1). Frequent terms: delivery, fast, best, service, time, blinkit. Example review: ""super fast delivery"""
customer support khrab hai,Price Sensitive,2,0.2879,"Cluster 2 (n=1736) labeled 'Price Sensitive' because its centroid is closest to that segment's prototype reviews (cosine=0.288). Supporting cues: charge(150), rs(122), price(78), money(49), offer(28). Frequent terms: order, service, blinkit, product, time, bad. Example review: ""poor"""
wrong delivery,Routine Buyers,1,0.1454,"Cluster 1 (n=554) labeled 'Routine Buyers' because its centroid is closest to that segment's prototype reviews (cosine=0.145). Supporting cues: always(16), regular(1), usual(1). Frequent terms: delivery, fast, best, service, time, blinkit. Example review: ""super fast delivery"""
fast,Routine Buyers,1,0.1454,"Cluster 1 (n=554) labeled 'Routine Buyers' because its centroid is closest to that segment's prototype reviews (cosine=0.145). Supporting cues: always(16), regular(1), usual(1). Frequent terms: delivery, fast, best, service, time, blinkit. Example review: ""super fast delivery"""
good fast delivery,Routine Buyers,1,0.1454,"Cluster 1 (n=554) labeled 'Routine Buyers' because its centroid is closest to that segment's prototype reviews (cosine=0.145). Supporting cues: always(16), regular(1), usual(1). Frequent terms: delivery, fast, best, service, time, blinkit. Example review: ""super fast delivery"""
good slightly costly,Explorers,0,0.0196,"Cluster 0 (n=348) labeled 'Explorers' because its centroid is closest to that segment's prototype reviews (cosine=0.020). Supporting cues: try(1). Frequent terms: service, delivery, blinkit, product, experience, like. Example review: ""good service"""
good app problem location sometimes tell location delivery boy several time good app nice app second problem arent keep small packet like want buy chip want 10 rupee packet available good challlooo baaki overall good,Explorers,0,0.0196,"Cluster 0 (n=348) labeled 'Explorers' because its centroid is closest to that segment's prototype reviews (cosine=0.020). Supporting cues: try(1). Frequent terms: service, delivery, blinkit, product, experience, like. Example review: ""good service"""
good experience,Explorers,0,0.0196,"Cluster 0 (n=348) labeled 'Explorers' because its centroid is closest to that segment's prototype reviews (cosine=0.020). Supporting cues: try(1). Frequent terms: service, delivery, blinkit, product, experience, like. Example review: ""good service"""
good nice,Impulse Buyers,3,0.0584,"Cluster 3 (n=180) labeled 'Impulse Buyers' because its centroid is closest to that segment's prototype reviews (cosine=0.058). Supporting cues: quick(4), late night(1). Frequent terms: service, delivery, blinkit, work, much, time. Example review: ""nice"""
quick reliable service,Price Sensitive,2,0.2879,"Cluster 2 (n=1736) labeled 'Price Sensitive' because its centroid is closest to that segment's prototype reviews (cosine=0.288). Supporting cues: charge(150), rs(122), price(78), money(49), offer(28). Frequent terms: order, service, blinkit, product, time, bad. Example review: ""poor"""
goodmore use ai,Price Sensitive,2,0.2879,"Cluster 2 (n=1736) labeled 'Price Sensitive' because its centroid is closest to that segment's prototype reviews (cosine=0.288). Supporting cues: charge(150), rs(122), price(78), money(49), offer(28). Frequent terms: order, service, blinkit, product, time, bad. Example review: ""poor"""
best e commerce company get 30 min order product order blinkit,Price Sensitive,2,0.2879,"Cluster 2 (n=1736) labeled 'Price Sensitive' because its centroid is closest to that segment's prototype reviews (cosine=0.288). Supporting cues: charge(150), rs(122), price(78), money(49), offer(28). Frequent terms: order, service, blinkit, product, time, bad. Example review: ""poor"""
goody really good website,Explorers,0,0.0196,"Cluster 0 (n=348) labeled 'Explorers' because its centroid is closest to that segment's prototype reviews (cosine=0.020). Supporting cues: try(1). Frequent terms: service, delivery, blinkit, product, experience, like. Example review: ""good service"""
ya log bat nahi sunta hai enko ba apna order ki pardi rehti hai,Price Sensitive,2,0.2879,"Cluster 2 (n=1736) labeled 'Price Sensitive' because its centroid is closest to that segment's prototype reviews (cosine=0.288). Supporting cues: charge(150), rs(122), price(78), money(49), offer(28). Frequent terms: order, service, blinkit, product, time, bad. Example review: ""poor"""
ghatiya,Price Sensitive,2,0.2879,"Cluster 2 (n=1736) labeled 'Price Sensitive' because its centroid is closest to that segment's prototype reviews (cosine=0.288). Supporting cues: charge(150), rs(122), price(78), money(49), offer(28). Frequent terms: order, service, blinkit, product, time, bad. Example review: ""poor"""
best best best best app,Routine Buyers,1,0.1454,"Cluster 1 (n=554) labeled 'Routine Buyers' because its centroid is closest to that segment's prototype reviews (cosine=0.145). Supporting cues: always(16), regular(1), usual(1). Frequent terms: delivery, fast, best, service, time, blinkit. Example review: ""super fast delivery"""
exceptional service thoroughly impressed,Price Sensitive,2,0.2879,"Cluster 2 (n=1736) labeled 'Price Sensitive' because its centroid is closest to that segment's prototype reviews (cosine=0.288). Supporting cues: charge(150), rs(122), price(78), money(49), offer(28). Frequent terms: order, service, blinkit, product, time, bad. Example review: ""poor"""
app smooth easily take order l love app,Price Sensitive,2,0.2879,"Cluster 2 (n=1736) labeled 'Price Sensitive' because its centroid is closest to that segment's prototype reviews (cosine=0.288). Supporting cues: charge(150), rs(122), price(78), money(49), offer(28). Frequent terms: order, service, blinkit, product, time, bad. Example review: ""poor"""
delivery timing good,Explorers,0,0.0196,"Cluster 0 (n=348) labeled 'Explorers' because its centroid is closest to that segment's prototype reviews (cosine=0.020). Supporting cues: try(1). Frequent terms: service, delivery, blinkit, product, experience, like. Example review: ""good service"""
bad,Price Sensitive,2,0.2879,"Cluster 2 (n=1736) labeled 'Price Sensitive' because its centroid is closest to that segment's prototype reviews (cosine=0.288). Supporting cues: charge(150), rs(122), price(78), money(49), offer(28). Frequent terms: order, service, blinkit, product, time, bad. Example review: ""poor"""
add address app right location,Price Sensitive,2,0.2879,"Cluster 2 (n=1736) labeled 'Price Sensitive' because its centroid is closest to that segment's prototype reviews (cosine=0.288). Supporting cues: charge(150), rs(122), price(78), money(49), offer(28). Frequent terms: order, service, blinkit, product, time, bad. Example review: ""poor"""
fraud duplicate item send,Price Sensitive,2,0.2879,"Cluster 2 (n=1736) labeled 'Price Sensitive' because its centroid is closest to that segment's prototype reviews (cosine=0.288). Supporting cues: charge(150), rs(122), price(78), money(49), offer(28). Frequent terms: order, service, blinkit, product, time, bad. Example review: ""poor"""
worth price appreciable,Price Sensitive,2,0.2879,"Cluster 2 (n=1736) labeled 'Price Sensitive' because its centroid is closest to that segment's prototype reviews (cosine=0.288). Supporting cues: charge(150), rs(122), price(78), money(49), offer(28). Frequent terms: order, service, blinkit, product, time, bad. Example review: ""poor"""
always take handling charge bad,Price Sensitive,2,0.2879,"Cluster 2 (n=1736) labeled 'Price Sensitive' because its centroid is closest to that segment's prototype reviews (cosine=0.288). Supporting cues: charge(150), rs(122), price(78), money(49), offer(28). Frequent terms: order, service, blinkit, product, time, bad. Example review: ""poor"""
item bad,Price Sensitive,2,0.2879,"Cluster 2 (n=1736) labeled 'Price Sensitive' because its centroid is closest to that segment's prototype reviews (cosine=0.288). Supporting cues: charge(150), rs(122), price(78), money(49), offer(28). Frequent terms: order, service, blinkit, product, time, bad. Example review: ""poor"""
fast genuine delivery app,Routine Buyers,1,0.1454,"Cluster 1 (n=554) labeled 'Routine Buyers' because its centroid is closest to that segment's prototype reviews (cosine=0.145). Supporting cues: always(16), regular(1), usual(1). Frequent terms: delivery, fast, best, service, time, blinkit. Example review: ""super fast delivery"""
cheep product sell expiry product also hide expiry date,Price Sensitive,2,0.2879,"Cluster 2 (n=1736) labeled 'Price Sensitive' because its centroid is closest to that segment's prototype reviews (cosine=0.288). Supporting cues: charge(150), rs(122), price(78), money(49), offer(28). Frequent terms: order, service, blinkit, product, time, bad. Example review: ""poor"""
good,Explorers,0,0.0196,"Cluster 0 (n=348) labeled 'Explorers' because its centroid is closest to that segment's prototype reviews (cosine=0.020). Supporting cues: try(1). Frequent terms: service, delivery, blinkit, product, experience, like. Example review: ""good service"""
noice,Price Sensitive,2,0.2879,"Cluster 2 (n=1736) labeled 'Price Sensitive' because its centroid is closest to that segment's prototype reviews (cosine=0.288). Supporting cues: charge(150), rs(122), price(78), money(49), offer(28). Frequent terms: order, service, blinkit, product, time, bad. Example review: ""poor"""
good,Explorers,0,0.0196,"Cluster 0 (n=348) labeled 'Explorers' because its centroid is closest to that segment's prototype reviews (cosine=0.020). Supporting cues: try(1). Frequent terms: service, delivery, blinkit, product, experience, like. Example review: ""good service"""
💯💯,Price Sensitive,2,0.2879,"Cluster 2 (n=1736) labeled 'Price Sensitive' because its centroid is closest to that segment's prototype reviews (cosine=0.288). Supporting cues: charge(150), rs(122), price(78), money(49), offer(28). Frequent terms: order, service, blinkit, product, time, bad. Example review: ""poor"""
hi blinkit team would like suggest new feature customer transfer money app request delivery physical cash doorstep service fee could help people need emergency cash access atm believe would valuable addition platform,Price Sensitive,2,0.2879,"Cluster 2 (n=1736) labeled 'Price Sensitive' because its centroid is closest to that segment's prototype reviews (cosine=0.288). Supporting cues: charge(150), rs(122), price(78), money(49), offer(28). Frequent terms: order, service, blinkit, product, time, bad. Example review: ""poor"""
unhelpful return product refuse take responsibility,Price Sensitive,2,0.2879,"Cluster 2 (n=1736) labeled 'Price Sensitive' because its centroid is closest to that segment's prototype reviews (cosine=0.288). Supporting cues: charge(150), rs(122), price(78), money(49), offer(28). Frequent terms: order, service, blinkit, product, time, bad. Example review: ""poor"""
👌,Price Sensitive,2,0.2879,"Cluster 2 (n=1736) labeled 'Price Sensitive' because its centroid is closest to that segment's prototype reviews (cosine=0.288). Supporting cues: charge(150), rs(122), price(78), money(49), offer(28). Frequent terms: order, service, blinkit, product, time, bad. Example review: ""poor"""
cash delivery available,Routine Buyers,1,0.1454,"Cluster 1 (n=554) labeled 'Routine Buyers' because its centroid is closest to that segment's prototype reviews (cosine=0.145). Supporting cues: always(16), regular(1), usual(1). Frequent terms: delivery, fast, best, service, time, blinkit. Example review: ""super fast delivery"""
experience blinkit nice delivery partner polite behaviour professional attitude expect 12 beyond service nice fast product come clean paper bag also good srinagar blinkit much option currently also take lot time restock item hope issue resolve future,Impulse Buyers,3,0.0584,"Cluster 3 (n=180) labeled 'Impulse Buyers' because its centroid is closest to that segment's prototype reviews (cosine=0.058). Supporting cues: quick(4), late night(1). Frequent terms: service, delivery, blinkit, work, much, time. Example review: ""nice"""
good,Explorers,0,0.0196,"Cluster 0 (n=348) labeled 'Explorers' because its centroid is closest to that segment's prototype reviews (cosine=0.020). Supporting cues: try(1). Frequent terms: service, delivery, blinkit, product, experience, like. Example review: ""good service"""
best grocery service fast delivery,Routine Buyers,1,0.1454,"Cluster 1 (n=554) labeled 'Routine Buyers' because its centroid is closest to that segment's prototype reviews (cosine=0.145). Supporting cues: always(16), regular(1), usual(1). Frequent terms: delivery, fast, best, service, time, blinkit. Example review: ""super fast delivery"""
expire food,Price Sensitive,2,0.2879,"Cluster 2 (n=1736) labeled 'Price Sensitive' because its centroid is closest to that segment's prototype reviews (cosine=0.288). Supporting cues: charge(150), rs(122), price(78), money(49), offer(28). Frequent terms: order, service, blinkit, product, time, bad. Example review: ""poor"""
👌🏻,Price Sensitive,2,0.2879,"Cluster 2 (n=1736) labeled 'Price Sensitive' because its centroid is closest to that segment's prototype reviews (cosine=0.288). Supporting cues: charge(150), rs(122), price(78), money(49), offer(28). Frequent terms: order, service, blinkit, product, time, bad. Example review: ""poor"""
helpfull great service,Price Sensitive,2,0.2879,"Cluster 2 (n=1736) labeled 'Price Sensitive' because its centroid is closest to that segment's prototype reviews (cosine=0.288). Supporting cues: charge(150), rs(122), price(78), money(49), offer(28). Frequent terms: order, service, blinkit, product, time, bad. Example review: ""poor"""
become lazzzyy,Price Sensitive,2,0.2879,"Cluster 2 (n=1736) labeled 'Price Sensitive' because its centroid is closest to that segment's prototype reviews (cosine=0.288). Supporting cues: charge(150), rs(122), price(78), money(49), offer(28). Frequent terms: order, service, blinkit, product, time, bad. Example review: ""poor"""
delivary free,Price Sensitive,2,0.2879,"Cluster 2 (n=1736) labeled 'Price Sensitive' because its centroid is closest to that segment's prototype reviews (cosine=0.288). Supporting cues: charge(150), rs(122), price(78), money(49), offer(28). Frequent terms: order, service, blinkit, product, time, bad. Example review: ""poor"""
fast deu nice cwality happy,Impulse Buyers,3,0.0584,"Cluster 3 (n=180) labeled 'Impulse Buyers' because its centroid is closest to that segment's prototype reviews (cosine=0.058). Supporting cues: quick(4), late night(1). Frequent terms: service, delivery, blinkit, work, much, time. Example review: ""nice"""
take surge amount every time,Price Sensitive,2,0.2879,"Cluster 2 (n=1736) labeled 'Price Sensitive' because its centroid is closest to that segment's prototype reviews (cosine=0.288). Supporting cues: charge(150), rs(122), price(78), money(49), offer(28). Frequent terms: order, service, blinkit, product, time, bad. Example review: ""poor"""
send paper bag send plastic bag charge delivery charge platforms charge many thing make sure new charge every order cod rain sun water log congestion traffic jam etc finally uninstall platform blinkit,Price Sensitive,2,0.2879,"Cluster 2 (n=1736) labeled 'Price Sensitive' because its centroid is closest to that segment's prototype reviews (cosine=0.288). Supporting cues: charge(150), rs(122), price(78), money(49), offer(28). Frequent terms: order, service, blinkit, product, time, bad. Example review: ""poor"""
delivery good,Explorers,0,0.0196,"Cluster 0 (n=348) labeled 'Explorers' because its centroid is closest to that segment's prototype reviews (cosine=0.020). Supporting cues: try(1). Frequent terms: service, delivery, blinkit, product, experience, like. Example review: ""good service"""
awesome delivery service even big country like russia usa speed service thanks,Price Sensitive,2,0.2879,"Cluster 2 (n=1736) labeled 'Price Sensitive' because its centroid is closest to that segment's prototype reviews (cosine=0.288). Supporting cues: charge(150), rs(122), price(78), money(49), offer(28). Frequent terms: order, service, blinkit, product, time, bad. Example review: ""poor"""
nice app,Impulse Buyers,3,0.0584,"Cluster 3 (n=180) labeled 'Impulse Buyers' because its centroid is closest to that segment's prototype reviews (cosine=0.058). Supporting cues: quick(4), late night(1). Frequent terms: service, delivery, blinkit, work, much, time. Example review: ""nice"""
aap really good im satisfy aap,Price Sensitive,2,0.2879,"Cluster 2 (n=1736) labeled 'Price Sensitive' because its centroid is closest to that segment's prototype reviews (cosine=0.288). Supporting cues: charge(150), rs(122), price(78), money(49), offer(28). Frequent terms: order, service, blinkit, product, time, bad. Example review: ""poor"""
😍,Price Sensitive,2,0.2879,"Cluster 2 (n=1736) labeled 'Price Sensitive' because its centroid is closest to that segment's prototype reviews (cosine=0.288). Supporting cues: charge(150), rs(122), price(78), money(49), offer(28). Frequent terms: order, service, blinkit, product, time, bad. Example review: ""poor"""
delivery accurate,Routine Buyers,1,0.1454,"Cluster 1 (n=554) labeled 'Routine Buyers' because its centroid is closest to that segment's prototype reviews (cosine=0.145). Supporting cues: always(16), regular(1), usual(1). Frequent terms: delivery, fast, best, service, time, blinkit. Example review: ""super fast delivery"""
disappointing experience blinkit order boat stone 350 pro bluetooth speaker receive different bluetooth speaker report issue immediately share request photo video despite multiple followup request replacement refund reject investigation base experience would cautious order electronic item blinkit strong customer protection measure openbox verific,Price Sensitive,2,0.2879,"Cluster 2 (n=1736) labeled 'Price Sensitive' because its centroid is closest to that segment's prototype reviews (cosine=0.288). Supporting cues: charge(150), rs(122), price(78), money(49), offer(28). Frequent terms: order, service, blinkit, product, time, bad. Example review: ""poor"""
refund still credit account couldnt find contact number support team issue resolve get refund back,Price Sensitive,2,0.2879,"Cluster 2 (n=1736) labeled 'Price Sensitive' because its centroid is closest to that segment's prototype reviews (cosine=0.288). Supporting cues: charge(150), rs(122), price(78), money(49), offer(28). Frequent terms: order, service, blinkit, product, time, bad. Example review: ""poor"""
coupon apply,Price Sensitive,2,0.2879,"Cluster 2 (n=1736) labeled 'Price Sensitive' because its centroid is closest to that segment's prototype reviews (cosine=0.288). Supporting cues: charge(150), rs(122), price(78), money(49), offer(28). Frequent terms: order, service, blinkit, product, time, bad. Example review: ""poor"""
nothing say word less,Price Sensitive,2,0.2879,"Cluster 2 (n=1736) labeled 'Price Sensitive' because its centroid is closest to that segment's prototype reviews (cosine=0.288). Supporting cues: charge(150), rs(122), price(78), money(49), offer(28). Frequent terms: order, service, blinkit, product, time, bad. Example review: ""poor"""
best experience,Routine Buyers,1,0.1454,"Cluster 1 (n=554) labeled 'Routine Buyers' because its centroid is closest to that segment's prototype reviews (cosine=0.145). Supporting cues: always(16), regular(1), usual(1). Frequent terms: delivery, fast, best, service, time, blinkit. Example review: ""super fast delivery"""
helpful app,Price Sensitive,2,0.2879,"Cluster 2 (n=1736) labeled 'Price Sensitive' because its centroid is closest to that segment's prototype reviews (cosine=0.288). Supporting cues: charge(150), rs(122), price(78), money(49), offer(28). Frequent terms: order, service, blinkit, product, time, bad. Example review: ""poor"""
ordered list game item niece birthday pay 30 r gift package none item come gift wrap end surprise blinkit earn money kind trick badwill never use,Price Sensitive,2,0.2879,"Cluster 2 (n=1736) labeled 'Price Sensitive' because its centroid is closest to that segment's prototype reviews (cosine=0.288). Supporting cues: charge(150), rs(122), price(78), money(49), offer(28). Frequent terms: order, service, blinkit, product, time, bad. Example review: ""poor"""
zepto way well,Price Sensitive,2,0.2879,"Cluster 2 (n=1736) labeled 'Price Sensitive' because its centroid is closest to that segment's prototype reviews (cosine=0.288). Supporting cues: charge(150), rs(122), price(78), money(49), offer(28). Frequent terms: order, service, blinkit, product, time, bad. Example review: ""poor"""
deliverey fast good product,Routine Buyers,1,0.1454,"Cluster 1 (n=554) labeled 'Routine Buyers' because its centroid is closest to that segment's prototype reviews (cosine=0.145). Supporting cues: always(16), regular(1), usual(1). Frequent terms: delivery, fast, best, service, time, blinkit. Example review: ""super fast delivery"""
great platform,Price Sensitive,2,0.2879,"Cluster 2 (n=1736) labeled 'Price Sensitive' because its centroid is closest to that segment's prototype reviews (cosine=0.288). Supporting cues: charge(150), rs(122), price(78), money(49), offer(28). Frequent terms: order, service, blinkit, product, time, bad. Example review: ""poor"""
delivery never available actually need something,Routine Buyers,1,0.1454,"Cluster 1 (n=554) labeled 'Routine Buyers' because its centroid is closest to that segment's prototype reviews (cosine=0.145). Supporting cues: always(16), regular(1), usual(1). Frequent terms: delivery, fast, best, service, time, blinkit. Example review: ""super fast delivery"""
awesome,Price Sensitive,2,0.2879,"Cluster 2 (n=1736) labeled 'Price Sensitive' because its centroid is closest to that segment's prototype reviews (cosine=0.288). Supporting cues: charge(150), rs(122), price(78), money(49), offer(28). Frequent terms: order, service, blinkit, product, time, bad. Example review: ""poor"""
amaze amaze app1000prcnt satisfiedty blinkit,Price Sensitive,2,0.2879,"Cluster 2 (n=1736) labeled 'Price Sensitive' because its centroid is closest to that segment's prototype reviews (cosine=0.288). Supporting cues: charge(150), rs(122), price(78), money(49), offer(28). Frequent terms: order, service, blinkit, product, time, bad. Example review: ""poor"""
unimaginable fast door step reasonable service ever think especially good senior citizen best wish last day unable see balance profile icon right top corner app reinstall problem 23 day please help thanks,Routine Buyers,1,0.1454,"Cluster 1 (n=554) labeled 'Routine Buyers' because its centroid is closest to that segment's prototype reviews (cosine=0.145). Supporting cues: always(16), regular(1), usual(1). Frequent terms: delivery, fast, best, service, time, blinkit. Example review: ""super fast delivery"""
og service,Price Sensitive,2,0.2879,"Cluster 2 (n=1736) labeled 'Price Sensitive' because its centroid is closest to that segment's prototype reviews (cosine=0.288). Supporting cues: charge(150), rs(122), price(78), money(49), offer(28). Frequent terms: order, service, blinkit, product, time, bad. Example review: ""poor"""
delivery boys behavior appal child home wife go receive order since didnt online balance phone ask take photo company scanner send could make payment online delivery boy retort know would cancel order beforehand dont kind time make payment keep ask inappropriate question like husband,Price Sensitive,2,0.2879,"Cluster 2 (n=1736) labeled 'Price Sensitive' because its centroid is closest to that segment's prototype reviews (cosine=0.288). Supporting cues: charge(150), rs(122), price(78), money(49), offer(28). Frequent terms: order, service, blinkit, product, time, bad. Example review: ""poor"""
product app good behaviour delivery partner rude dont sense manner talk good nature behaviour rude,Explorers,0,0.0196,"Cluster 0 (n=348) labeled 'Explorers' because its centroid is closest to that segment's prototype reviews (cosine=0.020). Supporting cues: try(1). Frequent terms: service, delivery, blinkit, product, experience, like. Example review: ""good service"""
helpful,Price Sensitive,2,0.2879,"Cluster 2 (n=1736) labeled 'Price Sensitive' because its centroid is closest to that segment's prototype reviews (cosine=0.288). Supporting cues: charge(150), rs(122), price(78), money(49), offer(28). Frequent terms: order, service, blinkit, product, time, bad. Example review: ""poor"""
best last min app,Routine Buyers,1,0.1454,"Cluster 1 (n=554) labeled 'Routine Buyers' because its centroid is closest to that segment's prototype reviews (cosine=0.145). Supporting cues: always(16), regular(1), usual(1). Frequent terms: delivery, fast, best, service, time, blinkit. Example review: ""super fast delivery"""
make work easier less price market value,Price Sensitive,2,0.2879,"Cluster 2 (n=1736) labeled 'Price Sensitive' because its centroid is closest to that segment's prototype reviews (cosine=0.288). Supporting cues: charge(150), rs(122), price(78), money(49), offer(28). Frequent terms: order, service, blinkit, product, time, bad. Example review: ""poor"""
blinkit work area till last week show currently unavailable please fix issue quickly soon possible,Price Sensitive,2,0.2879,"Cluster 2 (n=1736) labeled 'Price Sensitive' because its centroid is closest to that segment's prototype reviews (cosine=0.288). Supporting cues: charge(150), rs(122), price(78), money(49), offer(28). Frequent terms: order, service, blinkit, product, time, bad. Example review: ""poor"""
easy fast delivery process want something quickly love,Routine Buyers,1,0.1454,"Cluster 1 (n=554) labeled 'Routine Buyers' because its centroid is closest to that segment's prototype reviews (cosine=0.145). Supporting cues: always(16), regular(1), usual(1). Frequent terms: delivery, fast, best, service, time, blinkit. Example review: ""super fast delivery"""
price bit high compare different apps,Price Sensitive,2,0.2879,"Cluster 2 (n=1736) labeled 'Price Sensitive' because its centroid is closest to that segment's prototype reviews (cosine=0.288). Supporting cues: charge(150), rs(122), price(78), money(49), offer(28). Frequent terms: order, service, blinkit, product, time, bad. Example review: ""poor"""
much price hike platform,Price Sensitive,2,0.2879,"Cluster 2 (n=1736) labeled 'Price Sensitive' because its centroid is closest to that segment's prototype reviews (cosine=0.288). Supporting cues: charge(150), rs(122), price(78), money(49), offer(28). Frequent terms: order, service, blinkit, product, time, bad. Example review: ""poor"""
donot give thing packet,Price Sensitive,2,0.2879,"Cluster 2 (n=1736) labeled 'Price Sensitive' because its centroid is closest to that segment's prototype reviews (cosine=0.288). Supporting cues: charge(150), rs(122), price(78), money(49), offer(28). Frequent terms: order, service, blinkit, product, time, bad. Example review: ""poor"""
thanks service,Price Sensitive,2,0.2879,"Cluster 2 (n=1736) labeled 'Price Sensitive' because its centroid is closest to that segment's prototype reviews (cosine=0.288). Supporting cues: charge(150), rs(122), price(78), money(49), offer(28). Frequent terms: order, service, blinkit, product, time, bad. Example review: ""poor"""
deliver location,Price Sensitive,2,0.2879,"Cluster 2 (n=1736) labeled 'Price Sensitive' because its centroid is closest to that segment's prototype reviews (cosine=0.288). Supporting cues: charge(150), rs(122), price(78), money(49), offer(28). Frequent terms: order, service, blinkit, product, time, bad. Example review: ""poor"""
और 420 कल वह जगह पर और एक 1 यह आडर इस पर वह पर इस कर,Price Sensitive,2,0.2879,"Cluster 2 (n=1736) labeled 'Price Sensitive' because its centroid is closest to that segment's prototype reviews (cosine=0.288). Supporting cues: charge(150), rs(122), price(78), money(49), offer(28). Frequent terms: order, service, blinkit, product, time, bad. Example review: ""poor"""
terrible interface app really slow cart option doesnt expand click add something cart need spend 5 10 minute look option open cart app really user friendly update issue application order service thanks,Price Sensitive,2,0.2879,"Cluster 2 (n=1736) labeled 'Price Sensitive' because its centroid is closest to that segment's prototype reviews (cosine=0.288). Supporting cues: charge(150), rs(122), price(78), money(49), offer(28). Frequent terms: order, service, blinkit, product, time, bad. Example review: ""poor"""
best app store,Routine Buyers,1,0.1454,"Cluster 1 (n=554) labeled 'Routine Buyers' because its centroid is closest to that segment's prototype reviews (cosine=0.145). Supporting cues: always(16), regular(1), usual(1). Frequent terms: delivery, fast, best, service, time, blinkit. Example review: ""super fast delivery"""
great,Price Sensitive,2,0.2879,"Cluster 2 (n=1736) labeled 'Price Sensitive' because its centroid is closest to that segment's prototype reviews (cosine=0.288). Supporting cues: charge(150), rs(122), price(78), money(49), offer(28). Frequent terms: order, service, blinkit, product, time, bad. Example review: ""poor"""
delivery speed faster thought thanks blinkit,Price Sensitive,2,0.2879,"Cluster 2 (n=1736) labeled 'Price Sensitive' because its centroid is closest to that segment's prototype reviews (cosine=0.288). Supporting cues: charge(150), rs(122), price(78), money(49), offer(28). Frequent terms: order, service, blinkit, product, time, bad. Example review: ""poor"""
good experience blinkit,Price Sensitive,2,0.2879,"Cluster 2 (n=1736) labeled 'Price Sensitive' because its centroid is closest to that segment's prototype reviews (cosine=0.288). Supporting cues: charge(150), rs(122), price(78), money(49), offer(28). Frequent terms: order, service, blinkit, product, time, bad. Example review: ""poor"""
dont take handle fee costly student many people plz consider problem,Price Sensitive,2,0.2879,"Cluster 2 (n=1736) labeled 'Price Sensitive' because its centroid is closest to that segment's prototype reviews (cosine=0.288). Supporting cues: charge(150), rs(122), price(78), money(49), offer(28). Frequent terms: order, service, blinkit, product, time, bad. Example review: ""poor"""
good service blanket,Explorers,0,0.0196,"Cluster 0 (n=348) labeled 'Explorers' because its centroid is closest to that segment's prototype reviews (cosine=0.020). Supporting cues: try(1). Frequent terms: service, delivery, blinkit, product, experience, like. Example review: ""good service"""
order first time today let see experience happen facility,Price Sensitive,2,0.2879,"Cluster 2 (n=1736) labeled 'Price Sensitive' because its centroid is closest to that segment's prototype reviews (cosine=0.288). Supporting cues: charge(150), rs(122), price(78), money(49), offer(28). Frequent terms: order, service, blinkit, product, time, bad. Example review: ""poor"""
good best app instant order without go anywhere thank much,Routine Buyers,1,0.1454,"Cluster 1 (n=554) labeled 'Routine Buyers' because its centroid is closest to that segment's prototype reviews (cosine=0.145). Supporting cues: always(16), regular(1), usual(1). Frequent terms: delivery, fast, best, service, time, blinkit. Example review: ""super fast delivery"""
fast delivery like blink,Routine Buyers,1,0.1454,"Cluster 1 (n=554) labeled 'Routine Buyers' because its centroid is closest to that segment's prototype reviews (cosine=0.145). Supporting cues: always(16), regular(1), usual(1). Frequent terms: delivery, fast, best, service, time, blinkit. Example review: ""super fast delivery"""
experience highly satisfy display time order deliver within time twice every time quality product also good moreover case problem customer service respond promptly resolution extremely fast,Price Sensitive,2,0.2879,"Cluster 2 (n=1736) labeled 'Price Sensitive' because its centroid is closest to that segment's prototype reviews (cosine=0.288). Supporting cues: charge(150), rs(122), price(78), money(49), offer(28). Frequent terms: order, service, blinkit, product, time, bad. Example review: ""poor"""
outstanding,Price Sensitive,2,0.2879,"Cluster 2 (n=1736) labeled 'Price Sensitive' because its centroid is closest to that segment's prototype reviews (cosine=0.288). Supporting cues: charge(150), rs(122), price(78), money(49), offer(28). Frequent terms: order, service, blinkit, product, time, bad. Example review: ""poor"""
nice aap,Impulse Buyers,3,0.0584,"Cluster 3 (n=180) labeled 'Impulse Buyers' because its centroid is closest to that segment's prototype reviews (cosine=0.058). Supporting cues: quick(4), late night(1). Frequent terms: service, delivery, blinkit, work, much, time. Example review: ""nice"""
disappointed order item blinkit send low product sent return refuse,Price Sensitive,2,0.2879,"Cluster 2 (n=1736) labeled 'Price Sensitive' because its centroid is closest to that segment's prototype reviews (cosine=0.288). Supporting cues: charge(150), rs(122), price(78), money(49), offer(28). Frequent terms: order, service, blinkit, product, time, bad. Example review: ""poor"""
good,Explorers,0,0.0196,"Cluster 0 (n=348) labeled 'Explorers' because its centroid is closest to that segment's prototype reviews (cosine=0.020). Supporting cues: try(1). Frequent terms: service, delivery, blinkit, product, experience, like. Example review: ""good service"""
useful work non work mother,Price Sensitive,2,0.2879,"Cluster 2 (n=1736) labeled 'Price Sensitive' because its centroid is closest to that segment's prototype reviews (cosine=0.288). Supporting cues: charge(150), rs(122), price(78), money(49), offer(28). Frequent terms: order, service, blinkit, product, time, bad. Example review: ""poor"""
id give zero star could order get delay often sometimes 4550 min customer support extremely unhelpful youre force talk ai doesnt understand concern well get alternative,Price Sensitive,2,0.2879,"Cluster 2 (n=1736) labeled 'Price Sensitive' because its centroid is closest to that segment's prototype reviews (cosine=0.288). Supporting cues: charge(150), rs(122), price(78), money(49), offer(28). Frequent terms: order, service, blinkit, product, time, bad. Example review: ""poor"""
agr app ek baar material purchase krr lenge vo vapis nhi krte agr glt material aa gya ho,Price Sensitive,2,0.2879,"Cluster 2 (n=1736) labeled 'Price Sensitive' because its centroid is closest to that segment's prototype reviews (cosine=0.288). Supporting cues: charge(150), rs(122), price(78), money(49), offer(28). Frequent terms: order, service, blinkit, product, time, bad. Example review: ""poor"""
service best,Routine Buyers,1,0.1454,"Cluster 1 (n=554) labeled 'Routine Buyers' because its centroid is closest to that segment's prototype reviews (cosine=0.145). Supporting cues: always(16), regular(1), usual(1). Frequent terms: delivery, fast, best, service, time, blinkit. Example review: ""super fast delivery"""
great best quality product,Price Sensitive,2,0.2879,"Cluster 2 (n=1736) labeled 'Price Sensitive' because its centroid is closest to that segment's prototype reviews (cosine=0.288). Supporting cues: charge(150), rs(122), price(78), money(49), offer(28). Frequent terms: order, service, blinkit, product, time, bad. Example review: ""poor"""
jaldi aao bhaiya,Price Sensitive,2,0.2879,"Cluster 2 (n=1736) labeled 'Price Sensitive' because its centroid is closest to that segment's prototype reviews (cosine=0.288). Supporting cues: charge(150), rs(122), price(78), money(49), offer(28). Frequent terms: order, service, blinkit, product, time, bad. Example review: ""poor"""
best app best item,Routine Buyers,1,0.1454,"Cluster 1 (n=554) labeled 'Routine Buyers' because its centroid is closest to that segment's prototype reviews (cosine=0.145). Supporting cues: always(16), regular(1), usual(1). Frequent terms: delivery, fast, best, service, time, blinkit. Example review: ""super fast delivery"""
good best,Explorers,0,0.0196,"Cluster 0 (n=348) labeled 'Explorers' because its centroid is closest to that segment's prototype reviews (cosine=0.020). Supporting cues: try(1). Frequent terms: service, delivery, blinkit, product, experience, like. Example review: ""good service"""
dont give change money make delivery long many time many time say give change money blinkit appbut dont give,Price Sensitive,2,0.2879,"Cluster 2 (n=1736) labeled 'Price Sensitive' because its centroid is closest to that segment's prototype reviews (cosine=0.288). Supporting cues: charge(150), rs(122), price(78), money(49), offer(28). Frequent terms: order, service, blinkit, product, time, bad. Example review: ""poor"""
okay till time dont give feedback complaint rude customer care shout zero understand customer service take order advance payment cancel without inform absolutely umergency requirement big basket instamart amazon deliver otherwise big blinkit,Price Sensitive,2,0.2879,"Cluster 2 (n=1736) labeled 'Price Sensitive' because its centroid is closest to that segment's prototype reviews (cosine=0.288). Supporting cues: charge(150), rs(122), price(78), money(49), offer(28). Frequent terms: order, service, blinkit, product, time, bad. Example review: ""poor"""
search,Price Sensitive,2,0.2879,"Cluster 2 (n=1736) labeled 'Price Sensitive' because its centroid is closest to that segment's prototype reviews (cosine=0.288). Supporting cues: charge(150), rs(122), price(78), money(49), offer(28). Frequent terms: order, service, blinkit, product, time, bad. Example review: ""poor"""
fast people come weather,Routine Buyers,1,0.1454,"Cluster 1 (n=554) labeled 'Routine Buyers' because its centroid is closest to that segment's prototype reviews (cosine=0.145). Supporting cues: always(16), regular(1), usual(1). Frequent terms: delivery, fast, best, service, time, blinkit. Example review: ""super fast delivery"""
good nice app,Impulse Buyers,3,0.0584,"Cluster 3 (n=180) labeled 'Impulse Buyers' because its centroid is closest to that segment's prototype reviews (cosine=0.058). Supporting cues: quick(4), late night(1). Frequent terms: service, delivery, blinkit, work, much, time. Example review: ""nice"""
good service,Explorers,0,0.0196,"Cluster 0 (n=348) labeled 'Explorers' because its centroid is closest to that segment's prototype reviews (cosine=0.020). Supporting cues: try(1). Frequent terms: service, delivery, blinkit, product, experience, like. Example review: ""good service"""
delivery get delay since last day 40 minute per time,Routine Buyers,1,0.1454,"Cluster 1 (n=554) labeled 'Routine Buyers' because its centroid is closest to that segment's prototype reviews (cosine=0.145). Supporting cues: always(16), regular(1), usual(1). Frequent terms: delivery, fast, best, service, time, blinkit. Example review: ""super fast delivery"""
like take consultation order pharmacy thing thats appreciative thing,Price Sensitive,2,0.2879,"Cluster 2 (n=1736) labeled 'Price Sensitive' because its centroid is closest to that segment's prototype reviews (cosine=0.288). Supporting cues: charge(150), rs(122), price(78), money(49), offer(28). Frequent terms: order, service, blinkit, product, time, bad. Example review: ""poor"""
likedan application,Price Sensitive,2,0.2879,"Cluster 2 (n=1736) labeled 'Price Sensitive' because its centroid is closest to that segment's prototype reviews (cosine=0.288). Supporting cues: charge(150), rs(122), price(78), money(49), offer(28). Frequent terms: order, service, blinkit, product, time, bad. Example review: ""poor"""
easy order anywherethnks blink,Price Sensitive,2,0.2879,"Cluster 2 (n=1736) labeled 'Price Sensitive' because its centroid is closest to that segment's prototype reviews (cosine=0.288). Supporting cues: charge(150), rs(122), price(78), money(49), offer(28). Frequent terms: order, service, blinkit, product, time, bad. Example review: ""poor"""
nice quick service thankyou blinkit soo much,Impulse Buyers,3,0.0584,"Cluster 3 (n=180) labeled 'Impulse Buyers' because its centroid is closest to that segment's prototype reviews (cosine=0.058). Supporting cues: quick(4), late night(1). Frequent terms: service, delivery, blinkit, work, much, time. Example review: ""nice"""
best app love,Routine Buyers,1,0.1454,"Cluster 1 (n=554) labeled 'Routine Buyers' because its centroid is closest to that segment's prototype reviews (cosine=0.145). Supporting cues: always(16), regular(1), usual(1). Frequent terms: delivery, fast, best, service, time, blinkit. Example review: ""super fast delivery"""
good like,Explorers,0,0.0196,"Cluster 0 (n=348) labeled 'Explorers' because its centroid is closest to that segment's prototype reviews (cosine=0.020). Supporting cues: try(1). Frequent terms: service, delivery, blinkit, product, experience, like. Example review: ""good service"""
nice app thank,Impulse Buyers,3,0.0584,"Cluster 3 (n=180) labeled 'Impulse Buyers' because its centroid is closest to that segment's prototype reviews (cosine=0.058). Supporting cues: quick(4), late night(1). Frequent terms: service, delivery, blinkit, work, much, time. Example review: ""nice"""
really last minute app,Price Sensitive,2,0.2879,"Cluster 2 (n=1736) labeled 'Price Sensitive' because its centroid is closest to that segment's prototype reviews (cosine=0.288). Supporting cues: charge(150), rs(122), price(78), money(49), offer(28). Frequent terms: order, service, blinkit, product, time, bad. Example review: ""poor"""
dilevery good,Explorers,0,0.0196,"Cluster 0 (n=348) labeled 'Explorers' because its centroid is closest to that segment's prototype reviews (cosine=0.020). Supporting cues: try(1). Frequent terms: service, delivery, blinkit, product, experience, like. Example review: ""good service"""
bad delivery boy always change hate,Routine Buyers,1,0.1454,"Cluster 1 (n=554) labeled 'Routine Buyers' because its centroid is closest to that segment's prototype reviews (cosine=0.145). Supporting cues: always(16), regular(1), usual(1). Frequent terms: delivery, fast, best, service, time, blinkit. Example review: ""super fast delivery"""
repeat complaint vendor haridwar fall deaf ear remedial action take pay blinkit well switch zepto etc,Price Sensitive,2,0.2879,"Cluster 2 (n=1736) labeled 'Price Sensitive' because its centroid is closest to that segment's prototype reviews (cosine=0.288). Supporting cues: charge(150), rs(122), price(78), money(49), offer(28). Frequent terms: order, service, blinkit, product, time, bad. Example review: ""poor"""
great,Price Sensitive,2,0.2879,"Cluster 2 (n=1736) labeled 'Price Sensitive' because its centroid is closest to that segment's prototype reviews (cosine=0.288). Supporting cues: charge(150), rs(122), price(78), money(49), offer(28). Frequent terms: order, service, blinkit, product, time, bad. Example review: ""poor"""
rating bad service bad charger cast,Price Sensitive,2,0.2879,"Cluster 2 (n=1736) labeled 'Price Sensitive' because its centroid is closest to that segment's prototype reviews (cosine=0.288). Supporting cues: charge(150), rs(122), price(78), money(49), offer(28). Frequent terms: order, service, blinkit, product, time, bad. Example review: ""poor"""
fantastic,Price Sensitive,2,0.2879,"Cluster 2 (n=1736) labeled 'Price Sensitive' because its centroid is closest to that segment's prototype reviews (cosine=0.288). Supporting cues: charge(150), rs(122), price(78), money(49), offer(28). Frequent terms: order, service, blinkit, product, time, bad. Example review: ""poor"""
late sarvice,Price Sensitive,2,0.2879,"Cluster 2 (n=1736) labeled 'Price Sensitive' because its centroid is closest to that segment's prototype reviews (cosine=0.288). Supporting cues: charge(150), rs(122), price(78), money(49), offer(28). Frequent terms: order, service, blinkit, product, time, bad. Example review: ""poor"""
satisfy,Price Sensitive,2,0.2879,"Cluster 2 (n=1736) labeled 'Price Sensitive' because its centroid is closest to that segment's prototype reviews (cosine=0.288). Supporting cues: charge(150), rs(122), price(78), money(49), offer(28). Frequent terms: order, service, blinkit, product, time, bad. Example review: ""poor"""
fast dilivery keep,Routine Buyers,1,0.1454,"Cluster 1 (n=554) labeled 'Routine Buyers' because its centroid is closest to that segment's prototype reviews (cosine=0.145). Supporting cues: always(16), regular(1), usual(1). Frequent terms: delivery, fast, best, service, time, blinkit. Example review: ""super fast delivery"""
sahi app hai kr sakte ho order pr,Price Sensitive,2,0.2879,"Cluster 2 (n=1736) labeled 'Price Sensitive' because its centroid is closest to that segment's prototype reviews (cosine=0.288). Supporting cues: charge(150), rs(122), price(78), money(49), offer(28). Frequent terms: order, service, blinkit, product, time, bad. Example review: ""poor"""
perfect available every location,Price Sensitive,2,0.2879,"Cluster 2 (n=1736) labeled 'Price Sensitive' because its centroid is closest to that segment's prototype reviews (cosine=0.288). Supporting cues: charge(150), rs(122), price(78), money(49), offer(28). Frequent terms: order, service, blinkit, product, time, bad. Example review: ""poor"""
great app customer support system good,Price Sensitive,2,0.2879,"Cluster 2 (n=1736) labeled 'Price Sensitive' because its centroid is closest to that segment's prototype reviews (cosine=0.288). Supporting cues: charge(150), rs(122), price(78), money(49), offer(28). Frequent terms: order, service, blinkit, product, time, bad. Example review: ""poor"""
nice,Impulse Buyers,3,0.0584,"Cluster 3 (n=180) labeled 'Impulse Buyers' because its centroid is closest to that segment's prototype reviews (cosine=0.058). Supporting cues: quick(4), late night(1). Frequent terms: service, delivery, blinkit, work, much, time. Example review: ""nice"""
fresh food anything give 2 star faster del,Price Sensitive,2,0.2879,"Cluster 2 (n=1736) labeled 'Price Sensitive' because its centroid is closest to that segment's prototype reviews (cosine=0.288). Supporting cues: charge(150), rs(122), price(78), money(49), offer(28). Frequent terms: order, service, blinkit, product, time, bad. Example review: ""poor"""
ive use app long time day ago scammed buy 4 one data cable wasnt work properly raise complaint chat support say contact brand warranty give email phone number brand neither reply answered call totally scam im go stop use blinkit forever wish get ban forever ill keep pray pay,Price Sensitive,2,0.2879,"Cluster 2 (n=1736) labeled 'Price Sensitive' because its centroid is closest to that segment's prototype reviews (cosine=0.288). Supporting cues: charge(150), rs(122), price(78), money(49), offer(28). Frequent terms: order, service, blinkit, product, time, bad. Example review: ""poor"""
blinkit faster dilivery app treat bhi hai nice good job,Price Sensitive,2,0.2879,"Cluster 2 (n=1736) labeled 'Price Sensitive' because its centroid is closest to that segment's prototype reviews (cosine=0.288). Supporting cues: charge(150), rs(122), price(78), money(49), offer(28). Frequent terms: order, service, blinkit, product, time, bad. Example review: ""poor"""
good,Explorers,0,0.0196,"Cluster 0 (n=348) labeled 'Explorers' because its centroid is closest to that segment's prototype reviews (cosine=0.020). Supporting cues: try(1). Frequent terms: service, delivery, blinkit, product, experience, like. Example review: ""good service"""
service amaze,Price Sensitive,2,0.2879,"Cluster 2 (n=1736) labeled 'Price Sensitive' because its centroid is closest to that segment's prototype reviews (cosine=0.288). Supporting cues: charge(150), rs(122), price(78), money(49), offer(28). Frequent terms: order, service, blinkit, product, time, bad. Example review: ""poor"""
work blinkit believe system may advance salary less get 58 r 65 km full travel also give one delivery one person 910 time hilarious tried work double block account even though work pure honesty owner may say delevery do half one hour customer still believe order come 10 min still use trick,Price Sensitive,2,0.2879,"Cluster 2 (n=1736) labeled 'Price Sensitive' because its centroid is closest to that segment's prototype reviews (cosine=0.288). Supporting cues: charge(150), rs(122), price(78), money(49), offer(28). Frequent terms: order, service, blinkit, product, time, bad. Example review: ""poor"""
first order blinkit let see give service,Price Sensitive,2,0.2879,"Cluster 2 (n=1736) labeled 'Price Sensitive' because its centroid is closest to that segment's prototype reviews (cosine=0.288). Supporting cues: charge(150), rs(122), price(78), money(49), offer(28). Frequent terms: order, service, blinkit, product, time, bad. Example review: ""poor"""
usefull,Price Sensitive,2,0.2879,"Cluster 2 (n=1736) labeled 'Price Sensitive' because its centroid is closest to that segment's prototype reviews (cosine=0.288). Supporting cues: charge(150), rs(122), price(78), money(49), offer(28). Frequent terms: order, service, blinkit, product, time, bad. Example review: ""poor"""
cod option available,Price Sensitive,2,0.2879,"Cluster 2 (n=1736) labeled 'Price Sensitive' because its centroid is closest to that segment's prototype reviews (cosine=0.288). Supporting cues: charge(150), rs(122), price(78), money(49), offer(28). Frequent terms: order, service, blinkit, product, time, bad. Example review: ""poor"""
blinkit suggest animal product serching vegan foodi vegan blinkit confuse animal product fee,Price Sensitive,2,0.2879,"Cluster 2 (n=1736) labeled 'Price Sensitive' because its centroid is closest to that segment's prototype reviews (cosine=0.288). Supporting cues: charge(150), rs(122), price(78), money(49), offer(28). Frequent terms: order, service, blinkit, product, time, bad. Example review: ""poor"""
worst customer support try complain faulty product receive customer service bot ask take video product blinkits camera feature work give option upload phone well,Price Sensitive,2,0.2879,"Cluster 2 (n=1736) labeled 'Price Sensitive' because its centroid is closest to that segment's prototype reviews (cosine=0.288). Supporting cues: charge(150), rs(122), price(78), money(49), offer(28). Frequent terms: order, service, blinkit, product, time, bad. Example review: ""poor"""
👍🏻👍🏻,Price Sensitive,2,0.2879,"Cluster 2 (n=1736) labeled 'Price Sensitive' because its centroid is closest to that segment's prototype reviews (cosine=0.288). Supporting cues: charge(150), rs(122), price(78), money(49), offer(28). Frequent terms: order, service, blinkit, product, time, bad. Example review: ""poor"""
excellent service superfast delivery neatly pack item everything arrive perfect condition thank,Price Sensitive,2,0.2879,"Cluster 2 (n=1736) labeled 'Price Sensitive' because its centroid is closest to that segment's prototype reviews (cosine=0.288). Supporting cues: charge(150), rs(122), price(78), money(49), offer(28). Frequent terms: order, service, blinkit, product, time, bad. Example review: ""poor"""
✨💖,Price Sensitive,2,0.2879,"Cluster 2 (n=1736) labeled 'Price Sensitive' because its centroid is closest to that segment's prototype reviews (cosine=0.288). Supporting cues: charge(150), rs(122), price(78), money(49), offer(28). Frequent terms: order, service, blinkit, product, time, bad. Example review: ""poor"""
fast delivery,Routine Buyers,1,0.1454,"Cluster 1 (n=554) labeled 'Routine Buyers' because its centroid is closest to that segment's prototype reviews (cosine=0.145). Supporting cues: always(16), regular(1), usual(1). Frequent terms: delivery, fast, best, service, time, blinkit. Example review: ""super fast delivery"""
unwanted charge cancellation,Price Sensitive,2,0.2879,"Cluster 2 (n=1736) labeled 'Price Sensitive' because its centroid is closest to that segment's prototype reviews (cosine=0.288). Supporting cues: charge(150), rs(122), price(78), money(49), offer(28). Frequent terms: order, service, blinkit, product, time, bad. Example review: ""poor"""
service best service,Routine Buyers,1,0.1454,"Cluster 1 (n=554) labeled 'Routine Buyers' because its centroid is closest to that segment's prototype reviews (cosine=0.145). Supporting cues: always(16), regular(1), usual(1). Frequent terms: delivery, fast, best, service, time, blinkit. Example review: ""super fast delivery"""
perfect,Price Sensitive,2,0.2879,"Cluster 2 (n=1736) labeled 'Price Sensitive' because its centroid is closest to that segment's prototype reviews (cosine=0.288). Supporting cues: charge(150), rs(122), price(78), money(49), offer(28). Frequent terms: order, service, blinkit, product, time, bad. Example review: ""poor"""
best grocery app aap work kashmir,Routine Buyers,1,0.1454,"Cluster 1 (n=554) labeled 'Routine Buyers' because its centroid is closest to that segment's prototype reviews (cosine=0.145). Supporting cues: always(16), regular(1), usual(1). Frequent terms: delivery, fast, best, service, time, blinkit. Example review: ""super fast delivery"""
fast delivery product good,Routine Buyers,1,0.1454,"Cluster 1 (n=554) labeled 'Routine Buyers' because its centroid is closest to that segment's prototype reviews (cosine=0.145). Supporting cues: always(16), regular(1), usual(1). Frequent terms: delivery, fast, best, service, time, blinkit. Example review: ""super fast delivery"""
helpful app,Price Sensitive,2,0.2879,"Cluster 2 (n=1736) labeled 'Price Sensitive' because its centroid is closest to that segment's prototype reviews (cosine=0.288). Supporting cues: charge(150), rs(122), price(78), money(49), offer(28). Frequent terms: order, service, blinkit, product, time, bad. Example review: ""poor"""
best app many service,Routine Buyers,1,0.1454,"Cluster 1 (n=554) labeled 'Routine Buyers' because its centroid is closest to that segment's prototype reviews (cosine=0.145). Supporting cues: always(16), regular(1), usual(1). Frequent terms: delivery, fast, best, service, time, blinkit. Example review: ""super fast delivery"""
good oooodd,Explorers,0,0.0196,"Cluster 0 (n=348) labeled 'Explorers' because its centroid is closest to that segment's prototype reviews (cosine=0.020). Supporting cues: try(1). Frequent terms: service, delivery, blinkit, product, experience, like. Example review: ""good service"""
best app ever invent omg fast fast,Routine Buyers,1,0.1454,"Cluster 1 (n=554) labeled 'Routine Buyers' because its centroid is closest to that segment's prototype reviews (cosine=0.145). Supporting cues: always(16), regular(1), usual(1). Frequent terms: delivery, fast, best, service, time, blinkit. Example review: ""super fast delivery"""
didnt receive order show deliver bad service want refund,Price Sensitive,2,0.2879,"Cluster 2 (n=1736) labeled 'Price Sensitive' because its centroid is closest to that segment's prototype reviews (cosine=0.288). Supporting cues: charge(150), rs(122), price(78), money(49), offer(28). Frequent terms: order, service, blinkit, product, time, bad. Example review: ""poor"""
good item arrive couple minute,Explorers,0,0.0196,"Cluster 0 (n=348) labeled 'Explorers' because its centroid is closest to that segment's prototype reviews (cosine=0.020). Supporting cues: try(1). Frequent terms: service, delivery, blinkit, product, experience, like. Example review: ""good service"""
bad experience,Price Sensitive,2,0.2879,"Cluster 2 (n=1736) labeled 'Price Sensitive' because its centroid is closest to that segment's prototype reviews (cosine=0.288). Supporting cues: charge(150), rs(122), price(78), money(49), offer(28). Frequent terms: order, service, blinkit, product, time, bad. Example review: ""poor"""
first order,Price Sensitive,2,0.2879,"Cluster 2 (n=1736) labeled 'Price Sensitive' because its centroid is closest to that segment's prototype reviews (cosine=0.288). Supporting cues: charge(150), rs(122), price(78), money(49), offer(28). Frequent terms: order, service, blinkit, product, time, bad. Example review: ""poor"""
good need take less charge like handle charge need reduce,Price Sensitive,2,0.2879,"Cluster 2 (n=1736) labeled 'Price Sensitive' because its centroid is closest to that segment's prototype reviews (cosine=0.288). Supporting cues: charge(150), rs(122), price(78), money(49), offer(28). Frequent terms: order, service, blinkit, product, time, bad. Example review: ""poor"""
sometimes good item sometimes expire rotten item complain sometimes replace send coupon nowadays ask complain email id long process return item often cant order cash,Price Sensitive,2,0.2879,"Cluster 2 (n=1736) labeled 'Price Sensitive' because its centroid is closest to that segment's prototype reviews (cosine=0.288). Supporting cues: charge(150), rs(122), price(78), money(49), offer(28). Frequent terms: order, service, blinkit, product, time, bad. Example review: ""poor"""
good facility,Explorers,0,0.0196,"Cluster 0 (n=348) labeled 'Explorers' because its centroid is closest to that segment's prototype reviews (cosine=0.020). Supporting cues: try(1). Frequent terms: service, delivery, blinkit, product, experience, like. Example review: ""good service"""
time delivery great,Routine Buyers,1,0.1454,"Cluster 1 (n=554) labeled 'Routine Buyers' because its centroid is closest to that segment's prototype reviews (cosine=0.145). Supporting cues: always(16), regular(1), usual(1). Frequent terms: delivery, fast, best, service, time, blinkit. Example review: ""super fast delivery"""
gud,Price Sensitive,2,0.2879,"Cluster 2 (n=1736) labeled 'Price Sensitive' because its centroid is closest to that segment's prototype reviews (cosine=0.288). Supporting cues: charge(150), rs(122), price(78), money(49), offer(28). Frequent terms: order, service, blinkit, product, time, bad. Example review: ""poor"""
nice product pata nhi kyu show nhi ho raha kese check karu ki muje kya chahiye,Impulse Buyers,3,0.0584,"Cluster 3 (n=180) labeled 'Impulse Buyers' because its centroid is closest to that segment's prototype reviews (cosine=0.058). Supporting cues: quick(4), late night(1). Frequent terms: service, delivery, blinkit, work, much, time. Example review: ""nice"""
send spoilt product steal money,Price Sensitive,2,0.2879,"Cluster 2 (n=1736) labeled 'Price Sensitive' because its centroid is closest to that segment's prototype reviews (cosine=0.288). Supporting cues: charge(150), rs(122), price(78), money(49), offer(28). Frequent terms: order, service, blinkit, product, time, bad. Example review: ""poor"""
extra payment charge levy place order,Price Sensitive,2,0.2879,"Cluster 2 (n=1736) labeled 'Price Sensitive' because its centroid is closest to that segment's prototype reviews (cosine=0.288). Supporting cues: charge(150), rs(122), price(78), money(49), offer(28). Frequent terms: order, service, blinkit, product, time, bad. Example review: ""poor"""
delivery person dress properlymost come dirty wearing always,Routine Buyers,1,0.1454,"Cluster 1 (n=554) labeled 'Routine Buyers' because its centroid is closest to that segment's prototype reviews (cosine=0.145). Supporting cues: always(16), regular(1), usual(1). Frequent terms: delivery, fast, best, service, time, blinkit. Example review: ""super fast delivery"""
good quality perfact time helpful like app much thanks blinkit,Price Sensitive,2,0.2879,"Cluster 2 (n=1736) labeled 'Price Sensitive' because its centroid is closest to that segment's prototype reviews (cosine=0.288). Supporting cues: charge(150), rs(122), price(78), money(49), offer(28). Frequent terms: order, service, blinkit, product, time, bad. Example review: ""poor"""
bekar aap,Price Sensitive,2,0.2879,"Cluster 2 (n=1736) labeled 'Price Sensitive' because its centroid is closest to that segment's prototype reviews (cosine=0.288). Supporting cues: charge(150), rs(122), price(78), money(49), offer(28). Frequent terms: order, service, blinkit, product, time, bad. Example review: ""poor"""
excellent service work order,Price Sensitive,2,0.2879,"Cluster 2 (n=1736) labeled 'Price Sensitive' because its centroid is closest to that segment's prototype reviews (cosine=0.288). Supporting cues: charge(150), rs(122), price(78), money(49), offer(28). Frequent terms: order, service, blinkit, product, time, bad. Example review: ""poor"""
find hot wheel ferrari sf90 stradale mrp dear blinkit team thank,Price Sensitive,2,0.2879,"Cluster 2 (n=1736) labeled 'Price Sensitive' because its centroid is closest to that segment's prototype reviews (cosine=0.288). Supporting cues: charge(150), rs(122), price(78), money(49), offer(28). Frequent terms: order, service, blinkit, product, time, bad. Example review: ""poor"""
bad experience item supply standard stop purchasing blinking,Price Sensitive,2,0.2879,"Cluster 2 (n=1736) labeled 'Price Sensitive' because its centroid is closest to that segment's prototype reviews (cosine=0.288). Supporting cues: charge(150), rs(122), price(78), money(49), offer(28). Frequent terms: order, service, blinkit, product, time, bad. Example review: ""poor"""
fast delivery excileemt dilivery,Routine Buyers,1,0.1454,"Cluster 1 (n=554) labeled 'Routine Buyers' because its centroid is closest to that segment's prototype reviews (cosine=0.145). Supporting cues: always(16), regular(1), usual(1). Frequent terms: delivery, fast, best, service, time, blinkit. Example review: ""super fast delivery"""
delivery time,Routine Buyers,1,0.1454,"Cluster 1 (n=554) labeled 'Routine Buyers' because its centroid is closest to that segment's prototype reviews (cosine=0.145). Supporting cues: always(16), regular(1), usual(1). Frequent terms: delivery, fast, best, service, time, blinkit. Example review: ""super fast delivery"""
neic,Price Sensitive,2,0.2879,"Cluster 2 (n=1736) labeled 'Price Sensitive' because its centroid is closest to that segment's prototype reviews (cosine=0.288). Supporting cues: charge(150), rs(122), price(78), money(49), offer(28). Frequent terms: order, service, blinkit, product, time, bad. Example review: ""poor"""
excellent service qualit product,Price Sensitive,2,0.2879,"Cluster 2 (n=1736) labeled 'Price Sensitive' because its centroid is closest to that segment's prototype reviews (cosine=0.288). Supporting cues: charge(150), rs(122), price(78), money(49), offer(28). Frequent terms: order, service, blinkit, product, time, bad. Example review: ""poor"""
useful quick service,Price Sensitive,2,0.2879,"Cluster 2 (n=1736) labeled 'Price Sensitive' because its centroid is closest to that segment's prototype reviews (cosine=0.288). Supporting cues: charge(150), rs(122), price(78), money(49), offer(28). Frequent terms: order, service, blinkit, product, time, bad. Example review: ""poor"""
amazing delivery second,Routine Buyers,1,0.1454,"Cluster 1 (n=554) labeled 'Routine Buyers' because its centroid is closest to that segment's prototype reviews (cosine=0.145). Supporting cues: always(16), regular(1), usual(1). Frequent terms: delivery, fast, best, service, time, blinkit. Example review: ""super fast delivery"""
good ui handle charge issue,Explorers,0,0.0196,"Cluster 0 (n=348) labeled 'Explorers' because its centroid is closest to that segment's prototype reviews (cosine=0.020). Supporting cues: try(1). Frequent terms: service, delivery, blinkit, product, experience, like. Example review: ""good service"""
free delivery 199 much great app tho zepto well,Routine Buyers,1,0.1454,"Cluster 1 (n=554) labeled 'Routine Buyers' because its centroid is closest to that segment's prototype reviews (cosine=0.145). Supporting cues: always(16), regular(1), usual(1). Frequent terms: delivery, fast, best, service, time, blinkit. Example review: ""super fast delivery"""
respond well result,Price Sensitive,2,0.2879,"Cluster 2 (n=1736) labeled 'Price Sensitive' because its centroid is closest to that segment's prototype reviews (cosine=0.288). Supporting cues: charge(150), rs(122), price(78), money(49), offer(28). Frequent terms: order, service, blinkit, product, time, bad. Example review: ""poor"""
like app cod available delivery charge free thankyou blinkit please aise hi rehna,Price Sensitive,2,0.2879,"Cluster 2 (n=1736) labeled 'Price Sensitive' because its centroid is closest to that segment's prototype reviews (cosine=0.288). Supporting cues: charge(150), rs(122), price(78), money(49), offer(28). Frequent terms: order, service, blinkit, product, time, bad. Example review: ""poor"""
good rate high others pack vgood others,Explorers,0,0.0196,"Cluster 0 (n=348) labeled 'Explorers' because its centroid is closest to that segment's prototype reviews (cosine=0.020). Supporting cues: try(1). Frequent terms: service, delivery, blinkit, product, experience, like. Example review: ""good service"""
badiya app hai bhai bahut ameer log hain blinkit vale,Price Sensitive,2,0.2879,"Cluster 2 (n=1736) labeled 'Price Sensitive' because its centroid is closest to that segment's prototype reviews (cosine=0.288). Supporting cues: charge(150), rs(122), price(78), money(49), offer(28). Frequent terms: order, service, blinkit, product, time, bad. Example review: ""poor"""
recieve item time appreciate,Price Sensitive,2,0.2879,"Cluster 2 (n=1736) labeled 'Price Sensitive' because its centroid is closest to that segment's prototype reviews (cosine=0.288). Supporting cues: charge(150), rs(122), price(78), money(49), offer(28). Frequent terms: order, service, blinkit, product, time, bad. Example review: ""poor"""
mydragon fruit rotton,Price Sensitive,2,0.2879,"Cluster 2 (n=1736) labeled 'Price Sensitive' because its centroid is closest to that segment's prototype reviews (cosine=0.288). Supporting cues: charge(150), rs(122), price(78), money(49), offer(28). Frequent terms: order, service, blinkit, product, time, bad. Example review: ""poor"""
easy fast work,Routine Buyers,1,0.1454,"Cluster 1 (n=554) labeled 'Routine Buyers' because its centroid is closest to that segment's prototype reviews (cosine=0.145). Supporting cues: always(16), regular(1), usual(1). Frequent terms: delivery, fast, best, service, time, blinkit. Example review: ""super fast delivery"""
super fast delivery get order 4 minute everything fresh well packed convenient app smooth experience highly recommend,Routine Buyers,1,0.1454,"Cluster 1 (n=554) labeled 'Routine Buyers' because its centroid is closest to that segment's prototype reviews (cosine=0.145). Supporting cues: always(16), regular(1), usual(1). Frequent terms: delivery, fast, best, service, time, blinkit. Example review: ""super fast delivery"""
gud,Price Sensitive,2,0.2879,"Cluster 2 (n=1736) labeled 'Price Sensitive' because its centroid is closest to that segment's prototype reviews (cosine=0.288). Supporting cues: charge(150), rs(122), price(78), money(49), offer(28). Frequent terms: order, service, blinkit, product, time, bad. Example review: ""poor"""
😍😍😍,Price Sensitive,2,0.2879,"Cluster 2 (n=1736) labeled 'Price Sensitive' because its centroid is closest to that segment's prototype reviews (cosine=0.288). Supporting cues: charge(150), rs(122), price(78), money(49), offer(28). Frequent terms: order, service, blinkit, product, time, bad. Example review: ""poor"""
place order pay wait delay order say arrive without arrive need help yes hour one replying conversation keep close 15 minute,Price Sensitive,2,0.2879,"Cluster 2 (n=1736) labeled 'Price Sensitive' because its centroid is closest to that segment's prototype reviews (cosine=0.288). Supporting cues: charge(150), rs(122), price(78), money(49), offer(28). Frequent terms: order, service, blinkit, product, time, bad. Example review: ""poor"""
service excellent,Price Sensitive,2,0.2879,"Cluster 2 (n=1736) labeled 'Price Sensitive' because its centroid is closest to that segment's prototype reviews (cosine=0.288). Supporting cues: charge(150), rs(122), price(78), money(49), offer(28). Frequent terms: order, service, blinkit, product, time, bad. Example review: ""poor"""
nice service,Impulse Buyers,3,0.0584,"Cluster 3 (n=180) labeled 'Impulse Buyers' because its centroid is closest to that segment's prototype reviews (cosine=0.058). Supporting cues: quick(4), late night(1). Frequent terms: service, delivery, blinkit, work, much, time. Example review: ""nice"""
problem deliver order time everything fine provide good service,Price Sensitive,2,0.2879,"Cluster 2 (n=1736) labeled 'Price Sensitive' because its centroid is closest to that segment's prototype reviews (cosine=0.288). Supporting cues: charge(150), rs(122), price(78), money(49), offer(28). Frequent terms: order, service, blinkit, product, time, bad. Example review: ""poor"""
cancellation,Price Sensitive,2,0.2879,"Cluster 2 (n=1736) labeled 'Price Sensitive' because its centroid is closest to that segment's prototype reviews (cosine=0.288). Supporting cues: charge(150), rs(122), price(78), money(49), offer(28). Frequent terms: order, service, blinkit, product, time, bad. Example review: ""poor"""
app helpful emergency personand apps use provide area india,Price Sensitive,2,0.2879,"Cluster 2 (n=1736) labeled 'Price Sensitive' because its centroid is closest to that segment's prototype reviews (cosine=0.288). Supporting cues: charge(150), rs(122), price(78), money(49), offer(28). Frequent terms: order, service, blinkit, product, time, bad. Example review: ""poor"""
wow good best,Routine Buyers,1,0.1454,"Cluster 1 (n=554) labeled 'Routine Buyers' because its centroid is closest to that segment's prototype reviews (cosine=0.145). Supporting cues: always(16), regular(1), usual(1). Frequent terms: delivery, fast, best, service, time, blinkit. Example review: ""super fast delivery"""
best experience product lil bit costly compare shop aap,Price Sensitive,2,0.2879,"Cluster 2 (n=1736) labeled 'Price Sensitive' because its centroid is closest to that segment's prototype reviews (cosine=0.288). Supporting cues: charge(150), rs(122), price(78), money(49), offer(28). Frequent terms: order, service, blinkit, product, time, bad. Example review: ""poor"""
excellent service never ever experience kind fast delivery service thanks blinkit team,Routine Buyers,1,0.1454,"Cluster 1 (n=554) labeled 'Routine Buyers' because its centroid is closest to that segment's prototype reviews (cosine=0.145). Supporting cues: always(16), regular(1), usual(1). Frequent terms: delivery, fast, best, service, time, blinkit. Example review: ""super fast delivery"""
bad delivery partner disappear order customer support executive shakila help,Price Sensitive,2,0.2879,"Cluster 2 (n=1736) labeled 'Price Sensitive' because its centroid is closest to that segment's prototype reviews (cosine=0.288). Supporting cues: charge(150), rs(122), price(78), money(49), offer(28). Frequent terms: order, service, blinkit, product, time, bad. Example review: ""poor"""
good,Explorers,0,0.0196,"Cluster 0 (n=348) labeled 'Explorers' because its centroid is closest to that segment's prototype reviews (cosine=0.020). Supporting cues: try(1). Frequent terms: service, delivery, blinkit, product, experience, like. Example review: ""good service"""
fraud,Price Sensitive,2,0.2879,"Cluster 2 (n=1736) labeled 'Price Sensitive' because its centroid is closest to that segment's prototype reviews (cosine=0.288). Supporting cues: charge(150), rs(122), price(78), money(49), offer(28). Frequent terms: order, service, blinkit, product, time, bad. Example review: ""poor"""
good,Explorers,0,0.0196,"Cluster 0 (n=348) labeled 'Explorers' because its centroid is closest to that segment's prototype reviews (cosine=0.020). Supporting cues: try(1). Frequent terms: service, delivery, blinkit, product, experience, like. Example review: ""good service"""
authentic reliable store,Price Sensitive,2,0.2879,"Cluster 2 (n=1736) labeled 'Price Sensitive' because its centroid is closest to that segment's prototype reviews (cosine=0.288). Supporting cues: charge(150), rs(122), price(78), money(49), offer(28). Frequent terms: order, service, blinkit, product, time, bad. Example review: ""poor"""
price rate ok total,Price Sensitive,2,0.2879,"Cluster 2 (n=1736) labeled 'Price Sensitive' because its centroid is closest to that segment's prototype reviews (cosine=0.288). Supporting cues: charge(150), rs(122), price(78), money(49), offer(28). Frequent terms: order, service, blinkit, product, time, bad. Example review: ""poor"""
good system cant go house buy quick service helpful thanks blinkit make life easy,Price Sensitive,2,0.2879,"Cluster 2 (n=1736) labeled 'Price Sensitive' because its centroid is closest to that segment's prototype reviews (cosine=0.288). Supporting cues: charge(150), rs(122), price(78), money(49), offer(28). Frequent terms: order, service, blinkit, product, time, bad. Example review: ""poor"""
lovely,Price Sensitive,2,0.2879,"Cluster 2 (n=1736) labeled 'Price Sensitive' because its centroid is closest to that segment's prototype reviews (cosine=0.288). Supporting cues: charge(150), rs(122), price(78), money(49), offer(28). Frequent terms: order, service, blinkit, product, time, bad. Example review: ""poor"""
bad xeroxprint service available,Price Sensitive,2,0.2879,"Cluster 2 (n=1736) labeled 'Price Sensitive' because its centroid is closest to that segment's prototype reviews (cosine=0.288). Supporting cues: charge(150), rs(122), price(78), money(49), offer(28). Frequent terms: order, service, blinkit, product, time, bad. Example review: ""poor"""
best,Routine Buyers,1,0.1454,"Cluster 1 (n=554) labeled 'Routine Buyers' because its centroid is closest to that segment's prototype reviews (cosine=0.145). Supporting cues: always(16), regular(1), usual(1). Frequent terms: delivery, fast, best, service, time, blinkit. Example review: ""super fast delivery"""
order coffee chicken receive coffee yet charge r 27 handling service charge one item truly bad experience imagine pay surcharge 10 one item daylight robbery indeed happy,Price Sensitive,2,0.2879,"Cluster 2 (n=1736) labeled 'Price Sensitive' because its centroid is closest to that segment's prototype reviews (cosine=0.288). Supporting cues: charge(150), rs(122), price(78), money(49), offer(28). Frequent terms: order, service, blinkit, product, time, bad. Example review: ""poor"""
good product delivery agent c onfuse location thorough location,Routine Buyers,1,0.1454,"Cluster 1 (n=554) labeled 'Routine Buyers' because its centroid is closest to that segment's prototype reviews (cosine=0.145). Supporting cues: always(16), regular(1), usual(1). Frequent terms: delivery, fast, best, service, time, blinkit. Example review: ""super fast delivery"""
good handling affordable,Explorers,0,0.0196,"Cluster 0 (n=348) labeled 'Explorers' because its centroid is closest to that segment's prototype reviews (cosine=0.020). Supporting cues: try(1). Frequent terms: service, delivery, blinkit, product, experience, like. Example review: ""good service"""
blanket well app important thing cash delivery available also notice unavailable item application also available,Price Sensitive,2,0.2879,"Cluster 2 (n=1736) labeled 'Price Sensitive' because its centroid is closest to that segment's prototype reviews (cosine=0.288). Supporting cues: charge(150), rs(122), price(78), money(49), offer(28). Frequent terms: order, service, blinkit, product, time, bad. Example review: ""poor"""
good,Explorers,0,0.0196,"Cluster 0 (n=348) labeled 'Explorers' because its centroid is closest to that segment's prototype reviews (cosine=0.020). Supporting cues: try(1). Frequent terms: service, delivery, blinkit, product, experience, like. Example review: ""good service"""
blink always job every situation need hour keep u best,Routine Buyers,1,0.1454,"Cluster 1 (n=554) labeled 'Routine Buyers' because its centroid is closest to that segment's prototype reviews (cosine=0.145). Supporting cues: always(16), regular(1), usual(1). Frequent terms: delivery, fast, best, service, time, blinkit. Example review: ""super fast delivery"""
👍😊😊😊,Price Sensitive,2,0.2879,"Cluster 2 (n=1736) labeled 'Price Sensitive' because its centroid is closest to that segment's prototype reviews (cosine=0.288). Supporting cues: charge(150), rs(122), price(78), money(49), offer(28). Frequent terms: order, service, blinkit, product, time, bad. Example review: ""poor"""
gud service,Price Sensitive,2,0.2879,"Cluster 2 (n=1736) labeled 'Price Sensitive' because its centroid is closest to that segment's prototype reviews (cosine=0.288). Supporting cues: charge(150), rs(122), price(78), money(49), offer(28). Frequent terms: order, service, blinkit, product, time, bad. Example review: ""poor"""
make sure give small cash change delivery staff,Routine Buyers,1,0.1454,"Cluster 1 (n=554) labeled 'Routine Buyers' because its centroid is closest to that segment's prototype reviews (cosine=0.145). Supporting cues: always(16), regular(1), usual(1). Frequent terms: delivery, fast, best, service, time, blinkit. Example review: ""super fast delivery"""
need improve pack item like milk packet paper bag damage quickly keep milk packet,Price Sensitive,2,0.2879,"Cluster 2 (n=1736) labeled 'Price Sensitive' because its centroid is closest to that segment's prototype reviews (cosine=0.288). Supporting cues: charge(150), rs(122), price(78), money(49), offer(28). Frequent terms: order, service, blinkit, product, time, bad. Example review: ""poor"""
blinkit service acchi hai 1520 rupye extra lete hai,Price Sensitive,2,0.2879,"Cluster 2 (n=1736) labeled 'Price Sensitive' because its centroid is closest to that segment's prototype reviews (cosine=0.288). Supporting cues: charge(150), rs(122), price(78), money(49), offer(28). Frequent terms: order, service, blinkit, product, time, bad. Example review: ""poor"""
good service timing,Explorers,0,0.0196,"Cluster 0 (n=348) labeled 'Explorers' because its centroid is closest to that segment's prototype reviews (cosine=0.020). Supporting cues: try(1). Frequent terms: service, delivery, blinkit, product, experience, like. Example review: ""good service"""
nice job,Impulse Buyers,3,0.0584,"Cluster 3 (n=180) labeled 'Impulse Buyers' because its centroid is closest to that segment's prototype reviews (cosine=0.058). Supporting cues: quick(4), late night(1). Frequent terms: service, delivery, blinkit, work, much, time. Example review: ""nice"""
receive order ill give feedback,Price Sensitive,2,0.2879,"Cluster 2 (n=1736) labeled 'Price Sensitive' because its centroid is closest to that segment's prototype reviews (cosine=0.288). Supporting cues: charge(150), rs(122), price(78), money(49), offer(28). Frequent terms: order, service, blinkit, product, time, bad. Example review: ""poor"""
sahi h thoda expensive saman h normal shop k accord,Price Sensitive,2,0.2879,"Cluster 2 (n=1736) labeled 'Price Sensitive' because its centroid is closest to that segment's prototype reviews (cosine=0.288). Supporting cues: charge(150), rs(122), price(78), money(49), offer(28). Frequent terms: order, service, blinkit, product, time, bad. Example review: ""poor"""
love,Price Sensitive,2,0.2879,"Cluster 2 (n=1736) labeled 'Price Sensitive' because its centroid is closest to that segment's prototype reviews (cosine=0.288). Supporting cues: charge(150), rs(122), price(78), money(49), offer(28). Frequent terms: order, service, blinkit, product, time, bad. Example review: ""poor"""
bad company option return item herethis staff make fool customerstheir staff trick customer like,Price Sensitive,2,0.2879,"Cluster 2 (n=1736) labeled 'Price Sensitive' because its centroid is closest to that segment's prototype reviews (cosine=0.288). Supporting cues: charge(150), rs(122), price(78), money(49), offer(28). Frequent terms: order, service, blinkit, product, time, bad. Example review: ""poor"""
dont guy use separate bag edible cosmetic,Price Sensitive,2,0.2879,"Cluster 2 (n=1736) labeled 'Price Sensitive' because its centroid is closest to that segment's prototype reviews (cosine=0.288). Supporting cues: charge(150), rs(122), price(78), money(49), offer(28). Frequent terms: order, service, blinkit, product, time, bad. Example review: ""poor"""
thankyou,Price Sensitive,2,0.2879,"Cluster 2 (n=1736) labeled 'Price Sensitive' because its centroid is closest to that segment's prototype reviews (cosine=0.288). Supporting cues: charge(150), rs(122), price(78), money(49), offer(28). Frequent terms: order, service, blinkit, product, time, bad. Example review: ""poor"""
helpful urgent need,Price Sensitive,2,0.2879,"Cluster 2 (n=1736) labeled 'Price Sensitive' because its centroid is closest to that segment's prototype reviews (cosine=0.288). Supporting cues: charge(150), rs(122), price(78), money(49), offer(28). Frequent terms: order, service, blinkit, product, time, bad. Example review: ""poor"""
bdiya fine,Price Sensitive,2,0.2879,"Cluster 2 (n=1736) labeled 'Price Sensitive' because its centroid is closest to that segment's prototype reviews (cosine=0.288). Supporting cues: charge(150), rs(122), price(78), money(49), offer(28). Frequent terms: order, service, blinkit, product, time, bad. Example review: ""poor"""
nice quick,Impulse Buyers,3,0.0584,"Cluster 3 (n=180) labeled 'Impulse Buyers' because its centroid is closest to that segment's prototype reviews (cosine=0.058). Supporting cues: quick(4), late night(1). Frequent terms: service, delivery, blinkit, work, much, time. Example review: ""nice"""
recently require several grocery item gift love one download three apps find blinkit useful reliable option thanks extensive product range competitive pricing efficient delivery service place three order within two day fulfill need highly satisfied experience wholeheartedly recommend blinkit premier shop app grocery essential,Price Sensitive,2,0.2879,"Cluster 2 (n=1736) labeled 'Price Sensitive' because its centroid is closest to that segment's prototype reviews (cosine=0.288). Supporting cues: charge(150), rs(122), price(78), money(49), offer(28). Frequent terms: order, service, blinkit, product, time, bad. Example review: ""poor"""
everything one place,Price Sensitive,2,0.2879,"Cluster 2 (n=1736) labeled 'Price Sensitive' because its centroid is closest to that segment's prototype reviews (cosine=0.288). Supporting cues: charge(150), rs(122), price(78), money(49), offer(28). Frequent terms: order, service, blinkit, product, time, bad. Example review: ""poor"""
excellent app metro city,Price Sensitive,2,0.2879,"Cluster 2 (n=1736) labeled 'Price Sensitive' because its centroid is closest to that segment's prototype reviews (cosine=0.288). Supporting cues: charge(150), rs(122), price(78), money(49), offer(28). Frequent terms: order, service, blinkit, product, time, bad. Example review: ""poor"""
super fast service,Routine Buyers,1,0.1454,"Cluster 1 (n=554) labeled 'Routine Buyers' because its centroid is closest to that segment's prototype reviews (cosine=0.145). Supporting cues: always(16), regular(1), usual(1). Frequent terms: delivery, fast, best, service, time, blinkit. Example review: ""super fast delivery"""
much best,Routine Buyers,1,0.1454,"Cluster 1 (n=554) labeled 'Routine Buyers' because its centroid is closest to that segment's prototype reviews (cosine=0.145). Supporting cues: always(16), regular(1), usual(1). Frequent terms: delivery, fast, best, service, time, blinkit. Example review: ""super fast delivery"""
awesome,Price Sensitive,2,0.2879,"Cluster 2 (n=1736) labeled 'Price Sensitive' because its centroid is closest to that segment's prototype reviews (cosine=0.288). Supporting cues: charge(150), rs(122), price(78), money(49), offer(28). Frequent terms: order, service, blinkit, product, time, bad. Example review: ""poor"""
lady quick fix,Price Sensitive,2,0.2879,"Cluster 2 (n=1736) labeled 'Price Sensitive' because its centroid is closest to that segment's prototype reviews (cosine=0.288). Supporting cues: charge(150), rs(122), price(78), money(49), offer(28). Frequent terms: order, service, blinkit, product, time, bad. Example review: ""poor"""
usefull app,Price Sensitive,2,0.2879,"Cluster 2 (n=1736) labeled 'Price Sensitive' because its centroid is closest to that segment's prototype reviews (cosine=0.288). Supporting cues: charge(150), rs(122), price(78), money(49), offer(28). Frequent terms: order, service, blinkit, product, time, bad. Example review: ""poor"""
time deliver,Price Sensitive,2,0.2879,"Cluster 2 (n=1736) labeled 'Price Sensitive' because its centroid is closest to that segment's prototype reviews (cosine=0.288). Supporting cues: charge(150), rs(122), price(78), money(49), offer(28). Frequent terms: order, service, blinkit, product, time, bad. Example review: ""poor"""
good e commerce app offer good like zepto,Explorers,0,0.0196,"Cluster 0 (n=348) labeled 'Explorers' because its centroid is closest to that segment's prototype reviews (cosine=0.020). Supporting cues: try(1). Frequent terms: service, delivery, blinkit, product, experience, like. Example review: ""good service"""
third class app equally third class servicetake 40 min cancel order,Price Sensitive,2,0.2879,"Cluster 2 (n=1736) labeled 'Price Sensitive' because its centroid is closest to that segment's prototype reviews (cosine=0.288). Supporting cues: charge(150), rs(122), price(78), money(49), offer(28). Frequent terms: order, service, blinkit, product, time, bad. Example review: ""poor"""
liked service provide medical emergency quickly food selection quite interesting recommend true everyone reason give 4 star sometimes network dont get cash refund,Price Sensitive,2,0.2879,"Cluster 2 (n=1736) labeled 'Price Sensitive' because its centroid is closest to that segment's prototype reviews (cosine=0.288). Supporting cues: charge(150), rs(122), price(78), money(49), offer(28). Frequent terms: order, service, blinkit, product, time, bad. Example review: ""poor"""
superstar,Price Sensitive,2,0.2879,"Cluster 2 (n=1736) labeled 'Price Sensitive' because its centroid is closest to that segment's prototype reviews (cosine=0.288). Supporting cues: charge(150), rs(122), price(78), money(49), offer(28). Frequent terms: order, service, blinkit, product, time, bad. Example review: ""poor"""
copy good page rough,Explorers,0,0.0196,"Cluster 0 (n=348) labeled 'Explorers' because its centroid is closest to that segment's prototype reviews (cosine=0.020). Supporting cues: try(1). Frequent terms: service, delivery, blinkit, product, experience, like. Example review: ""good service"""
reason handling charge every week guy raise handle chargeswhy jabardasti,Price Sensitive,2,0.2879,"Cluster 2 (n=1736) labeled 'Price Sensitive' because its centroid is closest to that segment's prototype reviews (cosine=0.288). Supporting cues: charge(150), rs(122), price(78), money(49), offer(28). Frequent terms: order, service, blinkit, product, time, bad. Example review: ""poor"""
thank,Price Sensitive,2,0.2879,"Cluster 2 (n=1736) labeled 'Price Sensitive' because its centroid is closest to that segment's prototype reviews (cosine=0.288). Supporting cues: charge(150), rs(122), price(78), money(49), offer(28). Frequent terms: order, service, blinkit, product, time, bad. Example review: ""poor"""
nice work,Impulse Buyers,3,0.0584,"Cluster 3 (n=180) labeled 'Impulse Buyers' because its centroid is closest to that segment's prototype reviews (cosine=0.058). Supporting cues: quick(4), late night(1). Frequent terms: service, delivery, blinkit, work, much, time. Example review: ""nice"""
poorpscket open condition,Price Sensitive,2,0.2879,"Cluster 2 (n=1736) labeled 'Price Sensitive' because its centroid is closest to that segment's prototype reviews (cosine=0.288). Supporting cues: charge(150), rs(122), price(78), money(49), offer(28). Frequent terms: order, service, blinkit, product, time, bad. Example review: ""poor"""
worst coustomer service,Price Sensitive,2,0.2879,"Cluster 2 (n=1736) labeled 'Price Sensitive' because its centroid is closest to that segment's prototype reviews (cosine=0.288). Supporting cues: charge(150), rs(122), price(78), money(49), offer(28). Frequent terms: order, service, blinkit, product, time, bad. Example review: ""poor"""
wrong item get deliver,Price Sensitive,2,0.2879,"Cluster 2 (n=1736) labeled 'Price Sensitive' because its centroid is closest to that segment's prototype reviews (cosine=0.288). Supporting cues: charge(150), rs(122), price(78), money(49), offer(28). Frequent terms: order, service, blinkit, product, time, bad. Example review: ""poor"""
offer,Price Sensitive,2,0.2879,"Cluster 2 (n=1736) labeled 'Price Sensitive' because its centroid is closest to that segment's prototype reviews (cosine=0.288). Supporting cues: charge(150), rs(122), price(78), money(49), offer(28). Frequent terms: order, service, blinkit, product, time, bad. Example review: ""poor"""
easy buy,Price Sensitive,2,0.2879,"Cluster 2 (n=1736) labeled 'Price Sensitive' because its centroid is closest to that segment's prototype reviews (cosine=0.288). Supporting cues: charge(150), rs(122), price(78), money(49), offer(28). Frequent terms: order, service, blinkit, product, time, bad. Example review: ""poor"""
nice,Impulse Buyers,3,0.0584,"Cluster 3 (n=180) labeled 'Impulse Buyers' because its centroid is closest to that segment's prototype reviews (cosine=0.058). Supporting cues: quick(4), late night(1). Frequent terms: service, delivery, blinkit, work, much, time. Example review: ""nice"""
best product service,Routine Buyers,1,0.1454,"Cluster 1 (n=554) labeled 'Routine Buyers' because its centroid is closest to that segment's prototype reviews (cosine=0.145). Supporting cues: always(16), regular(1), usual(1). Frequent terms: delivery, fast, best, service, time, blinkit. Example review: ""super fast delivery"""
get anything want 10 minute,Price Sensitive,2,0.2879,"Cluster 2 (n=1736) labeled 'Price Sensitive' because its centroid is closest to that segment's prototype reviews (cosine=0.288). Supporting cues: charge(150), rs(122), price(78), money(49), offer(28). Frequent terms: order, service, blinkit, product, time, bad. Example review: ""poor"""
good review,Explorers,0,0.0196,"Cluster 0 (n=348) labeled 'Explorers' because its centroid is closest to that segment's prototype reviews (cosine=0.020). Supporting cues: try(1). Frequent terms: service, delivery, blinkit, product, experience, like. Example review: ""good service"""
good dont give 9 rupee zone,Explorers,0,0.0196,"Cluster 0 (n=348) labeled 'Explorers' because its centroid is closest to that segment's prototype reviews (cosine=0.020). Supporting cues: try(1). Frequent terms: service, delivery, blinkit, product, experience, like. Example review: ""good service"""
excellent quality service,Price Sensitive,2,0.2879,"Cluster 2 (n=1736) labeled 'Price Sensitive' because its centroid is closest to that segment's prototype reviews (cosine=0.288). Supporting cues: charge(150), rs(122), price(78), money(49), offer(28). Frequent terms: order, service, blinkit, product, time, bad. Example review: ""poor"""
goood app,Price Sensitive,2,0.2879,"Cluster 2 (n=1736) labeled 'Price Sensitive' because its centroid is closest to that segment's prototype reviews (cosine=0.288). Supporting cues: charge(150), rs(122), price(78), money(49), offer(28). Frequent terms: order, service, blinkit, product, time, bad. Example review: ""poor"""
bad service quality end misery chemical food pack one bag twice row lack quality supervision zero accountability,Price Sensitive,2,0.2879,"Cluster 2 (n=1736) labeled 'Price Sensitive' because its centroid is closest to that segment's prototype reviews (cosine=0.288). Supporting cues: charge(150), rs(122), price(78), money(49), offer(28). Frequent terms: order, service, blinkit, product, time, bad. Example review: ""poor"""
much fast service,Routine Buyers,1,0.1454,"Cluster 1 (n=554) labeled 'Routine Buyers' because its centroid is closest to that segment's prototype reviews (cosine=0.145). Supporting cues: always(16), regular(1), usual(1). Frequent terms: delivery, fast, best, service, time, blinkit. Example review: ""super fast delivery"""
brilliant service give credit card offer apply,Price Sensitive,2,0.2879,"Cluster 2 (n=1736) labeled 'Price Sensitive' because its centroid is closest to that segment's prototype reviews (cosine=0.288). Supporting cues: charge(150), rs(122), price(78), money(49), offer(28). Frequent terms: order, service, blinkit, product, time, bad. Example review: ""poor"""
price high,Price Sensitive,2,0.2879,"Cluster 2 (n=1736) labeled 'Price Sensitive' because its centroid is closest to that segment's prototype reviews (cosine=0.288). Supporting cues: charge(150), rs(122), price(78), money(49), offer(28). Frequent terms: order, service, blinkit, product, time, bad. Example review: ""poor"""
wow dangerous,Price Sensitive,2,0.2879,"Cluster 2 (n=1736) labeled 'Price Sensitive' because its centroid is closest to that segment's prototype reviews (cosine=0.288). Supporting cues: charge(150), rs(122), price(78), money(49), offer(28). Frequent terms: order, service, blinkit, product, time, bad. Example review: ""poor"""
great delivery n quality n offer,Routine Buyers,1,0.1454,"Cluster 1 (n=554) labeled 'Routine Buyers' because its centroid is closest to that segment's prototype reviews (cosine=0.145). Supporting cues: always(16), regular(1), usual(1). Frequent terms: delivery, fast, best, service, time, blinkit. Example review: ""super fast delivery"""
dear blinkit support write raise complaint regard order order btype charge cable blinkit app receive iphone charge cable instead within approximately 5 minute receive delivery immediately raise returnreplacement request app shortly thereafter receive call customer support team inform return possible despite explain wrong item deliver,Price Sensitive,2,0.2879,"Cluster 2 (n=1736) labeled 'Price Sensitive' because its centroid is closest to that segment's prototype reviews (cosine=0.288). Supporting cues: charge(150), rs(122), price(78), money(49), offer(28). Frequent terms: order, service, blinkit, product, time, bad. Example review: ""poor"""
order 2 watter bottole 1 letter pay 47rs receive 1 litter 1 bottol,Price Sensitive,2,0.2879,"Cluster 2 (n=1736) labeled 'Price Sensitive' because its centroid is closest to that segment's prototype reviews (cosine=0.288). Supporting cues: charge(150), rs(122), price(78), money(49), offer(28). Frequent terms: order, service, blinkit, product, time, bad. Example review: ""poor"""
quick simple please ask delivery team keep change,Routine Buyers,1,0.1454,"Cluster 1 (n=554) labeled 'Routine Buyers' because its centroid is closest to that segment's prototype reviews (cosine=0.145). Supporting cues: always(16), regular(1), usual(1). Frequent terms: delivery, fast, best, service, time, blinkit. Example review: ""super fast delivery"""
bad,Price Sensitive,2,0.2879,"Cluster 2 (n=1736) labeled 'Price Sensitive' because its centroid is closest to that segment's prototype reviews (cosine=0.288). Supporting cues: charge(150), rs(122), price(78), money(49), offer(28). Frequent terms: order, service, blinkit, product, time, bad. Example review: ""poor"""
app एक app food item nonresponsible app पर ai issue fix तरफ न और समझ एक exchange कर और तक उस blinkit shop पर app best,Price Sensitive,2,0.2879,"Cluster 2 (n=1736) labeled 'Price Sensitive' because its centroid is closest to that segment's prototype reviews (cosine=0.288). Supporting cues: charge(150), rs(122), price(78), money(49), offer(28). Frequent terms: order, service, blinkit, product, time, bad. Example review: ""poor"""
helpfull daily life,Price Sensitive,2,0.2879,"Cluster 2 (n=1736) labeled 'Price Sensitive' because its centroid is closest to that segment's prototype reviews (cosine=0.288). Supporting cues: charge(150), rs(122), price(78), money(49), offer(28). Frequent terms: order, service, blinkit, product, time, bad. Example review: ""poor"""
good service extra charge liyaa hai,Price Sensitive,2,0.2879,"Cluster 2 (n=1736) labeled 'Price Sensitive' because its centroid is closest to that segment's prototype reviews (cosine=0.288). Supporting cues: charge(150), rs(122), price(78), money(49), offer(28). Frequent terms: order, service, blinkit, product, time, bad. Example review: ""poor"""
well,Price Sensitive,2,0.2879,"Cluster 2 (n=1736) labeled 'Price Sensitive' because its centroid is closest to that segment's prototype reviews (cosine=0.288). Supporting cues: charge(150), rs(122), price(78), money(49), offer(28). Frequent terms: order, service, blinkit, product, time, bad. Example review: ""poor"""
goood service,Price Sensitive,2,0.2879,"Cluster 2 (n=1736) labeled 'Price Sensitive' because its centroid is closest to that segment's prototype reviews (cosine=0.288). Supporting cues: charge(150), rs(122), price(78), money(49), offer(28). Frequent terms: order, service, blinkit, product, time, bad. Example review: ""poor"""
quick app,Price Sensitive,2,0.2879,"Cluster 2 (n=1736) labeled 'Price Sensitive' because its centroid is closest to that segment's prototype reviews (cosine=0.288). Supporting cues: charge(150), rs(122), price(78), money(49), offer(28). Frequent terms: order, service, blinkit, product, time, bad. Example review: ""poor"""
well service,Price Sensitive,2,0.2879,"Cluster 2 (n=1736) labeled 'Price Sensitive' because its centroid is closest to that segment's prototype reviews (cosine=0.288). Supporting cues: charge(150), rs(122), price(78), money(49), offer(28). Frequent terms: order, service, blinkit, product, time, bad. Example review: ""poor"""
uselessalways delivery latedelivery person always avoids callshame,Routine Buyers,1,0.1454,"Cluster 1 (n=554) labeled 'Routine Buyers' because its centroid is closest to that segment's prototype reviews (cosine=0.145). Supporting cues: always(16), regular(1), usual(1). Frequent terms: delivery, fast, best, service, time, blinkit. Example review: ""super fast delivery"""
good ap,Explorers,0,0.0196,"Cluster 0 (n=348) labeled 'Explorers' because its centroid is closest to that segment's prototype reviews (cosine=0.020). Supporting cues: try(1). Frequent terms: service, delivery, blinkit, product, experience, like. Example review: ""good service"""
every time order blink favourite app best app whole universe,Price Sensitive,2,0.2879,"Cluster 2 (n=1736) labeled 'Price Sensitive' because its centroid is closest to that segment's prototype reviews (cosine=0.288). Supporting cues: charge(150), rs(122), price(78), money(49), offer(28). Frequent terms: order, service, blinkit, product, time, bad. Example review: ""poor"""
remove call handle charge every order like zepto otherwise good,Price Sensitive,2,0.2879,"Cluster 2 (n=1736) labeled 'Price Sensitive' because its centroid is closest to that segment's prototype reviews (cosine=0.288). Supporting cues: charge(150), rs(122), price(78), money(49), offer(28). Frequent terms: order, service, blinkit, product, time, bad. Example review: ""poor"""
handling charge give,Price Sensitive,2,0.2879,"Cluster 2 (n=1736) labeled 'Price Sensitive' because its centroid is closest to that segment's prototype reviews (cosine=0.288). Supporting cues: charge(150), rs(122), price(78), money(49), offer(28). Frequent terms: order, service, blinkit, product, time, bad. Example review: ""poor"""
vegetable get fresh potato order never cook properly taste good,Explorers,0,0.0196,"Cluster 0 (n=348) labeled 'Explorers' because its centroid is closest to that segment's prototype reviews (cosine=0.020). Supporting cues: try(1). Frequent terms: service, delivery, blinkit, product, experience, like. Example review: ""good service"""
bad,Price Sensitive,2,0.2879,"Cluster 2 (n=1736) labeled 'Price Sensitive' because its centroid is closest to that segment's prototype reviews (cosine=0.288). Supporting cues: charge(150), rs(122), price(78), money(49), offer(28). Frequent terms: order, service, blinkit, product, time, bad. Example review: ""poor"""
good daily need fast delivery need,Routine Buyers,1,0.1454,"Cluster 1 (n=554) labeled 'Routine Buyers' because its centroid is closest to that segment's prototype reviews (cosine=0.145). Supporting cues: always(16), regular(1), usual(1). Frequent terms: delivery, fast, best, service, time, blinkit. Example review: ""super fast delivery"""
best app ever ever buy blinkit,Routine Buyers,1,0.1454,"Cluster 1 (n=554) labeled 'Routine Buyers' because its centroid is closest to that segment's prototype reviews (cosine=0.145). Supporting cues: always(16), regular(1), usual(1). Frequent terms: delivery, fast, best, service, time, blinkit. Example review: ""super fast delivery"""
fast delivery,Routine Buyers,1,0.1454,"Cluster 1 (n=554) labeled 'Routine Buyers' because its centroid is closest to that segment's prototype reviews (cosine=0.145). Supporting cues: always(16), regular(1), usual(1). Frequent terms: delivery, fast, best, service, time, blinkit. Example review: ""super fast delivery"""
fqn mc app give grocery worster local india gate raw rice buy blinkit really disgust also faar bad ration rice distribute gov,Price Sensitive,2,0.2879,"Cluster 2 (n=1736) labeled 'Price Sensitive' because its centroid is closest to that segment's prototype reviews (cosine=0.288). Supporting cues: charge(150), rs(122), price(78), money(49), offer(28). Frequent terms: order, service, blinkit, product, time, bad. Example review: ""poor"""
service charge bahut jyada hai worker sahi bhi nahin rahte time per nahin aate hain aur phone lagakar 10 bar pareshan karte hain sabse pahle workeron per dhyan dena chahie,Price Sensitive,2,0.2879,"Cluster 2 (n=1736) labeled 'Price Sensitive' because its centroid is closest to that segment's prototype reviews (cosine=0.288). Supporting cues: charge(150), rs(122), price(78), money(49), offer(28). Frequent terms: order, service, blinkit, product, time, bad. Example review: ""poor"""
abhi use kar rahe use karen pata chale bad mein,Price Sensitive,2,0.2879,"Cluster 2 (n=1736) labeled 'Price Sensitive' because its centroid is closest to that segment's prototype reviews (cosine=0.288). Supporting cues: charge(150), rs(122), price(78), money(49), offer(28). Frequent terms: order, service, blinkit, product, time, bad. Example review: ""poor"""
good,Explorers,0,0.0196,"Cluster 0 (n=348) labeled 'Explorers' because its centroid is closest to that segment's prototype reviews (cosine=0.020). Supporting cues: try(1). Frequent terms: service, delivery, blinkit, product, experience, like. Example review: ""good service"""
item good delivery time less compare apps,Routine Buyers,1,0.1454,"Cluster 1 (n=554) labeled 'Routine Buyers' because its centroid is closest to that segment's prototype reviews (cosine=0.145). Supporting cues: always(16), regular(1), usual(1). Frequent terms: delivery, fast, best, service, time, blinkit. Example review: ""super fast delivery"""
thief first order first cancel order keep push refund later date well delivery experience apps dont recommend could give guy 0 star fail customer service,Price Sensitive,2,0.2879,"Cluster 2 (n=1736) labeled 'Price Sensitive' because its centroid is closest to that segment's prototype reviews (cosine=0.288). Supporting cues: charge(150), rs(122), price(78), money(49), offer(28). Frequent terms: order, service, blinkit, product, time, bad. Example review: ""poor"""
must hai,Price Sensitive,2,0.2879,"Cluster 2 (n=1736) labeled 'Price Sensitive' because its centroid is closest to that segment's prototype reviews (cosine=0.288). Supporting cues: charge(150), rs(122), price(78), money(49), offer(28). Frequent terms: order, service, blinkit, product, time, bad. Example review: ""poor"""
good service withan 15 minit house,Explorers,0,0.0196,"Cluster 0 (n=348) labeled 'Explorers' because its centroid is closest to that segment's prototype reviews (cosine=0.020). Supporting cues: try(1). Frequent terms: service, delivery, blinkit, product, experience, like. Example review: ""good service"""
asome,Price Sensitive,2,0.2879,"Cluster 2 (n=1736) labeled 'Price Sensitive' because its centroid is closest to that segment's prototype reviews (cosine=0.288). Supporting cues: charge(150), rs(122), price(78), money(49), offer(28). Frequent terms: order, service, blinkit, product, time, bad. Example review: ""poor"""
bad experience blinkit receive noise pure bud miss leave earbud box already unsealed delivery executive take otp could check product support response helpful unacceptable expect good quality control accountability,Price Sensitive,2,0.2879,"Cluster 2 (n=1736) labeled 'Price Sensitive' because its centroid is closest to that segment's prototype reviews (cosine=0.288). Supporting cues: charge(150), rs(122), price(78), money(49), offer(28). Frequent terms: order, service, blinkit, product, time, bad. Example review: ""poor"""
good fast delivery,Routine Buyers,1,0.1454,"Cluster 1 (n=554) labeled 'Routine Buyers' because its centroid is closest to that segment's prototype reviews (cosine=0.145). Supporting cues: always(16), regular(1), usual(1). Frequent terms: delivery, fast, best, service, time, blinkit. Example review: ""super fast delivery"""
fast,Routine Buyers,1,0.1454,"Cluster 1 (n=554) labeled 'Routine Buyers' because its centroid is closest to that segment's prototype reviews (cosine=0.145). Supporting cues: always(16), regular(1), usual(1). Frequent terms: delivery, fast, best, service, time, blinkit. Example review: ""super fast delivery"""
price drop need come,Price Sensitive,2,0.2879,"Cluster 2 (n=1736) labeled 'Price Sensitive' because its centroid is closest to that segment's prototype reviews (cosine=0.288). Supporting cues: charge(150), rs(122), price(78), money(49), offer(28). Frequent terms: order, service, blinkit, product, time, bad. Example review: ""poor"""
soo good,Explorers,0,0.0196,"Cluster 0 (n=348) labeled 'Explorers' because its centroid is closest to that segment's prototype reviews (cosine=0.020). Supporting cues: try(1). Frequent terms: service, delivery, blinkit, product, experience, like. Example review: ""good service"""
charge delivery handling charge,Price Sensitive,2,0.2879,"Cluster 2 (n=1736) labeled 'Price Sensitive' because its centroid is closest to that segment's prototype reviews (cosine=0.288). Supporting cues: charge(150), rs(122), price(78), money(49), offer(28). Frequent terms: order, service, blinkit, product, time, bad. Example review: ""poor"""
ease business,Price Sensitive,2,0.2879,"Cluster 2 (n=1736) labeled 'Price Sensitive' because its centroid is closest to that segment's prototype reviews (cosine=0.288). Supporting cues: charge(150), rs(122), price(78), money(49), offer(28). Frequent terms: order, service, blinkit, product, time, bad. Example review: ""poor"""
good start,Explorers,0,0.0196,"Cluster 0 (n=348) labeled 'Explorers' because its centroid is closest to that segment's prototype reviews (cosine=0.020). Supporting cues: try(1). Frequent terms: service, delivery, blinkit, product, experience, like. Example review: ""good service"""
blinkit provide fast delivery shopping apps,Routine Buyers,1,0.1454,"Cluster 1 (n=554) labeled 'Routine Buyers' because its centroid is closest to that segment's prototype reviews (cosine=0.145). Supporting cues: always(16), regular(1), usual(1). Frequent terms: delivery, fast, best, service, time, blinkit. Example review: ""super fast delivery"""
happy,Price Sensitive,2,0.2879,"Cluster 2 (n=1736) labeled 'Price Sensitive' because its centroid is closest to that segment's prototype reviews (cosine=0.288). Supporting cues: charge(150), rs(122), price(78), money(49), offer(28). Frequent terms: order, service, blinkit, product, time, bad. Example review: ""poor"""
help thing order deliver complete bad service,Price Sensitive,2,0.2879,"Cluster 2 (n=1736) labeled 'Price Sensitive' because its centroid is closest to that segment's prototype reviews (cosine=0.288). Supporting cues: charge(150), rs(122), price(78), money(49), offer(28). Frequent terms: order, service, blinkit, product, time, bad. Example review: ""poor"""
prompt service,Price Sensitive,2,0.2879,"Cluster 2 (n=1736) labeled 'Price Sensitive' because its centroid is closest to that segment's prototype reviews (cosine=0.288). Supporting cues: charge(150), rs(122), price(78), money(49), offer(28). Frequent terms: order, service, blinkit, product, time, bad. Example review: ""poor"""
poor serviceand proper resolution issue,Price Sensitive,2,0.2879,"Cluster 2 (n=1736) labeled 'Price Sensitive' because its centroid is closest to that segment's prototype reviews (cosine=0.288). Supporting cues: charge(150), rs(122), price(78), money(49), offer(28). Frequent terms: order, service, blinkit, product, time, bad. Example review: ""poor"""
fast sarvice,Routine Buyers,1,0.1454,"Cluster 1 (n=554) labeled 'Routine Buyers' because its centroid is closest to that segment's prototype reviews (cosine=0.145). Supporting cues: always(16), regular(1), usual(1). Frequent terms: delivery, fast, best, service, time, blinkit. Example review: ""super fast delivery"""
good,Explorers,0,0.0196,"Cluster 0 (n=348) labeled 'Explorers' because its centroid is closest to that segment's prototype reviews (cosine=0.020). Supporting cues: try(1). Frequent terms: service, delivery, blinkit, product, experience, like. Example review: ""good service"""
time delivery,Routine Buyers,1,0.1454,"Cluster 1 (n=554) labeled 'Routine Buyers' because its centroid is closest to that segment's prototype reviews (cosine=0.145). Supporting cues: always(16), regular(1), usual(1). Frequent terms: delivery, fast, best, service, time, blinkit. Example review: ""super fast delivery"""
bad price high,Price Sensitive,2,0.2879,"Cluster 2 (n=1736) labeled 'Price Sensitive' because its centroid is closest to that segment's prototype reviews (cosine=0.288). Supporting cues: charge(150), rs(122), price(78), money(49), offer(28). Frequent terms: order, service, blinkit, product, time, bad. Example review: ""poor"""
costumer care dont help mad return replace available available also return replace order good order amazon wait 2 3 day,Price Sensitive,2,0.2879,"Cluster 2 (n=1736) labeled 'Price Sensitive' because its centroid is closest to that segment's prototype reviews (cosine=0.288). Supporting cues: charge(150), rs(122), price(78), money(49), offer(28). Frequent terms: order, service, blinkit, product, time, bad. Example review: ""poor"""
best price servcs,Routine Buyers,1,0.1454,"Cluster 1 (n=554) labeled 'Routine Buyers' because its centroid is closest to that segment's prototype reviews (cosine=0.145). Supporting cues: always(16), regular(1), usual(1). Frequent terms: delivery, fast, best, service, time, blinkit. Example review: ""super fast delivery"""
okay,Price Sensitive,2,0.2879,"Cluster 2 (n=1736) labeled 'Price Sensitive' because its centroid is closest to that segment's prototype reviews (cosine=0.288). Supporting cues: charge(150), rs(122), price(78), money(49), offer(28). Frequent terms: order, service, blinkit, product, time, bad. Example review: ""poor"""
japan level convenience,Price Sensitive,2,0.2879,"Cluster 2 (n=1736) labeled 'Price Sensitive' because its centroid is closest to that segment's prototype reviews (cosine=0.288). Supporting cues: charge(150), rs(122), price(78), money(49), offer(28). Frequent terms: order, service, blinkit, product, time, bad. Example review: ""poor"""
kush itam bahut costly hai,Price Sensitive,2,0.2879,"Cluster 2 (n=1736) labeled 'Price Sensitive' because its centroid is closest to that segment's prototype reviews (cosine=0.288). Supporting cues: charge(150), rs(122), price(78), money(49), offer(28). Frequent terms: order, service, blinkit, product, time, bad. Example review: ""poor"""
well,Price Sensitive,2,0.2879,"Cluster 2 (n=1736) labeled 'Price Sensitive' because its centroid is closest to that segment's prototype reviews (cosine=0.288). Supporting cues: charge(150), rs(122), price(78), money(49), offer(28). Frequent terms: order, service, blinkit, product, time, bad. Example review: ""poor"""
bahut hi achcha hai aur fast delivery,Routine Buyers,1,0.1454,"Cluster 1 (n=554) labeled 'Routine Buyers' because its centroid is closest to that segment's prototype reviews (cosine=0.145). Supporting cues: always(16), regular(1), usual(1). Frequent terms: delivery, fast, best, service, time, blinkit. Example review: ""super fast delivery"""
wow,Price Sensitive,2,0.2879,"Cluster 2 (n=1736) labeled 'Price Sensitive' because its centroid is closest to that segment's prototype reviews (cosine=0.288). Supporting cues: charge(150), rs(122), price(78), money(49), offer(28). Frequent terms: order, service, blinkit, product, time, bad. Example review: ""poor"""
grateful,Price Sensitive,2,0.2879,"Cluster 2 (n=1736) labeled 'Price Sensitive' because its centroid is closest to that segment's prototype reviews (cosine=0.288). Supporting cues: charge(150), rs(122), price(78), money(49), offer(28). Frequent terms: order, service, blinkit, product, time, bad. Example review: ""poor"""
superfast delivery,Routine Buyers,1,0.1454,"Cluster 1 (n=554) labeled 'Routine Buyers' because its centroid is closest to that segment's prototype reviews (cosine=0.145). Supporting cues: always(16), regular(1), usual(1). Frequent terms: delivery, fast, best, service, time, blinkit. Example review: ""super fast delivery"""
exilent service,Price Sensitive,2,0.2879,"Cluster 2 (n=1736) labeled 'Price Sensitive' because its centroid is closest to that segment's prototype reviews (cosine=0.288). Supporting cues: charge(150), rs(122), price(78), money(49), offer(28). Frequent terms: order, service, blinkit, product, time, bad. Example review: ""poor"""
otp time less pl increase otp time,Price Sensitive,2,0.2879,"Cluster 2 (n=1736) labeled 'Price Sensitive' because its centroid is closest to that segment's prototype reviews (cosine=0.288). Supporting cues: charge(150), rs(122), price(78), money(49), offer(28). Frequent terms: order, service, blinkit, product, time, bad. Example review: ""poor"""
nice app home delivery,Impulse Buyers,3,0.0584,"Cluster 3 (n=180) labeled 'Impulse Buyers' because its centroid is closest to that segment's prototype reviews (cosine=0.058). Supporting cues: quick(4), late night(1). Frequent terms: service, delivery, blinkit, work, much, time. Example review: ""nice"""
deliver defective article dont replace reason give could verify defective article one buy grocery,Price Sensitive,2,0.2879,"Cluster 2 (n=1736) labeled 'Price Sensitive' because its centroid is closest to that segment's prototype reviews (cosine=0.288). Supporting cues: charge(150), rs(122), price(78), money(49), offer(28). Frequent terms: order, service, blinkit, product, time, bad. Example review: ""poor"""
bed service,Price Sensitive,2,0.2879,"Cluster 2 (n=1736) labeled 'Price Sensitive' because its centroid is closest to that segment's prototype reviews (cosine=0.288). Supporting cues: charge(150), rs(122), price(78), money(49), offer(28). Frequent terms: order, service, blinkit, product, time, bad. Example review: ""poor"""
pahle jaisa aab delivery fast nhi rha hai bilinkit ka store pe hi bahut time lga deta hai insaan ko burbak bnata hai ki sasta hai koi sasta nhi hai bhai sab bewkoof bna rha hai paisa lut rha hai sab,Price Sensitive,2,0.2879,"Cluster 2 (n=1736) labeled 'Price Sensitive' because its centroid is closest to that segment's prototype reviews (cosine=0.288). Supporting cues: charge(150), rs(122), price(78), money(49), offer(28). Frequent terms: order, service, blinkit, product, time, bad. Example review: ""poor"""
monopoly near bagru high convenience fee delivery charge bad behaviour delivery partner,Routine Buyers,1,0.1454,"Cluster 1 (n=554) labeled 'Routine Buyers' because its centroid is closest to that segment's prototype reviews (cosine=0.145). Supporting cues: always(16), regular(1), usual(1). Frequent terms: delivery, fast, best, service, time, blinkit. Example review: ""super fast delivery"""
doctor call youve order med absolutely clinical stay alone,Price Sensitive,2,0.2879,"Cluster 2 (n=1736) labeled 'Price Sensitive' because its centroid is closest to that segment's prototype reviews (cosine=0.288). Supporting cues: charge(150), rs(122), price(78), money(49), offer(28). Frequent terms: order, service, blinkit, product, time, bad. Example review: ""poor"""
use app last year app useful material time,Price Sensitive,2,0.2879,"Cluster 2 (n=1736) labeled 'Price Sensitive' because its centroid is closest to that segment's prototype reviews (cosine=0.288). Supporting cues: charge(150), rs(122), price(78), money(49), offer(28). Frequent terms: order, service, blinkit, product, time, bad. Example review: ""poor"""
convenient,Price Sensitive,2,0.2879,"Cluster 2 (n=1736) labeled 'Price Sensitive' because its centroid is closest to that segment's prototype reviews (cosine=0.288). Supporting cues: charge(150), rs(122), price(78), money(49), offer(28). Frequent terms: order, service, blinkit, product, time, bad. Example review: ""poor"""
print out good option,Explorers,0,0.0196,"Cluster 0 (n=348) labeled 'Explorers' because its centroid is closest to that segment's prototype reviews (cosine=0.020). Supporting cues: try(1). Frequent terms: service, delivery, blinkit, product, experience, like. Example review: ""good service"""
good customer support,Price Sensitive,2,0.2879,"Cluster 2 (n=1736) labeled 'Price Sensitive' because its centroid is closest to that segment's prototype reviews (cosine=0.288). Supporting cues: charge(150), rs(122), price(78), money(49), offer(28). Frequent terms: order, service, blinkit, product, time, bad. Example review: ""poor"""
good yaar,Explorers,0,0.0196,"Cluster 0 (n=348) labeled 'Explorers' because its centroid is closest to that segment's prototype reviews (cosine=0.020). Supporting cues: try(1). Frequent terms: service, delivery, blinkit, product, experience, like. Example review: ""good service"""
excellent wonderful service replacement also faster,Price Sensitive,2,0.2879,"Cluster 2 (n=1736) labeled 'Price Sensitive' because its centroid is closest to that segment's prototype reviews (cosine=0.288). Supporting cues: charge(150), rs(122), price(78), money(49), offer(28). Frequent terms: order, service, blinkit, product, time, bad. Example review: ""poor"""
wait order 15 minute app show order dilevery 9 minute,Price Sensitive,2,0.2879,"Cluster 2 (n=1736) labeled 'Price Sensitive' because its centroid is closest to that segment's prototype reviews (cosine=0.288). Supporting cues: charge(150), rs(122), price(78), money(49), offer(28). Frequent terms: order, service, blinkit, product, time, bad. Example review: ""poor"""
make life easy,Price Sensitive,2,0.2879,"Cluster 2 (n=1736) labeled 'Price Sensitive' because its centroid is closest to that segment's prototype reviews (cosine=0.288). Supporting cues: charge(150), rs(122), price(78), money(49), offer(28). Frequent terms: order, service, blinkit, product, time, bad. Example review: ""poor"""
system nice support bad,Impulse Buyers,3,0.0584,"Cluster 3 (n=180) labeled 'Impulse Buyers' because its centroid is closest to that segment's prototype reviews (cosine=0.058). Supporting cues: quick(4), late night(1). Frequent terms: service, delivery, blinkit, work, much, time. Example review: ""nice"""
allare good price high thanks,Price Sensitive,2,0.2879,"Cluster 2 (n=1736) labeled 'Price Sensitive' because its centroid is closest to that segment's prototype reviews (cosine=0.288). Supporting cues: charge(150), rs(122), price(78), money(49), offer(28). Frequent terms: order, service, blinkit, product, time, bad. Example review: ""poor"""
excellent app easy use fast great user interface highly recommend,Price Sensitive,2,0.2879,"Cluster 2 (n=1736) labeled 'Price Sensitive' because its centroid is closest to that segment's prototype reviews (cosine=0.288). Supporting cues: charge(150), rs(122), price(78), money(49), offer(28). Frequent terms: order, service, blinkit, product, time, bad. Example review: ""poor"""
daily order pintola prodecut mere lyi offer diya kro,Price Sensitive,2,0.2879,"Cluster 2 (n=1736) labeled 'Price Sensitive' because its centroid is closest to that segment's prototype reviews (cosine=0.288). Supporting cues: charge(150), rs(122), price(78), money(49), offer(28). Frequent terms: order, service, blinkit, product, time, bad. Example review: ""poor"""
best product best offer best grocery always love buy app consider friend,Routine Buyers,1,0.1454,"Cluster 1 (n=554) labeled 'Routine Buyers' because its centroid is closest to that segment's prototype reviews (cosine=0.145). Supporting cues: always(16), regular(1), usual(1). Frequent terms: delivery, fast, best, service, time, blinkit. Example review: ""super fast delivery"""
love blinkit service,Price Sensitive,2,0.2879,"Cluster 2 (n=1736) labeled 'Price Sensitive' because its centroid is closest to that segment's prototype reviews (cosine=0.288). Supporting cues: charge(150), rs(122), price(78), money(49), offer(28). Frequent terms: order, service, blinkit, product, time, bad. Example review: ""poor"""
sometimes package food receive damp unusable,Price Sensitive,2,0.2879,"Cluster 2 (n=1736) labeled 'Price Sensitive' because its centroid is closest to that segment's prototype reviews (cosine=0.288). Supporting cues: charge(150), rs(122), price(78), money(49), offer(28). Frequent terms: order, service, blinkit, product, time, bad. Example review: ""poor"""
reduce hideen charge overall good service,Explorers,0,0.0196,"Cluster 0 (n=348) labeled 'Explorers' because its centroid is closest to that segment's prototype reviews (cosine=0.020). Supporting cues: try(1). Frequent terms: service, delivery, blinkit, product, experience, like. Example review: ""good service"""
nice experience blinkitvery useful way,Impulse Buyers,3,0.0584,"Cluster 3 (n=180) labeled 'Impulse Buyers' because its centroid is closest to that segment's prototype reviews (cosine=0.058). Supporting cues: quick(4), late night(1). Frequent terms: service, delivery, blinkit, work, much, time. Example review: ""nice"""
instal zepto save 30 cashblinking costly,Price Sensitive,2,0.2879,"Cluster 2 (n=1736) labeled 'Price Sensitive' because its centroid is closest to that segment's prototype reviews (cosine=0.288). Supporting cues: charge(150), rs(122), price(78), money(49), offer(28). Frequent terms: order, service, blinkit, product, time, bad. Example review: ""poor"""
bht vuk lagisile emn rati khon je dibo ahibo dhoinobad,Price Sensitive,2,0.2879,"Cluster 2 (n=1736) labeled 'Price Sensitive' because its centroid is closest to that segment's prototype reviews (cosine=0.288). Supporting cues: charge(150), rs(122), price(78), money(49), offer(28). Frequent terms: order, service, blinkit, product, time, bad. Example review: ""poor"""
good job,Price Sensitive,2,0.2879,"Cluster 2 (n=1736) labeled 'Price Sensitive' because its centroid is closest to that segment's prototype reviews (cosine=0.288). Supporting cues: charge(150), rs(122), price(78), money(49), offer(28). Frequent terms: order, service, blinkit, product, time, bad. Example review: ""poor"""
welldone brother,Price Sensitive,2,0.2879,"Cluster 2 (n=1736) labeled 'Price Sensitive' because its centroid is closest to that segment's prototype reviews (cosine=0.288). Supporting cues: charge(150), rs(122), price(78), money(49), offer(28). Frequent terms: order, service, blinkit, product, time, bad. Example review: ""poor"""
compare zepto blinkit pricing bit high,Price Sensitive,2,0.2879,"Cluster 2 (n=1736) labeled 'Price Sensitive' because its centroid is closest to that segment's prototype reviews (cosine=0.288). Supporting cues: charge(150), rs(122), price(78), money(49), offer(28). Frequent terms: order, service, blinkit, product, time, bad. Example review: ""poor"""
long since use blinkit honest use hate time deliveries support use trick happy make sure query resolve best possible way quick solution hope remain consistent blinkit,Price Sensitive,2,0.2879,"Cluster 2 (n=1736) labeled 'Price Sensitive' because its centroid is closest to that segment's prototype reviews (cosine=0.288). Supporting cues: charge(150), rs(122), price(78), money(49), offer(28). Frequent terms: order, service, blinkit, product, time, bad. Example review: ""poor"""
best experience ever happy service really kaabil e tareef,Price Sensitive,2,0.2879,"Cluster 2 (n=1736) labeled 'Price Sensitive' because its centroid is closest to that segment's prototype reviews (cosine=0.288). Supporting cues: charge(150), rs(122), price(78), money(49), offer(28). Frequent terms: order, service, blinkit, product, time, bad. Example review: ""poor"""
bad app mangengement,Price Sensitive,2,0.2879,"Cluster 2 (n=1736) labeled 'Price Sensitive' because its centroid is closest to that segment's prototype reviews (cosine=0.288). Supporting cues: charge(150), rs(122), price(78), money(49), offer(28). Frequent terms: order, service, blinkit, product, time, bad. Example review: ""poor"""
meri refund abhi tak nahi diya bad app please dont use app app bad,Price Sensitive,2,0.2879,"Cluster 2 (n=1736) labeled 'Price Sensitive' because its centroid is closest to that segment's prototype reviews (cosine=0.288). Supporting cues: charge(150), rs(122), price(78), money(49), offer(28). Frequent terms: order, service, blinkit, product, time, bad. Example review: ""poor"""
best service best delivery return policy fast thanks 4 blinkit partner,Routine Buyers,1,0.1454,"Cluster 1 (n=554) labeled 'Routine Buyers' because its centroid is closest to that segment's prototype reviews (cosine=0.145). Supporting cues: always(16), regular(1), usual(1). Frequent terms: delivery, fast, best, service, time, blinkit. Example review: ""super fast delivery"""
good serving,Explorers,0,0.0196,"Cluster 0 (n=348) labeled 'Explorers' because its centroid is closest to that segment's prototype reviews (cosine=0.020). Supporting cues: try(1). Frequent terms: service, delivery, blinkit, product, experience, like. Example review: ""good service"""
amaze app really,Price Sensitive,2,0.2879,"Cluster 2 (n=1736) labeled 'Price Sensitive' because its centroid is closest to that segment's prototype reviews (cosine=0.288). Supporting cues: charge(150), rs(122), price(78), money(49), offer(28). Frequent terms: order, service, blinkit, product, time, bad. Example review: ""poor"""
bad aap ever usedthey literally take money cancel order havent give money back also delete order history cancel order,Price Sensitive,2,0.2879,"Cluster 2 (n=1736) labeled 'Price Sensitive' because its centroid is closest to that segment's prototype reviews (cosine=0.288). Supporting cues: charge(150), rs(122), price(78), money(49), offer(28). Frequent terms: order, service, blinkit, product, time, bad. Example review: ""poor"""
coupon,Price Sensitive,2,0.2879,"Cluster 2 (n=1736) labeled 'Price Sensitive' because its centroid is closest to that segment's prototype reviews (cosine=0.288). Supporting cues: charge(150), rs(122), price(78), money(49), offer(28). Frequent terms: order, service, blinkit, product, time, bad. Example review: ""poor"""
theek hi hai,Price Sensitive,2,0.2879,"Cluster 2 (n=1736) labeled 'Price Sensitive' because its centroid is closest to that segment's prototype reviews (cosine=0.288). Supporting cues: charge(150), rs(122), price(78), money(49), offer(28). Frequent terms: order, service, blinkit, product, time, bad. Example review: ""poor"""
thanx ur deliveryy fast,Routine Buyers,1,0.1454,"Cluster 1 (n=554) labeled 'Routine Buyers' because its centroid is closest to that segment's prototype reviews (cosine=0.145). Supporting cues: always(16), regular(1), usual(1). Frequent terms: delivery, fast, best, service, time, blinkit. Example review: ""super fast delivery"""
blinkit great app purchase fmcg product hand 15 minute fast delivery go,Routine Buyers,1,0.1454,"Cluster 1 (n=554) labeled 'Routine Buyers' because its centroid is closest to that segment's prototype reviews (cosine=0.145). Supporting cues: always(16), regular(1), usual(1). Frequent terms: delivery, fast, best, service, time, blinkit. Example review: ""super fast delivery"""
nice ok,Impulse Buyers,3,0.0584,"Cluster 3 (n=180) labeled 'Impulse Buyers' because its centroid is closest to that segment's prototype reviews (cosine=0.058). Supporting cues: quick(4), late night(1). Frequent terms: service, delivery, blinkit, work, much, time. Example review: ""nice"""
good response,Explorers,0,0.0196,"Cluster 0 (n=348) labeled 'Explorers' because its centroid is closest to that segment's prototype reviews (cosine=0.020). Supporting cues: try(1). Frequent terms: service, delivery, blinkit, product, experience, like. Example review: ""good service"""
good app less charge good,Explorers,0,0.0196,"Cluster 0 (n=348) labeled 'Explorers' because its centroid is closest to that segment's prototype reviews (cosine=0.020). Supporting cues: try(1). Frequent terms: service, delivery, blinkit, product, experience, like. Example review: ""good service"""
pahle jaldi se delivery bhejo,Routine Buyers,1,0.1454,"Cluster 1 (n=554) labeled 'Routine Buyers' because its centroid is closest to that segment's prototype reviews (cosine=0.145). Supporting cues: always(16), regular(1), usual(1). Frequent terms: delivery, fast, best, service, time, blinkit. Example review: ""super fast delivery"""
handle bag chart jyada lete ho,Price Sensitive,2,0.2879,"Cluster 2 (n=1736) labeled 'Price Sensitive' because its centroid is closest to that segment's prototype reviews (cosine=0.288). Supporting cues: charge(150), rs(122), price(78), money(49), offer(28). Frequent terms: order, service, blinkit, product, time, bad. Example review: ""poor"""
blinkit good happy,Price Sensitive,2,0.2879,"Cluster 2 (n=1736) labeled 'Price Sensitive' because its centroid is closest to that segment's prototype reviews (cosine=0.288). Supporting cues: charge(150), rs(122), price(78), money(49), offer(28). Frequent terms: order, service, blinkit, product, time, bad. Example review: ""poor"""
demge product theme,Price Sensitive,2,0.2879,"Cluster 2 (n=1736) labeled 'Price Sensitive' because its centroid is closest to that segment's prototype reviews (cosine=0.288). Supporting cues: charge(150), rs(122), price(78), money(49), offer(28). Frequent terms: order, service, blinkit, product, time, bad. Example review: ""poor"""
best blinkit order,Price Sensitive,2,0.2879,"Cluster 2 (n=1736) labeled 'Price Sensitive' because its centroid is closest to that segment's prototype reviews (cosine=0.288). Supporting cues: charge(150), rs(122), price(78), money(49), offer(28). Frequent terms: order, service, blinkit, product, time, bad. Example review: ""poor"""
good help full family,Explorers,0,0.0196,"Cluster 0 (n=348) labeled 'Explorers' because its centroid is closest to that segment's prototype reviews (cosine=0.020). Supporting cues: try(1). Frequent terms: service, delivery, blinkit, product, experience, like. Example review: ""good service"""
best app grocery others,Routine Buyers,1,0.1454,"Cluster 1 (n=554) labeled 'Routine Buyers' because its centroid is closest to that segment's prototype reviews (cosine=0.145). Supporting cues: always(16), regular(1), usual(1). Frequent terms: delivery, fast, best, service, time, blinkit. Example review: ""super fast delivery"""
thanks bhaiya,Price Sensitive,2,0.2879,"Cluster 2 (n=1736) labeled 'Price Sensitive' because its centroid is closest to that segment's prototype reviews (cosine=0.288). Supporting cues: charge(150), rs(122), price(78), money(49), offer(28). Frequent terms: order, service, blinkit, product, time, bad. Example review: ""poor"""
schedule feature available,Price Sensitive,2,0.2879,"Cluster 2 (n=1736) labeled 'Price Sensitive' because its centroid is closest to that segment's prototype reviews (cosine=0.288). Supporting cues: charge(150), rs(122), price(78), money(49), offer(28). Frequent terms: order, service, blinkit, product, time, bad. Example review: ""poor"""
🤮🤢,Price Sensitive,2,0.2879,"Cluster 2 (n=1736) labeled 'Price Sensitive' because its centroid is closest to that segment's prototype reviews (cosine=0.288). Supporting cues: charge(150), rs(122), price(78), money(49), offer(28). Frequent terms: order, service, blinkit, product, time, bad. Example review: ""poor"""
like blinkit service always time anywhere correct location thanks,Price Sensitive,2,0.2879,"Cluster 2 (n=1736) labeled 'Price Sensitive' because its centroid is closest to that segment's prototype reviews (cosine=0.288). Supporting cues: charge(150), rs(122), price(78), money(49), offer(28). Frequent terms: order, service, blinkit, product, time, bad. Example review: ""poor"""
well do,Price Sensitive,2,0.2879,"Cluster 2 (n=1736) labeled 'Price Sensitive' because its centroid is closest to that segment's prototype reviews (cosine=0.288). Supporting cues: charge(150), rs(122), price(78), money(49), offer(28). Frequent terms: order, service, blinkit, product, time, bad. Example review: ""poor"""
campny dont resolve chat dont help,Price Sensitive,2,0.2879,"Cluster 2 (n=1736) labeled 'Price Sensitive' because its centroid is closest to that segment's prototype reviews (cosine=0.288). Supporting cues: charge(150), rs(122), price(78), money(49), offer(28). Frequent terms: order, service, blinkit, product, time, bad. Example review: ""poor"""
much charge product delivery etc product rate 40 r pay 98rs bad,Price Sensitive,2,0.2879,"Cluster 2 (n=1736) labeled 'Price Sensitive' because its centroid is closest to that segment's prototype reviews (cosine=0.288). Supporting cues: charge(150), rs(122), price(78), money(49), offer(28). Frequent terms: order, service, blinkit, product, time, bad. Example review: ""poor"""
like blinkit app,Price Sensitive,2,0.2879,"Cluster 2 (n=1736) labeled 'Price Sensitive' because its centroid is closest to that segment's prototype reviews (cosine=0.288). Supporting cues: charge(150), rs(122), price(78), money(49), offer(28). Frequent terms: order, service, blinkit, product, time, bad. Example review: ""poor"""
nice nice p,Impulse Buyers,3,0.0584,"Cluster 3 (n=180) labeled 'Impulse Buyers' because its centroid is closest to that segment's prototype reviews (cosine=0.058). Supporting cues: quick(4), late night(1). Frequent terms: service, delivery, blinkit, work, much, time. Example review: ""nice"""
good,Explorers,0,0.0196,"Cluster 0 (n=348) labeled 'Explorers' because its centroid is closest to that segment's prototype reviews (cosine=0.020). Supporting cues: try(1). Frequent terms: service, delivery, blinkit, product, experience, like. Example review: ""good service"""
bad return policy,Price Sensitive,2,0.2879,"Cluster 2 (n=1736) labeled 'Price Sensitive' because its centroid is closest to that segment's prototype reviews (cosine=0.288). Supporting cues: charge(150), rs(122), price(78), money(49), offer(28). Frequent terms: order, service, blinkit, product, time, bad. Example review: ""poor"""
nice app,Impulse Buyers,3,0.0584,"Cluster 3 (n=180) labeled 'Impulse Buyers' because its centroid is closest to that segment's prototype reviews (cosine=0.058). Supporting cues: quick(4), late night(1). Frequent terms: service, delivery, blinkit, work, much, time. Example review: ""nice"""
accept delivery partner delay fail refund tip,Routine Buyers,1,0.1454,"Cluster 1 (n=554) labeled 'Routine Buyers' because its centroid is closest to that segment's prototype reviews (cosine=0.145). Supporting cues: always(16), regular(1), usual(1). Frequent terms: delivery, fast, best, service, time, blinkit. Example review: ""super fast delivery"""
good job,Price Sensitive,2,0.2879,"Cluster 2 (n=1736) labeled 'Price Sensitive' because its centroid is closest to that segment's prototype reviews (cosine=0.288). Supporting cues: charge(150), rs(122), price(78), money(49), offer(28). Frequent terms: order, service, blinkit, product, time, bad. Example review: ""poor"""
superb service life top easy,Price Sensitive,2,0.2879,"Cluster 2 (n=1736) labeled 'Price Sensitive' because its centroid is closest to that segment's prototype reviews (cosine=0.288). Supporting cues: charge(150), rs(122), price(78), money(49), offer(28). Frequent terms: order, service, blinkit, product, time, bad. Example review: ""poor"""
excellent,Price Sensitive,2,0.2879,"Cluster 2 (n=1736) labeled 'Price Sensitive' because its centroid is closest to that segment's prototype reviews (cosine=0.288). Supporting cues: charge(150), rs(122), price(78), money(49), offer(28). Frequent terms: order, service, blinkit, product, time, bad. Example review: ""poor"""
good excellent,Explorers,0,0.0196,"Cluster 0 (n=348) labeled 'Explorers' because its centroid is closest to that segment's prototype reviews (cosine=0.020). Supporting cues: try(1). Frequent terms: service, delivery, blinkit, product, experience, like. Example review: ""good service"""
delivery time time nice good job,Price Sensitive,2,0.2879,"Cluster 2 (n=1736) labeled 'Price Sensitive' because its centroid is closest to that segment's prototype reviews (cosine=0.288). Supporting cues: charge(150), rs(122), price(78), money(49), offer(28). Frequent terms: order, service, blinkit, product, time, bad. Example review: ""poor"""
one best grocery shopping app patna 800011bihar,Routine Buyers,1,0.1454,"Cluster 1 (n=554) labeled 'Routine Buyers' because its centroid is closest to that segment's prototype reviews (cosine=0.145). Supporting cues: always(16), regular(1), usual(1). Frequent terms: delivery, fast, best, service, time, blinkit. Example review: ""super fast delivery"""
5 star rating free ambulance,Price Sensitive,2,0.2879,"Cluster 2 (n=1736) labeled 'Price Sensitive' because its centroid is closest to that segment's prototype reviews (cosine=0.288). Supporting cues: charge(150), rs(122), price(78), money(49), offer(28). Frequent terms: order, service, blinkit, product, time, bad. Example review: ""poor"""
defect item,Price Sensitive,2,0.2879,"Cluster 2 (n=1736) labeled 'Price Sensitive' because its centroid is closest to that segment's prototype reviews (cosine=0.288). Supporting cues: charge(150), rs(122), price(78), money(49), offer(28). Frequent terms: order, service, blinkit, product, time, bad. Example review: ""poor"""
good sevices,Explorers,0,0.0196,"Cluster 0 (n=348) labeled 'Explorers' because its centroid is closest to that segment's prototype reviews (cosine=0.020). Supporting cues: try(1). Frequent terms: service, delivery, blinkit, product, experience, like. Example review: ""good service"""
easy fast delivery,Routine Buyers,1,0.1454,"Cluster 1 (n=554) labeled 'Routine Buyers' because its centroid is closest to that segment's prototype reviews (cosine=0.145). Supporting cues: always(16), regular(1), usual(1). Frequent terms: delivery, fast, best, service, time, blinkit. Example review: ""super fast delivery"""
super quick delivery great packaging satisfy service,Routine Buyers,1,0.1454,"Cluster 1 (n=554) labeled 'Routine Buyers' because its centroid is closest to that segment's prototype reviews (cosine=0.145). Supporting cues: always(16), regular(1), usual(1). Frequent terms: delivery, fast, best, service, time, blinkit. Example review: ""super fast delivery"""
nice platform emergancy,Impulse Buyers,3,0.0584,"Cluster 3 (n=180) labeled 'Impulse Buyers' because its centroid is closest to that segment's prototype reviews (cosine=0.058). Supporting cues: quick(4), late night(1). Frequent terms: service, delivery, blinkit, work, much, time. Example review: ""nice"""
bad app deliver new pack show old pack front image never go order blinkit bad experience ever flipkart amazon good deserve even star may god close store forever,Price Sensitive,2,0.2879,"Cluster 2 (n=1736) labeled 'Price Sensitive' because its centroid is closest to that segment's prototype reviews (cosine=0.288). Supporting cues: charge(150), rs(122), price(78), money(49), offer(28). Frequent terms: order, service, blinkit, product, time, bad. Example review: ""poor"""
fast good delivery,Routine Buyers,1,0.1454,"Cluster 1 (n=554) labeled 'Routine Buyers' because its centroid is closest to that segment's prototype reviews (cosine=0.145). Supporting cues: always(16), regular(1), usual(1). Frequent terms: delivery, fast, best, service, time, blinkit. Example review: ""super fast delivery"""
😀😀😀,Price Sensitive,2,0.2879,"Cluster 2 (n=1736) labeled 'Price Sensitive' because its centroid is closest to that segment's prototype reviews (cosine=0.288). Supporting cues: charge(150), rs(122), price(78), money(49), offer(28). Frequent terms: order, service, blinkit, product, time, bad. Example review: ""poor"""
need sing praise blinkit,Price Sensitive,2,0.2879,"Cluster 2 (n=1736) labeled 'Price Sensitive' because its centroid is closest to that segment's prototype reviews (cosine=0.288). Supporting cues: charge(150), rs(122), price(78), money(49), offer(28). Frequent terms: order, service, blinkit, product, time, bad. Example review: ""poor"""
nice appwe even get print whatever time may beno need afraid late night remember thing,Impulse Buyers,3,0.0584,"Cluster 3 (n=180) labeled 'Impulse Buyers' because its centroid is closest to that segment's prototype reviews (cosine=0.058). Supporting cues: quick(4), late night(1). Frequent terms: service, delivery, blinkit, work, much, time. Example review: ""nice"""
everything need,Price Sensitive,2,0.2879,"Cluster 2 (n=1736) labeled 'Price Sensitive' because its centroid is closest to that segment's prototype reviews (cosine=0.288). Supporting cues: charge(150), rs(122), price(78), money(49), offer(28). Frequent terms: order, service, blinkit, product, time, bad. Example review: ""poor"""
slow serviceplease improve,Price Sensitive,2,0.2879,"Cluster 2 (n=1736) labeled 'Price Sensitive' because its centroid is closest to that segment's prototype reviews (cosine=0.288). Supporting cues: charge(150), rs(122), price(78), money(49), offer(28). Frequent terms: order, service, blinkit, product, time, bad. Example review: ""poor"""
kya cheez bnayi h yaar medicine banao bina prescription ki toh turant doctor se bi connect kara dete worth app must use,Price Sensitive,2,0.2879,"Cluster 2 (n=1736) labeled 'Price Sensitive' because its centroid is closest to that segment's prototype reviews (cosine=0.288). Supporting cues: charge(150), rs(122), price(78), money(49), offer(28). Frequent terms: order, service, blinkit, product, time, bad. Example review: ""poor"""
thank blinkit late night delivery,Price Sensitive,2,0.2879,"Cluster 2 (n=1736) labeled 'Price Sensitive' because its centroid is closest to that segment's prototype reviews (cosine=0.288). Supporting cues: charge(150), rs(122), price(78), money(49), offer(28). Frequent terms: order, service, blinkit, product, time, bad. Example review: ""poor"""
nice get thing within 10 min perfect app,Impulse Buyers,3,0.0584,"Cluster 3 (n=180) labeled 'Impulse Buyers' because its centroid is closest to that segment's prototype reviews (cosine=0.058). Supporting cues: quick(4), late night(1). Frequent terms: service, delivery, blinkit, work, much, time. Example review: ""nice"""
fast reponsive,Routine Buyers,1,0.1454,"Cluster 1 (n=554) labeled 'Routine Buyers' because its centroid is closest to that segment's prototype reviews (cosine=0.145). Supporting cues: always(16), regular(1), usual(1). Frequent terms: delivery, fast, best, service, time, blinkit. Example review: ""super fast delivery"""
discount,Price Sensitive,2,0.2879,"Cluster 2 (n=1736) labeled 'Price Sensitive' because its centroid is closest to that segment's prototype reviews (cosine=0.288). Supporting cues: charge(150), rs(122), price(78), money(49), offer(28). Frequent terms: order, service, blinkit, product, time, bad. Example review: ""poor"""
nice pl,Impulse Buyers,3,0.0584,"Cluster 3 (n=180) labeled 'Impulse Buyers' because its centroid is closest to that segment's prototype reviews (cosine=0.058). Supporting cues: quick(4), late night(1). Frequent terms: service, delivery, blinkit, work, much, time. Example review: ""nice"""
great,Price Sensitive,2,0.2879,"Cluster 2 (n=1736) labeled 'Price Sensitive' because its centroid is closest to that segment's prototype reviews (cosine=0.288). Supporting cues: charge(150), rs(122), price(78), money(49), offer(28). Frequent terms: order, service, blinkit, product, time, bad. Example review: ""poor"""
good time,Explorers,0,0.0196,"Cluster 0 (n=348) labeled 'Explorers' because its centroid is closest to that segment's prototype reviews (cosine=0.020). Supporting cues: try(1). Frequent terms: service, delivery, blinkit, product, experience, like. Example review: ""good service"""
exceptional,Price Sensitive,2,0.2879,"Cluster 2 (n=1736) labeled 'Price Sensitive' because its centroid is closest to that segment's prototype reviews (cosine=0.288). Supporting cues: charge(150), rs(122), price(78), money(49), offer(28). Frequent terms: order, service, blinkit, product, time, bad. Example review: ""poor"""
good urgent people one home honestly love app time fav,Price Sensitive,2,0.2879,"Cluster 2 (n=1736) labeled 'Price Sensitive' because its centroid is closest to that segment's prototype reviews (cosine=0.288). Supporting cues: charge(150), rs(122), price(78), money(49), offer(28). Frequent terms: order, service, blinkit, product, time, bad. Example review: ""poor"""
suuuuuper,Price Sensitive,2,0.2879,"Cluster 2 (n=1736) labeled 'Price Sensitive' because its centroid is closest to that segment's prototype reviews (cosine=0.288). Supporting cues: charge(150), rs(122), price(78), money(49), offer(28). Frequent terms: order, service, blinkit, product, time, bad. Example review: ""poor"""
please deliver late night cod,Price Sensitive,2,0.2879,"Cluster 2 (n=1736) labeled 'Price Sensitive' because its centroid is closest to that segment's prototype reviews (cosine=0.288). Supporting cues: charge(150), rs(122), price(78), money(49), offer(28). Frequent terms: order, service, blinkit, product, time, bad. Example review: ""poor"""
service amaze,Price Sensitive,2,0.2879,"Cluster 2 (n=1736) labeled 'Price Sensitive' because its centroid is closest to that segment's prototype reviews (cosine=0.288). Supporting cues: charge(150), rs(122), price(78), money(49), offer(28). Frequent terms: order, service, blinkit, product, time, bad. Example review: ""poor"""
nice app fast delivery,Routine Buyers,1,0.1454,"Cluster 1 (n=554) labeled 'Routine Buyers' because its centroid is closest to that segment's prototype reviews (cosine=0.145). Supporting cues: always(16), regular(1), usual(1). Frequent terms: delivery, fast, best, service, time, blinkit. Example review: ""super fast delivery"""
support credit card payment always decline,Price Sensitive,2,0.2879,"Cluster 2 (n=1736) labeled 'Price Sensitive' because its centroid is closest to that segment's prototype reviews (cosine=0.288). Supporting cues: charge(150), rs(122), price(78), money(49), offer(28). Frequent terms: order, service, blinkit, product, time, bad. Example review: ""poor"""
fast service great blinkit,Routine Buyers,1,0.1454,"Cluster 1 (n=554) labeled 'Routine Buyers' because its centroid is closest to that segment's prototype reviews (cosine=0.145). Supporting cues: always(16), regular(1), usual(1). Frequent terms: delivery, fast, best, service, time, blinkit. Example review: ""super fast delivery"""
excellent app,Price Sensitive,2,0.2879,"Cluster 2 (n=1736) labeled 'Price Sensitive' because its centroid is closest to that segment's prototype reviews (cosine=0.288). Supporting cues: charge(150), rs(122), price(78), money(49), offer(28). Frequent terms: order, service, blinkit, product, time, bad. Example review: ""poor"""
good aap,Explorers,0,0.0196,"Cluster 0 (n=348) labeled 'Explorers' because its centroid is closest to that segment's prototype reviews (cosine=0.020). Supporting cues: try(1). Frequent terms: service, delivery, blinkit, product, experience, like. Example review: ""good service"""
useful love everything thing,Price Sensitive,2,0.2879,"Cluster 2 (n=1736) labeled 'Price Sensitive' because its centroid is closest to that segment's prototype reviews (cosine=0.288). Supporting cues: charge(150), rs(122), price(78), money(49), offer(28). Frequent terms: order, service, blinkit, product, time, bad. Example review: ""poor"""
good,Explorers,0,0.0196,"Cluster 0 (n=348) labeled 'Explorers' because its centroid is closest to that segment's prototype reviews (cosine=0.020). Supporting cues: try(1). Frequent terms: service, delivery, blinkit, product, experience, like. Example review: ""good service"""
really last minute app great experience thank,Price Sensitive,2,0.2879,"Cluster 2 (n=1736) labeled 'Price Sensitive' because its centroid is closest to that segment's prototype reviews (cosine=0.288). Supporting cues: charge(150), rs(122), price(78), money(49), offer(28). Frequent terms: order, service, blinkit, product, time, bad. Example review: ""poor"""
best grosry app,Routine Buyers,1,0.1454,"Cluster 1 (n=554) labeled 'Routine Buyers' because its centroid is closest to that segment's prototype reviews (cosine=0.145). Supporting cues: always(16), regular(1), usual(1). Frequent terms: delivery, fast, best, service, time, blinkit. Example review: ""super fast delivery"""
ret mahanga ho raha hai,Price Sensitive,2,0.2879,"Cluster 2 (n=1736) labeled 'Price Sensitive' because its centroid is closest to that segment's prototype reviews (cosine=0.288). Supporting cues: charge(150), rs(122), price(78), money(49), offer(28). Frequent terms: order, service, blinkit, product, time, bad. Example review: ""poor"""
pissa aapka bahud jada aata offer doo plz request,Price Sensitive,2,0.2879,"Cluster 2 (n=1736) labeled 'Price Sensitive' because its centroid is closest to that segment's prototype reviews (cosine=0.288). Supporting cues: charge(150), rs(122), price(78), money(49), offer(28). Frequent terms: order, service, blinkit, product, time, bad. Example review: ""poor"""
well,Price Sensitive,2,0.2879,"Cluster 2 (n=1736) labeled 'Price Sensitive' because its centroid is closest to that segment's prototype reviews (cosine=0.288). Supporting cues: charge(150), rs(122), price(78), money(49), offer(28). Frequent terms: order, service, blinkit, product, time, bad. Example review: ""poor"""
great service,Price Sensitive,2,0.2879,"Cluster 2 (n=1736) labeled 'Price Sensitive' because its centroid is closest to that segment's prototype reviews (cosine=0.288). Supporting cues: charge(150), rs(122), price(78), money(49), offer(28). Frequent terms: order, service, blinkit, product, time, bad. Example review: ""poor"""
aap amaze always order blinkit blinkit give awesome item pocket friendly price,Price Sensitive,2,0.2879,"Cluster 2 (n=1736) labeled 'Price Sensitive' because its centroid is closest to that segment's prototype reviews (cosine=0.288). Supporting cues: charge(150), rs(122), price(78), money(49), offer(28). Frequent terms: order, service, blinkit, product, time, bad. Example review: ""poor"""
good,Explorers,0,0.0196,"Cluster 0 (n=348) labeled 'Explorers' because its centroid is closest to that segment's prototype reviews (cosine=0.020). Supporting cues: try(1). Frequent terms: service, delivery, blinkit, product, experience, like. Example review: ""good service"""
love u darling blinkit,Price Sensitive,2,0.2879,"Cluster 2 (n=1736) labeled 'Price Sensitive' because its centroid is closest to that segment's prototype reviews (cosine=0.288). Supporting cues: charge(150), rs(122), price(78), money(49), offer(28). Frequent terms: order, service, blinkit, product, time, bad. Example review: ""poor"""
best delivery anytime,Routine Buyers,1,0.1454,"Cluster 1 (n=554) labeled 'Routine Buyers' because its centroid is closest to that segment's prototype reviews (cosine=0.145). Supporting cues: always(16), regular(1), usual(1). Frequent terms: delivery, fast, best, service, time, blinkit. Example review: ""super fast delivery"""
superb performance elegant dear one,Price Sensitive,2,0.2879,"Cluster 2 (n=1736) labeled 'Price Sensitive' because its centroid is closest to that segment's prototype reviews (cosine=0.288). Supporting cues: charge(150), rs(122), price(78), money(49), offer(28). Frequent terms: order, service, blinkit, product, time, bad. Example review: ""poor"""
life saviour,Price Sensitive,2,0.2879,"Cluster 2 (n=1736) labeled 'Price Sensitive' because its centroid is closest to that segment's prototype reviews (cosine=0.288). Supporting cues: charge(150), rs(122), price(78), money(49), offer(28). Frequent terms: order, service, blinkit, product, time, bad. Example review: ""poor"""
time delivery,Routine Buyers,1,0.1454,"Cluster 1 (n=554) labeled 'Routine Buyers' because its centroid is closest to that segment's prototype reviews (cosine=0.145). Supporting cues: always(16), regular(1), usual(1). Frequent terms: delivery, fast, best, service, time, blinkit. Example review: ""super fast delivery"""
bht delivery charge hai,Routine Buyers,1,0.1454,"Cluster 1 (n=554) labeled 'Routine Buyers' because its centroid is closest to that segment's prototype reviews (cosine=0.145). Supporting cues: always(16), regular(1), usual(1). Frequent terms: delivery, fast, best, service, time, blinkit. Example review: ""super fast delivery"""
blinkit improve lot also fast delivery,Routine Buyers,1,0.1454,"Cluster 1 (n=554) labeled 'Routine Buyers' because its centroid is closest to that segment's prototype reviews (cosine=0.145). Supporting cues: always(16), regular(1), usual(1). Frequent terms: delivery, fast, best, service, time, blinkit. Example review: ""super fast delivery"""
nothing useful urgent time,Price Sensitive,2,0.2879,"Cluster 2 (n=1736) labeled 'Price Sensitive' because its centroid is closest to that segment's prototype reviews (cosine=0.288). Supporting cues: charge(150), rs(122), price(78), money(49), offer(28). Frequent terms: order, service, blinkit, product, time, bad. Example review: ""poor"""
user friendly,Price Sensitive,2,0.2879,"Cluster 2 (n=1736) labeled 'Price Sensitive' because its centroid is closest to that segment's prototype reviews (cosine=0.288). Supporting cues: charge(150), rs(122), price(78), money(49), offer(28). Frequent terms: order, service, blinkit, product, time, bad. Example review: ""poor"""
surge charge always,Price Sensitive,2,0.2879,"Cluster 2 (n=1736) labeled 'Price Sensitive' because its centroid is closest to that segment's prototype reviews (cosine=0.288). Supporting cues: charge(150), rs(122), price(78), money(49), offer(28). Frequent terms: order, service, blinkit, product, time, bad. Example review: ""poor"""
fast superb,Routine Buyers,1,0.1454,"Cluster 1 (n=554) labeled 'Routine Buyers' because its centroid is closest to that segment's prototype reviews (cosine=0.145). Supporting cues: always(16), regular(1), usual(1). Frequent terms: delivery, fast, best, service, time, blinkit. Example review: ""super fast delivery"""
great experience always,Price Sensitive,2,0.2879,"Cluster 2 (n=1736) labeled 'Price Sensitive' because its centroid is closest to that segment's prototype reviews (cosine=0.288). Supporting cues: charge(150), rs(122), price(78), money(49), offer(28). Frequent terms: order, service, blinkit, product, time, bad. Example review: ""poor"""
hyy pls nawahshehr punjab nhi open kro,Price Sensitive,2,0.2879,"Cluster 2 (n=1736) labeled 'Price Sensitive' because its centroid is closest to that segment's prototype reviews (cosine=0.288). Supporting cues: charge(150), rs(122), price(78), money(49), offer(28). Frequent terms: order, service, blinkit, product, time, bad. Example review: ""poor"""
first time order use item come bad experience biinkit use app,Price Sensitive,2,0.2879,"Cluster 2 (n=1736) labeled 'Price Sensitive' because its centroid is closest to that segment's prototype reviews (cosine=0.288). Supporting cues: charge(150), rs(122), price(78), money(49), offer(28). Frequent terms: order, service, blinkit, product, time, bad. Example review: ""poor"""
app best give u thing need argently delivery partner sweet humble,Routine Buyers,1,0.1454,"Cluster 1 (n=554) labeled 'Routine Buyers' because its centroid is closest to that segment's prototype reviews (cosine=0.145). Supporting cues: always(16), regular(1), usual(1). Frequent terms: delivery, fast, best, service, time, blinkit. Example review: ""super fast delivery"""
pathetic app,Price Sensitive,2,0.2879,"Cluster 2 (n=1736) labeled 'Price Sensitive' because its centroid is closest to that segment's prototype reviews (cosine=0.288). Supporting cues: charge(150), rs(122), price(78), money(49), offer(28). Frequent terms: order, service, blinkit, product, time, bad. Example review: ""poor"""
payment failure pay online bill,Price Sensitive,2,0.2879,"Cluster 2 (n=1736) labeled 'Price Sensitive' because its centroid is closest to that segment's prototype reviews (cosine=0.288). Supporting cues: charge(150), rs(122), price(78), money(49), offer(28). Frequent terms: order, service, blinkit, product, time, bad. Example review: ""poor"""
fast service,Routine Buyers,1,0.1454,"Cluster 1 (n=554) labeled 'Routine Buyers' because its centroid is closest to that segment's prototype reviews (cosine=0.145). Supporting cues: always(16), regular(1), usual(1). Frequent terms: delivery, fast, best, service, time, blinkit. Example review: ""super fast delivery"""
return anything,Price Sensitive,2,0.2879,"Cluster 2 (n=1736) labeled 'Price Sensitive' because its centroid is closest to that segment's prototype reviews (cosine=0.288). Supporting cues: charge(150), rs(122), price(78), money(49), offer(28). Frequent terms: order, service, blinkit, product, time, bad. Example review: ""poor"""
blink scammed nearly 800 rps order bulk item item miss customer care initiate refund delivery partner come home speak rude mom dad house bad app use would give 100 rating bad behavior parent,Price Sensitive,2,0.2879,"Cluster 2 (n=1736) labeled 'Price Sensitive' because its centroid is closest to that segment's prototype reviews (cosine=0.288). Supporting cues: charge(150), rs(122), price(78), money(49), offer(28). Frequent terms: order, service, blinkit, product, time, bad. Example review: ""poor"""
many product add free delivery apps give free delivery 150 r,Routine Buyers,1,0.1454,"Cluster 1 (n=554) labeled 'Routine Buyers' because its centroid is closest to that segment's prototype reviews (cosine=0.145). Supporting cues: always(16), regular(1), usual(1). Frequent terms: delivery, fast, best, service, time, blinkit. Example review: ""super fast delivery"""
first delivery thats create review,Routine Buyers,1,0.1454,"Cluster 1 (n=554) labeled 'Routine Buyers' because its centroid is closest to that segment's prototype reviews (cosine=0.145). Supporting cues: always(16), regular(1), usual(1). Frequent terms: delivery, fast, best, service, time, blinkit. Example review: ""super fast delivery"""
come quick faster brand like zepto instamartfirst club,Price Sensitive,2,0.2879,"Cluster 2 (n=1736) labeled 'Price Sensitive' because its centroid is closest to that segment's prototype reviews (cosine=0.288). Supporting cues: charge(150), rs(122), price(78), money(49), offer(28). Frequent terms: order, service, blinkit, product, time, bad. Example review: ""poor"""
goog,Price Sensitive,2,0.2879,"Cluster 2 (n=1736) labeled 'Price Sensitive' because its centroid is closest to that segment's prototype reviews (cosine=0.288). Supporting cues: charge(150), rs(122), price(78), money(49), offer(28). Frequent terms: order, service, blinkit, product, time, bad. Example review: ""poor"""
bad app buy anything ordered item look different app completely different one deliver app even possible connect customer care keep ask image end say everything fine cant anything,Price Sensitive,2,0.2879,"Cluster 2 (n=1736) labeled 'Price Sensitive' because its centroid is closest to that segment's prototype reviews (cosine=0.288). Supporting cues: charge(150), rs(122), price(78), money(49), offer(28). Frequent terms: order, service, blinkit, product, time, bad. Example review: ""poor"""
wow super experience,Price Sensitive,2,0.2879,"Cluster 2 (n=1736) labeled 'Price Sensitive' because its centroid is closest to that segment's prototype reviews (cosine=0.288). Supporting cues: charge(150), rs(122), price(78), money(49), offer(28). Frequent terms: order, service, blinkit, product, time, bad. Example review: ""poor"""
good,Explorers,0,0.0196,"Cluster 0 (n=348) labeled 'Explorers' because its centroid is closest to that segment's prototype reviews (cosine=0.020). Supporting cues: try(1). Frequent terms: service, delivery, blinkit, product, experience, like. Example review: ""good service"""
delivery boy listen instruction,Routine Buyers,1,0.1454,"Cluster 1 (n=554) labeled 'Routine Buyers' because its centroid is closest to that segment's prototype reviews (cosine=0.145). Supporting cues: always(16), regular(1), usual(1). Frequent terms: delivery, fast, best, service, time, blinkit. Example review: ""super fast delivery"""
nice dlevry,Impulse Buyers,3,0.0584,"Cluster 3 (n=180) labeled 'Impulse Buyers' because its centroid is closest to that segment's prototype reviews (cosine=0.058). Supporting cues: quick(4), late night(1). Frequent terms: service, delivery, blinkit, work, much, time. Example review: ""nice"""
nice,Impulse Buyers,3,0.0584,"Cluster 3 (n=180) labeled 'Impulse Buyers' because its centroid is closest to that segment's prototype reviews (cosine=0.058). Supporting cues: quick(4), late night(1). Frequent terms: service, delivery, blinkit, work, much, time. Example review: ""nice"""
bad order ice cream melt time delivery due non availability bag ice cream bring open,Price Sensitive,2,0.2879,"Cluster 2 (n=1736) labeled 'Price Sensitive' because its centroid is closest to that segment's prototype reviews (cosine=0.288). Supporting cues: charge(150), rs(122), price(78), money(49), offer(28). Frequent terms: order, service, blinkit, product, time, bad. Example review: ""poor"""
bilkul bekar egg tute bheje,Price Sensitive,2,0.2879,"Cluster 2 (n=1736) labeled 'Price Sensitive' because its centroid is closest to that segment's prototype reviews (cosine=0.288). Supporting cues: charge(150), rs(122), price(78), money(49), offer(28). Frequent terms: order, service, blinkit, product, time, bad. Example review: ""poor"""
🙂👍🏻,Price Sensitive,2,0.2879,"Cluster 2 (n=1736) labeled 'Price Sensitive' because its centroid is closest to that segment's prototype reviews (cosine=0.288). Supporting cues: charge(150), rs(122), price(78), money(49), offer(28). Frequent terms: order, service, blinkit, product, time, bad. Example review: ""poor"""
relevant app,Price Sensitive,2,0.2879,"Cluster 2 (n=1736) labeled 'Price Sensitive' because its centroid is closest to that segment's prototype reviews (cosine=0.288). Supporting cues: charge(150), rs(122), price(78), money(49), offer(28). Frequent terms: order, service, blinkit, product, time, bad. Example review: ""poor"""
nice game nice fun,Impulse Buyers,3,0.0584,"Cluster 3 (n=180) labeled 'Impulse Buyers' because its centroid is closest to that segment's prototype reviews (cosine=0.058). Supporting cues: quick(4), late night(1). Frequent terms: service, delivery, blinkit, work, much, time. Example review: ""nice"""
bad experience recently purchase tata 1mg clinically validated digital blood pressure monitor receive used item pay new machine receive used machine exchange option blinkit,Price Sensitive,2,0.2879,"Cluster 2 (n=1736) labeled 'Price Sensitive' because its centroid is closest to that segment's prototype reviews (cosine=0.288). Supporting cues: charge(150), rs(122), price(78), money(49), offer(28). Frequent terms: order, service, blinkit, product, time, bad. Example review: ""poor"""
nice service good,Impulse Buyers,3,0.0584,"Cluster 3 (n=180) labeled 'Impulse Buyers' because its centroid is closest to that segment's prototype reviews (cosine=0.058). Supporting cues: quick(4), late night(1). Frequent terms: service, delivery, blinkit, work, much, time. Example review: ""nice"""
item order mistake nothing wrong ask change however refuse make change show poor attitude toward customer amazon million time well shame,Price Sensitive,2,0.2879,"Cluster 2 (n=1736) labeled 'Price Sensitive' because its centroid is closest to that segment's prototype reviews (cosine=0.288). Supporting cues: charge(150), rs(122), price(78), money(49), offer(28). Frequent terms: order, service, blinkit, product, time, bad. Example review: ""poor"""
great experience,Price Sensitive,2,0.2879,"Cluster 2 (n=1736) labeled 'Price Sensitive' because its centroid is closest to that segment's prototype reviews (cosine=0.288). Supporting cues: charge(150), rs(122), price(78), money(49), offer(28). Frequent terms: order, service, blinkit, product, time, bad. Example review: ""poor"""
get spoon matka ice cream order guest serve first time could happen three time feel bad front guest sorry,Price Sensitive,2,0.2879,"Cluster 2 (n=1736) labeled 'Price Sensitive' because its centroid is closest to that segment's prototype reviews (cosine=0.288). Supporting cues: charge(150), rs(122), price(78), money(49), offer(28). Frequent terms: order, service, blinkit, product, time, bad. Example review: ""poor"""
maze hi maze,Price Sensitive,2,0.2879,"Cluster 2 (n=1736) labeled 'Price Sensitive' because its centroid is closest to that segment's prototype reviews (cosine=0.288). Supporting cues: charge(150), rs(122), price(78), money(49), offer(28). Frequent terms: order, service, blinkit, product, time, bad. Example review: ""poor"""
super,Price Sensitive,2,0.2879,"Cluster 2 (n=1736) labeled 'Price Sensitive' because its centroid is closest to that segment's prototype reviews (cosine=0.288). Supporting cues: charge(150), rs(122), price(78), money(49), offer(28). Frequent terms: order, service, blinkit, product, time, bad. Example review: ""poor"""
wow nice,Impulse Buyers,3,0.0584,"Cluster 3 (n=180) labeled 'Impulse Buyers' because its centroid is closest to that segment's prototype reviews (cosine=0.058). Supporting cues: quick(4), late night(1). Frequent terms: service, delivery, blinkit, work, much, time. Example review: ""nice"""
exylent good,Explorers,0,0.0196,"Cluster 0 (n=348) labeled 'Explorers' because its centroid is closest to that segment's prototype reviews (cosine=0.020). Supporting cues: try(1). Frequent terms: service, delivery, blinkit, product, experience, like. Example review: ""good service"""
worse service many time,Price Sensitive,2,0.2879,"Cluster 2 (n=1736) labeled 'Price Sensitive' because its centroid is closest to that segment's prototype reviews (cosine=0.288). Supporting cues: charge(150), rs(122), price(78), money(49), offer(28). Frequent terms: order, service, blinkit, product, time, bad. Example review: ""poor"""
never expect kind response blinkit disappoint,Price Sensitive,2,0.2879,"Cluster 2 (n=1736) labeled 'Price Sensitive' because its centroid is closest to that segment's prototype reviews (cosine=0.288). Supporting cues: charge(150), rs(122), price(78), money(49), offer(28). Frequent terms: order, service, blinkit, product, time, bad. Example review: ""poor"""
even wrong item receive resolution customer service,Price Sensitive,2,0.2879,"Cluster 2 (n=1736) labeled 'Price Sensitive' because its centroid is closest to that segment's prototype reviews (cosine=0.288). Supporting cues: charge(150), rs(122), price(78), money(49), offer(28). Frequent terms: order, service, blinkit, product, time, bad. Example review: ""poor"""
wowww,Price Sensitive,2,0.2879,"Cluster 2 (n=1736) labeled 'Price Sensitive' because its centroid is closest to that segment's prototype reviews (cosine=0.288). Supporting cues: charge(150), rs(122), price(78), money(49), offer(28). Frequent terms: order, service, blinkit, product, time, bad. Example review: ""poor"""
please blinkit madhya pradesh ke vidisha jile sironj mein bhi blanket chalana chahie,Price Sensitive,2,0.2879,"Cluster 2 (n=1736) labeled 'Price Sensitive' because its centroid is closest to that segment's prototype reviews (cosine=0.288). Supporting cues: charge(150), rs(122), price(78), money(49), offer(28). Frequent terms: order, service, blinkit, product, time, bad. Example review: ""poor"""
experience well thought,Price Sensitive,2,0.2879,"Cluster 2 (n=1736) labeled 'Price Sensitive' because its centroid is closest to that segment's prototype reviews (cosine=0.288). Supporting cues: charge(150), rs(122), price(78), money(49), offer(28). Frequent terms: order, service, blinkit, product, time, bad. Example review: ""poor"""
pls u stop give add process order thing help lot,Price Sensitive,2,0.2879,"Cluster 2 (n=1736) labeled 'Price Sensitive' because its centroid is closest to that segment's prototype reviews (cosine=0.288). Supporting cues: charge(150), rs(122), price(78), money(49), offer(28). Frequent terms: order, service, blinkit, product, time, bad. Example review: ""poor"""
good bad,Explorers,0,0.0196,"Cluster 0 (n=348) labeled 'Explorers' because its centroid is closest to that segment's prototype reviews (cosine=0.020). Supporting cues: try(1). Frequent terms: service, delivery, blinkit, product, experience, like. Example review: ""good service"""
helpful daily need fast delivery,Routine Buyers,1,0.1454,"Cluster 1 (n=554) labeled 'Routine Buyers' because its centroid is closest to that segment's prototype reviews (cosine=0.145). Supporting cues: always(16), regular(1), usual(1). Frequent terms: delivery, fast, best, service, time, blinkit. Example review: ""super fast delivery"""
finally wait im glad blinkit town,Price Sensitive,2,0.2879,"Cluster 2 (n=1736) labeled 'Price Sensitive' because its centroid is closest to that segment's prototype reviews (cosine=0.288). Supporting cues: charge(150), rs(122), price(78), money(49), offer(28). Frequent terms: order, service, blinkit, product, time, bad. Example review: ""poor"""
best city raebareli,Routine Buyers,1,0.1454,"Cluster 1 (n=554) labeled 'Routine Buyers' because its centroid is closest to that segment's prototype reviews (cosine=0.145). Supporting cues: always(16), regular(1), usual(1). Frequent terms: delivery, fast, best, service, time, blinkit. Example review: ""super fast delivery"""
abhi nahi,Price Sensitive,2,0.2879,"Cluster 2 (n=1736) labeled 'Price Sensitive' because its centroid is closest to that segment's prototype reviews (cosine=0.288). Supporting cues: charge(150), rs(122), price(78), money(49), offer(28). Frequent terms: order, service, blinkit, product, time, bad. Example review: ""poor"""
helpful thanks blinkit,Price Sensitive,2,0.2879,"Cluster 2 (n=1736) labeled 'Price Sensitive' because its centroid is closest to that segment's prototype reviews (cosine=0.288). Supporting cues: charge(150), rs(122), price(78), money(49), offer(28). Frequent terms: order, service, blinkit, product, time, bad. Example review: ""poor"""
yay,Price Sensitive,2,0.2879,"Cluster 2 (n=1736) labeled 'Price Sensitive' because its centroid is closest to that segment's prototype reviews (cosine=0.288). Supporting cues: charge(150), rs(122), price(78), money(49), offer(28). Frequent terms: order, service, blinkit, product, time, bad. Example review: ""poor"""
revads,Price Sensitive,2,0.2879,"Cluster 2 (n=1736) labeled 'Price Sensitive' because its centroid is closest to that segment's prototype reviews (cosine=0.288). Supporting cues: charge(150), rs(122), price(78), money(49), offer(28). Frequent terms: order, service, blinkit, product, time, bad. Example review: ""poor"""
good service,Explorers,0,0.0196,"Cluster 0 (n=348) labeled 'Explorers' because its centroid is closest to that segment's prototype reviews (cosine=0.020). Supporting cues: try(1). Frequent terms: service, delivery, blinkit, product, experience, like. Example review: ""good service"""
thnaku amazing experience,Price Sensitive,2,0.2879,"Cluster 2 (n=1736) labeled 'Price Sensitive' because its centroid is closest to that segment's prototype reviews (cosine=0.288). Supporting cues: charge(150), rs(122), price(78), money(49), offer(28). Frequent terms: order, service, blinkit, product, time, bad. Example review: ""poor"""
nice help many time,Impulse Buyers,3,0.0584,"Cluster 3 (n=180) labeled 'Impulse Buyers' because its centroid is closest to that segment's prototype reviews (cosine=0.058). Supporting cues: quick(4), late night(1). Frequent terms: service, delivery, blinkit, work, much, time. Example review: ""nice"""
excellent,Price Sensitive,2,0.2879,"Cluster 2 (n=1736) labeled 'Price Sensitive' because its centroid is closest to that segment's prototype reviews (cosine=0.288). Supporting cues: charge(150), rs(122), price(78), money(49), offer(28). Frequent terms: order, service, blinkit, product, time, bad. Example review: ""poor"""
service kafi acchi hai satisfy,Price Sensitive,2,0.2879,"Cluster 2 (n=1736) labeled 'Price Sensitive' because its centroid is closest to that segment's prototype reviews (cosine=0.288). Supporting cues: charge(150), rs(122), price(78), money(49), offer(28). Frequent terms: order, service, blinkit, product, time, bad. Example review: ""poor"""
best app grocery thing,Routine Buyers,1,0.1454,"Cluster 1 (n=554) labeled 'Routine Buyers' because its centroid is closest to that segment's prototype reviews (cosine=0.145). Supporting cues: always(16), regular(1), usual(1). Frequent terms: delivery, fast, best, service, time, blinkit. Example review: ""super fast delivery"""
best fast delevery,Routine Buyers,1,0.1454,"Cluster 1 (n=554) labeled 'Routine Buyers' because its centroid is closest to that segment's prototype reviews (cosine=0.145). Supporting cues: always(16), regular(1), usual(1). Frequent terms: delivery, fast, best, service, time, blinkit. Example review: ""super fast delivery"""
amazing delivery fresh vegetable,Routine Buyers,1,0.1454,"Cluster 1 (n=554) labeled 'Routine Buyers' because its centroid is closest to that segment's prototype reviews (cosine=0.145). Supporting cues: always(16), regular(1), usual(1). Frequent terms: delivery, fast, best, service, time, blinkit. Example review: ""super fast delivery"""
verry good app,Explorers,0,0.0196,"Cluster 0 (n=348) labeled 'Explorers' because its centroid is closest to that segment's prototype reviews (cosine=0.020). Supporting cues: try(1). Frequent terms: service, delivery, blinkit, product, experience, like. Example review: ""good service"""
delivery late,Routine Buyers,1,0.1454,"Cluster 1 (n=554) labeled 'Routine Buyers' because its centroid is closest to that segment's prototype reviews (cosine=0.145). Supporting cues: always(16), regular(1), usual(1). Frequent terms: delivery, fast, best, service, time, blinkit. Example review: ""super fast delivery"""
good product,Explorers,0,0.0196,"Cluster 0 (n=348) labeled 'Explorers' because its centroid is closest to that segment's prototype reviews (cosine=0.020). Supporting cues: try(1). Frequent terms: service, delivery, blinkit, product, experience, like. Example review: ""good service"""
best e commerce platform ever,Routine Buyers,1,0.1454,"Cluster 1 (n=554) labeled 'Routine Buyers' because its centroid is closest to that segment's prototype reviews (cosine=0.145). Supporting cues: always(16), regular(1), usual(1). Frequent terms: delivery, fast, best, service, time, blinkit. Example review: ""super fast delivery"""
great job,Price Sensitive,2,0.2879,"Cluster 2 (n=1736) labeled 'Price Sensitive' because its centroid is closest to that segment's prototype reviews (cosine=0.288). Supporting cues: charge(150), rs(122), price(78), money(49), offer(28). Frequent terms: order, service, blinkit, product, time, bad. Example review: ""poor"""
really impressed blinkit delivery super fast product fresh app easy use order grocery snack daily essential multiple time experience always smooth delivery partner polite order usually arrive expected time convenient busy schedule highly recommend,Price Sensitive,2,0.2879,"Cluster 2 (n=1736) labeled 'Price Sensitive' because its centroid is closest to that segment's prototype reviews (cosine=0.288). Supporting cues: charge(150), rs(122), price(78), money(49), offer(28). Frequent terms: order, service, blinkit, product, time, bad. Example review: ""poor"""
good useful app,Price Sensitive,2,0.2879,"Cluster 2 (n=1736) labeled 'Price Sensitive' because its centroid is closest to that segment's prototype reviews (cosine=0.288). Supporting cues: charge(150), rs(122), price(78), money(49), offer(28). Frequent terms: order, service, blinkit, product, time, bad. Example review: ""poor"""
good,Explorers,0,0.0196,"Cluster 0 (n=348) labeled 'Explorers' because its centroid is closest to that segment's prototype reviews (cosine=0.020). Supporting cues: try(1). Frequent terms: service, delivery, blinkit, product, experience, like. Example review: ""good service"""
amaze fast forward service,Routine Buyers,1,0.1454,"Cluster 1 (n=554) labeled 'Routine Buyers' because its centroid is closest to that segment's prototype reviews (cosine=0.145). Supporting cues: always(16), regular(1), usual(1). Frequent terms: delivery, fast, best, service, time, blinkit. Example review: ""super fast delivery"""
really last minute aap,Price Sensitive,2,0.2879,"Cluster 2 (n=1736) labeled 'Price Sensitive' because its centroid is closest to that segment's prototype reviews (cosine=0.288). Supporting cues: charge(150), rs(122), price(78), money(49), offer(28). Frequent terms: order, service, blinkit, product, time, bad. Example review: ""poor"""
timing late,Price Sensitive,2,0.2879,"Cluster 2 (n=1736) labeled 'Price Sensitive' because its centroid is closest to that segment's prototype reviews (cosine=0.288). Supporting cues: charge(150), rs(122), price(78), money(49), offer(28). Frequent terms: order, service, blinkit, product, time, bad. Example review: ""poor"""
cant find address product,Price Sensitive,2,0.2879,"Cluster 2 (n=1736) labeled 'Price Sensitive' because its centroid is closest to that segment's prototype reviews (cosine=0.288). Supporting cues: charge(150), rs(122), price(78), money(49), offer(28). Frequent terms: order, service, blinkit, product, time, bad. Example review: ""poor"""
sabse best,Routine Buyers,1,0.1454,"Cluster 1 (n=554) labeled 'Routine Buyers' because its centroid is closest to that segment's prototype reviews (cosine=0.145). Supporting cues: always(16), regular(1), usual(1). Frequent terms: delivery, fast, best, service, time, blinkit. Example review: ""super fast delivery"""
extra import item minute shop,Price Sensitive,2,0.2879,"Cluster 2 (n=1736) labeled 'Price Sensitive' because its centroid is closest to that segment's prototype reviews (cosine=0.288). Supporting cues: charge(150), rs(122), price(78), money(49), offer(28). Frequent terms: order, service, blinkit, product, time, bad. Example review: ""poor"""
best class,Routine Buyers,1,0.1454,"Cluster 1 (n=554) labeled 'Routine Buyers' because its centroid is closest to that segment's prototype reviews (cosine=0.145). Supporting cues: always(16), regular(1), usual(1). Frequent terms: delivery, fast, best, service, time, blinkit. Example review: ""super fast delivery"""
💯,Price Sensitive,2,0.2879,"Cluster 2 (n=1736) labeled 'Price Sensitive' because its centroid is closest to that segment's prototype reviews (cosine=0.288). Supporting cues: charge(150), rs(122), price(78), money(49), offer(28). Frequent terms: order, service, blinkit, product, time, bad. Example review: ""poor"""
order grocery especially teluguall r mark dead wrong description say one u get another pain replace customer care meanwhile home cheppanu ga online lo sariga undav ani beating,Price Sensitive,2,0.2879,"Cluster 2 (n=1736) labeled 'Price Sensitive' because its centroid is closest to that segment's prototype reviews (cosine=0.288). Supporting cues: charge(150), rs(122), price(78), money(49), offer(28). Frequent terms: order, service, blinkit, product, time, bad. Example review: ""poor"""
nice work,Impulse Buyers,3,0.0584,"Cluster 3 (n=180) labeled 'Impulse Buyers' because its centroid is closest to that segment's prototype reviews (cosine=0.058). Supporting cues: quick(4), late night(1). Frequent terms: service, delivery, blinkit, work, much, time. Example review: ""nice"""
disappointed blinkit receive broken trimmer report within one hour proof customer support simply refuse help without give valid reason even send email still get resolution regular customer never expect poor service experience force uninstall blinkit switch instamart extremely poor customer support,Price Sensitive,2,0.2879,"Cluster 2 (n=1736) labeled 'Price Sensitive' because its centroid is closest to that segment's prototype reviews (cosine=0.288). Supporting cues: charge(150), rs(122), price(78), money(49), offer(28). Frequent terms: order, service, blinkit, product, time, bad. Example review: ""poor"""
superb experience lightning fast review blinkit completely transform order everyday essential delivery incredibly fast order track smooth item always arrive fresh wellpackaged absolutely super service every single time,Price Sensitive,2,0.2879,"Cluster 2 (n=1736) labeled 'Price Sensitive' because its centroid is closest to that segment's prototype reviews (cosine=0.288). Supporting cues: charge(150), rs(122), price(78), money(49), offer(28). Frequent terms: order, service, blinkit, product, time, bad. Example review: ""poor"""
nice,Impulse Buyers,3,0.0584,"Cluster 3 (n=180) labeled 'Impulse Buyers' because its centroid is closest to that segment's prototype reviews (cosine=0.058). Supporting cues: quick(4), late night(1). Frequent terms: service, delivery, blinkit, work, much, time. Example review: ""nice"""
bad app useless loot money,Price Sensitive,2,0.2879,"Cluster 2 (n=1736) labeled 'Price Sensitive' because its centroid is closest to that segment's prototype reviews (cosine=0.288). Supporting cues: charge(150), rs(122), price(78), money(49), offer(28). Frequent terms: order, service, blinkit, product, time, bad. Example review: ""poor"""
best delivery,Routine Buyers,1,0.1454,"Cluster 1 (n=554) labeled 'Routine Buyers' because its centroid is closest to that segment's prototype reviews (cosine=0.145). Supporting cues: always(16), regular(1), usual(1). Frequent terms: delivery, fast, best, service, time, blinkit. Example review: ""super fast delivery"""
mst much good swiggy instamart least order receive home go outside waive hand search delivery boy order,Price Sensitive,2,0.2879,"Cluster 2 (n=1736) labeled 'Price Sensitive' because its centroid is closest to that segment's prototype reviews (cosine=0.288). Supporting cues: charge(150), rs(122), price(78), money(49), offer(28). Frequent terms: order, service, blinkit, product, time, bad. Example review: ""poor"""
delivery partner behaviour good,Routine Buyers,1,0.1454,"Cluster 1 (n=554) labeled 'Routine Buyers' because its centroid is closest to that segment's prototype reviews (cosine=0.145). Supporting cues: always(16), regular(1), usual(1). Frequent terms: delivery, fast, best, service, time, blinkit. Example review: ""super fast delivery"""
best app forever,Routine Buyers,1,0.1454,"Cluster 1 (n=554) labeled 'Routine Buyers' because its centroid is closest to that segment's prototype reviews (cosine=0.145). Supporting cues: always(16), regular(1), usual(1). Frequent terms: delivery, fast, best, service, time, blinkit. Example review: ""super fast delivery"""
please avaliable cash delivery face many difficulty order thing otherwise app convenient,Price Sensitive,2,0.2879,"Cluster 2 (n=1736) labeled 'Price Sensitive' because its centroid is closest to that segment's prototype reviews (cosine=0.288). Supporting cues: charge(150), rs(122), price(78), money(49), offer(28). Frequent terms: order, service, blinkit, product, time, bad. Example review: ""poor"""
quality good,Explorers,0,0.0196,"Cluster 0 (n=348) labeled 'Explorers' because its centroid is closest to that segment's prototype reviews (cosine=0.020). Supporting cues: try(1). Frequent terms: service, delivery, blinkit, product, experience, like. Example review: ""good service"""
poor service get cancelled fee charge order auto select end,Price Sensitive,2,0.2879,"Cluster 2 (n=1736) labeled 'Price Sensitive' because its centroid is closest to that segment's prototype reviews (cosine=0.288). Supporting cues: charge(150), rs(122), price(78), money(49), offer(28). Frequent terms: order, service, blinkit, product, time, bad. Example review: ""poor"""
it was 👍,Price Sensitive,2,0.2879,"Cluster 2 (n=1736) labeled 'Price Sensitive' because its centroid is closest to that segment's prototype reviews (cosine=0.288). Supporting cues: charge(150), rs(122), price(78), money(49), offer(28). Frequent terms: order, service, blinkit, product, time, bad. Example review: ""poor"""
order product cod bank server work upi order amount rs 141 tried pay dp r 541 could refund rs 400 ala even dont pathetic service,Price Sensitive,2,0.2879,"Cluster 2 (n=1736) labeled 'Price Sensitive' because its centroid is closest to that segment's prototype reviews (cosine=0.288). Supporting cues: charge(150), rs(122), price(78), money(49), offer(28). Frequent terms: order, service, blinkit, product, time, bad. Example review: ""poor"""
worst delivery time iteams give hand hand bag never choose tumkuru,Routine Buyers,1,0.1454,"Cluster 1 (n=554) labeled 'Routine Buyers' because its centroid is closest to that segment's prototype reviews (cosine=0.145). Supporting cues: always(16), regular(1), usual(1). Frequent terms: delivery, fast, best, service, time, blinkit. Example review: ""super fast delivery"""
delivery person dont carry change,Routine Buyers,1,0.1454,"Cluster 1 (n=554) labeled 'Routine Buyers' because its centroid is closest to that segment's prototype reviews (cosine=0.145). Supporting cues: always(16), regular(1), usual(1). Frequent terms: delivery, fast, best, service, time, blinkit. Example review: ""super fast delivery"""
time delivery good quality,Routine Buyers,1,0.1454,"Cluster 1 (n=554) labeled 'Routine Buyers' because its centroid is closest to that segment's prototype reviews (cosine=0.145). Supporting cues: always(16), regular(1), usual(1). Frequent terms: delivery, fast, best, service, time, blinkit. Example review: ""super fast delivery"""
sometimes product miss give later overall,Price Sensitive,2,0.2879,"Cluster 2 (n=1736) labeled 'Price Sensitive' because its centroid is closest to that segment's prototype reviews (cosine=0.288). Supporting cues: charge(150), rs(122), price(78), money(49), offer(28). Frequent terms: order, service, blinkit, product, time, bad. Example review: ""poor"""
paan corner open,Price Sensitive,2,0.2879,"Cluster 2 (n=1736) labeled 'Price Sensitive' because its centroid is closest to that segment's prototype reviews (cosine=0.288). Supporting cues: charge(150), rs(122), price(78), money(49), offer(28). Frequent terms: order, service, blinkit, product, time, bad. Example review: ""poor"""
useful day day domestic work,Price Sensitive,2,0.2879,"Cluster 2 (n=1736) labeled 'Price Sensitive' because its centroid is closest to that segment's prototype reviews (cosine=0.288). Supporting cues: charge(150), rs(122), price(78), money(49), offer(28). Frequent terms: order, service, blinkit, product, time, bad. Example review: ""poor"""
hey user ididnt receive order didnt give refund ammount delivery man cancel order response froad app im go file complaint consumer court dont use app safety online purchase product customer care ai app use kind apps,Price Sensitive,2,0.2879,"Cluster 2 (n=1736) labeled 'Price Sensitive' because its centroid is closest to that segment's prototype reviews (cosine=0.288). Supporting cues: charge(150), rs(122), price(78), money(49), offer(28). Frequent terms: order, service, blinkit, product, time, bad. Example review: ""poor"""
change number good app,Explorers,0,0.0196,"Cluster 0 (n=348) labeled 'Explorers' because its centroid is closest to that segment's prototype reviews (cosine=0.020). Supporting cues: try(1). Frequent terms: service, delivery, blinkit, product, experience, like. Example review: ""good service"""
blink must improve quality seller seller unethical selling like tamper packaging two separate pack like price lamination product different miss,Price Sensitive,2,0.2879,"Cluster 2 (n=1736) labeled 'Price Sensitive' because its centroid is closest to that segment's prototype reviews (cosine=0.288). Supporting cues: charge(150), rs(122), price(78), money(49), offer(28). Frequent terms: order, service, blinkit, product, time, bad. Example review: ""poor"""
ಸೂಪರ್,Price Sensitive,2,0.2879,"Cluster 2 (n=1736) labeled 'Price Sensitive' because its centroid is closest to that segment's prototype reviews (cosine=0.288). Supporting cues: charge(150), rs(122), price(78), money(49), offer(28). Frequent terms: order, service, blinkit, product, time, bad. Example review: ""poor"""
help full,Price Sensitive,2,0.2879,"Cluster 2 (n=1736) labeled 'Price Sensitive' because its centroid is closest to that segment's prototype reviews (cosine=0.288). Supporting cues: charge(150), rs(122), price(78), money(49), offer(28). Frequent terms: order, service, blinkit, product, time, bad. Example review: ""poor"""
outstanding creativity wo thodi aur sasti ho jati maza hi aa jata,Price Sensitive,2,0.2879,"Cluster 2 (n=1736) labeled 'Price Sensitive' because its centroid is closest to that segment's prototype reviews (cosine=0.288). Supporting cues: charge(150), rs(122), price(78), money(49), offer(28). Frequent terms: order, service, blinkit, product, time, bad. Example review: ""poor"""
vey high charge,Price Sensitive,2,0.2879,"Cluster 2 (n=1736) labeled 'Price Sensitive' because its centroid is closest to that segment's prototype reviews (cosine=0.288). Supporting cues: charge(150), rs(122), price(78), money(49), offer(28). Frequent terms: order, service, blinkit, product, time, bad. Example review: ""poor"""
really nice,Impulse Buyers,3,0.0584,"Cluster 3 (n=180) labeled 'Impulse Buyers' because its centroid is closest to that segment's prototype reviews (cosine=0.058). Supporting cues: quick(4), late night(1). Frequent terms: service, delivery, blinkit, work, much, time. Example review: ""nice"""
fast delivery good,Routine Buyers,1,0.1454,"Cluster 1 (n=554) labeled 'Routine Buyers' because its centroid is closest to that segment's prototype reviews (cosine=0.145). Supporting cues: always(16), regular(1), usual(1). Frequent terms: delivery, fast, best, service, time, blinkit. Example review: ""super fast delivery"""
wonderful service,Price Sensitive,2,0.2879,"Cluster 2 (n=1736) labeled 'Price Sensitive' because its centroid is closest to that segment's prototype reviews (cosine=0.288). Supporting cues: charge(150), rs(122), price(78), money(49), offer(28). Frequent terms: order, service, blinkit, product, time, bad. Example review: ""poor"""
ach nhi hai,Price Sensitive,2,0.2879,"Cluster 2 (n=1736) labeled 'Price Sensitive' because its centroid is closest to that segment's prototype reviews (cosine=0.288). Supporting cues: charge(150), rs(122), price(78), money(49), offer(28). Frequent terms: order, service, blinkit, product, time, bad. Example review: ""poor"""
best app bring thing earlier home,Routine Buyers,1,0.1454,"Cluster 1 (n=554) labeled 'Routine Buyers' because its centroid is closest to that segment's prototype reviews (cosine=0.145). Supporting cues: always(16), regular(1), usual(1). Frequent terms: delivery, fast, best, service, time, blinkit. Example review: ""super fast delivery"""
buhot acha ap,Price Sensitive,2,0.2879,"Cluster 2 (n=1736) labeled 'Price Sensitive' because its centroid is closest to that segment's prototype reviews (cosine=0.288). Supporting cues: charge(150), rs(122), price(78), money(49), offer(28). Frequent terms: order, service, blinkit, product, time, bad. Example review: ""poor"""
good continue upgrade app accord customer need,Price Sensitive,2,0.2879,"Cluster 2 (n=1736) labeled 'Price Sensitive' because its centroid is closest to that segment's prototype reviews (cosine=0.288). Supporting cues: charge(150), rs(122), price(78), money(49), offer(28). Frequent terms: order, service, blinkit, product, time, bad. Example review: ""poor"""
dispute resoluted promptly,Price Sensitive,2,0.2879,"Cluster 2 (n=1736) labeled 'Price Sensitive' because its centroid is closest to that segment's prototype reviews (cosine=0.288). Supporting cues: charge(150), rs(122), price(78), money(49), offer(28). Frequent terms: order, service, blinkit, product, time, bad. Example review: ""poor"""
best alsiii log example metumaur voo,Routine Buyers,1,0.1454,"Cluster 1 (n=554) labeled 'Routine Buyers' because its centroid is closest to that segment's prototype reviews (cosine=0.145). Supporting cues: always(16), regular(1), usual(1). Frequent terms: delivery, fast, best, service, time, blinkit. Example review: ""super fast delivery"""
service good fast,Routine Buyers,1,0.1454,"Cluster 1 (n=554) labeled 'Routine Buyers' because its centroid is closest to that segment's prototype reviews (cosine=0.145). Supporting cues: always(16), regular(1), usual(1). Frequent terms: delivery, fast, best, service, time, blinkit. Example review: ""super fast delivery"""
nice,Impulse Buyers,3,0.0584,"Cluster 3 (n=180) labeled 'Impulse Buyers' because its centroid is closest to that segment's prototype reviews (cosine=0.058). Supporting cues: quick(4), late night(1). Frequent terms: service, delivery, blinkit, work, much, time. Example review: ""nice"""
blinkit,Price Sensitive,2,0.2879,"Cluster 2 (n=1736) labeled 'Price Sensitive' because its centroid is closest to that segment's prototype reviews (cosine=0.288). Supporting cues: charge(150), rs(122), price(78), money(49), offer(28). Frequent terms: order, service, blinkit, product, time, bad. Example review: ""poor"""
cancellation policy poor,Price Sensitive,2,0.2879,"Cluster 2 (n=1736) labeled 'Price Sensitive' because its centroid is closest to that segment's prototype reviews (cosine=0.288). Supporting cues: charge(150), rs(122), price(78), money(49), offer(28). Frequent terms: order, service, blinkit, product, time, bad. Example review: ""poor"""
much extra charge,Price Sensitive,2,0.2879,"Cluster 2 (n=1736) labeled 'Price Sensitive' because its centroid is closest to that segment's prototype reviews (cosine=0.288). Supporting cues: charge(150), rs(122), price(78), money(49), offer(28). Frequent terms: order, service, blinkit, product, time, bad. Example review: ""poor"""
nice add service good,Impulse Buyers,3,0.0584,"Cluster 3 (n=180) labeled 'Impulse Buyers' because its centroid is closest to that segment's prototype reviews (cosine=0.058). Supporting cues: quick(4), late night(1). Frequent terms: service, delivery, blinkit, work, much, time. Example review: ""nice"""
ye mera first time tha jab mene blinkit use kiya amaze maine jo product order kiye vo bhi kafi ache price bhi dilivery boy bhi kafi humble tha,Price Sensitive,2,0.2879,"Cluster 2 (n=1736) labeled 'Price Sensitive' because its centroid is closest to that segment's prototype reviews (cosine=0.288). Supporting cues: charge(150), rs(122), price(78), money(49), offer(28). Frequent terms: order, service, blinkit, product, time, bad. Example review: ""poor"""
nice app cuz everything search didnt get app like literally friendly app,Impulse Buyers,3,0.0584,"Cluster 3 (n=180) labeled 'Impulse Buyers' because its centroid is closest to that segment's prototype reviews (cosine=0.058). Supporting cues: quick(4), late night(1). Frequent terms: service, delivery, blinkit, work, much, time. Example review: ""nice"""
tooo expensive,Price Sensitive,2,0.2879,"Cluster 2 (n=1736) labeled 'Price Sensitive' because its centroid is closest to that segment's prototype reviews (cosine=0.288). Supporting cues: charge(150), rs(122), price(78), money(49), offer(28). Frequent terms: order, service, blinkit, product, time, bad. Example review: ""poor"""
good service safe fast service,Routine Buyers,1,0.1454,"Cluster 1 (n=554) labeled 'Routine Buyers' because its centroid is closest to that segment's prototype reviews (cosine=0.145). Supporting cues: always(16), regular(1), usual(1). Frequent terms: delivery, fast, best, service, time, blinkit. Example review: ""super fast delivery"""
good quick app thing good quality thing also good product damage broken even print potion app good print nice clear,Explorers,0,0.0196,"Cluster 0 (n=348) labeled 'Explorers' because its centroid is closest to that segment's prototype reviews (cosine=0.020). Supporting cues: try(1). Frequent terms: service, delivery, blinkit, product, experience, like. Example review: ""good service"""
blinkit good app deliver time everything need,Price Sensitive,2,0.2879,"Cluster 2 (n=1736) labeled 'Price Sensitive' because its centroid is closest to that segment's prototype reviews (cosine=0.288). Supporting cues: charge(150), rs(122), price(78), money(49), offer(28). Frequent terms: order, service, blinkit, product, time, bad. Example review: ""poor"""
worst delivery service,Routine Buyers,1,0.1454,"Cluster 1 (n=554) labeled 'Routine Buyers' because its centroid is closest to that segment's prototype reviews (cosine=0.145). Supporting cues: always(16), regular(1), usual(1). Frequent terms: delivery, fast, best, service, time, blinkit. Example review: ""super fast delivery"""
great offer,Price Sensitive,2,0.2879,"Cluster 2 (n=1736) labeled 'Price Sensitive' because its centroid is closest to that segment's prototype reviews (cosine=0.288). Supporting cues: charge(150), rs(122), price(78), money(49), offer(28). Frequent terms: order, service, blinkit, product, time, bad. Example review: ""poor"""
best service ever,Routine Buyers,1,0.1454,"Cluster 1 (n=554) labeled 'Routine Buyers' because its centroid is closest to that segment's prototype reviews (cosine=0.145). Supporting cues: always(16), regular(1), usual(1). Frequent terms: delivery, fast, best, service, time, blinkit. Example review: ""super fast delivery"""
good application,Explorers,0,0.0196,"Cluster 0 (n=348) labeled 'Explorers' because its centroid is closest to that segment's prototype reviews (cosine=0.020). Supporting cues: try(1). Frequent terms: service, delivery, blinkit, product, experience, like. Example review: ""good service"""
good grocery appp,Explorers,0,0.0196,"Cluster 0 (n=348) labeled 'Explorers' because its centroid is closest to that segment's prototype reviews (cosine=0.020). Supporting cues: try(1). Frequent terms: service, delivery, blinkit, product, experience, like. Example review: ""good service"""
fast delivery blinkit,Routine Buyers,1,0.1454,"Cluster 1 (n=554) labeled 'Routine Buyers' because its centroid is closest to that segment's prototype reviews (cosine=0.145). Supporting cues: always(16), regular(1), usual(1). Frequent terms: delivery, fast, best, service, time, blinkit. Example review: ""super fast delivery"""
love khan family,Price Sensitive,2,0.2879,"Cluster 2 (n=1736) labeled 'Price Sensitive' because its centroid is closest to that segment's prototype reviews (cosine=0.288). Supporting cues: charge(150), rs(122), price(78), money(49), offer(28). Frequent terms: order, service, blinkit, product, time, bad. Example review: ""poor"""
ek,Price Sensitive,2,0.2879,"Cluster 2 (n=1736) labeled 'Price Sensitive' because its centroid is closest to that segment's prototype reviews (cosine=0.288). Supporting cues: charge(150), rs(122), price(78), money(49), offer(28). Frequent terms: order, service, blinkit, product, time, bad. Example review: ""poor"""
buy chocolate price 36 charge 91 rupee bad,Price Sensitive,2,0.2879,"Cluster 2 (n=1736) labeled 'Price Sensitive' because its centroid is closest to that segment's prototype reviews (cosine=0.288). Supporting cues: charge(150), rs(122), price(78), money(49), offer(28). Frequent terms: order, service, blinkit, product, time, bad. Example review: ""poor"""
useful urgent needsthank,Price Sensitive,2,0.2879,"Cluster 2 (n=1736) labeled 'Price Sensitive' because its centroid is closest to that segment's prototype reviews (cosine=0.288). Supporting cues: charge(150), rs(122), price(78), money(49), offer(28). Frequent terms: order, service, blinkit, product, time, bad. Example review: ""poor"""
jrurt ka saman yaha hamesha stock rehta ha ya fr hota hi nhi hai baki sab thik hai,Price Sensitive,2,0.2879,"Cluster 2 (n=1736) labeled 'Price Sensitive' because its centroid is closest to that segment's prototype reviews (cosine=0.288). Supporting cues: charge(150), rs(122), price(78), money(49), offer(28). Frequent terms: order, service, blinkit, product, time, bad. Example review: ""poor"""
nice aap also get free,Impulse Buyers,3,0.0584,"Cluster 3 (n=180) labeled 'Impulse Buyers' because its centroid is closest to that segment's prototype reviews (cosine=0.058). Supporting cues: quick(4), late night(1). Frequent terms: service, delivery, blinkit, work, much, time. Example review: ""nice"""
good app quick delivery,Routine Buyers,1,0.1454,"Cluster 1 (n=554) labeled 'Routine Buyers' because its centroid is closest to that segment's prototype reviews (cosine=0.145). Supporting cues: always(16), regular(1), usual(1). Frequent terms: delivery, fast, best, service, time, blinkit. Example review: ""super fast delivery"""
bahut delivery charge leta hai,Routine Buyers,1,0.1454,"Cluster 1 (n=554) labeled 'Routine Buyers' because its centroid is closest to that segment's prototype reviews (cosine=0.145). Supporting cues: always(16), regular(1), usual(1). Frequent terms: delivery, fast, best, service, time, blinkit. Example review: ""super fast delivery"""
best online application amaze service unbelievable,Routine Buyers,1,0.1454,"Cluster 1 (n=554) labeled 'Routine Buyers' because its centroid is closest to that segment's prototype reviews (cosine=0.145). Supporting cues: always(16), regular(1), usual(1). Frequent terms: delivery, fast, best, service, time, blinkit. Example review: ""super fast delivery"""
fast good product delivery,Routine Buyers,1,0.1454,"Cluster 1 (n=554) labeled 'Routine Buyers' because its centroid is closest to that segment's prototype reviews (cosine=0.145). Supporting cues: always(16), regular(1), usual(1). Frequent terms: delivery, fast, best, service, time, blinkit. Example review: ""super fast delivery"""
good nice,Impulse Buyers,3,0.0584,"Cluster 3 (n=180) labeled 'Impulse Buyers' because its centroid is closest to that segment's prototype reviews (cosine=0.058). Supporting cues: quick(4), late night(1). Frequent terms: service, delivery, blinkit, work, much, time. Example review: ""nice"""
poor quality product sell blinkit refund,Price Sensitive,2,0.2879,"Cluster 2 (n=1736) labeled 'Price Sensitive' because its centroid is closest to that segment's prototype reviews (cosine=0.288). Supporting cues: charge(150), rs(122), price(78), money(49), offer(28). Frequent terms: order, service, blinkit, product, time, bad. Example review: ""poor"""
west quality service,Price Sensitive,2,0.2879,"Cluster 2 (n=1736) labeled 'Price Sensitive' because its centroid is closest to that segment's prototype reviews (cosine=0.288). Supporting cues: charge(150), rs(122), price(78), money(49), offer(28). Frequent terms: order, service, blinkit, product, time, bad. Example review: ""poor"""
free prescription doctor amaze,Price Sensitive,2,0.2879,"Cluster 2 (n=1736) labeled 'Price Sensitive' because its centroid is closest to that segment's prototype reviews (cosine=0.288). Supporting cues: charge(150), rs(122), price(78), money(49), offer(28). Frequent terms: order, service, blinkit, product, time, bad. Example review: ""poor"""
best way order thing,Price Sensitive,2,0.2879,"Cluster 2 (n=1736) labeled 'Price Sensitive' because its centroid is closest to that segment's prototype reviews (cosine=0.288). Supporting cues: charge(150), rs(122), price(78), money(49), offer(28). Frequent terms: order, service, blinkit, product, time, bad. Example review: ""poor"""
new,Price Sensitive,2,0.2879,"Cluster 2 (n=1736) labeled 'Price Sensitive' because its centroid is closest to that segment's prototype reviews (cosine=0.288). Supporting cues: charge(150), rs(122), price(78), money(49), offer(28). Frequent terms: order, service, blinkit, product, time, bad. Example review: ""poor"""
best hai try,Routine Buyers,1,0.1454,"Cluster 1 (n=554) labeled 'Routine Buyers' because its centroid is closest to that segment's prototype reviews (cosine=0.145). Supporting cues: always(16), regular(1), usual(1). Frequent terms: delivery, fast, best, service, time, blinkit. Example review: ""super fast delivery"""
good cod available thing,Price Sensitive,2,0.2879,"Cluster 2 (n=1736) labeled 'Price Sensitive' because its centroid is closest to that segment's prototype reviews (cosine=0.288). Supporting cues: charge(150), rs(122), price(78), money(49), offer(28). Frequent terms: order, service, blinkit, product, time, bad. Example review: ""poor"""
app bohot accha ha,Price Sensitive,2,0.2879,"Cluster 2 (n=1736) labeled 'Price Sensitive' because its centroid is closest to that segment's prototype reviews (cosine=0.288). Supporting cues: charge(150), rs(122), price(78), money(49), offer(28). Frequent terms: order, service, blinkit, product, time, bad. Example review: ""poor"""
return policy,Price Sensitive,2,0.2879,"Cluster 2 (n=1736) labeled 'Price Sensitive' because its centroid is closest to that segment's prototype reviews (cosine=0.288). Supporting cues: charge(150), rs(122), price(78), money(49), offer(28). Frequent terms: order, service, blinkit, product, time, bad. Example review: ""poor"""
amaze discount fastival offer nice blinkit,Impulse Buyers,3,0.0584,"Cluster 3 (n=180) labeled 'Impulse Buyers' because its centroid is closest to that segment's prototype reviews (cosine=0.058). Supporting cues: quick(4), late night(1). Frequent terms: service, delivery, blinkit, work, much, time. Example review: ""nice"""
good reduce delivery charge,Routine Buyers,1,0.1454,"Cluster 1 (n=554) labeled 'Routine Buyers' because its centroid is closest to that segment's prototype reviews (cosine=0.145). Supporting cues: always(16), regular(1), usual(1). Frequent terms: delivery, fast, best, service, time, blinkit. Example review: ""super fast delivery"""
weast blinkit rate,Price Sensitive,2,0.2879,"Cluster 2 (n=1736) labeled 'Price Sensitive' because its centroid is closest to that segment's prototype reviews (cosine=0.288). Supporting cues: charge(150), rs(122), price(78), money(49), offer(28). Frequent terms: order, service, blinkit, product, time, bad. Example review: ""poor"""
excellent nice service,Impulse Buyers,3,0.0584,"Cluster 3 (n=180) labeled 'Impulse Buyers' because its centroid is closest to that segment's prototype reviews (cosine=0.058). Supporting cues: quick(4), late night(1). Frequent terms: service, delivery, blinkit, work, much, time. Example review: ""nice"""
thankyu blinkit,Price Sensitive,2,0.2879,"Cluster 2 (n=1736) labeled 'Price Sensitive' because its centroid is closest to that segment's prototype reviews (cosine=0.288). Supporting cues: charge(150), rs(122), price(78), money(49), offer(28). Frequent terms: order, service, blinkit, product, time, bad. Example review: ""poor"""
excellent,Price Sensitive,2,0.2879,"Cluster 2 (n=1736) labeled 'Price Sensitive' because its centroid is closest to that segment's prototype reviews (cosine=0.288). Supporting cues: charge(150), rs(122), price(78), money(49), offer(28). Frequent terms: order, service, blinkit, product, time, bad. Example review: ""poor"""
yoohoo,Price Sensitive,2,0.2879,"Cluster 2 (n=1736) labeled 'Price Sensitive' because its centroid is closest to that segment's prototype reviews (cosine=0.288). Supporting cues: charge(150), rs(122), price(78), money(49), offer(28). Frequent terms: order, service, blinkit, product, time, bad. Example review: ""poor"""
rude behavior rider bad experience,Price Sensitive,2,0.2879,"Cluster 2 (n=1736) labeled 'Price Sensitive' because its centroid is closest to that segment's prototype reviews (cosine=0.288). Supporting cues: charge(150), rs(122), price(78), money(49), offer(28). Frequent terms: order, service, blinkit, product, time, bad. Example review: ""poor"""
bad product damage diya coustomer support koi help nahi karta hai,Price Sensitive,2,0.2879,"Cluster 2 (n=1736) labeled 'Price Sensitive' because its centroid is closest to that segment's prototype reviews (cosine=0.288). Supporting cues: charge(150), rs(122), price(78), money(49), offer(28). Frequent terms: order, service, blinkit, product, time, bad. Example review: ""poor"""
excellent service,Price Sensitive,2,0.2879,"Cluster 2 (n=1736) labeled 'Price Sensitive' because its centroid is closest to that segment's prototype reviews (cosine=0.288). Supporting cues: charge(150), rs(122), price(78), money(49), offer(28). Frequent terms: order, service, blinkit, product, time, bad. Example review: ""poor"""
delivery boy blinkit delivery issue order allready take wrong location u pay extra delivery grocery,Routine Buyers,1,0.1454,"Cluster 1 (n=554) labeled 'Routine Buyers' because its centroid is closest to that segment's prototype reviews (cosine=0.145). Supporting cues: always(16), regular(1), usual(1). Frequent terms: delivery, fast, best, service, time, blinkit. Example review: ""super fast delivery"""
super,Price Sensitive,2,0.2879,"Cluster 2 (n=1736) labeled 'Price Sensitive' because its centroid is closest to that segment's prototype reviews (cosine=0.288). Supporting cues: charge(150), rs(122), price(78), money(49), offer(28). Frequent terms: order, service, blinkit, product, time, bad. Example review: ""poor"""
deliver fresh product,Price Sensitive,2,0.2879,"Cluster 2 (n=1736) labeled 'Price Sensitive' because its centroid is closest to that segment's prototype reviews (cosine=0.288). Supporting cues: charge(150), rs(122), price(78), money(49), offer(28). Frequent terms: order, service, blinkit, product, time, bad. Example review: ""poor"""
convenient swift delivery,Routine Buyers,1,0.1454,"Cluster 1 (n=554) labeled 'Routine Buyers' because its centroid is closest to that segment's prototype reviews (cosine=0.145). Supporting cues: always(16), regular(1), usual(1). Frequent terms: delivery, fast, best, service, time, blinkit. Example review: ""super fast delivery"""
good service delivery time,Routine Buyers,1,0.1454,"Cluster 1 (n=554) labeled 'Routine Buyers' because its centroid is closest to that segment's prototype reviews (cosine=0.145). Supporting cues: always(16), regular(1), usual(1). Frequent terms: delivery, fast, best, service, time, blinkit. Example review: ""super fast delivery"""
late delivery,Routine Buyers,1,0.1454,"Cluster 1 (n=554) labeled 'Routine Buyers' because its centroid is closest to that segment's prototype reviews (cosine=0.145). Supporting cues: always(16), regular(1), usual(1). Frequent terms: delivery, fast, best, service, time, blinkit. Example review: ""super fast delivery"""
itss tooo nd tooo guud,Price Sensitive,2,0.2879,"Cluster 2 (n=1736) labeled 'Price Sensitive' because its centroid is closest to that segment's prototype reviews (cosine=0.288). Supporting cues: charge(150), rs(122), price(78), money(49), offer(28). Frequent terms: order, service, blinkit, product, time, bad. Example review: ""poor"""
extra charge name free delivery wth,Routine Buyers,1,0.1454,"Cluster 1 (n=554) labeled 'Routine Buyers' because its centroid is closest to that segment's prototype reviews (cosine=0.145). Supporting cues: always(16), regular(1), usual(1). Frequent terms: delivery, fast, best, service, time, blinkit. Example review: ""super fast delivery"""
thanks blinkit,Price Sensitive,2,0.2879,"Cluster 2 (n=1736) labeled 'Price Sensitive' because its centroid is closest to that segment's prototype reviews (cosine=0.288). Supporting cues: charge(150), rs(122), price(78), money(49), offer(28). Frequent terms: order, service, blinkit, product, time, bad. Example review: ""poor"""
love customer carethanks tabyayya,Price Sensitive,2,0.2879,"Cluster 2 (n=1736) labeled 'Price Sensitive' because its centroid is closest to that segment's prototype reviews (cosine=0.288). Supporting cues: charge(150), rs(122), price(78), money(49), offer(28). Frequent terms: order, service, blinkit, product, time, bad. Example review: ""poor"""
good work,Explorers,0,0.0196,"Cluster 0 (n=348) labeled 'Explorers' because its centroid is closest to that segment's prototype reviews (cosine=0.020). Supporting cues: try(1). Frequent terms: service, delivery, blinkit, product, experience, like. Example review: ""good service"""
high rate product,Price Sensitive,2,0.2879,"Cluster 2 (n=1736) labeled 'Price Sensitive' because its centroid is closest to that segment's prototype reviews (cosine=0.288). Supporting cues: charge(150), rs(122), price(78), money(49), offer(28). Frequent terms: order, service, blinkit, product, time, bad. Example review: ""poor"""
app deserve 5 delivery partner reason im give behavior delivery executive completely unacceptable rude unprofessional disrespectful customer service doesnt end app end doorstep dont improve quality accountability delivery staff youll continue lose good rating valuable customer please take issue seriously,Routine Buyers,1,0.1454,"Cluster 1 (n=554) labeled 'Routine Buyers' because its centroid is closest to that segment's prototype reviews (cosine=0.145). Supporting cues: always(16), regular(1), usual(1). Frequent terms: delivery, fast, best, service, time, blinkit. Example review: ""super fast delivery"""
good dilevery,Explorers,0,0.0196,"Cluster 0 (n=348) labeled 'Explorers' because its centroid is closest to that segment's prototype reviews (cosine=0.020). Supporting cues: try(1). Frequent terms: service, delivery, blinkit, product, experience, like. Example review: ""good service"""
blink nice app,Impulse Buyers,3,0.0584,"Cluster 3 (n=180) labeled 'Impulse Buyers' because its centroid is closest to that segment's prototype reviews (cosine=0.058). Supporting cues: quick(4), late night(1). Frequent terms: service, delivery, blinkit, work, much, time. Example review: ""nice"""
thanks team make app,Price Sensitive,2,0.2879,"Cluster 2 (n=1736) labeled 'Price Sensitive' because its centroid is closest to that segment's prototype reviews (cosine=0.288). Supporting cues: charge(150), rs(122), price(78), money(49), offer(28). Frequent terms: order, service, blinkit, product, time, bad. Example review: ""poor"""
good,Explorers,0,0.0196,"Cluster 0 (n=348) labeled 'Explorers' because its centroid is closest to that segment's prototype reviews (cosine=0.020). Supporting cues: try(1). Frequent terms: service, delivery, blinkit, product, experience, like. Example review: ""good service"""
wonderful experience,Price Sensitive,2,0.2879,"Cluster 2 (n=1736) labeled 'Price Sensitive' because its centroid is closest to that segment's prototype reviews (cosine=0.288). Supporting cues: charge(150), rs(122), price(78), money(49), offer(28). Frequent terms: order, service, blinkit, product, time, bad. Example review: ""poor"""
delivery first,Routine Buyers,1,0.1454,"Cluster 1 (n=554) labeled 'Routine Buyers' because its centroid is closest to that segment's prototype reviews (cosine=0.145). Supporting cues: always(16), regular(1), usual(1). Frequent terms: delivery, fast, best, service, time, blinkit. Example review: ""super fast delivery"""
blinkit service awesome every time time,Price Sensitive,2,0.2879,"Cluster 2 (n=1736) labeled 'Price Sensitive' because its centroid is closest to that segment's prototype reviews (cosine=0.288). Supporting cues: charge(150), rs(122), price(78), money(49), offer(28). Frequent terms: order, service, blinkit, product, time, bad. Example review: ""poor"""
good app get everything within minute door step really like service,Price Sensitive,2,0.2879,"Cluster 2 (n=1736) labeled 'Price Sensitive' because its centroid is closest to that segment's prototype reviews (cosine=0.288). Supporting cues: charge(150), rs(122), price(78), money(49), offer(28). Frequent terms: order, service, blinkit, product, time, bad. Example review: ""poor"""
overprice sell item app,Price Sensitive,2,0.2879,"Cluster 2 (n=1736) labeled 'Price Sensitive' because its centroid is closest to that segment's prototype reviews (cosine=0.288). Supporting cues: charge(150), rs(122), price(78), money(49), offer(28). Frequent terms: order, service, blinkit, product, time, bad. Example review: ""poor"""
superb experience ever,Price Sensitive,2,0.2879,"Cluster 2 (n=1736) labeled 'Price Sensitive' because its centroid is closest to that segment's prototype reviews (cosine=0.288). Supporting cues: charge(150), rs(122), price(78), money(49), offer(28). Frequent terms: order, service, blinkit, product, time, bad. Example review: ""poor"""
super fast delivery,Routine Buyers,1,0.1454,"Cluster 1 (n=554) labeled 'Routine Buyers' because its centroid is closest to that segment's prototype reviews (cosine=0.145). Supporting cues: always(16), regular(1), usual(1). Frequent terms: delivery, fast, best, service, time, blinkit. Example review: ""super fast delivery"""
pork meat sell,Price Sensitive,2,0.2879,"Cluster 2 (n=1736) labeled 'Price Sensitive' because its centroid is closest to that segment's prototype reviews (cosine=0.288). Supporting cues: charge(150), rs(122), price(78), money(49), offer(28). Frequent terms: order, service, blinkit, product, time, bad. Example review: ""poor"""
loo baget loo price best option,Routine Buyers,1,0.1454,"Cluster 1 (n=554) labeled 'Routine Buyers' because its centroid is closest to that segment's prototype reviews (cosine=0.145). Supporting cues: always(16), regular(1), usual(1). Frequent terms: delivery, fast, best, service, time, blinkit. Example review: ""super fast delivery"""
fast,Routine Buyers,1,0.1454,"Cluster 1 (n=554) labeled 'Routine Buyers' because its centroid is closest to that segment's prototype reviews (cosine=0.145). Supporting cues: always(16), regular(1), usual(1). Frequent terms: delivery, fast, best, service, time, blinkit. Example review: ""super fast delivery"""
bad service send expire food item complaint refuse replace refund big fraud scam recommend food item,Price Sensitive,2,0.2879,"Cluster 2 (n=1736) labeled 'Price Sensitive' because its centroid is closest to that segment's prototype reviews (cosine=0.288). Supporting cues: charge(150), rs(122), price(78), money(49), offer(28). Frequent terms: order, service, blinkit, product, time, bad. Example review: ""poor"""
product good available product fast delivery safe money,Routine Buyers,1,0.1454,"Cluster 1 (n=554) labeled 'Routine Buyers' because its centroid is closest to that segment's prototype reviews (cosine=0.145). Supporting cues: always(16), regular(1), usual(1). Frequent terms: delivery, fast, best, service, time, blinkit. Example review: ""super fast delivery"""
nice delivery,Impulse Buyers,3,0.0584,"Cluster 3 (n=180) labeled 'Impulse Buyers' because its centroid is closest to that segment's prototype reviews (cosine=0.058). Supporting cues: quick(4), late night(1). Frequent terms: service, delivery, blinkit, work, much, time. Example review: ""nice"""
show 12 min take 20,Price Sensitive,2,0.2879,"Cluster 2 (n=1736) labeled 'Price Sensitive' because its centroid is closest to that segment's prototype reviews (cosine=0.288). Supporting cues: charge(150), rs(122), price(78), money(49), offer(28). Frequent terms: order, service, blinkit, product, time, bad. Example review: ""poor"""
best super,Routine Buyers,1,0.1454,"Cluster 1 (n=554) labeled 'Routine Buyers' because its centroid is closest to that segment's prototype reviews (cosine=0.145). Supporting cues: always(16), regular(1), usual(1). Frequent terms: delivery, fast, best, service, time, blinkit. Example review: ""super fast delivery"""
always convenient nowadays support n dont even look genuine problem customer face,Price Sensitive,2,0.2879,"Cluster 2 (n=1736) labeled 'Price Sensitive' because its centroid is closest to that segment's prototype reviews (cosine=0.288). Supporting cues: charge(150), rs(122), price(78), money(49), offer(28). Frequent terms: order, service, blinkit, product, time, bad. Example review: ""poor"""
bad expiration wrong product deliver,Price Sensitive,2,0.2879,"Cluster 2 (n=1736) labeled 'Price Sensitive' because its centroid is closest to that segment's prototype reviews (cosine=0.288). Supporting cues: charge(150), rs(122), price(78), money(49), offer(28). Frequent terms: order, service, blinkit, product, time, bad. Example review: ""poor"""
small amount item available,Price Sensitive,2,0.2879,"Cluster 2 (n=1736) labeled 'Price Sensitive' because its centroid is closest to that segment's prototype reviews (cosine=0.288). Supporting cues: charge(150), rs(122), price(78), money(49), offer(28). Frequent terms: order, service, blinkit, product, time, bad. Example review: ""poor"""
price original mrp u also mention free delivery,Routine Buyers,1,0.1454,"Cluster 1 (n=554) labeled 'Routine Buyers' because its centroid is closest to that segment's prototype reviews (cosine=0.145). Supporting cues: always(16), regular(1), usual(1). Frequent terms: delivery, fast, best, service, time, blinkit. Example review: ""super fast delivery"""
becomes expensive buy cheap item,Price Sensitive,2,0.2879,"Cluster 2 (n=1736) labeled 'Price Sensitive' because its centroid is closest to that segment's prototype reviews (cosine=0.288). Supporting cues: charge(150), rs(122), price(78), money(49), offer(28). Frequent terms: order, service, blinkit, product, time, bad. Example review: ""poor"""
guy please remove feature im check item detail swipe another item please please damn irritate please remove,Price Sensitive,2,0.2879,"Cluster 2 (n=1736) labeled 'Price Sensitive' because its centroid is closest to that segment's prototype reviews (cosine=0.288). Supporting cues: charge(150), rs(122), price(78), money(49), offer(28). Frequent terms: order, service, blinkit, product, time, bad. Example review: ""poor"""
😊,Price Sensitive,2,0.2879,"Cluster 2 (n=1736) labeled 'Price Sensitive' because its centroid is closest to that segment's prototype reviews (cosine=0.288). Supporting cues: charge(150), rs(122), price(78), money(49), offer(28). Frequent terms: order, service, blinkit, product, time, bad. Example review: ""poor"""
nice app like,Impulse Buyers,3,0.0584,"Cluster 3 (n=180) labeled 'Impulse Buyers' because its centroid is closest to that segment's prototype reviews (cosine=0.058). Supporting cues: quick(4), late night(1). Frequent terms: service, delivery, blinkit, work, much, time. Example review: ""nice"""
nice n friendly,Impulse Buyers,3,0.0584,"Cluster 3 (n=180) labeled 'Impulse Buyers' because its centroid is closest to that segment's prototype reviews (cosine=0.058). Supporting cues: quick(4), late night(1). Frequent terms: service, delivery, blinkit, work, much, time. Example review: ""nice"""
good,Explorers,0,0.0196,"Cluster 0 (n=348) labeled 'Explorers' because its centroid is closest to that segment's prototype reviews (cosine=0.020). Supporting cues: try(1). Frequent terms: service, delivery, blinkit, product, experience, like. Example review: ""good service"""
rr,Price Sensitive,2,0.2879,"Cluster 2 (n=1736) labeled 'Price Sensitive' because its centroid is closest to that segment's prototype reviews (cosine=0.288). Supporting cues: charge(150), rs(122), price(78), money(49), offer(28). Frequent terms: order, service, blinkit, product, time, bad. Example review: ""poor"""
thanks blinkit fast delivery,Routine Buyers,1,0.1454,"Cluster 1 (n=554) labeled 'Routine Buyers' because its centroid is closest to that segment's prototype reviews (cosine=0.145). Supporting cues: always(16), regular(1), usual(1). Frequent terms: delivery, fast, best, service, time, blinkit. Example review: ""super fast delivery"""
item expiry date expire,Price Sensitive,2,0.2879,"Cluster 2 (n=1736) labeled 'Price Sensitive' because its centroid is closest to that segment's prototype reviews (cosine=0.288). Supporting cues: charge(150), rs(122), price(78), money(49), offer(28). Frequent terms: order, service, blinkit, product, time, bad. Example review: ""poor"""
fast service,Routine Buyers,1,0.1454,"Cluster 1 (n=554) labeled 'Routine Buyers' because its centroid is closest to that segment's prototype reviews (cosine=0.145). Supporting cues: always(16), regular(1), usual(1). Frequent terms: delivery, fast, best, service, time, blinkit. Example review: ""super fast delivery"""
happy,Price Sensitive,2,0.2879,"Cluster 2 (n=1736) labeled 'Price Sensitive' because its centroid is closest to that segment's prototype reviews (cosine=0.288). Supporting cues: charge(150), rs(122), price(78), money(49), offer(28). Frequent terms: order, service, blinkit, product, time, bad. Example review: ""poor"""
blinkit charge handle fee always,Price Sensitive,2,0.2879,"Cluster 2 (n=1736) labeled 'Price Sensitive' because its centroid is closest to that segment's prototype reviews (cosine=0.288). Supporting cues: charge(150), rs(122), price(78), money(49), offer(28). Frequent terms: order, service, blinkit, product, time, bad. Example review: ""poor"""
iska delivery sahi nahin hai,Routine Buyers,1,0.1454,"Cluster 1 (n=554) labeled 'Routine Buyers' because its centroid is closest to that segment's prototype reviews (cosine=0.145). Supporting cues: always(16), regular(1), usual(1). Frequent terms: delivery, fast, best, service, time, blinkit. Example review: ""super fast delivery"""
convenient hassle free,Price Sensitive,2,0.2879,"Cluster 2 (n=1736) labeled 'Price Sensitive' because its centroid is closest to that segment's prototype reviews (cosine=0.288). Supporting cues: charge(150), rs(122), price(78), money(49), offer(28). Frequent terms: order, service, blinkit, product, time, bad. Example review: ""poor"""
app good charge high,Price Sensitive,2,0.2879,"Cluster 2 (n=1736) labeled 'Price Sensitive' because its centroid is closest to that segment's prototype reviews (cosine=0.288). Supporting cues: charge(150), rs(122), price(78), money(49), offer(28). Frequent terms: order, service, blinkit, product, time, bad. Example review: ""poor"""
sometimes blinkit deliver u item mention order summary charge,Price Sensitive,2,0.2879,"Cluster 2 (n=1736) labeled 'Price Sensitive' because its centroid is closest to that segment's prototype reviews (cosine=0.288). Supporting cues: charge(150), rs(122), price(78), money(49), offer(28). Frequent terms: order, service, blinkit, product, time, bad. Example review: ""poor"""
good gooder goodest,Explorers,0,0.0196,"Cluster 0 (n=348) labeled 'Explorers' because its centroid is closest to that segment's prototype reviews (cosine=0.020). Supporting cues: try(1). Frequent terms: service, delivery, blinkit, product, experience, like. Example review: ""good service"""
fast deliverey,Routine Buyers,1,0.1454,"Cluster 1 (n=554) labeled 'Routine Buyers' because its centroid is closest to that segment's prototype reviews (cosine=0.145). Supporting cues: always(16), regular(1), usual(1). Frequent terms: delivery, fast, best, service, time, blinkit. Example review: ""super fast delivery"""
bad service online payment n kare cash warna paisa cut jaata hai ata bhi nahi hai mera payment nahi aya hai abhi tak sir,Price Sensitive,2,0.2879,"Cluster 2 (n=1736) labeled 'Price Sensitive' because its centroid is closest to that segment's prototype reviews (cosine=0.288). Supporting cues: charge(150), rs(122), price(78), money(49), offer(28). Frequent terms: order, service, blinkit, product, time, bad. Example review: ""poor"""
nice,Impulse Buyers,3,0.0584,"Cluster 3 (n=180) labeled 'Impulse Buyers' because its centroid is closest to that segment's prototype reviews (cosine=0.058). Supporting cues: quick(4), late night(1). Frequent terms: service, delivery, blinkit, work, much, time. Example review: ""nice"""
bad app mislead customer stock notification click notification tab notification sms whstsup itemstoday cod available,Price Sensitive,2,0.2879,"Cluster 2 (n=1736) labeled 'Price Sensitive' because its centroid is closest to that segment's prototype reviews (cosine=0.288). Supporting cues: charge(150), rs(122), price(78), money(49), offer(28). Frequent terms: order, service, blinkit, product, time, bad. Example review: ""poor"""
good order emergency time,Explorers,0,0.0196,"Cluster 0 (n=348) labeled 'Explorers' because its centroid is closest to that segment's prototype reviews (cosine=0.020). Supporting cues: try(1). Frequent terms: service, delivery, blinkit, product, experience, like. Example review: ""good service"""
blinkit bahut kharab order deta hai hum ek bottle mangaya usme bottle futa hua nikla order return v nhi leta hai,Price Sensitive,2,0.2879,"Cluster 2 (n=1736) labeled 'Price Sensitive' because its centroid is closest to that segment's prototype reviews (cosine=0.288). Supporting cues: charge(150), rs(122), price(78), money(49), offer(28). Frequent terms: order, service, blinkit, product, time, bad. Example review: ""poor"""
share experience use month blinkit pathetic customer care service send rotten item dirty package first return wont accept apologize people continue buy order cod check everything doorstep ok dont receive,Price Sensitive,2,0.2879,"Cluster 2 (n=1736) labeled 'Price Sensitive' because its centroid is closest to that segment's prototype reviews (cosine=0.288). Supporting cues: charge(150), rs(122), price(78), money(49), offer(28). Frequent terms: order, service, blinkit, product, time, bad. Example review: ""poor"""
delivery charge expensive,Routine Buyers,1,0.1454,"Cluster 1 (n=554) labeled 'Routine Buyers' because its centroid is closest to that segment's prototype reviews (cosine=0.145). Supporting cues: always(16), regular(1), usual(1). Frequent terms: delivery, fast, best, service, time, blinkit. Example review: ""super fast delivery"""
randomly get hit 30 r surge charge,Price Sensitive,2,0.2879,"Cluster 2 (n=1736) labeled 'Price Sensitive' because its centroid is closest to that segment's prototype reviews (cosine=0.288). Supporting cues: charge(150), rs(122), price(78), money(49), offer(28). Frequent terms: order, service, blinkit, product, time, bad. Example review: ""poor"""
ye log change nhi rakhte,Price Sensitive,2,0.2879,"Cluster 2 (n=1736) labeled 'Price Sensitive' because its centroid is closest to that segment's prototype reviews (cosine=0.288). Supporting cues: charge(150), rs(122), price(78), money(49), offer(28). Frequent terms: order, service, blinkit, product, time, bad. Example review: ""poor"""
♥️,Price Sensitive,2,0.2879,"Cluster 2 (n=1736) labeled 'Price Sensitive' because its centroid is closest to that segment's prototype reviews (cosine=0.288). Supporting cues: charge(150), rs(122), price(78), money(49), offer(28). Frequent terms: order, service, blinkit, product, time, bad. Example review: ""poor"""
app nice trustable app,Impulse Buyers,3,0.0584,"Cluster 3 (n=180) labeled 'Impulse Buyers' because its centroid is closest to that segment's prototype reviews (cosine=0.058). Supporting cues: quick(4), late night(1). Frequent terms: service, delivery, blinkit, work, much, time. Example review: ""nice"""
easy way buy product,Price Sensitive,2,0.2879,"Cluster 2 (n=1736) labeled 'Price Sensitive' because its centroid is closest to that segment's prototype reviews (cosine=0.288). Supporting cues: charge(150), rs(122), price(78), money(49), offer(28). Frequent terms: order, service, blinkit, product, time, bad. Example review: ""poor"""
mind blow app give proper facility house gate polite delivery staff agent nice app like much appreciate blinkit teamfor valuable service,Impulse Buyers,3,0.0584,"Cluster 3 (n=180) labeled 'Impulse Buyers' because its centroid is closest to that segment's prototype reviews (cosine=0.058). Supporting cues: quick(4), late night(1). Frequent terms: service, delivery, blinkit, work, much, time. Example review: ""nice"""
thanks expressive delivery,Routine Buyers,1,0.1454,"Cluster 1 (n=554) labeled 'Routine Buyers' because its centroid is closest to that segment's prototype reviews (cosine=0.145). Supporting cues: always(16), regular(1), usual(1). Frequent terms: delivery, fast, best, service, time, blinkit. Example review: ""super fast delivery"""
good one,Explorers,0,0.0196,"Cluster 0 (n=348) labeled 'Explorers' because its centroid is closest to that segment's prototype reviews (cosine=0.020). Supporting cues: try(1). Frequent terms: service, delivery, blinkit, product, experience, like. Example review: ""good service"""
dubble payment houi hai abhi refund nhi houi hai customer service bad service,Price Sensitive,2,0.2879,"Cluster 2 (n=1736) labeled 'Price Sensitive' because its centroid is closest to that segment's prototype reviews (cosine=0.288). Supporting cues: charge(150), rs(122), price(78), money(49), offer(28). Frequent terms: order, service, blinkit, product, time, bad. Example review: ""poor"""
available area order friend address please make available area soon,Price Sensitive,2,0.2879,"Cluster 2 (n=1736) labeled 'Price Sensitive' because its centroid is closest to that segment's prototype reviews (cosine=0.288). Supporting cues: charge(150), rs(122), price(78), money(49), offer(28). Frequent terms: order, service, blinkit, product, time, bad. Example review: ""poor"""
v nice,Impulse Buyers,3,0.0584,"Cluster 3 (n=180) labeled 'Impulse Buyers' because its centroid is closest to that segment's prototype reviews (cosine=0.058). Supporting cues: quick(4), late night(1). Frequent terms: service, delivery, blinkit, work, much, time. Example review: ""nice"""
good customer service,Explorers,0,0.0196,"Cluster 0 (n=348) labeled 'Explorers' because its centroid is closest to that segment's prototype reviews (cosine=0.020). Supporting cues: try(1). Frequent terms: service, delivery, blinkit, product, experience, like. Example review: ""good service"""
proper communication channel know unless call find whats happen,Price Sensitive,2,0.2879,"Cluster 2 (n=1736) labeled 'Price Sensitive' because its centroid is closest to that segment's prototype reviews (cosine=0.288). Supporting cues: charge(150), rs(122), price(78), money(49), offer(28). Frequent terms: order, service, blinkit, product, time, bad. Example review: ""poor"""
🤟,Price Sensitive,2,0.2879,"Cluster 2 (n=1736) labeled 'Price Sensitive' because its centroid is closest to that segment's prototype reviews (cosine=0.288). Supporting cues: charge(150), rs(122), price(78), money(49), offer(28). Frequent terms: order, service, blinkit, product, time, bad. Example review: ""poor"""
fabulous app always hope improvement ive complaint sometimes get coffee tetra pack without straws apart one thing everything else fine,Price Sensitive,2,0.2879,"Cluster 2 (n=1736) labeled 'Price Sensitive' because its centroid is closest to that segment's prototype reviews (cosine=0.288). Supporting cues: charge(150), rs(122), price(78), money(49), offer(28). Frequent terms: order, service, blinkit, product, time, bad. Example review: ""poor"""
dont return item delivery product good,Price Sensitive,2,0.2879,"Cluster 2 (n=1736) labeled 'Price Sensitive' because its centroid is closest to that segment's prototype reviews (cosine=0.288). Supporting cues: charge(150), rs(122), price(78), money(49), offer(28). Frequent terms: order, service, blinkit, product, time, bad. Example review: ""poor"""
fantastic service,Price Sensitive,2,0.2879,"Cluster 2 (n=1736) labeled 'Price Sensitive' because its centroid is closest to that segment's prototype reviews (cosine=0.288). Supporting cues: charge(150), rs(122), price(78), money(49), offer(28). Frequent terms: order, service, blinkit, product, time, bad. Example review: ""poor"""
excellent gud superb,Price Sensitive,2,0.2879,"Cluster 2 (n=1736) labeled 'Price Sensitive' because its centroid is closest to that segment's prototype reviews (cosine=0.288). Supporting cues: charge(150), rs(122), price(78), money(49), offer(28). Frequent terms: order, service, blinkit, product, time, bad. Example review: ""poor"""
fast delivery impressive,Routine Buyers,1,0.1454,"Cluster 1 (n=554) labeled 'Routine Buyers' because its centroid is closest to that segment's prototype reviews (cosine=0.145). Supporting cues: always(16), regular(1), usual(1). Frequent terms: delivery, fast, best, service, time, blinkit. Example review: ""super fast delivery"""
app best,Routine Buyers,1,0.1454,"Cluster 1 (n=554) labeled 'Routine Buyers' because its centroid is closest to that segment's prototype reviews (cosine=0.145). Supporting cues: always(16), regular(1), usual(1). Frequent terms: delivery, fast, best, service, time, blinkit. Example review: ""super fast delivery"""
thank,Price Sensitive,2,0.2879,"Cluster 2 (n=1736) labeled 'Price Sensitive' because its centroid is closest to that segment's prototype reviews (cosine=0.288). Supporting cues: charge(150), rs(122), price(78), money(49), offer(28). Frequent terms: order, service, blinkit, product, time, bad. Example review: ""poor"""
good awesome quality service best,Routine Buyers,1,0.1454,"Cluster 1 (n=554) labeled 'Routine Buyers' because its centroid is closest to that segment's prototype reviews (cosine=0.145). Supporting cues: always(16), regular(1), usual(1). Frequent terms: delivery, fast, best, service, time, blinkit. Example review: ""super fast delivery"""
dont buy electronics platform say 7day replacement yet dont stick word even product faulty,Price Sensitive,2,0.2879,"Cluster 2 (n=1736) labeled 'Price Sensitive' because its centroid is closest to that segment's prototype reviews (cosine=0.288). Supporting cues: charge(150), rs(122), price(78), money(49), offer(28). Frequent terms: order, service, blinkit, product, time, bad. Example review: ""poor"""
prompt service good,Explorers,0,0.0196,"Cluster 0 (n=348) labeled 'Explorers' because its centroid is closest to that segment's prototype reviews (cosine=0.020). Supporting cues: try(1). Frequent terms: service, delivery, blinkit, product, experience, like. Example review: ""good service"""
one best item get like grocery suppliments,Routine Buyers,1,0.1454,"Cluster 1 (n=554) labeled 'Routine Buyers' because its centroid is closest to that segment's prototype reviews (cosine=0.145). Supporting cues: always(16), regular(1), usual(1). Frequent terms: delivery, fast, best, service, time, blinkit. Example review: ""super fast delivery"""
good,Explorers,0,0.0196,"Cluster 0 (n=348) labeled 'Explorers' because its centroid is closest to that segment's prototype reviews (cosine=0.020). Supporting cues: try(1). Frequent terms: service, delivery, blinkit, product, experience, like. Example review: ""good service"""
really useful time emergency,Price Sensitive,2,0.2879,"Cluster 2 (n=1736) labeled 'Price Sensitive' because its centroid is closest to that segment's prototype reviews (cosine=0.288). Supporting cues: charge(150), rs(122), price(78), money(49), offer(28). Frequent terms: order, service, blinkit, product, time, bad. Example review: ""poor"""
best choice,Routine Buyers,1,0.1454,"Cluster 1 (n=554) labeled 'Routine Buyers' because its centroid is closest to that segment's prototype reviews (cosine=0.145). Supporting cues: always(16), regular(1), usual(1). Frequent terms: delivery, fast, best, service, time, blinkit. Example review: ""super fast delivery"""
price jyada ha market se,Price Sensitive,2,0.2879,"Cluster 2 (n=1736) labeled 'Price Sensitive' because its centroid is closest to that segment's prototype reviews (cosine=0.288). Supporting cues: charge(150), rs(122), price(78), money(49), offer(28). Frequent terms: order, service, blinkit, product, time, bad. Example review: ""poor"""
ok fast delivery urgent,Routine Buyers,1,0.1454,"Cluster 1 (n=554) labeled 'Routine Buyers' because its centroid is closest to that segment's prototype reviews (cosine=0.145). Supporting cues: always(16), regular(1), usual(1). Frequent terms: delivery, fast, best, service, time, blinkit. Example review: ""super fast delivery"""
amaze,Price Sensitive,2,0.2879,"Cluster 2 (n=1736) labeled 'Price Sensitive' because its centroid is closest to that segment's prototype reviews (cosine=0.288). Supporting cues: charge(150), rs(122), price(78), money(49), offer(28). Frequent terms: order, service, blinkit, product, time, bad. Example review: ""poor"""
poor service,Price Sensitive,2,0.2879,"Cluster 2 (n=1736) labeled 'Price Sensitive' because its centroid is closest to that segment's prototype reviews (cosine=0.288). Supporting cues: charge(150), rs(122), price(78), money(49), offer(28). Frequent terms: order, service, blinkit, product, time, bad. Example review: ""poor"""
good application buy product,Explorers,0,0.0196,"Cluster 0 (n=348) labeled 'Explorers' because its centroid is closest to that segment's prototype reviews (cosine=0.020). Supporting cues: try(1). Frequent terms: service, delivery, blinkit, product, experience, like. Example review: ""good service"""
lie estimate delivery time say 10 min nothing even get dispatch 10 min least half time,Price Sensitive,2,0.2879,"Cluster 2 (n=1736) labeled 'Price Sensitive' because its centroid is closest to that segment's prototype reviews (cosine=0.288). Supporting cues: charge(150), rs(122), price(78), money(49), offer(28). Frequent terms: order, service, blinkit, product, time, bad. Example review: ""poor"""
good range available,Explorers,0,0.0196,"Cluster 0 (n=348) labeled 'Explorers' because its centroid is closest to that segment's prototype reviews (cosine=0.020). Supporting cues: try(1). Frequent terms: service, delivery, blinkit, product, experience, like. Example review: ""good service"""
good app grocery,Explorers,0,0.0196,"Cluster 0 (n=348) labeled 'Explorers' because its centroid is closest to that segment's prototype reviews (cosine=0.020). Supporting cues: try(1). Frequent terms: service, delivery, blinkit, product, experience, like. Example review: ""good service"""
change available always,Price Sensitive,2,0.2879,"Cluster 2 (n=1736) labeled 'Price Sensitive' because its centroid is closest to that segment's prototype reviews (cosine=0.288). Supporting cues: charge(150), rs(122), price(78), money(49), offer(28). Frequent terms: order, service, blinkit, product, time, bad. Example review: ""poor"""
r 30 chees ko 85 mai kyoo dei rha ho,Price Sensitive,2,0.2879,"Cluster 2 (n=1736) labeled 'Price Sensitive' because its centroid is closest to that segment's prototype reviews (cosine=0.288). Supporting cues: charge(150), rs(122), price(78), money(49), offer(28). Frequent terms: order, service, blinkit, product, time, bad. Example review: ""poor"""
verygood,Price Sensitive,2,0.2879,"Cluster 2 (n=1736) labeled 'Price Sensitive' because its centroid is closest to that segment's prototype reviews (cosine=0.288). Supporting cues: charge(150), rs(122), price(78), money(49), offer(28). Frequent terms: order, service, blinkit, product, time, bad. Example review: ""poor"""
usefull app,Price Sensitive,2,0.2879,"Cluster 2 (n=1736) labeled 'Price Sensitive' because its centroid is closest to that segment's prototype reviews (cosine=0.288). Supporting cues: charge(150), rs(122), price(78), money(49), offer(28). Frequent terms: order, service, blinkit, product, time, bad. Example review: ""poor"""
nice application,Impulse Buyers,3,0.0584,"Cluster 3 (n=180) labeled 'Impulse Buyers' because its centroid is closest to that segment's prototype reviews (cosine=0.058). Supporting cues: quick(4), late night(1). Frequent terms: service, delivery, blinkit, work, much, time. Example review: ""nice"""
app good discount card upi limit like use offer earlier local retailer give discount blinkit think move app local store,Price Sensitive,2,0.2879,"Cluster 2 (n=1736) labeled 'Price Sensitive' because its centroid is closest to that segment's prototype reviews (cosine=0.288). Supporting cues: charge(150), rs(122), price(78), money(49), offer(28). Frequent terms: order, service, blinkit, product, time, bad. Example review: ""poor"""
cancel order option show,Price Sensitive,2,0.2879,"Cluster 2 (n=1736) labeled 'Price Sensitive' because its centroid is closest to that segment's prototype reviews (cosine=0.288). Supporting cues: charge(150), rs(122), price(78), money(49), offer(28). Frequent terms: order, service, blinkit, product, time, bad. Example review: ""poor"""
thik thak,Price Sensitive,2,0.2879,"Cluster 2 (n=1736) labeled 'Price Sensitive' because its centroid is closest to that segment's prototype reviews (cosine=0.288). Supporting cues: charge(150), rs(122), price(78), money(49), offer(28). Frequent terms: order, service, blinkit, product, time, bad. Example review: ""poor"""
good,Explorers,0,0.0196,"Cluster 0 (n=348) labeled 'Explorers' because its centroid is closest to that segment's prototype reviews (cosine=0.020). Supporting cues: try(1). Frequent terms: service, delivery, blinkit, product, experience, like. Example review: ""good service"""
delivery boy refuse come railway platform reach railway station,Routine Buyers,1,0.1454,"Cluster 1 (n=554) labeled 'Routine Buyers' because its centroid is closest to that segment's prototype reviews (cosine=0.145). Supporting cues: always(16), regular(1), usual(1). Frequent terms: delivery, fast, best, service, time, blinkit. Example review: ""super fast delivery"""
good item right time delivery problem never time cash delivery close,Routine Buyers,1,0.1454,"Cluster 1 (n=554) labeled 'Routine Buyers' because its centroid is closest to that segment's prototype reviews (cosine=0.145). Supporting cues: always(16), regular(1), usual(1). Frequent terms: delivery, fast, best, service, time, blinkit. Example review: ""super fast delivery"""
badhiya kaam kar rahe ho blinkit ambulance important society,Price Sensitive,2,0.2879,"Cluster 2 (n=1736) labeled 'Price Sensitive' because its centroid is closest to that segment's prototype reviews (cosine=0.288). Supporting cues: charge(150), rs(122), price(78), money(49), offer(28). Frequent terms: order, service, blinkit, product, time, bad. Example review: ""poor"""
well flipkart minute,Price Sensitive,2,0.2879,"Cluster 2 (n=1736) labeled 'Price Sensitive' because its centroid is closest to that segment's prototype reviews (cosine=0.288). Supporting cues: charge(150), rs(122), price(78), money(49), offer(28). Frequent terms: order, service, blinkit, product, time, bad. Example review: ""poor"""
order good order 5 kg 2 sugar packet stuff society 3 lift rider say paper bag give blinkit worn kindly come pooor service muzaffarnagar blinkit store give small paper bag 10 kg sugar stuff amount 1200 rupees father senior citizen pick order park society blinkit boy everyone must order amount rs 100 maximum blinkit,Price Sensitive,2,0.2879,"Cluster 2 (n=1736) labeled 'Price Sensitive' because its centroid is closest to that segment's prototype reviews (cosine=0.288). Supporting cues: charge(150), rs(122), price(78), money(49), offer(28). Frequent terms: order, service, blinkit, product, time, bad. Example review: ""poor"""
good,Explorers,0,0.0196,"Cluster 0 (n=348) labeled 'Explorers' because its centroid is closest to that segment's prototype reviews (cosine=0.020). Supporting cues: try(1). Frequent terms: service, delivery, blinkit, product, experience, like. Example review: ""good service"""
rate 1010 fast delivery,Routine Buyers,1,0.1454,"Cluster 1 (n=554) labeled 'Routine Buyers' because its centroid is closest to that segment's prototype reviews (cosine=0.145). Supporting cues: always(16), regular(1), usual(1). Frequent terms: delivery, fast, best, service, time, blinkit. Example review: ""super fast delivery"""
one thing happen havent receive refund show already do,Price Sensitive,2,0.2879,"Cluster 2 (n=1736) labeled 'Price Sensitive' because its centroid is closest to that segment's prototype reviews (cosine=0.288). Supporting cues: charge(150), rs(122), price(78), money(49), offer(28). Frequent terms: order, service, blinkit, product, time, bad. Example review: ""poor"""
first order check dilivery time,Price Sensitive,2,0.2879,"Cluster 2 (n=1736) labeled 'Price Sensitive' because its centroid is closest to that segment's prototype reviews (cosine=0.288). Supporting cues: charge(150), rs(122), price(78), money(49), offer(28). Frequent terms: order, service, blinkit, product, time, bad. Example review: ""poor"""
dont get hype return facility cause bad damage product return give coupon,Price Sensitive,2,0.2879,"Cluster 2 (n=1736) labeled 'Price Sensitive' because its centroid is closest to that segment's prototype reviews (cosine=0.288). Supporting cues: charge(150), rs(122), price(78), money(49), offer(28). Frequent terms: order, service, blinkit, product, time, bad. Example review: ""poor"""
ye bht helpful application,Price Sensitive,2,0.2879,"Cluster 2 (n=1736) labeled 'Price Sensitive' because its centroid is closest to that segment's prototype reviews (cosine=0.288). Supporting cues: charge(150), rs(122), price(78), money(49), offer(28). Frequent terms: order, service, blinkit, product, time, bad. Example review: ""poor"""
love app bit,Price Sensitive,2,0.2879,"Cluster 2 (n=1736) labeled 'Price Sensitive' because its centroid is closest to that segment's prototype reviews (cosine=0.288). Supporting cues: charge(150), rs(122), price(78), money(49), offer(28). Frequent terms: order, service, blinkit, product, time, bad. Example review: ""poor"""
bahut achcha hai,Price Sensitive,2,0.2879,"Cluster 2 (n=1736) labeled 'Price Sensitive' because its centroid is closest to that segment's prototype reviews (cosine=0.288). Supporting cues: charge(150), rs(122), price(78), money(49), offer(28). Frequent terms: order, service, blinkit, product, time, bad. Example review: ""poor"""
useful,Price Sensitive,2,0.2879,"Cluster 2 (n=1736) labeled 'Price Sensitive' because its centroid is closest to that segment's prototype reviews (cosine=0.288). Supporting cues: charge(150), rs(122), price(78), money(49), offer(28). Frequent terms: order, service, blinkit, product, time, bad. Example review: ""poor"""
absolutely love blinkit ambulance service helpful needy thing,Price Sensitive,2,0.2879,"Cluster 2 (n=1736) labeled 'Price Sensitive' because its centroid is closest to that segment's prototype reviews (cosine=0.288). Supporting cues: charge(150), rs(122), price(78), money(49), offer(28). Frequent terms: order, service, blinkit, product, time, bad. Example review: ""poor"""
gatiya app,Price Sensitive,2,0.2879,"Cluster 2 (n=1736) labeled 'Price Sensitive' because its centroid is closest to that segment's prototype reviews (cosine=0.288). Supporting cues: charge(150), rs(122), price(78), money(49), offer(28). Frequent terms: order, service, blinkit, product, time, bad. Example review: ""poor"""
v good,Explorers,0,0.0196,"Cluster 0 (n=348) labeled 'Explorers' because its centroid is closest to that segment's prototype reviews (cosine=0.020). Supporting cues: try(1). Frequent terms: service, delivery, blinkit, product, experience, like. Example review: ""good service"""
app really good reliable happy service,Price Sensitive,2,0.2879,"Cluster 2 (n=1736) labeled 'Price Sensitive' because its centroid is closest to that segment's prototype reviews (cosine=0.288). Supporting cues: charge(150), rs(122), price(78), money(49), offer(28). Frequent terms: order, service, blinkit, product, time, bad. Example review: ""poor"""
good job,Price Sensitive,2,0.2879,"Cluster 2 (n=1736) labeled 'Price Sensitive' because its centroid is closest to that segment's prototype reviews (cosine=0.288). Supporting cues: charge(150), rs(122), price(78), money(49), offer(28). Frequent terms: order, service, blinkit, product, time, bad. Example review: ""poor"""
ice cream completely melt didnt feel like one shd collect last delivery,Routine Buyers,1,0.1454,"Cluster 1 (n=554) labeled 'Routine Buyers' because its centroid is closest to that segment's prototype reviews (cosine=0.145). Supporting cues: always(16), regular(1), usual(1). Frequent terms: delivery, fast, best, service, time, blinkit. Example review: ""super fast delivery"""
fast delivery good service,Routine Buyers,1,0.1454,"Cluster 1 (n=554) labeled 'Routine Buyers' because its centroid is closest to that segment's prototype reviews (cosine=0.145). Supporting cues: always(16), regular(1), usual(1). Frequent terms: delivery, fast, best, service, time, blinkit. Example review: ""super fast delivery"""
exelent,Price Sensitive,2,0.2879,"Cluster 2 (n=1736) labeled 'Price Sensitive' because its centroid is closest to that segment's prototype reviews (cosine=0.288). Supporting cues: charge(150), rs(122), price(78), money(49), offer(28). Frequent terms: order, service, blinkit, product, time, bad. Example review: ""poor"""
use app sometime today delivery guy didnt give money full change back acceptable,Price Sensitive,2,0.2879,"Cluster 2 (n=1736) labeled 'Price Sensitive' because its centroid is closest to that segment's prototype reviews (cosine=0.288). Supporting cues: charge(150), rs(122), price(78), money(49), offer(28). Frequent terms: order, service, blinkit, product, time, bad. Example review: ""poor"""
lose blinkit due absence cancellation refund policy,Price Sensitive,2,0.2879,"Cluster 2 (n=1736) labeled 'Price Sensitive' because its centroid is closest to that segment's prototype reviews (cosine=0.288). Supporting cues: charge(150), rs(122), price(78), money(49), offer(28). Frequent terms: order, service, blinkit, product, time, bad. Example review: ""poor"""
good one,Explorers,0,0.0196,"Cluster 0 (n=348) labeled 'Explorers' because its centroid is closest to that segment's prototype reviews (cosine=0.020). Supporting cues: try(1). Frequent terms: service, delivery, blinkit, product, experience, like. Example review: ""good service"""
theyre charge surge fee wont deliver time theyll get money customer wont give refund inconvenience cause apologise nothing else dont use app,Price Sensitive,2,0.2879,"Cluster 2 (n=1736) labeled 'Price Sensitive' because its centroid is closest to that segment's prototype reviews (cosine=0.288). Supporting cues: charge(150), rs(122), price(78), money(49), offer(28). Frequent terms: order, service, blinkit, product, time, bad. Example review: ""poor"""
nce app,Price Sensitive,2,0.2879,"Cluster 2 (n=1736) labeled 'Price Sensitive' because its centroid is closest to that segment's prototype reviews (cosine=0.288). Supporting cues: charge(150), rs(122), price(78), money(49), offer(28). Frequent terms: order, service, blinkit, product, time, bad. Example review: ""poor"""
nice,Impulse Buyers,3,0.0584,"Cluster 3 (n=180) labeled 'Impulse Buyers' because its centroid is closest to that segment's prototype reviews (cosine=0.058). Supporting cues: quick(4), late night(1). Frequent terms: service, delivery, blinkit, work, much, time. Example review: ""nice"""
bad experience delivery partner take tip forcefully,Routine Buyers,1,0.1454,"Cluster 1 (n=554) labeled 'Routine Buyers' because its centroid is closest to that segment's prototype reviews (cosine=0.145). Supporting cues: always(16), regular(1), usual(1). Frequent terms: delivery, fast, best, service, time, blinkit. Example review: ""super fast delivery"""
fantastic,Price Sensitive,2,0.2879,"Cluster 2 (n=1736) labeled 'Price Sensitive' because its centroid is closest to that segment's prototype reviews (cosine=0.288). Supporting cues: charge(150), rs(122), price(78), money(49), offer(28). Frequent terms: order, service, blinkit, product, time, bad. Example review: ""poor"""
mast aap hai,Price Sensitive,2,0.2879,"Cluster 2 (n=1736) labeled 'Price Sensitive' because its centroid is closest to that segment's prototype reviews (cosine=0.288). Supporting cues: charge(150), rs(122), price(78), money(49), offer(28). Frequent terms: order, service, blinkit, product, time, bad. Example review: ""poor"""
excellent service,Price Sensitive,2,0.2879,"Cluster 2 (n=1736) labeled 'Price Sensitive' because its centroid is closest to that segment's prototype reviews (cosine=0.288). Supporting cues: charge(150), rs(122), price(78), money(49), offer(28). Frequent terms: order, service, blinkit, product, time, bad. Example review: ""poor"""
best last time best part free shipping delivery,Routine Buyers,1,0.1454,"Cluster 1 (n=554) labeled 'Routine Buyers' because its centroid is closest to that segment's prototype reviews (cosine=0.145). Supporting cues: always(16), regular(1), usual(1). Frequent terms: delivery, fast, best, service, time, blinkit. Example review: ""super fast delivery"""
sometimes delay,Price Sensitive,2,0.2879,"Cluster 2 (n=1736) labeled 'Price Sensitive' because its centroid is closest to that segment's prototype reviews (cosine=0.288). Supporting cues: charge(150), rs(122), price(78), money(49), offer(28). Frequent terms: order, service, blinkit, product, time, bad. Example review: ""poor"""
cancellation,Price Sensitive,2,0.2879,"Cluster 2 (n=1736) labeled 'Price Sensitive' because its centroid is closest to that segment's prototype reviews (cosine=0.288). Supporting cues: charge(150), rs(122), price(78), money(49), offer(28). Frequent terms: order, service, blinkit, product, time, bad. Example review: ""poor"""
like much one time nothing bag complain get refund nice request please deliver near village,Impulse Buyers,3,0.0584,"Cluster 3 (n=180) labeled 'Impulse Buyers' because its centroid is closest to that segment's prototype reviews (cosine=0.058). Supporting cues: quick(4), late night(1). Frequent terms: service, delivery, blinkit, work, much, time. Example review: ""nice"""
✨️✨️✨️✨️🤌🏻🤌🏻🤌🏻🤌🏻🥺,Price Sensitive,2,0.2879,"Cluster 2 (n=1736) labeled 'Price Sensitive' because its centroid is closest to that segment's prototype reviews (cosine=0.288). Supporting cues: charge(150), rs(122), price(78), money(49), offer(28). Frequent terms: order, service, blinkit, product, time, bad. Example review: ""poor"""
nice good,Impulse Buyers,3,0.0584,"Cluster 3 (n=180) labeled 'Impulse Buyers' because its centroid is closest to that segment's prototype reviews (cosine=0.058). Supporting cues: quick(4), late night(1). Frequent terms: service, delivery, blinkit, work, much, time. Example review: ""nice"""
awesome fast delivery,Routine Buyers,1,0.1454,"Cluster 1 (n=554) labeled 'Routine Buyers' because its centroid is closest to that segment's prototype reviews (cosine=0.145). Supporting cues: always(16), regular(1), usual(1). Frequent terms: delivery, fast, best, service, time, blinkit. Example review: ""super fast delivery"""
gooooooood app utilise time,Price Sensitive,2,0.2879,"Cluster 2 (n=1736) labeled 'Price Sensitive' because its centroid is closest to that segment's prototype reviews (cosine=0.288). Supporting cues: charge(150), rs(122), price(78), money(49), offer(28). Frequent terms: order, service, blinkit, product, time, bad. Example review: ""poor"""
bad virtual assistant,Price Sensitive,2,0.2879,"Cluster 2 (n=1736) labeled 'Price Sensitive' because its centroid is closest to that segment's prototype reviews (cosine=0.288). Supporting cues: charge(150), rs(122), price(78), money(49), offer(28). Frequent terms: order, service, blinkit, product, time, bad. Example review: ""poor"""
nice,Impulse Buyers,3,0.0584,"Cluster 3 (n=180) labeled 'Impulse Buyers' because its centroid is closest to that segment's prototype reviews (cosine=0.058). Supporting cues: quick(4), late night(1). Frequent terms: service, delivery, blinkit, work, much, time. Example review: ""nice"""
im wait order,Price Sensitive,2,0.2879,"Cluster 2 (n=1736) labeled 'Price Sensitive' because its centroid is closest to that segment's prototype reviews (cosine=0.288). Supporting cues: charge(150), rs(122), price(78), money(49), offer(28). Frequent terms: order, service, blinkit, product, time, bad. Example review: ""poor"""
osm,Price Sensitive,2,0.2879,"Cluster 2 (n=1736) labeled 'Price Sensitive' because its centroid is closest to that segment's prototype reviews (cosine=0.288). Supporting cues: charge(150), rs(122), price(78), money(49), offer(28). Frequent terms: order, service, blinkit, product, time, bad. Example review: ""poor"""
good decrease delivery charge,Routine Buyers,1,0.1454,"Cluster 1 (n=554) labeled 'Routine Buyers' because its centroid is closest to that segment's prototype reviews (cosine=0.145). Supporting cues: always(16), regular(1), usual(1). Frequent terms: delivery, fast, best, service, time, blinkit. Example review: ""super fast delivery"""
nice reliable source good,Impulse Buyers,3,0.0584,"Cluster 3 (n=180) labeled 'Impulse Buyers' because its centroid is closest to that segment's prototype reviews (cosine=0.058). Supporting cues: quick(4), late night(1). Frequent terms: service, delivery, blinkit, work, much, time. Example review: ""nice"""
new product add,Price Sensitive,2,0.2879,"Cluster 2 (n=1736) labeled 'Price Sensitive' because its centroid is closest to that segment's prototype reviews (cosine=0.288). Supporting cues: charge(150), rs(122), price(78), money(49), offer(28). Frequent terms: order, service, blinkit, product, time, bad. Example review: ""poor"""
cancellation policy,Price Sensitive,2,0.2879,"Cluster 2 (n=1736) labeled 'Price Sensitive' because its centroid is closest to that segment's prototype reviews (cosine=0.288). Supporting cues: charge(150), rs(122), price(78), money(49), offer(28). Frequent terms: order, service, blinkit, product, time, bad. Example review: ""poor"""
good app fast delivery ever,Routine Buyers,1,0.1454,"Cluster 1 (n=554) labeled 'Routine Buyers' because its centroid is closest to that segment's prototype reviews (cosine=0.145). Supporting cues: always(16), regular(1), usual(1). Frequent terms: delivery, fast, best, service, time, blinkit. Example review: ""super fast delivery"""
guy ever try store always unavailable,Price Sensitive,2,0.2879,"Cluster 2 (n=1736) labeled 'Price Sensitive' because its centroid is closest to that segment's prototype reviews (cosine=0.288). Supporting cues: charge(150), rs(122), price(78), money(49), offer(28). Frequent terms: order, service, blinkit, product, time, bad. Example review: ""poor"""
best delivery awesome product time delivery quality product,Routine Buyers,1,0.1454,"Cluster 1 (n=554) labeled 'Routine Buyers' because its centroid is closest to that segment's prototype reviews (cosine=0.145). Supporting cues: always(16), regular(1), usual(1). Frequent terms: delivery, fast, best, service, time, blinkit. Example review: ""super fast delivery"""
bad customer support service,Price Sensitive,2,0.2879,"Cluster 2 (n=1736) labeled 'Price Sensitive' because its centroid is closest to that segment's prototype reviews (cosine=0.288). Supporting cues: charge(150), rs(122), price(78), money(49), offer(28). Frequent terms: order, service, blinkit, product, time, bad. Example review: ""poor"""
order little late,Price Sensitive,2,0.2879,"Cluster 2 (n=1736) labeled 'Price Sensitive' because its centroid is closest to that segment's prototype reviews (cosine=0.288). Supporting cues: charge(150), rs(122), price(78), money(49), offer(28). Frequent terms: order, service, blinkit, product, time, bad. Example review: ""poor"""
nice app fast delivery,Routine Buyers,1,0.1454,"Cluster 1 (n=554) labeled 'Routine Buyers' because its centroid is closest to that segment's prototype reviews (cosine=0.145). Supporting cues: always(16), regular(1), usual(1). Frequent terms: delivery, fast, best, service, time, blinkit. Example review: ""super fast delivery"""
blinkit useful,Price Sensitive,2,0.2879,"Cluster 2 (n=1736) labeled 'Price Sensitive' because its centroid is closest to that segment's prototype reviews (cosine=0.288). Supporting cues: charge(150), rs(122), price(78), money(49), offer(28). Frequent terms: order, service, blinkit, product, time, bad. Example review: ""poor"""
rude bliket rider didnt reach location n make drama location near blinkit house n cant still catch location n make drama name shakeel reach location right tell order say n say u call ryt n call ur make drama hide show whos order n leave say yes urs thisplease look forward,Price Sensitive,2,0.2879,"Cluster 2 (n=1736) labeled 'Price Sensitive' because its centroid is closest to that segment's prototype reviews (cosine=0.288). Supporting cues: charge(150), rs(122), price(78), money(49), offer(28). Frequent terms: order, service, blinkit, product, time, bad. Example review: ""poor"""
easy get item,Price Sensitive,2,0.2879,"Cluster 2 (n=1736) labeled 'Price Sensitive' because its centroid is closest to that segment's prototype reviews (cosine=0.288). Supporting cues: charge(150), rs(122), price(78), money(49), offer(28). Frequent terms: order, service, blinkit, product, time, bad. Example review: ""poor"""
excellent service blinkit delivers grocery daily essential quickly app easy use product usually fresh delivery partner prompt great lastminute shopping improve refund replacement overall convenient reliable service,Price Sensitive,2,0.2879,"Cluster 2 (n=1736) labeled 'Price Sensitive' because its centroid is closest to that segment's prototype reviews (cosine=0.288). Supporting cues: charge(150), rs(122), price(78), money(49), offer(28). Frequent terms: order, service, blinkit, product, time, bad. Example review: ""poor"""
bad handling charge delivery charge much cant order one single item handle charge delivery charge,Price Sensitive,2,0.2879,"Cluster 2 (n=1736) labeled 'Price Sensitive' because its centroid is closest to that segment's prototype reviews (cosine=0.288). Supporting cues: charge(150), rs(122), price(78), money(49), offer(28). Frequent terms: order, service, blinkit, product, time, bad. Example review: ""poor"""
fast delivery,Routine Buyers,1,0.1454,"Cluster 1 (n=554) labeled 'Routine Buyers' because its centroid is closest to that segment's prototype reviews (cosine=0.145). Supporting cues: always(16), regular(1), usual(1). Frequent terms: delivery, fast, best, service, time, blinkit. Example review: ""super fast delivery"""
l try,Price Sensitive,2,0.2879,"Cluster 2 (n=1736) labeled 'Price Sensitive' because its centroid is closest to that segment's prototype reviews (cosine=0.288). Supporting cues: charge(150), rs(122), price(78), money(49), offer(28). Frequent terms: order, service, blinkit, product, time, bad. Example review: ""poor"""
good easy find thing fast delivery,Routine Buyers,1,0.1454,"Cluster 1 (n=554) labeled 'Routine Buyers' because its centroid is closest to that segment's prototype reviews (cosine=0.145). Supporting cues: always(16), regular(1), usual(1). Frequent terms: delivery, fast, best, service, time, blinkit. Example review: ""super fast delivery"""
good prompt service,Explorers,0,0.0196,"Cluster 0 (n=348) labeled 'Explorers' because its centroid is closest to that segment's prototype reviews (cosine=0.020). Supporting cues: try(1). Frequent terms: service, delivery, blinkit, product, experience, like. Example review: ""good service"""
delivery charge high,Routine Buyers,1,0.1454,"Cluster 1 (n=554) labeled 'Routine Buyers' because its centroid is closest to that segment's prototype reviews (cosine=0.145). Supporting cues: always(16), regular(1), usual(1). Frequent terms: delivery, fast, best, service, time, blinkit. Example review: ""super fast delivery"""
1010 app reduce free delivery amount make,Routine Buyers,1,0.1454,"Cluster 1 (n=554) labeled 'Routine Buyers' because its centroid is closest to that segment's prototype reviews (cosine=0.145). Supporting cues: always(16), regular(1), usual(1). Frequent terms: delivery, fast, best, service, time, blinkit. Example review: ""super fast delivery"""
full 10 10 dude,Price Sensitive,2,0.2879,"Cluster 2 (n=1736) labeled 'Price Sensitive' because its centroid is closest to that segment's prototype reviews (cosine=0.288). Supporting cues: charge(150), rs(122), price(78), money(49), offer(28). Frequent terms: order, service, blinkit, product, time, bad. Example review: ""poor"""
good,Explorers,0,0.0196,"Cluster 0 (n=348) labeled 'Explorers' because its centroid is closest to that segment's prototype reviews (cosine=0.020). Supporting cues: try(1). Frequent terms: service, delivery, blinkit, product, experience, like. Example review: ""good service"""
zada hi paisa lete h,Price Sensitive,2,0.2879,"Cluster 2 (n=1736) labeled 'Price Sensitive' because its centroid is closest to that segment's prototype reviews (cosine=0.288). Supporting cues: charge(150), rs(122), price(78), money(49), offer(28). Frequent terms: order, service, blinkit, product, time, bad. Example review: ""poor"""
unmatched quality genius design total gamechanger rarely leave review use kit consistently past week felt compelled share experience simply put handsdown one best investment ever make moment package arrive clear creator put immense amount think care precision every single detail first impression package alone deserve fivestar rating,Price Sensitive,2,0.2879,"Cluster 2 (n=1736) labeled 'Price Sensitive' because its centroid is closest to that segment's prototype reviews (cosine=0.288). Supporting cues: charge(150), rs(122), price(78), money(49), offer(28). Frequent terms: order, service, blinkit, product, time, bad. Example review: ""poor"""
brooo order milk deliver cardboard bag always torn apart milk cold water outside please change ur bag deliver milk cold stuff,Price Sensitive,2,0.2879,"Cluster 2 (n=1736) labeled 'Price Sensitive' because its centroid is closest to that segment's prototype reviews (cosine=0.288). Supporting cues: charge(150), rs(122), price(78), money(49), offer(28). Frequent terms: order, service, blinkit, product, time, bad. Example review: ""poor"""
god product im happy,Price Sensitive,2,0.2879,"Cluster 2 (n=1736) labeled 'Price Sensitive' because its centroid is closest to that segment's prototype reviews (cosine=0.288). Supporting cues: charge(150), rs(122), price(78), money(49), offer(28). Frequent terms: order, service, blinkit, product, time, bad. Example review: ""poor"""
nice,Impulse Buyers,3,0.0584,"Cluster 3 (n=180) labeled 'Impulse Buyers' because its centroid is closest to that segment's prototype reviews (cosine=0.058). Supporting cues: quick(4), late night(1). Frequent terms: service, delivery, blinkit, work, much, time. Example review: ""nice"""
customer service patheticthey close 7 day return window timethey dont respond complete orderif order faulty damagedcheap faultits fault,Price Sensitive,2,0.2879,"Cluster 2 (n=1736) labeled 'Price Sensitive' because its centroid is closest to that segment's prototype reviews (cosine=0.288). Supporting cues: charge(150), rs(122), price(78), money(49), offer(28). Frequent terms: order, service, blinkit, product, time, bad. Example review: ""poor"""
rude delivery partner refuse come location bad experience blinkit never think blinkit disappoint,Price Sensitive,2,0.2879,"Cluster 2 (n=1736) labeled 'Price Sensitive' because its centroid is closest to that segment's prototype reviews (cosine=0.288). Supporting cues: charge(150), rs(122), price(78), money(49), offer(28). Frequent terms: order, service, blinkit, product, time, bad. Example review: ""poor"""
bad service regard product return install app always send bad product hv bad experience install app,Price Sensitive,2,0.2879,"Cluster 2 (n=1736) labeled 'Price Sensitive' because its centroid is closest to that segment's prototype reviews (cosine=0.288). Supporting cues: charge(150), rs(122), price(78), money(49), offer(28). Frequent terms: order, service, blinkit, product, time, bad. Example review: ""poor"""
5 star,Price Sensitive,2,0.2879,"Cluster 2 (n=1736) labeled 'Price Sensitive' because its centroid is closest to that segment's prototype reviews (cosine=0.288). Supporting cues: charge(150), rs(122), price(78), money(49), offer(28). Frequent terms: order, service, blinkit, product, time, bad. Example review: ""poor"""
verygood,Price Sensitive,2,0.2879,"Cluster 2 (n=1736) labeled 'Price Sensitive' because its centroid is closest to that segment's prototype reviews (cosine=0.288). Supporting cues: charge(150), rs(122), price(78), money(49), offer(28). Frequent terms: order, service, blinkit, product, time, bad. Example review: ""poor"""
सबसे बेस्ट डिलीवरी,Price Sensitive,2,0.2879,"Cluster 2 (n=1736) labeled 'Price Sensitive' because its centroid is closest to that segment's prototype reviews (cosine=0.288). Supporting cues: charge(150), rs(122), price(78), money(49), offer(28). Frequent terms: order, service, blinkit, product, time, bad. Example review: ""poor"""
good performance,Explorers,0,0.0196,"Cluster 0 (n=348) labeled 'Explorers' because its centroid is closest to that segment's prototype reviews (cosine=0.020). Supporting cues: try(1). Frequent terms: service, delivery, blinkit, product, experience, like. Example review: ""good service"""
work blinkit fireboltt click 4g smart watch,Price Sensitive,2,0.2879,"Cluster 2 (n=1736) labeled 'Price Sensitive' because its centroid is closest to that segment's prototype reviews (cosine=0.288). Supporting cues: charge(150), rs(122), price(78), money(49), offer(28). Frequent terms: order, service, blinkit, product, time, bad. Example review: ""poor"""
well delivery apps,Routine Buyers,1,0.1454,"Cluster 1 (n=554) labeled 'Routine Buyers' because its centroid is closest to that segment's prototype reviews (cosine=0.145). Supporting cues: always(16), regular(1), usual(1). Frequent terms: delivery, fast, best, service, time, blinkit. Example review: ""super fast delivery"""
cancle option bc,Price Sensitive,2,0.2879,"Cluster 2 (n=1736) labeled 'Price Sensitive' because its centroid is closest to that segment's prototype reviews (cosine=0.288). Supporting cues: charge(150), rs(122), price(78), money(49), offer(28). Frequent terms: order, service, blinkit, product, time, bad. Example review: ""poor"""
satisfactory,Price Sensitive,2,0.2879,"Cluster 2 (n=1736) labeled 'Price Sensitive' because its centroid is closest to that segment's prototype reviews (cosine=0.288). Supporting cues: charge(150), rs(122), price(78), money(49), offer(28). Frequent terms: order, service, blinkit, product, time, bad. Example review: ""poor"""
item quality well online food apps,Price Sensitive,2,0.2879,"Cluster 2 (n=1736) labeled 'Price Sensitive' because its centroid is closest to that segment's prototype reviews (cosine=0.288). Supporting cues: charge(150), rs(122), price(78), money(49), offer(28). Frequent terms: order, service, blinkit, product, time, bad. Example review: ""poor"""
worstcheaterwill spread word buy appcharged surcharge 30rs handling fee 5 rs give break invoice bill,Price Sensitive,2,0.2879,"Cluster 2 (n=1736) labeled 'Price Sensitive' because its centroid is closest to that segment's prototype reviews (cosine=0.288). Supporting cues: charge(150), rs(122), price(78), money(49), offer(28). Frequent terms: order, service, blinkit, product, time, bad. Example review: ""poor"""
need add option sell healthy thing dont contain harmful chemical,Price Sensitive,2,0.2879,"Cluster 2 (n=1736) labeled 'Price Sensitive' because its centroid is closest to that segment's prototype reviews (cosine=0.288). Supporting cues: charge(150), rs(122), price(78), money(49), offer(28). Frequent terms: order, service, blinkit, product, time, bad. Example review: ""poor"""
bad experience please close blinkit sell experid itemsi order baby milk powder receive experid milk powder bad,Price Sensitive,2,0.2879,"Cluster 2 (n=1736) labeled 'Price Sensitive' because its centroid is closest to that segment's prototype reviews (cosine=0.288). Supporting cues: charge(150), rs(122), price(78), money(49), offer(28). Frequent terms: order, service, blinkit, product, time, bad. Example review: ""poor"""
able rate order first rude behaviour driver,Price Sensitive,2,0.2879,"Cluster 2 (n=1736) labeled 'Price Sensitive' because its centroid is closest to that segment's prototype reviews (cosine=0.288). Supporting cues: charge(150), rs(122), price(78), money(49), offer(28). Frequent terms: order, service, blinkit, product, time, bad. Example review: ""poor"""
😊👍👍,Price Sensitive,2,0.2879,"Cluster 2 (n=1736) labeled 'Price Sensitive' because its centroid is closest to that segment's prototype reviews (cosine=0.288). Supporting cues: charge(150), rs(122), price(78), money(49), offer(28). Frequent terms: order, service, blinkit, product, time, bad. Example review: ""poor"""
blinkit idea deliver frozen item long way go,Price Sensitive,2,0.2879,"Cluster 2 (n=1736) labeled 'Price Sensitive' because its centroid is closest to that segment's prototype reviews (cosine=0.288). Supporting cues: charge(150), rs(122), price(78), money(49), offer(28). Frequent terms: order, service, blinkit, product, time, bad. Example review: ""poor"""
delivery agent deliver place,Routine Buyers,1,0.1454,"Cluster 1 (n=554) labeled 'Routine Buyers' because its centroid is closest to that segment's prototype reviews (cosine=0.145). Supporting cues: always(16), regular(1), usual(1). Frequent terms: delivery, fast, best, service, time, blinkit. Example review: ""super fast delivery"""
absolutely pathetic service order 2 chilled diet coke 1 chill pepsi 1 amul masti chaas everything arrive warm request replacement blinkit send warm drink amul masti chaas miss return entire order yet blinkit refund even though didnt keep consume single item im still wait remain quality control careless service unacceptable refund process customer treat,Price Sensitive,2,0.2879,"Cluster 2 (n=1736) labeled 'Price Sensitive' because its centroid is closest to that segment's prototype reviews (cosine=0.288). Supporting cues: charge(150), rs(122), price(78), money(49), offer(28). Frequent terms: order, service, blinkit, product, time, bad. Example review: ""poor"""
dekho tumari store ache h lekin ak delivery partner hu aaj mera order ak buliding aaya tha vaha niche khada tha bola gila tha nhi aa skta upar uske bad mene customer ko dubara call lgya aur customer bola tere ko tamij nhi h tere ko ki bat ka paisa milta h aur tu upar aakar dekar aa lekin fir order ko dene jabarjasti gya bola upar aaja ya sam tak vahi khada nhi lunga fir upar gya customer ne mere ko damki di ki dubara buliding se bahar nhi jane dunga,Price Sensitive,2,0.2879,"Cluster 2 (n=1736) labeled 'Price Sensitive' because its centroid is closest to that segment's prototype reviews (cosine=0.288). Supporting cues: charge(150), rs(122), price(78), money(49), offer(28). Frequent terms: order, service, blinkit, product, time, bad. Example review: ""poor"""
nice work,Impulse Buyers,3,0.0584,"Cluster 3 (n=180) labeled 'Impulse Buyers' because its centroid is closest to that segment's prototype reviews (cosine=0.058). Supporting cues: quick(4), late night(1). Frequent terms: service, delivery, blinkit, work, much, time. Example review: ""nice"""
blikit good thing didnt like dont particular item dont show u item unavailable place order pay amount tell particular item unavailable take much time refund,Price Sensitive,2,0.2879,"Cluster 2 (n=1736) labeled 'Price Sensitive' because its centroid is closest to that segment's prototype reviews (cosine=0.288). Supporting cues: charge(150), rs(122), price(78), money(49), offer(28). Frequent terms: order, service, blinkit, product, time, bad. Example review: ""poor"""
love,Price Sensitive,2,0.2879,"Cluster 2 (n=1736) labeled 'Price Sensitive' because its centroid is closest to that segment's prototype reviews (cosine=0.288). Supporting cues: charge(150), rs(122), price(78), money(49), offer(28). Frequent terms: order, service, blinkit, product, time, bad. Example review: ""poor"""
good app service use,Explorers,0,0.0196,"Cluster 0 (n=348) labeled 'Explorers' because its centroid is closest to that segment's prototype reviews (cosine=0.020). Supporting cues: try(1). Frequent terms: service, delivery, blinkit, product, experience, like. Example review: ""good service"""
nyc app,Price Sensitive,2,0.2879,"Cluster 2 (n=1736) labeled 'Price Sensitive' because its centroid is closest to that segment's prototype reviews (cosine=0.288). Supporting cues: charge(150), rs(122), price(78), money(49), offer(28). Frequent terms: order, service, blinkit, product, time, bad. Example review: ""poor"""
service good,Explorers,0,0.0196,"Cluster 0 (n=348) labeled 'Explorers' because its centroid is closest to that segment's prototype reviews (cosine=0.020). Supporting cues: try(1). Frequent terms: service, delivery, blinkit, product, experience, like. Example review: ""good service"""
best 247,Routine Buyers,1,0.1454,"Cluster 1 (n=554) labeled 'Routine Buyers' because its centroid is closest to that segment's prototype reviews (cosine=0.145). Supporting cues: always(16), regular(1), usual(1). Frequent terms: delivery, fast, best, service, time, blinkit. Example review: ""super fast delivery"""
expensive compare app,Price Sensitive,2,0.2879,"Cluster 2 (n=1736) labeled 'Price Sensitive' because its centroid is closest to that segment's prototype reviews (cosine=0.288). Supporting cues: charge(150), rs(122), price(78), money(49), offer(28). Frequent terms: order, service, blinkit, product, time, bad. Example review: ""poor"""
nice app always get clean packed product delivery person always humble,Impulse Buyers,3,0.0584,"Cluster 3 (n=180) labeled 'Impulse Buyers' because its centroid is closest to that segment's prototype reviews (cosine=0.058). Supporting cues: quick(4), late night(1). Frequent terms: service, delivery, blinkit, work, much, time. Example review: ""nice"""
god 8,Price Sensitive,2,0.2879,"Cluster 2 (n=1736) labeled 'Price Sensitive' because its centroid is closest to that segment's prototype reviews (cosine=0.288). Supporting cues: charge(150), rs(122), price(78), money(49), offer(28). Frequent terms: order, service, blinkit, product, time, bad. Example review: ""poor"""
w app ever,Price Sensitive,2,0.2879,"Cluster 2 (n=1736) labeled 'Price Sensitive' because its centroid is closest to that segment's prototype reviews (cosine=0.288). Supporting cues: charge(150), rs(122), price(78), money(49), offer(28). Frequent terms: order, service, blinkit, product, time, bad. Example review: ""poor"""
supper thank,Price Sensitive,2,0.2879,"Cluster 2 (n=1736) labeled 'Price Sensitive' because its centroid is closest to that segment's prototype reviews (cosine=0.288). Supporting cues: charge(150), rs(122), price(78), money(49), offer(28). Frequent terms: order, service, blinkit, product, time, bad. Example review: ""poor"""
awsome,Price Sensitive,2,0.2879,"Cluster 2 (n=1736) labeled 'Price Sensitive' because its centroid is closest to that segment's prototype reviews (cosine=0.288). Supporting cues: charge(150), rs(122), price(78), money(49), offer(28). Frequent terms: order, service, blinkit, product, time, bad. Example review: ""poor"""
really satisfied,Price Sensitive,2,0.2879,"Cluster 2 (n=1736) labeled 'Price Sensitive' because its centroid is closest to that segment's prototype reviews (cosine=0.288). Supporting cues: charge(150), rs(122), price(78), money(49), offer(28). Frequent terms: order, service, blinkit, product, time, bad. Example review: ""poor"""
fast deliver,Routine Buyers,1,0.1454,"Cluster 1 (n=554) labeled 'Routine Buyers' because its centroid is closest to that segment's prototype reviews (cosine=0.145). Supporting cues: always(16), regular(1), usual(1). Frequent terms: delivery, fast, best, service, time, blinkit. Example review: ""super fast delivery"""
delivery charge high,Routine Buyers,1,0.1454,"Cluster 1 (n=554) labeled 'Routine Buyers' because its centroid is closest to that segment's prototype reviews (cosine=0.145). Supporting cues: always(16), regular(1), usual(1). Frequent terms: delivery, fast, best, service, time, blinkit. Example review: ""super fast delivery"""
best application,Routine Buyers,1,0.1454,"Cluster 1 (n=554) labeled 'Routine Buyers' because its centroid is closest to that segment's prototype reviews (cosine=0.145). Supporting cues: always(16), regular(1), usual(1). Frequent terms: delivery, fast, best, service, time, blinkit. Example review: ""super fast delivery"""
order take much time day broo wthh,Price Sensitive,2,0.2879,"Cluster 2 (n=1736) labeled 'Price Sensitive' because its centroid is closest to that segment's prototype reviews (cosine=0.288). Supporting cues: charge(150), rs(122), price(78), money(49), offer(28). Frequent terms: order, service, blinkit, product, time, bad. Example review: ""poor"""
first time use problem,Price Sensitive,2,0.2879,"Cluster 2 (n=1736) labeled 'Price Sensitive' because its centroid is closest to that segment's prototype reviews (cosine=0.288). Supporting cues: charge(150), rs(122), price(78), money(49), offer(28). Frequent terms: order, service, blinkit, product, time, bad. Example review: ""poor"""
fantastic affordable,Price Sensitive,2,0.2879,"Cluster 2 (n=1736) labeled 'Price Sensitive' because its centroid is closest to that segment's prototype reviews (cosine=0.288). Supporting cues: charge(150), rs(122), price(78), money(49), offer(28). Frequent terms: order, service, blinkit, product, time, bad. Example review: ""poor"""
buy something 50 get charge 140 lol,Price Sensitive,2,0.2879,"Cluster 2 (n=1736) labeled 'Price Sensitive' because its centroid is closest to that segment's prototype reviews (cosine=0.288). Supporting cues: charge(150), rs(122), price(78), money(49), offer(28). Frequent terms: order, service, blinkit, product, time, bad. Example review: ""poor"""
wonderful,Price Sensitive,2,0.2879,"Cluster 2 (n=1736) labeled 'Price Sensitive' because its centroid is closest to that segment's prototype reviews (cosine=0.288). Supporting cues: charge(150), rs(122), price(78), money(49), offer(28). Frequent terms: order, service, blinkit, product, time, bad. Example review: ""poor"""
great today time,Price Sensitive,2,0.2879,"Cluster 2 (n=1736) labeled 'Price Sensitive' because its centroid is closest to that segment's prototype reviews (cosine=0.288). Supporting cues: charge(150), rs(122), price(78), money(49), offer(28). Frequent terms: order, service, blinkit, product, time, bad. Example review: ""poor"""
nice available item,Impulse Buyers,3,0.0584,"Cluster 3 (n=180) labeled 'Impulse Buyers' because its centroid is closest to that segment's prototype reviews (cosine=0.058). Supporting cues: quick(4), late night(1). Frequent terms: service, delivery, blinkit, work, much, time. Example review: ""nice"""
cheap service,Price Sensitive,2,0.2879,"Cluster 2 (n=1736) labeled 'Price Sensitive' because its centroid is closest to that segment's prototype reviews (cosine=0.288). Supporting cues: charge(150), rs(122), price(78), money(49), offer(28). Frequent terms: order, service, blinkit, product, time, bad. Example review: ""poor"""
bad mangao kuch aata kuch hai pkaya hua mango kcha dete hai paneer ke badle b masala milta hai,Price Sensitive,2,0.2879,"Cluster 2 (n=1736) labeled 'Price Sensitive' because its centroid is closest to that segment's prototype reviews (cosine=0.288). Supporting cues: charge(150), rs(122), price(78), money(49), offer(28). Frequent terms: order, service, blinkit, product, time, bad. Example review: ""poor"""
discount,Price Sensitive,2,0.2879,"Cluster 2 (n=1736) labeled 'Price Sensitive' because its centroid is closest to that segment's prototype reviews (cosine=0.288). Supporting cues: charge(150), rs(122), price(78), money(49), offer(28). Frequent terms: order, service, blinkit, product, time, bad. Example review: ""poor"""
delivery partner nahi hai inke pas bakwas hai app,Price Sensitive,2,0.2879,"Cluster 2 (n=1736) labeled 'Price Sensitive' because its centroid is closest to that segment's prototype reviews (cosine=0.288). Supporting cues: charge(150), rs(122), price(78), money(49), offer(28). Frequent terms: order, service, blinkit, product, time, bad. Example review: ""poor"""
best app grocery,Routine Buyers,1,0.1454,"Cluster 1 (n=554) labeled 'Routine Buyers' because its centroid is closest to that segment's prototype reviews (cosine=0.145). Supporting cues: always(16), regular(1), usual(1). Frequent terms: delivery, fast, best, service, time, blinkit. Example review: ""super fast delivery"""
fare deal,Price Sensitive,2,0.2879,"Cluster 2 (n=1736) labeled 'Price Sensitive' because its centroid is closest to that segment's prototype reviews (cosine=0.288). Supporting cues: charge(150), rs(122), price(78), money(49), offer(28). Frequent terms: order, service, blinkit, product, time, bad. Example review: ""poor"""
avoid blinkit electronics sell damage used item deny replacement,Price Sensitive,2,0.2879,"Cluster 2 (n=1736) labeled 'Price Sensitive' because its centroid is closest to that segment's prototype reviews (cosine=0.288). Supporting cues: charge(150), rs(122), price(78), money(49), offer(28). Frequent terms: order, service, blinkit, product, time, bad. Example review: ""poor"""
fantastic awesome helpful app,Price Sensitive,2,0.2879,"Cluster 2 (n=1736) labeled 'Price Sensitive' because its centroid is closest to that segment's prototype reviews (cosine=0.288). Supporting cues: charge(150), rs(122), price(78), money(49), offer(28). Frequent terms: order, service, blinkit, product, time, bad. Example review: ""poor"""
🎉🎉,Price Sensitive,2,0.2879,"Cluster 2 (n=1736) labeled 'Price Sensitive' because its centroid is closest to that segment's prototype reviews (cosine=0.288). Supporting cues: charge(150), rs(122), price(78), money(49), offer(28). Frequent terms: order, service, blinkit, product, time, bad. Example review: ""poor"""
excellent time delivery,Routine Buyers,1,0.1454,"Cluster 1 (n=554) labeled 'Routine Buyers' because its centroid is closest to that segment's prototype reviews (cosine=0.145). Supporting cues: always(16), regular(1), usual(1). Frequent terms: delivery, fast, best, service, time, blinkit. Example review: ""super fast delivery"""
nice,Impulse Buyers,3,0.0584,"Cluster 3 (n=180) labeled 'Impulse Buyers' because its centroid is closest to that segment's prototype reviews (cosine=0.058). Supporting cues: quick(4), late night(1). Frequent terms: service, delivery, blinkit, work, much, time. Example review: ""nice"""
niceee,Price Sensitive,2,0.2879,"Cluster 2 (n=1736) labeled 'Price Sensitive' because its centroid is closest to that segment's prototype reviews (cosine=0.288). Supporting cues: charge(150), rs(122), price(78), money(49), offer(28). Frequent terms: order, service, blinkit, product, time, bad. Example review: ""poor"""
bad experience third class service order place kr skte ho return replace nahi regular customer hu ab application ko uninstall kr raha hu maha ghatiya hai ye thukta hu application pe,Price Sensitive,2,0.2879,"Cluster 2 (n=1736) labeled 'Price Sensitive' because its centroid is closest to that segment's prototype reviews (cosine=0.288). Supporting cues: charge(150), rs(122), price(78), money(49), offer(28). Frequent terms: order, service, blinkit, product, time, bad. Example review: ""poor"""
return order,Price Sensitive,2,0.2879,"Cluster 2 (n=1736) labeled 'Price Sensitive' because its centroid is closest to that segment's prototype reviews (cosine=0.288). Supporting cues: charge(150), rs(122), price(78), money(49), offer(28). Frequent terms: order, service, blinkit, product, time, bad. Example review: ""poor"""
sell expire product today order cash delivery help even need help option work tried send photo vedio photo vedio product cheater cheat clue returing money,Price Sensitive,2,0.2879,"Cluster 2 (n=1736) labeled 'Price Sensitive' because its centroid is closest to that segment's prototype reviews (cosine=0.288). Supporting cues: charge(150), rs(122), price(78), money(49), offer(28). Frequent terms: order, service, blinkit, product, time, bad. Example review: ""poor"""
good service good product,Explorers,0,0.0196,"Cluster 0 (n=348) labeled 'Explorers' because its centroid is closest to that segment's prototype reviews (cosine=0.020). Supporting cues: try(1). Frequent terms: service, delivery, blinkit, product, experience, like. Example review: ""good service"""
give damage product,Price Sensitive,2,0.2879,"Cluster 2 (n=1736) labeled 'Price Sensitive' because its centroid is closest to that segment's prototype reviews (cosine=0.288). Supporting cues: charge(150), rs(122), price(78), money(49), offer(28). Frequent terms: order, service, blinkit, product, time, bad. Example review: ""poor"""
far good others like zepto etc,Explorers,0,0.0196,"Cluster 0 (n=348) labeled 'Explorers' because its centroid is closest to that segment's prototype reviews (cosine=0.020). Supporting cues: try(1). Frequent terms: service, delivery, blinkit, product, experience, like. Example review: ""good service"""
thank blink,Price Sensitive,2,0.2879,"Cluster 2 (n=1736) labeled 'Price Sensitive' because its centroid is closest to that segment's prototype reviews (cosine=0.288). Supporting cues: charge(150), rs(122), price(78), money(49), offer(28). Frequent terms: order, service, blinkit, product, time, bad. Example review: ""poor"""
bahut badhiya hai,Price Sensitive,2,0.2879,"Cluster 2 (n=1736) labeled 'Price Sensitive' because its centroid is closest to that segment's prototype reviews (cosine=0.288). Supporting cues: charge(150), rs(122), price(78), money(49), offer(28). Frequent terms: order, service, blinkit, product, time, bad. Example review: ""poor"""
nice quick,Impulse Buyers,3,0.0584,"Cluster 3 (n=180) labeled 'Impulse Buyers' because its centroid is closest to that segment's prototype reviews (cosine=0.058). Supporting cues: quick(4), late night(1). Frequent terms: service, delivery, blinkit, work, much, time. Example review: ""nice"""
fabless,Price Sensitive,2,0.2879,"Cluster 2 (n=1736) labeled 'Price Sensitive' because its centroid is closest to that segment's prototype reviews (cosine=0.288). Supporting cues: charge(150), rs(122), price(78), money(49), offer(28). Frequent terms: order, service, blinkit, product, time, bad. Example review: ""poor"""
really awesome,Price Sensitive,2,0.2879,"Cluster 2 (n=1736) labeled 'Price Sensitive' because its centroid is closest to that segment's prototype reviews (cosine=0.288). Supporting cues: charge(150), rs(122), price(78), money(49), offer(28). Frequent terms: order, service, blinkit, product, time, bad. Example review: ""poor"""
amaze fast delivery really good,Routine Buyers,1,0.1454,"Cluster 1 (n=554) labeled 'Routine Buyers' because its centroid is closest to that segment's prototype reviews (cosine=0.145). Supporting cues: always(16), regular(1), usual(1). Frequent terms: delivery, fast, best, service, time, blinkit. Example review: ""super fast delivery"""
useful app old man womens,Price Sensitive,2,0.2879,"Cluster 2 (n=1736) labeled 'Price Sensitive' because its centroid is closest to that segment's prototype reviews (cosine=0.288). Supporting cues: charge(150), rs(122), price(78), money(49), offer(28). Frequent terms: order, service, blinkit, product, time, bad. Example review: ""poor"""
nice option marketing,Impulse Buyers,3,0.0584,"Cluster 3 (n=180) labeled 'Impulse Buyers' because its centroid is closest to that segment's prototype reviews (cosine=0.058). Supporting cues: quick(4), late night(1). Frequent terms: service, delivery, blinkit, work, much, time. Example review: ""nice"""
quick,Price Sensitive,2,0.2879,"Cluster 2 (n=1736) labeled 'Price Sensitive' because its centroid is closest to that segment's prototype reviews (cosine=0.288). Supporting cues: charge(150), rs(122), price(78), money(49), offer(28). Frequent terms: order, service, blinkit, product, time, bad. Example review: ""poor"""
best,Routine Buyers,1,0.1454,"Cluster 1 (n=554) labeled 'Routine Buyers' because its centroid is closest to that segment's prototype reviews (cosine=0.145). Supporting cues: always(16), regular(1), usual(1). Frequent terms: delivery, fast, best, service, time, blinkit. Example review: ""super fast delivery"""
always good,Explorers,0,0.0196,"Cluster 0 (n=348) labeled 'Explorers' because its centroid is closest to that segment's prototype reviews (cosine=0.020). Supporting cues: try(1). Frequent terms: service, delivery, blinkit, product, experience, like. Example review: ""good service"""
fake product sell,Price Sensitive,2,0.2879,"Cluster 2 (n=1736) labeled 'Price Sensitive' because its centroid is closest to that segment's prototype reviews (cosine=0.288). Supporting cues: charge(150), rs(122), price(78), money(49), offer(28). Frequent terms: order, service, blinkit, product, time, bad. Example review: ""poor"""
best experience ever like dont step emergency guest come easy order step snack cold drink thing like get thing time love,Price Sensitive,2,0.2879,"Cluster 2 (n=1736) labeled 'Price Sensitive' because its centroid is closest to that segment's prototype reviews (cosine=0.288). Supporting cues: charge(150), rs(122), price(78), money(49), offer(28). Frequent terms: order, service, blinkit, product, time, bad. Example review: ""poor"""
poor service order get delay customer care executive available,Price Sensitive,2,0.2879,"Cluster 2 (n=1736) labeled 'Price Sensitive' because its centroid is closest to that segment's prototype reviews (cosine=0.288). Supporting cues: charge(150), rs(122), price(78), money(49), offer(28). Frequent terms: order, service, blinkit, product, time, bad. Example review: ""poor"""
good,Explorers,0,0.0196,"Cluster 0 (n=348) labeled 'Explorers' because its centroid is closest to that segment's prototype reviews (cosine=0.020). Supporting cues: try(1). Frequent terms: service, delivery, blinkit, product, experience, like. Example review: ""good service"""
fadu app ha order cancel karna tha keya ni 400rs ka order 350 vapis da dena chya cancel kar ka,Price Sensitive,2,0.2879,"Cluster 2 (n=1736) labeled 'Price Sensitive' because its centroid is closest to that segment's prototype reviews (cosine=0.288). Supporting cues: charge(150), rs(122), price(78), money(49), offer(28). Frequent terms: order, service, blinkit, product, time, bad. Example review: ""poor"""
chhotu kumar good job,Price Sensitive,2,0.2879,"Cluster 2 (n=1736) labeled 'Price Sensitive' because its centroid is closest to that segment's prototype reviews (cosine=0.288). Supporting cues: charge(150), rs(122), price(78), money(49), offer(28). Frequent terms: order, service, blinkit, product, time, bad. Example review: ""poor"""
good serviceand delivery boy behave good,Explorers,0,0.0196,"Cluster 0 (n=348) labeled 'Explorers' because its centroid is closest to that segment's prototype reviews (cosine=0.020). Supporting cues: try(1). Frequent terms: service, delivery, blinkit, product, experience, like. Example review: ""good service"""
pleased quality produce speed deliver home thank service much appreciate,Price Sensitive,2,0.2879,"Cluster 2 (n=1736) labeled 'Price Sensitive' because its centroid is closest to that segment's prototype reviews (cosine=0.288). Supporting cues: charge(150), rs(122), price(78), money(49), offer(28). Frequent terms: order, service, blinkit, product, time, bad. Example review: ""poor"""
grate service,Price Sensitive,2,0.2879,"Cluster 2 (n=1736) labeled 'Price Sensitive' because its centroid is closest to that segment's prototype reviews (cosine=0.288). Supporting cues: charge(150), rs(122), price(78), money(49), offer(28). Frequent terms: order, service, blinkit, product, time, bad. Example review: ""poor"""
work good use proper way,Price Sensitive,2,0.2879,"Cluster 2 (n=1736) labeled 'Price Sensitive' because its centroid is closest to that segment's prototype reviews (cosine=0.288). Supporting cues: charge(150), rs(122), price(78), money(49), offer(28). Frequent terms: order, service, blinkit, product, time, bad. Example review: ""poor"""
good aap,Explorers,0,0.0196,"Cluster 0 (n=348) labeled 'Explorers' because its centroid is closest to that segment's prototype reviews (cosine=0.020). Supporting cues: try(1). Frequent terms: service, delivery, blinkit, product, experience, like. Example review: ""good service"""
good service,Explorers,0,0.0196,"Cluster 0 (n=348) labeled 'Explorers' because its centroid is closest to that segment's prototype reviews (cosine=0.020). Supporting cues: try(1). Frequent terms: service, delivery, blinkit, product, experience, like. Example review: ""good service"""
helpful thanks everything,Price Sensitive,2,0.2879,"Cluster 2 (n=1736) labeled 'Price Sensitive' because its centroid is closest to that segment's prototype reviews (cosine=0.288). Supporting cues: charge(150), rs(122), price(78), money(49), offer(28). Frequent terms: order, service, blinkit, product, time, bad. Example review: ""poor"""
good service,Explorers,0,0.0196,"Cluster 0 (n=348) labeled 'Explorers' because its centroid is closest to that segment's prototype reviews (cosine=0.020). Supporting cues: try(1). Frequent terms: service, delivery, blinkit, product, experience, like. Example review: ""good service"""
delivery late timing,Routine Buyers,1,0.1454,"Cluster 1 (n=554) labeled 'Routine Buyers' because its centroid is closest to that segment's prototype reviews (cosine=0.145). Supporting cues: always(16), regular(1), usual(1). Frequent terms: delivery, fast, best, service, time, blinkit. Example review: ""super fast delivery"""
great day,Price Sensitive,2,0.2879,"Cluster 2 (n=1736) labeled 'Price Sensitive' because its centroid is closest to that segment's prototype reviews (cosine=0.288). Supporting cues: charge(150), rs(122), price(78), money(49), offer(28). Frequent terms: order, service, blinkit, product, time, bad. Example review: ""poor"""
amaze love,Price Sensitive,2,0.2879,"Cluster 2 (n=1736) labeled 'Price Sensitive' because its centroid is closest to that segment's prototype reviews (cosine=0.288). Supporting cues: charge(150), rs(122), price(78), money(49), offer(28). Frequent terms: order, service, blinkit, product, time, bad. Example review: ""poor"""
love app,Price Sensitive,2,0.2879,"Cluster 2 (n=1736) labeled 'Price Sensitive' because its centroid is closest to that segment's prototype reviews (cosine=0.288). Supporting cues: charge(150), rs(122), price(78), money(49), offer(28). Frequent terms: order, service, blinkit, product, time, bad. Example review: ""poor"""
thank blinkit staff,Price Sensitive,2,0.2879,"Cluster 2 (n=1736) labeled 'Price Sensitive' because its centroid is closest to that segment's prototype reviews (cosine=0.288). Supporting cues: charge(150), rs(122), price(78), money(49), offer(28). Frequent terms: order, service, blinkit, product, time, bad. Example review: ""poor"""
poor quality ice cream contener break,Price Sensitive,2,0.2879,"Cluster 2 (n=1736) labeled 'Price Sensitive' because its centroid is closest to that segment's prototype reviews (cosine=0.288). Supporting cues: charge(150), rs(122), price(78), money(49), offer(28). Frequent terms: order, service, blinkit, product, time, bad. Example review: ""poor"""
option replacement unused pack product bad service,Price Sensitive,2,0.2879,"Cluster 2 (n=1736) labeled 'Price Sensitive' because its centroid is closest to that segment's prototype reviews (cosine=0.288). Supporting cues: charge(150), rs(122), price(78), money(49), offer(28). Frequent terms: order, service, blinkit, product, time, bad. Example review: ""poor"""
never experience poor customer support especially riya report damaged item provide everything request include video photo despite everything ask kept delay process instead resolve issue feel like try waste customer time experience recommend blinkit would rather choose competitor customer service extremely disappointing,Price Sensitive,2,0.2879,"Cluster 2 (n=1736) labeled 'Price Sensitive' because its centroid is closest to that segment's prototype reviews (cosine=0.288). Supporting cues: charge(150), rs(122), price(78), money(49), offer(28). Frequent terms: order, service, blinkit, product, time, bad. Example review: ""poor"""
im fully satisfy blinkit service specifically cigarette,Price Sensitive,2,0.2879,"Cluster 2 (n=1736) labeled 'Price Sensitive' because its centroid is closest to that segment's prototype reviews (cosine=0.288). Supporting cues: charge(150), rs(122), price(78), money(49), offer(28). Frequent terms: order, service, blinkit, product, time, bad. Example review: ""poor"""
excellent experience blinkit outstanding service fine exquisite quality absolute perfection delivery service product item daily essential requirement within time almost instantly complete satisfaction guarantee 24 7 blinkit essential daily need type come imagination feel happiness blinkit home sweet home almost time immense pleasure fulfillment complete satisfaction,Price Sensitive,2,0.2879,"Cluster 2 (n=1736) labeled 'Price Sensitive' because its centroid is closest to that segment's prototype reviews (cosine=0.288). Supporting cues: charge(150), rs(122), price(78), money(49), offer(28). Frequent terms: order, service, blinkit, product, time, bad. Example review: ""poor"""
bhut accha bu cash delivery b hona chahiye kisi ke pas cash hi ho wo kya kare,Routine Buyers,1,0.1454,"Cluster 1 (n=554) labeled 'Routine Buyers' because its centroid is closest to that segment's prototype reviews (cosine=0.145). Supporting cues: always(16), regular(1), usual(1). Frequent terms: delivery, fast, best, service, time, blinkit. Example review: ""super fast delivery"""
zepto well,Price Sensitive,2,0.2879,"Cluster 2 (n=1736) labeled 'Price Sensitive' because its centroid is closest to that segment's prototype reviews (cosine=0.288). Supporting cues: charge(150), rs(122), price(78), money(49), offer(28). Frequent terms: order, service, blinkit, product, time, bad. Example review: ""poor"""
app nice,Impulse Buyers,3,0.0584,"Cluster 3 (n=180) labeled 'Impulse Buyers' because its centroid is closest to that segment's prototype reviews (cosine=0.058). Supporting cues: quick(4), late night(1). Frequent terms: service, delivery, blinkit, work, much, time. Example review: ""nice"""
additional discount problem,Price Sensitive,2,0.2879,"Cluster 2 (n=1736) labeled 'Price Sensitive' because its centroid is closest to that segment's prototype reviews (cosine=0.288). Supporting cues: charge(150), rs(122), price(78), money(49), offer(28). Frequent terms: order, service, blinkit, product, time, bad. Example review: ""poor"""
best service,Routine Buyers,1,0.1454,"Cluster 1 (n=554) labeled 'Routine Buyers' because its centroid is closest to that segment's prototype reviews (cosine=0.145). Supporting cues: always(16), regular(1), usual(1). Frequent terms: delivery, fast, best, service, time, blinkit. Example review: ""super fast delivery"""
good quality,Explorers,0,0.0196,"Cluster 0 (n=348) labeled 'Explorers' because its centroid is closest to that segment's prototype reviews (cosine=0.020). Supporting cues: try(1). Frequent terms: service, delivery, blinkit, product, experience, like. Example review: ""good service"""
short delivery,Routine Buyers,1,0.1454,"Cluster 1 (n=554) labeled 'Routine Buyers' because its centroid is closest to that segment's prototype reviews (cosine=0.145). Supporting cues: always(16), regular(1), usual(1). Frequent terms: delivery, fast, best, service, time, blinkit. Example review: ""super fast delivery"""
great service,Price Sensitive,2,0.2879,"Cluster 2 (n=1736) labeled 'Price Sensitive' because its centroid is closest to that segment's prototype reviews (cosine=0.288). Supporting cues: charge(150), rs(122), price(78), money(49), offer(28). Frequent terms: order, service, blinkit, product, time, bad. Example review: ""poor"""
🤗🤗,Price Sensitive,2,0.2879,"Cluster 2 (n=1736) labeled 'Price Sensitive' because its centroid is closest to that segment's prototype reviews (cosine=0.288). Supporting cues: charge(150), rs(122), price(78), money(49), offer(28). Frequent terms: order, service, blinkit, product, time, bad. Example review: ""poor"""
amaze app,Price Sensitive,2,0.2879,"Cluster 2 (n=1736) labeled 'Price Sensitive' because its centroid is closest to that segment's prototype reviews (cosine=0.288). Supporting cues: charge(150), rs(122), price(78), money(49), offer(28). Frequent terms: order, service, blinkit, product, time, bad. Example review: ""poor"""
good appvery useful need,Price Sensitive,2,0.2879,"Cluster 2 (n=1736) labeled 'Price Sensitive' because its centroid is closest to that segment's prototype reviews (cosine=0.288). Supporting cues: charge(150), rs(122), price(78), money(49), offer(28). Frequent terms: order, service, blinkit, product, time, bad. Example review: ""poor"""
love,Price Sensitive,2,0.2879,"Cluster 2 (n=1736) labeled 'Price Sensitive' because its centroid is closest to that segment's prototype reviews (cosine=0.288). Supporting cues: charge(150), rs(122), price(78), money(49), offer(28). Frequent terms: order, service, blinkit, product, time, bad. Example review: ""poor"""
outstanding,Price Sensitive,2,0.2879,"Cluster 2 (n=1736) labeled 'Price Sensitive' because its centroid is closest to that segment's prototype reviews (cosine=0.288). Supporting cues: charge(150), rs(122), price(78), money(49), offer(28). Frequent terms: order, service, blinkit, product, time, bad. Example review: ""poor"""
nice,Impulse Buyers,3,0.0584,"Cluster 3 (n=180) labeled 'Impulse Buyers' because its centroid is closest to that segment's prototype reviews (cosine=0.058). Supporting cues: quick(4), late night(1). Frequent terms: service, delivery, blinkit, work, much, time. Example review: ""nice"""
convenient get thing quick n fast delivery,Routine Buyers,1,0.1454,"Cluster 1 (n=554) labeled 'Routine Buyers' because its centroid is closest to that segment's prototype reviews (cosine=0.145). Supporting cues: always(16), regular(1), usual(1). Frequent terms: delivery, fast, best, service, time, blinkit. Example review: ""super fast delivery"""
bad reliability,Price Sensitive,2,0.2879,"Cluster 2 (n=1736) labeled 'Price Sensitive' because its centroid is closest to that segment's prototype reviews (cosine=0.288). Supporting cues: charge(150), rs(122), price(78), money(49), offer(28). Frequent terms: order, service, blinkit, product, time, bad. Example review: ""poor"""
use really good last month service go bad delivery take average 20 30 min,Price Sensitive,2,0.2879,"Cluster 2 (n=1736) labeled 'Price Sensitive' because its centroid is closest to that segment's prototype reviews (cosine=0.288). Supporting cues: charge(150), rs(122), price(78), money(49), offer(28). Frequent terms: order, service, blinkit, product, time, bad. Example review: ""poor"""
good fast delivery 8 min wow nice,Routine Buyers,1,0.1454,"Cluster 1 (n=554) labeled 'Routine Buyers' because its centroid is closest to that segment's prototype reviews (cosine=0.145). Supporting cues: always(16), regular(1), usual(1). Frequent terms: delivery, fast, best, service, time, blinkit. Example review: ""super fast delivery"""
service,Price Sensitive,2,0.2879,"Cluster 2 (n=1736) labeled 'Price Sensitive' because its centroid is closest to that segment's prototype reviews (cosine=0.288). Supporting cues: charge(150), rs(122), price(78), money(49), offer(28). Frequent terms: order, service, blinkit, product, time, bad. Example review: ""poor"""
nice service,Impulse Buyers,3,0.0584,"Cluster 3 (n=180) labeled 'Impulse Buyers' because its centroid is closest to that segment's prototype reviews (cosine=0.058). Supporting cues: quick(4), late night(1). Frequent terms: service, delivery, blinkit, work, much, time. Example review: ""nice"""
site nice price high,Impulse Buyers,3,0.0584,"Cluster 3 (n=180) labeled 'Impulse Buyers' because its centroid is closest to that segment's prototype reviews (cosine=0.058). Supporting cues: quick(4), late night(1). Frequent terms: service, delivery, blinkit, work, much, time. Example review: ""nice"""
untrusted service yr blinkit management,Price Sensitive,2,0.2879,"Cluster 2 (n=1736) labeled 'Price Sensitive' because its centroid is closest to that segment's prototype reviews (cosine=0.288). Supporting cues: charge(150), rs(122), price(78), money(49), offer(28). Frequent terms: order, service, blinkit, product, time, bad. Example review: ""poor"""
product bit overpriced plus used love blinkit convenient increase handle charge like apps price handle charge double previous handling charge,Price Sensitive,2,0.2879,"Cluster 2 (n=1736) labeled 'Price Sensitive' because its centroid is closest to that segment's prototype reviews (cosine=0.288). Supporting cues: charge(150), rs(122), price(78), money(49), offer(28). Frequent terms: order, service, blinkit, product, time, bad. Example review: ""poor"""
okok,Price Sensitive,2,0.2879,"Cluster 2 (n=1736) labeled 'Price Sensitive' because its centroid is closest to that segment's prototype reviews (cosine=0.288). Supporting cues: charge(150), rs(122), price(78), money(49), offer(28). Frequent terms: order, service, blinkit, product, time, bad. Example review: ""poor"""
good fast delivery,Routine Buyers,1,0.1454,"Cluster 1 (n=554) labeled 'Routine Buyers' because its centroid is closest to that segment's prototype reviews (cosine=0.145). Supporting cues: always(16), regular(1), usual(1). Frequent terms: delivery, fast, best, service, time, blinkit. Example review: ""super fast delivery"""
❤️.,Price Sensitive,2,0.2879,"Cluster 2 (n=1736) labeled 'Price Sensitive' because its centroid is closest to that segment's prototype reviews (cosine=0.288). Supporting cues: charge(150), rs(122), price(78), money(49), offer(28). Frequent terms: order, service, blinkit, product, time, bad. Example review: ""poor"""
bhangaaaar hen,Price Sensitive,2,0.2879,"Cluster 2 (n=1736) labeled 'Price Sensitive' because its centroid is closest to that segment's prototype reviews (cosine=0.288). Supporting cues: charge(150), rs(122), price(78), money(49), offer(28). Frequent terms: order, service, blinkit, product, time, bad. Example review: ""poor"""
fast delivery,Routine Buyers,1,0.1454,"Cluster 1 (n=554) labeled 'Routine Buyers' because its centroid is closest to that segment's prototype reviews (cosine=0.145). Supporting cues: always(16), regular(1), usual(1). Frequent terms: delivery, fast, best, service, time, blinkit. Example review: ""super fast delivery"""
good,Explorers,0,0.0196,"Cluster 0 (n=348) labeled 'Explorers' because its centroid is closest to that segment's prototype reviews (cosine=0.020). Supporting cues: try(1). Frequent terms: service, delivery, blinkit, product, experience, like. Example review: ""good service"""
awesome nd fast delivery process,Routine Buyers,1,0.1454,"Cluster 1 (n=554) labeled 'Routine Buyers' because its centroid is closest to that segment's prototype reviews (cosine=0.145). Supporting cues: always(16), regular(1), usual(1). Frequent terms: delivery, fast, best, service, time, blinkit. Example review: ""super fast delivery"""
poor service,Price Sensitive,2,0.2879,"Cluster 2 (n=1736) labeled 'Price Sensitive' because its centroid is closest to that segment's prototype reviews (cosine=0.288). Supporting cues: charge(150), rs(122), price(78), money(49), offer(28). Frequent terms: order, service, blinkit, product, time, bad. Example review: ""poor"""
good platform everything help people provide ambulance,Explorers,0,0.0196,"Cluster 0 (n=348) labeled 'Explorers' because its centroid is closest to that segment's prototype reviews (cosine=0.020). Supporting cues: try(1). Frequent terms: service, delivery, blinkit, product, experience, like. Example review: ""good service"""
good l,Explorers,0,0.0196,"Cluster 0 (n=348) labeled 'Explorers' because its centroid is closest to that segment's prototype reviews (cosine=0.020). Supporting cues: try(1). Frequent terms: service, delivery, blinkit, product, experience, like. Example review: ""good service"""
delivery delay delivery man always rest road delay order repeatedly,Routine Buyers,1,0.1454,"Cluster 1 (n=554) labeled 'Routine Buyers' because its centroid is closest to that segment's prototype reviews (cosine=0.145). Supporting cues: always(16), regular(1), usual(1). Frequent terms: delivery, fast, best, service, time, blinkit. Example review: ""super fast delivery"""
company say would refund money within 2 hour item return company never refund money,Price Sensitive,2,0.2879,"Cluster 2 (n=1736) labeled 'Price Sensitive' because its centroid is closest to that segment's prototype reviews (cosine=0.288). Supporting cues: charge(150), rs(122), price(78), money(49), offer(28). Frequent terms: order, service, blinkit, product, time, bad. Example review: ""poor"""
good service sometimes go another place,Explorers,0,0.0196,"Cluster 0 (n=348) labeled 'Explorers' because its centroid is closest to that segment's prototype reviews (cosine=0.020). Supporting cues: try(1). Frequent terms: service, delivery, blinkit, product, experience, like. Example review: ""good service"""
good app online stuff trust give good price offer buy whole harry potter pack,Explorers,0,0.0196,"Cluster 0 (n=348) labeled 'Explorers' because its centroid is closest to that segment's prototype reviews (cosine=0.020). Supporting cues: try(1). Frequent terms: service, delivery, blinkit, product, experience, like. Example review: ""good service"""
nice comfortable thank much plz give offer,Impulse Buyers,3,0.0584,"Cluster 3 (n=180) labeled 'Impulse Buyers' because its centroid is closest to that segment's prototype reviews (cosine=0.058). Supporting cues: quick(4), late night(1). Frequent terms: service, delivery, blinkit, work, much, time. Example review: ""nice"""
help emergency thank blinkit,Price Sensitive,2,0.2879,"Cluster 2 (n=1736) labeled 'Price Sensitive' because its centroid is closest to that segment's prototype reviews (cosine=0.288). Supporting cues: charge(150), rs(122), price(78), money(49), offer(28). Frequent terms: order, service, blinkit, product, time, bad. Example review: ""poor"""
amaze app use get good deal order think im go addict,Price Sensitive,2,0.2879,"Cluster 2 (n=1736) labeled 'Price Sensitive' because its centroid is closest to that segment's prototype reviews (cosine=0.288). Supporting cues: charge(150), rs(122), price(78), money(49), offer(28). Frequent terms: order, service, blinkit, product, time, bad. Example review: ""poor"""
effective,Price Sensitive,2,0.2879,"Cluster 2 (n=1736) labeled 'Price Sensitive' because its centroid is closest to that segment's prototype reviews (cosine=0.288). Supporting cues: charge(150), rs(122), price(78), money(49), offer(28). Frequent terms: order, service, blinkit, product, time, bad. Example review: ""poor"""
ગુડ,Price Sensitive,2,0.2879,"Cluster 2 (n=1736) labeled 'Price Sensitive' because its centroid is closest to that segment's prototype reviews (cosine=0.288). Supporting cues: charge(150), rs(122), price(78), money(49), offer(28). Frequent terms: order, service, blinkit, product, time, bad. Example review: ""poor"""
wish best fast delivery,Routine Buyers,1,0.1454,"Cluster 1 (n=554) labeled 'Routine Buyers' because its centroid is closest to that segment's prototype reviews (cosine=0.145). Supporting cues: always(16), regular(1), usual(1). Frequent terms: delivery, fast, best, service, time, blinkit. Example review: ""super fast delivery"""
ye log bhot galat kerte ha mene order 690 rupee ka mangwaya delevery boy ne mujhe 700 liye scam bad app,Price Sensitive,2,0.2879,"Cluster 2 (n=1736) labeled 'Price Sensitive' because its centroid is closest to that segment's prototype reviews (cosine=0.288). Supporting cues: charge(150), rs(122), price(78), money(49), offer(28). Frequent terms: order, service, blinkit, product, time, bad. Example review: ""poor"""
non customer cooperative behaviour order product expect quality inadequate customer support doesnt support avoid provide support appeal people avoid app good many incident recently regard app,Price Sensitive,2,0.2879,"Cluster 2 (n=1736) labeled 'Price Sensitive' because its centroid is closest to that segment's prototype reviews (cosine=0.288). Supporting cues: charge(150), rs(122), price(78), money(49), offer(28). Frequent terms: order, service, blinkit, product, time, bad. Example review: ""poor"""
bad serve area,Price Sensitive,2,0.2879,"Cluster 2 (n=1736) labeled 'Price Sensitive' because its centroid is closest to that segment's prototype reviews (cosine=0.288). Supporting cues: charge(150), rs(122), price(78), money(49), offer(28). Frequent terms: order, service, blinkit, product, time, bad. Example review: ""poor"""
good last minute delivery site,Explorers,0,0.0196,"Cluster 0 (n=348) labeled 'Explorers' because its centroid is closest to that segment's prototype reviews (cosine=0.020). Supporting cues: try(1). Frequent terms: service, delivery, blinkit, product, experience, like. Example review: ""good service"""
gud job blinkit,Price Sensitive,2,0.2879,"Cluster 2 (n=1736) labeled 'Price Sensitive' because its centroid is closest to that segment's prototype reviews (cosine=0.288). Supporting cues: charge(150), rs(122), price(78), money(49), offer(28). Frequent terms: order, service, blinkit, product, time, bad. Example review: ""poor"""
everything good cash delivery option block device hotel please always cash delivery option time choose option insta mart big basket available money every time bank account thank,Routine Buyers,1,0.1454,"Cluster 1 (n=554) labeled 'Routine Buyers' because its centroid is closest to that segment's prototype reviews (cosine=0.145). Supporting cues: always(16), regular(1), usual(1). Frequent terms: delivery, fast, best, service, time, blinkit. Example review: ""super fast delivery"""
ekdum mast app hai,Price Sensitive,2,0.2879,"Cluster 2 (n=1736) labeled 'Price Sensitive' because its centroid is closest to that segment's prototype reviews (cosine=0.288). Supporting cues: charge(150), rs(122), price(78), money(49), offer(28). Frequent terms: order, service, blinkit, product, time, bad. Example review: ""poor"""
great app,Price Sensitive,2,0.2879,"Cluster 2 (n=1736) labeled 'Price Sensitive' because its centroid is closest to that segment's prototype reviews (cosine=0.288). Supporting cues: charge(150), rs(122), price(78), money(49), offer(28). Frequent terms: order, service, blinkit, product, time, bad. Example review: ""poor"""
hey blinkit justt wan na say productiteam high money uh doesnt give uss discountone product price high difficult buy item shop soo say suggested lowdecrease price product item 500 yoou show u 1000 thiss price aree high soo many issue yaar sometime cash delivery doesnt wroking high price whyyy thiss blinkit good,Price Sensitive,2,0.2879,"Cluster 2 (n=1736) labeled 'Price Sensitive' because its centroid is closest to that segment's prototype reviews (cosine=0.288). Supporting cues: charge(150), rs(122), price(78), money(49), offer(28). Frequent terms: order, service, blinkit, product, time, bad. Example review: ""poor"""
satisfied yes satisfy,Price Sensitive,2,0.2879,"Cluster 2 (n=1736) labeled 'Price Sensitive' because its centroid is closest to that segment's prototype reviews (cosine=0.288). Supporting cues: charge(150), rs(122), price(78), money(49), offer(28). Frequent terms: order, service, blinkit, product, time, bad. Example review: ""poor"""
superb job,Price Sensitive,2,0.2879,"Cluster 2 (n=1736) labeled 'Price Sensitive' because its centroid is closest to that segment's prototype reviews (cosine=0.288). Supporting cues: charge(150), rs(122), price(78), money(49), offer(28). Frequent terms: order, service, blinkit, product, time, bad. Example review: ""poor"""
fasttt service polite delevery person,Price Sensitive,2,0.2879,"Cluster 2 (n=1736) labeled 'Price Sensitive' because its centroid is closest to that segment's prototype reviews (cosine=0.288). Supporting cues: charge(150), rs(122), price(78), money(49), offer(28). Frequent terms: order, service, blinkit, product, time, bad. Example review: ""poor"""
blinkit huge help whenever need vegetables fruit grocery item urgently blinkit delivers quickly product usually fresh good quality service reliable convenient save lot time effort downside sometimes delivery platform charge become bit high difficult middleclass family overall happy service would recommend blinkit speed c,Price Sensitive,2,0.2879,"Cluster 2 (n=1736) labeled 'Price Sensitive' because its centroid is closest to that segment's prototype reviews (cosine=0.288). Supporting cues: charge(150), rs(122), price(78), money(49), offer(28). Frequent terms: order, service, blinkit, product, time, bad. Example review: ""poor"""
nice app many item,Impulse Buyers,3,0.0584,"Cluster 3 (n=180) labeled 'Impulse Buyers' because its centroid is closest to that segment's prototype reviews (cosine=0.058). Supporting cues: quick(4), late night(1). Frequent terms: service, delivery, blinkit, work, much, time. Example review: ""nice"""
bad whenever order pomegranate banana always get rotten one fresh item get deliver,Price Sensitive,2,0.2879,"Cluster 2 (n=1736) labeled 'Price Sensitive' because its centroid is closest to that segment's prototype reviews (cosine=0.288). Supporting cues: charge(150), rs(122), price(78), money(49), offer(28). Frequent terms: order, service, blinkit, product, time, bad. Example review: ""poor"""
thank,Price Sensitive,2,0.2879,"Cluster 2 (n=1736) labeled 'Price Sensitive' because its centroid is closest to that segment's prototype reviews (cosine=0.288). Supporting cues: charge(150), rs(122), price(78), money(49), offer(28). Frequent terms: order, service, blinkit, product, time, bad. Example review: ""poor"""
please add cash delivery please,Routine Buyers,1,0.1454,"Cluster 1 (n=554) labeled 'Routine Buyers' because its centroid is closest to that segment's prototype reviews (cosine=0.145). Supporting cues: always(16), regular(1), usual(1). Frequent terms: delivery, fast, best, service, time, blinkit. Example review: ""super fast delivery"""
sometimes deliver wrong item,Price Sensitive,2,0.2879,"Cluster 2 (n=1736) labeled 'Price Sensitive' because its centroid is closest to that segment's prototype reviews (cosine=0.288). Supporting cues: charge(150), rs(122), price(78), money(49), offer(28). Frequent terms: order, service, blinkit, product, time, bad. Example review: ""poor"""
koi bhi chiz ache pack ho k ni milti hai maine kulcha ka packet mangvaya hai abhi wo bhi open packet aaya hai,Price Sensitive,2,0.2879,"Cluster 2 (n=1736) labeled 'Price Sensitive' because its centroid is closest to that segment's prototype reviews (cosine=0.288). Supporting cues: charge(150), rs(122), price(78), money(49), offer(28). Frequent terms: order, service, blinkit, product, time, bad. Example review: ""poor"""
wonderful app need deliver door step,Price Sensitive,2,0.2879,"Cluster 2 (n=1736) labeled 'Price Sensitive' because its centroid is closest to that segment's prototype reviews (cosine=0.288). Supporting cues: charge(150), rs(122), price(78), money(49), offer(28). Frequent terms: order, service, blinkit, product, time, bad. Example review: ""poor"""
best apps,Routine Buyers,1,0.1454,"Cluster 1 (n=554) labeled 'Routine Buyers' because its centroid is closest to that segment's prototype reviews (cosine=0.145). Supporting cues: always(16), regular(1), usual(1). Frequent terms: delivery, fast, best, service, time, blinkit. Example review: ""super fast delivery"""
oder cancel ka option nhi deta h ye saman bhi kafi mehga deta h,Price Sensitive,2,0.2879,"Cluster 2 (n=1736) labeled 'Price Sensitive' because its centroid is closest to that segment's prototype reviews (cosine=0.288). Supporting cues: charge(150), rs(122), price(78), money(49), offer(28). Frequent terms: order, service, blinkit, product, time, bad. Example review: ""poor"""
good electronic product,Explorers,0,0.0196,"Cluster 0 (n=348) labeled 'Explorers' because its centroid is closest to that segment's prototype reviews (cosine=0.020). Supporting cues: try(1). Frequent terms: service, delivery, blinkit, product, experience, like. Example review: ""good service"""
return option buy product function correctly raise concern useful waste,Price Sensitive,2,0.2879,"Cluster 2 (n=1736) labeled 'Price Sensitive' because its centroid is closest to that segment's prototype reviews (cosine=0.288). Supporting cues: charge(150), rs(122), price(78), money(49), offer(28). Frequent terms: order, service, blinkit, product, time, bad. Example review: ""poor"""
ok app,Price Sensitive,2,0.2879,"Cluster 2 (n=1736) labeled 'Price Sensitive' because its centroid is closest to that segment's prototype reviews (cosine=0.288). Supporting cues: charge(150), rs(122), price(78), money(49), offer(28). Frequent terms: order, service, blinkit, product, time, bad. Example review: ""poor"""
prompt action blink eye excellent,Price Sensitive,2,0.2879,"Cluster 2 (n=1736) labeled 'Price Sensitive' because its centroid is closest to that segment's prototype reviews (cosine=0.288). Supporting cues: charge(150), rs(122), price(78), money(49), offer(28). Frequent terms: order, service, blinkit, product, time, bad. Example review: ""poor"""
nice,Impulse Buyers,3,0.0584,"Cluster 3 (n=180) labeled 'Impulse Buyers' because its centroid is closest to that segment's prototype reviews (cosine=0.058). Supporting cues: quick(4), late night(1). Frequent terms: service, delivery, blinkit, work, much, time. Example review: ""nice"""
package dirty bad service,Price Sensitive,2,0.2879,"Cluster 2 (n=1736) labeled 'Price Sensitive' because its centroid is closest to that segment's prototype reviews (cosine=0.288). Supporting cues: charge(150), rs(122), price(78), money(49), offer(28). Frequent terms: order, service, blinkit, product, time, bad. Example review: ""poor"""
good experience blinkit executive well customer care support talk aabidaa polite co operative thank much kind help,Price Sensitive,2,0.2879,"Cluster 2 (n=1736) labeled 'Price Sensitive' because its centroid is closest to that segment's prototype reviews (cosine=0.288). Supporting cues: charge(150), rs(122), price(78), money(49), offer(28). Frequent terms: order, service, blinkit, product, time, bad. Example review: ""poor"""
happy bat thanks,Price Sensitive,2,0.2879,"Cluster 2 (n=1736) labeled 'Price Sensitive' because its centroid is closest to that segment's prototype reviews (cosine=0.288). Supporting cues: charge(150), rs(122), price(78), money(49), offer(28). Frequent terms: order, service, blinkit, product, time, bad. Example review: ""poor"""
really good product paking also nice would nice helpful u without difficulty purchase anything thanku blinkit,Impulse Buyers,3,0.0584,"Cluster 3 (n=180) labeled 'Impulse Buyers' because its centroid is closest to that segment's prototype reviews (cosine=0.058). Supporting cues: quick(4), late night(1). Frequent terms: service, delivery, blinkit, work, much, time. Example review: ""nice"""
help app,Price Sensitive,2,0.2879,"Cluster 2 (n=1736) labeled 'Price Sensitive' because its centroid is closest to that segment's prototype reviews (cosine=0.288). Supporting cues: charge(150), rs(122), price(78), money(49), offer(28). Frequent terms: order, service, blinkit, product, time, bad. Example review: ""poor"""
brilliant,Price Sensitive,2,0.2879,"Cluster 2 (n=1736) labeled 'Price Sensitive' because its centroid is closest to that segment's prototype reviews (cosine=0.288). Supporting cues: charge(150), rs(122), price(78), money(49), offer(28). Frequent terms: order, service, blinkit, product, time, bad. Example review: ""poor"""
bad app coustmer support bad dont use,Price Sensitive,2,0.2879,"Cluster 2 (n=1736) labeled 'Price Sensitive' because its centroid is closest to that segment's prototype reviews (cosine=0.288). Supporting cues: charge(150), rs(122), price(78), money(49), offer(28). Frequent terms: order, service, blinkit, product, time, bad. Example review: ""poor"""
excite,Price Sensitive,2,0.2879,"Cluster 2 (n=1736) labeled 'Price Sensitive' because its centroid is closest to that segment's prototype reviews (cosine=0.288). Supporting cues: charge(150), rs(122), price(78), money(49), offer(28). Frequent terms: order, service, blinkit, product, time, bad. Example review: ""poor"""
receive unhygenic product overall detail mention sometime deliver expired product ek dum bakwas,Price Sensitive,2,0.2879,"Cluster 2 (n=1736) labeled 'Price Sensitive' because its centroid is closest to that segment's prototype reviews (cosine=0.288). Supporting cues: charge(150), rs(122), price(78), money(49), offer(28). Frequent terms: order, service, blinkit, product, time, bad. Example review: ""poor"""
good doorstep delivery blinkit,Explorers,0,0.0196,"Cluster 0 (n=348) labeled 'Explorers' because its centroid is closest to that segment's prototype reviews (cosine=0.020). Supporting cues: try(1). Frequent terms: service, delivery, blinkit, product, experience, like. Example review: ""good service"""
fake offer high rate apps like zepto,Price Sensitive,2,0.2879,"Cluster 2 (n=1736) labeled 'Price Sensitive' because its centroid is closest to that segment's prototype reviews (cosine=0.288). Supporting cues: charge(150), rs(122), price(78), money(49), offer(28). Frequent terms: order, service, blinkit, product, time, bad. Example review: ""poor"""
thanks make app,Price Sensitive,2,0.2879,"Cluster 2 (n=1736) labeled 'Price Sensitive' because its centroid is closest to that segment's prototype reviews (cosine=0.288). Supporting cues: charge(150), rs(122), price(78), money(49), offer(28). Frequent terms: order, service, blinkit, product, time, bad. Example review: ""poor"""
good service like,Explorers,0,0.0196,"Cluster 0 (n=348) labeled 'Explorers' because its centroid is closest to that segment's prototype reviews (cosine=0.020). Supporting cues: try(1). Frequent terms: service, delivery, blinkit, product, experience, like. Example review: ""good service"""
vry good sarvice,Explorers,0,0.0196,"Cluster 0 (n=348) labeled 'Explorers' because its centroid is closest to that segment's prototype reviews (cosine=0.020). Supporting cues: try(1). Frequent terms: service, delivery, blinkit, product, experience, like. Example review: ""good service"""
bad support check issue high level say customer mistake agent easy say customer wrong think twice check side support limit ai irritates,Price Sensitive,2,0.2879,"Cluster 2 (n=1736) labeled 'Price Sensitive' because its centroid is closest to that segment's prototype reviews (cosine=0.288). Supporting cues: charge(150), rs(122), price(78), money(49), offer(28). Frequent terms: order, service, blinkit, product, time, bad. Example review: ""poor"""
good service return policy difficult thanku blinkit,Price Sensitive,2,0.2879,"Cluster 2 (n=1736) labeled 'Price Sensitive' because its centroid is closest to that segment's prototype reviews (cosine=0.288). Supporting cues: charge(150), rs(122), price(78), money(49), offer(28). Frequent terms: order, service, blinkit, product, time, bad. Example review: ""poor"""
please cash delivery hamesha available rakho,Routine Buyers,1,0.1454,"Cluster 1 (n=554) labeled 'Routine Buyers' because its centroid is closest to that segment's prototype reviews (cosine=0.145). Supporting cues: always(16), regular(1), usual(1). Frequent terms: delivery, fast, best, service, time, blinkit. Example review: ""super fast delivery"""
wipe pack dirty kindly replace,Price Sensitive,2,0.2879,"Cluster 2 (n=1736) labeled 'Price Sensitive' because its centroid is closest to that segment's prototype reviews (cosine=0.288). Supporting cues: charge(150), rs(122), price(78), money(49), offer(28). Frequent terms: order, service, blinkit, product, time, bad. Example review: ""poor"""
helpful save aur time thank blinkit,Price Sensitive,2,0.2879,"Cluster 2 (n=1736) labeled 'Price Sensitive' because its centroid is closest to that segment's prototype reviews (cosine=0.288). Supporting cues: charge(150), rs(122), price(78), money(49), offer(28). Frequent terms: order, service, blinkit, product, time, bad. Example review: ""poor"""
every time delivery late,Routine Buyers,1,0.1454,"Cluster 1 (n=554) labeled 'Routine Buyers' because its centroid is closest to that segment's prototype reviews (cosine=0.145). Supporting cues: always(16), regular(1), usual(1). Frequent terms: delivery, fast, best, service, time, blinkit. Example review: ""super fast delivery"""
happy,Price Sensitive,2,0.2879,"Cluster 2 (n=1736) labeled 'Price Sensitive' because its centroid is closest to that segment's prototype reviews (cosine=0.288). Supporting cues: charge(150), rs(122), price(78), money(49), offer(28). Frequent terms: order, service, blinkit, product, time, bad. Example review: ""poor"""
grocery dont go print charge 400 100 page receive 50,Price Sensitive,2,0.2879,"Cluster 2 (n=1736) labeled 'Price Sensitive' because its centroid is closest to that segment's prototype reviews (cosine=0.288). Supporting cues: charge(150), rs(122), price(78), money(49), offer(28). Frequent terms: order, service, blinkit, product, time, bad. Example review: ""poor"""
late delevery,Price Sensitive,2,0.2879,"Cluster 2 (n=1736) labeled 'Price Sensitive' because its centroid is closest to that segment's prototype reviews (cosine=0.288). Supporting cues: charge(150), rs(122), price(78), money(49), offer(28). Frequent terms: order, service, blinkit, product, time, bad. Example review: ""poor"""
excellent,Price Sensitive,2,0.2879,"Cluster 2 (n=1736) labeled 'Price Sensitive' because its centroid is closest to that segment's prototype reviews (cosine=0.288). Supporting cues: charge(150), rs(122), price(78), money(49), offer(28). Frequent terms: order, service, blinkit, product, time, bad. Example review: ""poor"""
nice service,Impulse Buyers,3,0.0584,"Cluster 3 (n=180) labeled 'Impulse Buyers' because its centroid is closest to that segment's prototype reviews (cosine=0.058). Supporting cues: quick(4), late night(1). Frequent terms: service, delivery, blinkit, work, much, time. Example review: ""nice"""
rly good app service,Explorers,0,0.0196,"Cluster 0 (n=348) labeled 'Explorers' because its centroid is closest to that segment's prototype reviews (cosine=0.020). Supporting cues: try(1). Frequent terms: service, delivery, blinkit, product, experience, like. Example review: ""good service"""
payment methors,Price Sensitive,2,0.2879,"Cluster 2 (n=1736) labeled 'Price Sensitive' because its centroid is closest to that segment's prototype reviews (cosine=0.288). Supporting cues: charge(150), rs(122), price(78), money(49), offer(28). Frequent terms: order, service, blinkit, product, time, bad. Example review: ""poor"""
nice app,Impulse Buyers,3,0.0584,"Cluster 3 (n=180) labeled 'Impulse Buyers' because its centroid is closest to that segment's prototype reviews (cosine=0.058). Supporting cues: quick(4), late night(1). Frequent terms: service, delivery, blinkit, work, much, time. Example review: ""nice"""
always work good delivery ppl n time disappoint till nowthank especially delivery ppl,Routine Buyers,1,0.1454,"Cluster 1 (n=554) labeled 'Routine Buyers' because its centroid is closest to that segment's prototype reviews (cosine=0.145). Supporting cues: always(16), regular(1), usual(1). Frequent terms: delivery, fast, best, service, time, blinkit. Example review: ""super fast delivery"""
flawless app product list price double mrpwhich give 50 people buy consider offer effectively pay full price without realise trick item thousand false positive review u cant view real review product pageone product arabian date wonderlandmrp list price blinkit sell many also highly unethical unprofessional blinkit,Price Sensitive,2,0.2879,"Cluster 2 (n=1736) labeled 'Price Sensitive' because its centroid is closest to that segment's prototype reviews (cosine=0.288). Supporting cues: charge(150), rs(122), price(78), money(49), offer(28). Frequent terms: order, service, blinkit, product, time, bad. Example review: ""poor"""
excellent,Price Sensitive,2,0.2879,"Cluster 2 (n=1736) labeled 'Price Sensitive' because its centroid is closest to that segment's prototype reviews (cosine=0.288). Supporting cues: charge(150), rs(122), price(78), money(49), offer(28). Frequent terms: order, service, blinkit, product, time, bad. Example review: ""poor"""
first blinkit order,Price Sensitive,2,0.2879,"Cluster 2 (n=1736) labeled 'Price Sensitive' because its centroid is closest to that segment's prototype reviews (cosine=0.288). Supporting cues: charge(150), rs(122), price(78), money(49), offer(28). Frequent terms: order, service, blinkit, product, time, bad. Example review: ""poor"""
one best last time apps help many time,Price Sensitive,2,0.2879,"Cluster 2 (n=1736) labeled 'Price Sensitive' because its centroid is closest to that segment's prototype reviews (cosine=0.288). Supporting cues: charge(150), rs(122), price(78), money(49), offer(28). Frequent terms: order, service, blinkit, product, time, bad. Example review: ""poor"""
time bach jata h samaan turant aa jata h,Price Sensitive,2,0.2879,"Cluster 2 (n=1736) labeled 'Price Sensitive' because its centroid is closest to that segment's prototype reviews (cosine=0.288). Supporting cues: charge(150), rs(122), price(78), money(49), offer(28). Frequent terms: order, service, blinkit, product, time, bad. Example review: ""poor"""
long time,Price Sensitive,2,0.2879,"Cluster 2 (n=1736) labeled 'Price Sensitive' because its centroid is closest to that segment's prototype reviews (cosine=0.288). Supporting cues: charge(150), rs(122), price(78), money(49), offer(28). Frequent terms: order, service, blinkit, product, time, bad. Example review: ""poor"""
super app,Price Sensitive,2,0.2879,"Cluster 2 (n=1736) labeled 'Price Sensitive' because its centroid is closest to that segment's prototype reviews (cosine=0.288). Supporting cues: charge(150), rs(122), price(78), money(49), offer(28). Frequent terms: order, service, blinkit, product, time, bad. Example review: ""poor"""
ఫాస్ట్ డెలివరీ సూపర్ 👍,Price Sensitive,2,0.2879,"Cluster 2 (n=1736) labeled 'Price Sensitive' because its centroid is closest to that segment's prototype reviews (cosine=0.288). Supporting cues: charge(150), rs(122), price(78), money(49), offer(28). Frequent terms: order, service, blinkit, product, time, bad. Example review: ""poor"""
app help low even printout essential,Price Sensitive,2,0.2879,"Cluster 2 (n=1736) labeled 'Price Sensitive' because its centroid is closest to that segment's prototype reviews (cosine=0.288). Supporting cues: charge(150), rs(122), price(78), money(49), offer(28). Frequent terms: order, service, blinkit, product, time, bad. Example review: ""poor"""
good one always helpful,Explorers,0,0.0196,"Cluster 0 (n=348) labeled 'Explorers' because its centroid is closest to that segment's prototype reviews (cosine=0.020). Supporting cues: try(1). Frequent terms: service, delivery, blinkit, product, experience, like. Example review: ""good service"""
delivery servise goodbut order milk burst boil,Routine Buyers,1,0.1454,"Cluster 1 (n=554) labeled 'Routine Buyers' because its centroid is closest to that segment's prototype reviews (cosine=0.145). Supporting cues: always(16), regular(1), usual(1). Frequent terms: delivery, fast, best, service, time, blinkit. Example review: ""super fast delivery"""
best instant delivery app extra charge delivery within 7 minute hurry cant go shop blinkit best option get product az daily essential even order phone tv ps5 theyll deliver within hour best experience blinkit far go,Routine Buyers,1,0.1454,"Cluster 1 (n=554) labeled 'Routine Buyers' because its centroid is closest to that segment's prototype reviews (cosine=0.145). Supporting cues: always(16), regular(1), usual(1). Frequent terms: delivery, fast, best, service, time, blinkit. Example review: ""super fast delivery"""
satisfied blinkit service delivery quick product fresh wellpacked everything arrive exactly order app easy use overall experience smooth reliable thank blinkit team provide excellent service keep great work,Price Sensitive,2,0.2879,"Cluster 2 (n=1736) labeled 'Price Sensitive' because its centroid is closest to that segment's prototype reviews (cosine=0.288). Supporting cues: charge(150), rs(122), price(78), money(49), offer(28). Frequent terms: order, service, blinkit, product, time, bad. Example review: ""poor"""
good delivery fast,Routine Buyers,1,0.1454,"Cluster 1 (n=554) labeled 'Routine Buyers' because its centroid is closest to that segment's prototype reviews (cosine=0.145). Supporting cues: always(16), regular(1), usual(1). Frequent terms: delivery, fast, best, service, time, blinkit. Example review: ""super fast delivery"""
useful application love,Price Sensitive,2,0.2879,"Cluster 2 (n=1736) labeled 'Price Sensitive' because its centroid is closest to that segment's prototype reviews (cosine=0.288). Supporting cues: charge(150), rs(122), price(78), money(49), offer(28). Frequent terms: order, service, blinkit, product, time, bad. Example review: ""poor"""
easy convenient order fast delivery good quality product,Routine Buyers,1,0.1454,"Cluster 1 (n=554) labeled 'Routine Buyers' because its centroid is closest to that segment's prototype reviews (cosine=0.145). Supporting cues: always(16), regular(1), usual(1). Frequent terms: delivery, fast, best, service, time, blinkit. Example review: ""super fast delivery"""
charge like product cost low price add handling charge bag charge delivery charge much expensive product cost urgently go nearby storethey also add amount charge distance 2km 100metres also add charge dont know take much one product cost 72 r add u know handle charges5 bag 30 delivery 30 total137,Price Sensitive,2,0.2879,"Cluster 2 (n=1736) labeled 'Price Sensitive' because its centroid is closest to that segment's prototype reviews (cosine=0.288). Supporting cues: charge(150), rs(122), price(78), money(49), offer(28). Frequent terms: order, service, blinkit, product, time, bad. Example review: ""poor"""
10 minute,Price Sensitive,2,0.2879,"Cluster 2 (n=1736) labeled 'Price Sensitive' because its centroid is closest to that segment's prototype reviews (cosine=0.288). Supporting cues: charge(150), rs(122), price(78), money(49), offer(28). Frequent terms: order, service, blinkit, product, time, bad. Example review: ""poor"""
delevery fast hai lekin add cart karne par paisa bahut hi jayada badh jata hai,Price Sensitive,2,0.2879,"Cluster 2 (n=1736) labeled 'Price Sensitive' because its centroid is closest to that segment's prototype reviews (cosine=0.288). Supporting cues: charge(150), rs(122), price(78), money(49), offer(28). Frequent terms: order, service, blinkit, product, time, bad. Example review: ""poor"""
finger automatically choose blinkit order something,Price Sensitive,2,0.2879,"Cluster 2 (n=1736) labeled 'Price Sensitive' because its centroid is closest to that segment's prototype reviews (cosine=0.288). Supporting cues: charge(150), rs(122), price(78), money(49), offer(28). Frequent terms: order, service, blinkit, product, time, bad. Example review: ""poor"""
delivery amount high,Routine Buyers,1,0.1454,"Cluster 1 (n=554) labeled 'Routine Buyers' because its centroid is closest to that segment's prototype reviews (cosine=0.145). Supporting cues: always(16), regular(1), usual(1). Frequent terms: delivery, fast, best, service, time, blinkit. Example review: ""super fast delivery"""
good,Explorers,0,0.0196,"Cluster 0 (n=348) labeled 'Explorers' because its centroid is closest to that segment's prototype reviews (cosine=0.020). Supporting cues: try(1). Frequent terms: service, delivery, blinkit, product, experience, like. Example review: ""good service"""
excellent delivery fast product good,Routine Buyers,1,0.1454,"Cluster 1 (n=554) labeled 'Routine Buyers' because its centroid is closest to that segment's prototype reviews (cosine=0.145). Supporting cues: always(16), regular(1), usual(1). Frequent terms: delivery, fast, best, service, time, blinkit. Example review: ""super fast delivery"""
nice market,Impulse Buyers,3,0.0584,"Cluster 3 (n=180) labeled 'Impulse Buyers' because its centroid is closest to that segment's prototype reviews (cosine=0.058). Supporting cues: quick(4), late night(1). Frequent terms: service, delivery, blinkit, work, much, time. Example review: ""nice"""
fast,Routine Buyers,1,0.1454,"Cluster 1 (n=554) labeled 'Routine Buyers' because its centroid is closest to that segment's prototype reviews (cosine=0.145). Supporting cues: always(16), regular(1), usual(1). Frequent terms: delivery, fast, best, service, time, blinkit. Example review: ""super fast delivery"""
app good,Explorers,0,0.0196,"Cluster 0 (n=348) labeled 'Explorers' because its centroid is closest to that segment's prototype reviews (cosine=0.020). Supporting cues: try(1). Frequent terms: service, delivery, blinkit, product, experience, like. Example review: ""good service"""
good everyone,Explorers,0,0.0196,"Cluster 0 (n=348) labeled 'Explorers' because its centroid is closest to that segment's prototype reviews (cosine=0.020). Supporting cues: try(1). Frequent terms: service, delivery, blinkit, product, experience, like. Example review: ""good service"""
good fast,Routine Buyers,1,0.1454,"Cluster 1 (n=554) labeled 'Routine Buyers' because its centroid is closest to that segment's prototype reviews (cosine=0.145). Supporting cues: always(16), regular(1), usual(1). Frequent terms: delivery, fast, best, service, time, blinkit. Example review: ""super fast delivery"""
fast delivery,Routine Buyers,1,0.1454,"Cluster 1 (n=554) labeled 'Routine Buyers' because its centroid is closest to that segment's prototype reviews (cosine=0.145). Supporting cues: always(16), regular(1), usual(1). Frequent terms: delivery, fast, best, service, time, blinkit. Example review: ""super fast delivery"""
good service,Explorers,0,0.0196,"Cluster 0 (n=348) labeled 'Explorers' because its centroid is closest to that segment's prototype reviews (cosine=0.020). Supporting cues: try(1). Frequent terms: service, delivery, blinkit, product, experience, like. Example review: ""good service"""
sometimes payment get cancel refund,Price Sensitive,2,0.2879,"Cluster 2 (n=1736) labeled 'Price Sensitive' because its centroid is closest to that segment's prototype reviews (cosine=0.288). Supporting cues: charge(150), rs(122), price(78), money(49), offer(28). Frequent terms: order, service, blinkit, product, time, bad. Example review: ""poor"""
best aap,Routine Buyers,1,0.1454,"Cluster 1 (n=554) labeled 'Routine Buyers' because its centroid is closest to that segment's prototype reviews (cosine=0.145). Supporting cues: always(16), regular(1), usual(1). Frequent terms: delivery, fast, best, service, time, blinkit. Example review: ""super fast delivery"""
best,Routine Buyers,1,0.1454,"Cluster 1 (n=554) labeled 'Routine Buyers' because its centroid is closest to that segment's prototype reviews (cosine=0.145). Supporting cues: always(16), regular(1), usual(1). Frequent terms: delivery, fast, best, service, time, blinkit. Example review: ""super fast delivery"""
thank much discount,Price Sensitive,2,0.2879,"Cluster 2 (n=1736) labeled 'Price Sensitive' because its centroid is closest to that segment's prototype reviews (cosine=0.288). Supporting cues: charge(150), rs(122), price(78), money(49), offer(28). Frequent terms: order, service, blinkit, product, time, bad. Example review: ""poor"""
happy fast delivery,Routine Buyers,1,0.1454,"Cluster 1 (n=554) labeled 'Routine Buyers' because its centroid is closest to that segment's prototype reviews (cosine=0.145). Supporting cues: always(16), regular(1), usual(1). Frequent terms: delivery, fast, best, service, time, blinkit. Example review: ""super fast delivery"""
good delivery,Routine Buyers,1,0.1454,"Cluster 1 (n=554) labeled 'Routine Buyers' because its centroid is closest to that segment's prototype reviews (cosine=0.145). Supporting cues: always(16), regular(1), usual(1). Frequent terms: delivery, fast, best, service, time, blinkit. Example review: ""super fast delivery"""
price reduce item,Price Sensitive,2,0.2879,"Cluster 2 (n=1736) labeled 'Price Sensitive' because its centroid is closest to that segment's prototype reviews (cosine=0.288). Supporting cues: charge(150), rs(122), price(78), money(49), offer(28). Frequent terms: order, service, blinkit, product, time, bad. Example review: ""poor"""
good service fast delivery,Routine Buyers,1,0.1454,"Cluster 1 (n=554) labeled 'Routine Buyers' because its centroid is closest to that segment's prototype reviews (cosine=0.145). Supporting cues: always(16), regular(1), usual(1). Frequent terms: delivery, fast, best, service, time, blinkit. Example review: ""super fast delivery"""
good,Explorers,0,0.0196,"Cluster 0 (n=348) labeled 'Explorers' because its centroid is closest to that segment's prototype reviews (cosine=0.020). Supporting cues: try(1). Frequent terms: service, delivery, blinkit, product, experience, like. Example review: ""good service"""
superb experience,Price Sensitive,2,0.2879,"Cluster 2 (n=1736) labeled 'Price Sensitive' because its centroid is closest to that segment's prototype reviews (cosine=0.288). Supporting cues: charge(150), rs(122), price(78), money(49), offer(28). Frequent terms: order, service, blinkit, product, time, bad. Example review: ""poor"""
best servicefast service,Routine Buyers,1,0.1454,"Cluster 1 (n=554) labeled 'Routine Buyers' because its centroid is closest to that segment's prototype reviews (cosine=0.145). Supporting cues: always(16), regular(1), usual(1). Frequent terms: delivery, fast, best, service, time, blinkit. Example review: ""super fast delivery"""
excellent app,Price Sensitive,2,0.2879,"Cluster 2 (n=1736) labeled 'Price Sensitive' because its centroid is closest to that segment's prototype reviews (cosine=0.288). Supporting cues: charge(150), rs(122), price(78), money(49), offer(28). Frequent terms: order, service, blinkit, product, time, bad. Example review: ""poor"""
appreciate blinkits free ambulance service mass hence shift purchase blinkit feel contribute noble cause vijay sthalekar,Price Sensitive,2,0.2879,"Cluster 2 (n=1736) labeled 'Price Sensitive' because its centroid is closest to that segment's prototype reviews (cosine=0.288). Supporting cues: charge(150), rs(122), price(78), money(49), offer(28). Frequent terms: order, service, blinkit, product, time, bad. Example review: ""poor"""
option edit exist address available look like bug,Price Sensitive,2,0.2879,"Cluster 2 (n=1736) labeled 'Price Sensitive' because its centroid is closest to that segment's prototype reviews (cosine=0.288). Supporting cues: charge(150), rs(122), price(78), money(49), offer(28). Frequent terms: order, service, blinkit, product, time, bad. Example review: ""poor"""
good delivery app,Routine Buyers,1,0.1454,"Cluster 1 (n=554) labeled 'Routine Buyers' because its centroid is closest to that segment's prototype reviews (cosine=0.145). Supporting cues: always(16), regular(1), usual(1). Frequent terms: delivery, fast, best, service, time, blinkit. Example review: ""super fast delivery"""
app amaze work dont time go buy stuff need,Price Sensitive,2,0.2879,"Cluster 2 (n=1736) labeled 'Price Sensitive' because its centroid is closest to that segment's prototype reviews (cosine=0.288). Supporting cues: charge(150), rs(122), price(78), money(49), offer(28). Frequent terms: order, service, blinkit, product, time, bad. Example review: ""poor"""
fabulous,Price Sensitive,2,0.2879,"Cluster 2 (n=1736) labeled 'Price Sensitive' because its centroid is closest to that segment's prototype reviews (cosine=0.288). Supporting cues: charge(150), rs(122), price(78), money(49), offer(28). Frequent terms: order, service, blinkit, product, time, bad. Example review: ""poor"""
bad service bad delivery partner,Price Sensitive,2,0.2879,"Cluster 2 (n=1736) labeled 'Price Sensitive' because its centroid is closest to that segment's prototype reviews (cosine=0.288). Supporting cues: charge(150), rs(122), price(78), money(49), offer(28). Frequent terms: order, service, blinkit, product, time, bad. Example review: ""poor"""
make life easy love blinkit,Price Sensitive,2,0.2879,"Cluster 2 (n=1736) labeled 'Price Sensitive' because its centroid is closest to that segment's prototype reviews (cosine=0.288). Supporting cues: charge(150), rs(122), price(78), money(49), offer(28). Frequent terms: order, service, blinkit, product, time, bad. Example review: ""poor"""
good use,Explorers,0,0.0196,"Cluster 0 (n=348) labeled 'Explorers' because its centroid is closest to that segment's prototype reviews (cosine=0.020). Supporting cues: try(1). Frequent terms: service, delivery, blinkit, product, experience, like. Example review: ""good service"""
mislead there window speak product malfunction seriously even pay price there service,Price Sensitive,2,0.2879,"Cluster 2 (n=1736) labeled 'Price Sensitive' because its centroid is closest to that segment's prototype reviews (cosine=0.288). Supporting cues: charge(150), rs(122), price(78), money(49), offer(28). Frequent terms: order, service, blinkit, product, time, bad. Example review: ""poor"""
bad resolution simple problem hate customer experience,Price Sensitive,2,0.2879,"Cluster 2 (n=1736) labeled 'Price Sensitive' because its centroid is closest to that segment's prototype reviews (cosine=0.288). Supporting cues: charge(150), rs(122), price(78), money(49), offer(28). Frequent terms: order, service, blinkit, product, time, bad. Example review: ""poor"""
delivery time,Routine Buyers,1,0.1454,"Cluster 1 (n=554) labeled 'Routine Buyers' because its centroid is closest to that segment's prototype reviews (cosine=0.145). Supporting cues: always(16), regular(1), usual(1). Frequent terms: delivery, fast, best, service, time, blinkit. Example review: ""super fast delivery"""
late delevery without reason,Price Sensitive,2,0.2879,"Cluster 2 (n=1736) labeled 'Price Sensitive' because its centroid is closest to that segment's prototype reviews (cosine=0.288). Supporting cues: charge(150), rs(122), price(78), money(49), offer(28). Frequent terms: order, service, blinkit, product, time, bad. Example review: ""poor"""
good service,Explorers,0,0.0196,"Cluster 0 (n=348) labeled 'Explorers' because its centroid is closest to that segment's prototype reviews (cosine=0.020). Supporting cues: try(1). Frequent terms: service, delivery, blinkit, product, experience, like. Example review: ""good service"""
app show,Price Sensitive,2,0.2879,"Cluster 2 (n=1736) labeled 'Price Sensitive' because its centroid is closest to that segment's prototype reviews (cosine=0.288). Supporting cues: charge(150), rs(122), price(78), money(49), offer(28). Frequent terms: order, service, blinkit, product, time, bad. Example review: ""poor"""
bad system delivery,Routine Buyers,1,0.1454,"Cluster 1 (n=554) labeled 'Routine Buyers' because its centroid is closest to that segment's prototype reviews (cosine=0.145). Supporting cues: always(16), regular(1), usual(1). Frequent terms: delivery, fast, best, service, time, blinkit. Example review: ""super fast delivery"""
nice job,Impulse Buyers,3,0.0584,"Cluster 3 (n=180) labeled 'Impulse Buyers' because its centroid is closest to that segment's prototype reviews (cosine=0.058). Supporting cues: quick(4), late night(1). Frequent terms: service, delivery, blinkit, work, much, time. Example review: ""nice"""
good well organised app include offer regular buyer,Explorers,0,0.0196,"Cluster 0 (n=348) labeled 'Explorers' because its centroid is closest to that segment's prototype reviews (cosine=0.020). Supporting cues: try(1). Frequent terms: service, delivery, blinkit, product, experience, like. Example review: ""good service"""
excellent service economical price,Price Sensitive,2,0.2879,"Cluster 2 (n=1736) labeled 'Price Sensitive' because its centroid is closest to that segment's prototype reviews (cosine=0.288). Supporting cues: charge(150), rs(122), price(78), money(49), offer(28). Frequent terms: order, service, blinkit, product, time, bad. Example review: ""poor"""
❣️,Price Sensitive,2,0.2879,"Cluster 2 (n=1736) labeled 'Price Sensitive' because its centroid is closest to that segment's prototype reviews (cosine=0.288). Supporting cues: charge(150), rs(122), price(78), money(49), offer(28). Frequent terms: order, service, blinkit, product, time, bad. Example review: ""poor"""
bad wrong product recived,Price Sensitive,2,0.2879,"Cluster 2 (n=1736) labeled 'Price Sensitive' because its centroid is closest to that segment's prototype reviews (cosine=0.288). Supporting cues: charge(150), rs(122), price(78), money(49), offer(28). Frequent terms: order, service, blinkit, product, time, bad. Example review: ""poor"""
give expensive item also give tip added consumer gig worker shameful,Price Sensitive,2,0.2879,"Cluster 2 (n=1736) labeled 'Price Sensitive' because its centroid is closest to that segment's prototype reviews (cosine=0.288). Supporting cues: charge(150), rs(122), price(78), money(49), offer(28). Frequent terms: order, service, blinkit, product, time, bad. Example review: ""poor"""
keep,Price Sensitive,2,0.2879,"Cluster 2 (n=1736) labeled 'Price Sensitive' because its centroid is closest to that segment's prototype reviews (cosine=0.288). Supporting cues: charge(150), rs(122), price(78), money(49), offer(28). Frequent terms: order, service, blinkit, product, time, bad. Example review: ""poor"""
good app good service,Explorers,0,0.0196,"Cluster 0 (n=348) labeled 'Explorers' because its centroid is closest to that segment's prototype reviews (cosine=0.020). Supporting cues: try(1). Frequent terms: service, delivery, blinkit, product, experience, like. Example review: ""good service"""
receive fast,Routine Buyers,1,0.1454,"Cluster 1 (n=554) labeled 'Routine Buyers' because its centroid is closest to that segment's prototype reviews (cosine=0.145). Supporting cues: always(16), regular(1), usual(1). Frequent terms: delivery, fast, best, service, time, blinkit. Example review: ""super fast delivery"""
நன்றாக உள்ளது,Price Sensitive,2,0.2879,"Cluster 2 (n=1736) labeled 'Price Sensitive' because its centroid is closest to that segment's prototype reviews (cosine=0.288). Supporting cues: charge(150), rs(122), price(78), money(49), offer(28). Frequent terms: order, service, blinkit, product, time, bad. Example review: ""poor"""
good fast service,Routine Buyers,1,0.1454,"Cluster 1 (n=554) labeled 'Routine Buyers' because its centroid is closest to that segment's prototype reviews (cosine=0.145). Supporting cues: always(16), regular(1), usual(1). Frequent terms: delivery, fast, best, service, time, blinkit. Example review: ""super fast delivery"""
stupid cx service send email support helpful,Price Sensitive,2,0.2879,"Cluster 2 (n=1736) labeled 'Price Sensitive' because its centroid is closest to that segment's prototype reviews (cosine=0.288). Supporting cues: charge(150), rs(122), price(78), money(49), offer(28). Frequent terms: order, service, blinkit, product, time, bad. Example review: ""poor"""
good delivery charge bhot hai ise accha flipkart minute hai,Price Sensitive,2,0.2879,"Cluster 2 (n=1736) labeled 'Price Sensitive' because its centroid is closest to that segment's prototype reviews (cosine=0.288). Supporting cues: charge(150), rs(122), price(78), money(49), offer(28). Frequent terms: order, service, blinkit, product, time, bad. Example review: ""poor"""
good delivery come 5 min,Routine Buyers,1,0.1454,"Cluster 1 (n=554) labeled 'Routine Buyers' because its centroid is closest to that segment's prototype reviews (cosine=0.145). Supporting cues: always(16), regular(1), usual(1). Frequent terms: delivery, fast, best, service, time, blinkit. Example review: ""super fast delivery"""
nice,Impulse Buyers,3,0.0584,"Cluster 3 (n=180) labeled 'Impulse Buyers' because its centroid is closest to that segment's prototype reviews (cosine=0.058). Supporting cues: quick(4), late night(1). Frequent terms: service, delivery, blinkit, work, much, time. Example review: ""nice"""
efficient,Price Sensitive,2,0.2879,"Cluster 2 (n=1736) labeled 'Price Sensitive' because its centroid is closest to that segment's prototype reviews (cosine=0.288). Supporting cues: charge(150), rs(122), price(78), money(49), offer(28). Frequent terms: order, service, blinkit, product, time, bad. Example review: ""poor"""
charge extra 5 r delivery always late,Routine Buyers,1,0.1454,"Cluster 1 (n=554) labeled 'Routine Buyers' because its centroid is closest to that segment's prototype reviews (cosine=0.145). Supporting cues: always(16), regular(1), usual(1). Frequent terms: delivery, fast, best, service, time, blinkit. Example review: ""super fast delivery"""
blinkit provide door step delivery delivery person talk manor,Routine Buyers,1,0.1454,"Cluster 1 (n=554) labeled 'Routine Buyers' because its centroid is closest to that segment's prototype reviews (cosine=0.145). Supporting cues: always(16), regular(1), usual(1). Frequent terms: delivery, fast, best, service, time, blinkit. Example review: ""super fast delivery"""
achi service h,Price Sensitive,2,0.2879,"Cluster 2 (n=1736) labeled 'Price Sensitive' because its centroid is closest to that segment's prototype reviews (cosine=0.288). Supporting cues: charge(150), rs(122), price(78), money(49), offer(28). Frequent terms: order, service, blinkit, product, time, bad. Example review: ""poor"""
excellent service always,Price Sensitive,2,0.2879,"Cluster 2 (n=1736) labeled 'Price Sensitive' because its centroid is closest to that segment's prototype reviews (cosine=0.288). Supporting cues: charge(150), rs(122), price(78), money(49), offer(28). Frequent terms: order, service, blinkit, product, time, bad. Example review: ""poor"""
baby,Price Sensitive,2,0.2879,"Cluster 2 (n=1736) labeled 'Price Sensitive' because its centroid is closest to that segment's prototype reviews (cosine=0.288). Supporting cues: charge(150), rs(122), price(78), money(49), offer(28). Frequent terms: order, service, blinkit, product, time, bad. Example review: ""poor"""
good,Explorers,0,0.0196,"Cluster 0 (n=348) labeled 'Explorers' because its centroid is closest to that segment's prototype reviews (cosine=0.020). Supporting cues: try(1). Frequent terms: service, delivery, blinkit, product, experience, like. Example review: ""good service"""
lovely 315am service,Price Sensitive,2,0.2879,"Cluster 2 (n=1736) labeled 'Price Sensitive' because its centroid is closest to that segment's prototype reviews (cosine=0.288). Supporting cues: charge(150), rs(122), price(78), money(49), offer(28). Frequent terms: order, service, blinkit, product, time, bad. Example review: ""poor"""
poor service,Price Sensitive,2,0.2879,"Cluster 2 (n=1736) labeled 'Price Sensitive' because its centroid is closest to that segment's prototype reviews (cosine=0.288). Supporting cues: charge(150), rs(122), price(78), money(49), offer(28). Frequent terms: order, service, blinkit, product, time, bad. Example review: ""poor"""
good app,Explorers,0,0.0196,"Cluster 0 (n=348) labeled 'Explorers' because its centroid is closest to that segment's prototype reviews (cosine=0.020). Supporting cues: try(1). Frequent terms: service, delivery, blinkit, product, experience, like. Example review: ""good service"""
exceptional,Price Sensitive,2,0.2879,"Cluster 2 (n=1736) labeled 'Price Sensitive' because its centroid is closest to that segment's prototype reviews (cosine=0.288). Supporting cues: charge(150), rs(122), price(78), money(49), offer(28). Frequent terms: order, service, blinkit, product, time, bad. Example review: ""poor"""
except late night fee handle fee everything best want profit totally fine,Price Sensitive,2,0.2879,"Cluster 2 (n=1736) labeled 'Price Sensitive' because its centroid is closest to that segment's prototype reviews (cosine=0.288). Supporting cues: charge(150), rs(122), price(78), money(49), offer(28). Frequent terms: order, service, blinkit, product, time, bad. Example review: ""poor"""
super good,Explorers,0,0.0196,"Cluster 0 (n=348) labeled 'Explorers' because its centroid is closest to that segment's prototype reviews (cosine=0.020). Supporting cues: try(1). Frequent terms: service, delivery, blinkit, product, experience, like. Example review: ""good service"""
good,Explorers,0,0.0196,"Cluster 0 (n=348) labeled 'Explorers' because its centroid is closest to that segment's prototype reviews (cosine=0.020). Supporting cues: try(1). Frequent terms: service, delivery, blinkit, product, experience, like. Example review: ""good service"""
best service,Routine Buyers,1,0.1454,"Cluster 1 (n=554) labeled 'Routine Buyers' because its centroid is closest to that segment's prototype reviews (cosine=0.145). Supporting cues: always(16), regular(1), usual(1). Frequent terms: delivery, fast, best, service, time, blinkit. Example review: ""super fast delivery"""
good great,Explorers,0,0.0196,"Cluster 0 (n=348) labeled 'Explorers' because its centroid is closest to that segment's prototype reviews (cosine=0.020). Supporting cues: try(1). Frequent terms: service, delivery, blinkit, product, experience, like. Example review: ""good service"""
bad experience help,Price Sensitive,2,0.2879,"Cluster 2 (n=1736) labeled 'Price Sensitive' because its centroid is closest to that segment's prototype reviews (cosine=0.288). Supporting cues: charge(150), rs(122), price(78), money(49), offer(28). Frequent terms: order, service, blinkit, product, time, bad. Example review: ""poor"""
beste,Price Sensitive,2,0.2879,"Cluster 2 (n=1736) labeled 'Price Sensitive' because its centroid is closest to that segment's prototype reviews (cosine=0.288). Supporting cues: charge(150), rs(122), price(78), money(49), offer(28). Frequent terms: order, service, blinkit, product, time, bad. Example review: ""poor"""
big platform like blinket experience bad every time whenever order personal item always find opened broken already use first experience receive many order also store owner matter great shame make sure personal thing hamesha personal hi rahe every time worst experience,Price Sensitive,2,0.2879,"Cluster 2 (n=1736) labeled 'Price Sensitive' because its centroid is closest to that segment's prototype reviews (cosine=0.288). Supporting cues: charge(150), rs(122), price(78), money(49), offer(28). Frequent terms: order, service, blinkit, product, time, bad. Example review: ""poor"""
best appp,Routine Buyers,1,0.1454,"Cluster 1 (n=554) labeled 'Routine Buyers' because its centroid is closest to that segment's prototype reviews (cosine=0.145). Supporting cues: always(16), regular(1), usual(1). Frequent terms: delivery, fast, best, service, time, blinkit. Example review: ""super fast delivery"""
wowww app really love blinkit fast safe application ever,Price Sensitive,2,0.2879,"Cluster 2 (n=1736) labeled 'Price Sensitive' because its centroid is closest to that segment's prototype reviews (cosine=0.288). Supporting cues: charge(150), rs(122), price(78), money(49), offer(28). Frequent terms: order, service, blinkit, product, time, bad. Example review: ""poor"""
good customer care service,Price Sensitive,2,0.2879,"Cluster 2 (n=1736) labeled 'Price Sensitive' because its centroid is closest to that segment's prototype reviews (cosine=0.288). Supporting cues: charge(150), rs(122), price(78), money(49), offer(28). Frequent terms: order, service, blinkit, product, time, bad. Example review: ""poor"""
gst delivery charge high,Routine Buyers,1,0.1454,"Cluster 1 (n=554) labeled 'Routine Buyers' because its centroid is closest to that segment's prototype reviews (cosine=0.145). Supporting cues: always(16), regular(1), usual(1). Frequent terms: delivery, fast, best, service, time, blinkit. Example review: ""super fast delivery"""
good service good customer care,Explorers,0,0.0196,"Cluster 0 (n=348) labeled 'Explorers' because its centroid is closest to that segment's prototype reviews (cosine=0.020). Supporting cues: try(1). Frequent terms: service, delivery, blinkit, product, experience, like. Example review: ""good service"""
literally delevery expect time fast,Routine Buyers,1,0.1454,"Cluster 1 (n=554) labeled 'Routine Buyers' because its centroid is closest to that segment's prototype reviews (cosine=0.145). Supporting cues: always(16), regular(1), usual(1). Frequent terms: delivery, fast, best, service, time, blinkit. Example review: ""super fast delivery"""
accha,Price Sensitive,2,0.2879,"Cluster 2 (n=1736) labeled 'Price Sensitive' because its centroid is closest to that segment's prototype reviews (cosine=0.288). Supporting cues: charge(150), rs(122), price(78), money(49), offer(28). Frequent terms: order, service, blinkit, product, time, bad. Example review: ""poor"""
particular experience order ice cream blinkit always bad whenever order ice cream cone flipkart always chewy never crunchy dont know exact issue dark store storage facility maybe stock old dont know,Price Sensitive,2,0.2879,"Cluster 2 (n=1736) labeled 'Price Sensitive' because its centroid is closest to that segment's prototype reviews (cosine=0.288). Supporting cues: charge(150), rs(122), price(78), money(49), offer(28). Frequent terms: order, service, blinkit, product, time, bad. Example review: ""poor"""
problem dont let app open dont let background wifi scan disable app doesnt work kind cache,Price Sensitive,2,0.2879,"Cluster 2 (n=1736) labeled 'Price Sensitive' because its centroid is closest to that segment's prototype reviews (cosine=0.288). Supporting cues: charge(150), rs(122), price(78), money(49), offer(28). Frequent terms: order, service, blinkit, product, time, bad. Example review: ""poor"""
bad experience first show store open tell later order cancel wait 45 minute multiple occasion assist agent also like cant anything least accountability,Price Sensitive,2,0.2879,"Cluster 2 (n=1736) labeled 'Price Sensitive' because its centroid is closest to that segment's prototype reviews (cosine=0.288). Supporting cues: charge(150), rs(122), price(78), money(49), offer(28). Frequent terms: order, service, blinkit, product, time, bad. Example review: ""poor"""
fast service,Routine Buyers,1,0.1454,"Cluster 1 (n=554) labeled 'Routine Buyers' because its centroid is closest to that segment's prototype reviews (cosine=0.145). Supporting cues: always(16), regular(1), usual(1). Frequent terms: delivery, fast, best, service, time, blinkit. Example review: ""super fast delivery"""
emergency tha isliye right book kara per kisi ne accept nahin kara yahan taki maine ismein rs 100 bhi dene ke liye taiyar tha fir bhi right accept nahin,Price Sensitive,2,0.2879,"Cluster 2 (n=1736) labeled 'Price Sensitive' because its centroid is closest to that segment's prototype reviews (cosine=0.288). Supporting cues: charge(150), rs(122), price(78), money(49), offer(28). Frequent terms: order, service, blinkit, product, time, bad. Example review: ""poor"""
high price unprofessional delivery boy,Routine Buyers,1,0.1454,"Cluster 1 (n=554) labeled 'Routine Buyers' because its centroid is closest to that segment's prototype reviews (cosine=0.145). Supporting cues: always(16), regular(1), usual(1). Frequent terms: delivery, fast, best, service, time, blinkit. Example review: ""super fast delivery"""
superb service,Price Sensitive,2,0.2879,"Cluster 2 (n=1736) labeled 'Price Sensitive' because its centroid is closest to that segment's prototype reviews (cosine=0.288). Supporting cues: charge(150), rs(122), price(78), money(49), offer(28). Frequent terms: order, service, blinkit, product, time, bad. Example review: ""poor"""
say dilivery charge free chargeble 35 r 1km bad,Price Sensitive,2,0.2879,"Cluster 2 (n=1736) labeled 'Price Sensitive' because its centroid is closest to that segment's prototype reviews (cosine=0.288). Supporting cues: charge(150), rs(122), price(78), money(49), offer(28). Frequent terms: order, service, blinkit, product, time, bad. Example review: ""poor"""
bad app slow delivery pathetic,Routine Buyers,1,0.1454,"Cluster 1 (n=554) labeled 'Routine Buyers' because its centroid is closest to that segment's prototype reviews (cosine=0.145). Supporting cues: always(16), regular(1), usual(1). Frequent terms: delivery, fast, best, service, time, blinkit. Example review: ""super fast delivery"""
great option purchase grocery item smartly,Price Sensitive,2,0.2879,"Cluster 2 (n=1736) labeled 'Price Sensitive' because its centroid is closest to that segment's prototype reviews (cosine=0.288). Supporting cues: charge(150), rs(122), price(78), money(49), offer(28). Frequent terms: order, service, blinkit, product, time, bad. Example review: ""poor"""
best app play store,Routine Buyers,1,0.1454,"Cluster 1 (n=554) labeled 'Routine Buyers' because its centroid is closest to that segment's prototype reviews (cosine=0.145). Supporting cues: always(16), regular(1), usual(1). Frequent terms: delivery, fast, best, service, time, blinkit. Example review: ""super fast delivery"""
late assign rider,Price Sensitive,2,0.2879,"Cluster 2 (n=1736) labeled 'Price Sensitive' because its centroid is closest to that segment's prototype reviews (cosine=0.288). Supporting cues: charge(150), rs(122), price(78), money(49), offer(28). Frequent terms: order, service, blinkit, product, time, bad. Example review: ""poor"""
bad experiance return refund illetrate without common scence person follosh team come return amul taza open boil fata hua doodh without carry bag,Price Sensitive,2,0.2879,"Cluster 2 (n=1736) labeled 'Price Sensitive' because its centroid is closest to that segment's prototype reviews (cosine=0.288). Supporting cues: charge(150), rs(122), price(78), money(49), offer(28). Frequent terms: order, service, blinkit, product, time, bad. Example review: ""poor"""
awful experience blink day,Price Sensitive,2,0.2879,"Cluster 2 (n=1736) labeled 'Price Sensitive' because its centroid is closest to that segment's prototype reviews (cosine=0.288). Supporting cues: charge(150), rs(122), price(78), money(49), offer(28). Frequent terms: order, service, blinkit, product, time, bad. Example review: ""poor"""
delivery partner app glithc,Routine Buyers,1,0.1454,"Cluster 1 (n=554) labeled 'Routine Buyers' because its centroid is closest to that segment's prototype reviews (cosine=0.145). Supporting cues: always(16), regular(1), usual(1). Frequent terms: delivery, fast, best, service, time, blinkit. Example review: ""super fast delivery"""
blinkit good app shopping home easy order thanks blinkit team partner,Price Sensitive,2,0.2879,"Cluster 2 (n=1736) labeled 'Price Sensitive' because its centroid is closest to that segment's prototype reviews (cosine=0.288). Supporting cues: charge(150), rs(122), price(78), money(49), offer(28). Frequent terms: order, service, blinkit, product, time, bad. Example review: ""poor"""
iam thankful late night delivery partner polite respectful please keep well,Routine Buyers,1,0.1454,"Cluster 1 (n=554) labeled 'Routine Buyers' because its centroid is closest to that segment's prototype reviews (cosine=0.145). Supporting cues: always(16), regular(1), usual(1). Frequent terms: delivery, fast, best, service, time, blinkit. Example review: ""super fast delivery"""
ok ok hai time se aa jate hai,Price Sensitive,2,0.2879,"Cluster 2 (n=1736) labeled 'Price Sensitive' because its centroid is closest to that segment's prototype reviews (cosine=0.288). Supporting cues: charge(150), rs(122), price(78), money(49), offer(28). Frequent terms: order, service, blinkit, product, time, bad. Example review: ""poor"""
fast safe delivery service initiate dhule city maharashtra welcome blinkit,Routine Buyers,1,0.1454,"Cluster 1 (n=554) labeled 'Routine Buyers' because its centroid is closest to that segment's prototype reviews (cosine=0.145). Supporting cues: always(16), regular(1), usual(1). Frequent terms: delivery, fast, best, service, time, blinkit. Example review: ""super fast delivery"""
aap use full,Price Sensitive,2,0.2879,"Cluster 2 (n=1736) labeled 'Price Sensitive' because its centroid is closest to that segment's prototype reviews (cosine=0.288). Supporting cues: charge(150), rs(122), price(78), money(49), offer(28). Frequent terms: order, service, blinkit, product, time, bad. Example review: ""poor"""
thankful service,Price Sensitive,2,0.2879,"Cluster 2 (n=1736) labeled 'Price Sensitive' because its centroid is closest to that segment's prototype reviews (cosine=0.288). Supporting cues: charge(150), rs(122), price(78), money(49), offer(28). Frequent terms: order, service, blinkit, product, time, bad. Example review: ""poor"""
nice delivery,Impulse Buyers,3,0.0584,"Cluster 3 (n=180) labeled 'Impulse Buyers' because its centroid is closest to that segment's prototype reviews (cosine=0.058). Supporting cues: quick(4), late night(1). Frequent terms: service, delivery, blinkit, work, much, time. Example review: ""nice"""
gud work form rider,Price Sensitive,2,0.2879,"Cluster 2 (n=1736) labeled 'Price Sensitive' because its centroid is closest to that segment's prototype reviews (cosine=0.288). Supporting cues: charge(150), rs(122), price(78), money(49), offer(28). Frequent terms: order, service, blinkit, product, time, bad. Example review: ""poor"""
add cancel option,Price Sensitive,2,0.2879,"Cluster 2 (n=1736) labeled 'Price Sensitive' because its centroid is closest to that segment's prototype reviews (cosine=0.288). Supporting cues: charge(150), rs(122), price(78), money(49), offer(28). Frequent terms: order, service, blinkit, product, time, bad. Example review: ""poor"""
blinkit waqt bewaqt sabka sahara,Price Sensitive,2,0.2879,"Cluster 2 (n=1736) labeled 'Price Sensitive' because its centroid is closest to that segment's prototype reviews (cosine=0.288). Supporting cues: charge(150), rs(122), price(78), money(49), offer(28). Frequent terms: order, service, blinkit, product, time, bad. Example review: ""poor"""
annoy,Price Sensitive,2,0.2879,"Cluster 2 (n=1736) labeled 'Price Sensitive' because its centroid is closest to that segment's prototype reviews (cosine=0.288). Supporting cues: charge(150), rs(122), price(78), money(49), offer(28). Frequent terms: order, service, blinkit, product, time, bad. Example review: ""poor"""
wow ante wow,Price Sensitive,2,0.2879,"Cluster 2 (n=1736) labeled 'Price Sensitive' because its centroid is closest to that segment's prototype reviews (cosine=0.288). Supporting cues: charge(150), rs(122), price(78), money(49), offer(28). Frequent terms: order, service, blinkit, product, time, bad. Example review: ""poor"""
outstanding,Price Sensitive,2,0.2879,"Cluster 2 (n=1736) labeled 'Price Sensitive' because its centroid is closest to that segment's prototype reviews (cosine=0.288). Supporting cues: charge(150), rs(122), price(78), money(49), offer(28). Frequent terms: order, service, blinkit, product, time, bad. Example review: ""poor"""
grocery deliver door step discount price,Price Sensitive,2,0.2879,"Cluster 2 (n=1736) labeled 'Price Sensitive' because its centroid is closest to that segment's prototype reviews (cosine=0.288). Supporting cues: charge(150), rs(122), price(78), money(49), offer(28). Frequent terms: order, service, blinkit, product, time, bad. Example review: ""poor"""
many additional charge,Price Sensitive,2,0.2879,"Cluster 2 (n=1736) labeled 'Price Sensitive' because its centroid is closest to that segment's prototype reviews (cosine=0.288). Supporting cues: charge(150), rs(122), price(78), money(49), offer(28). Frequent terms: order, service, blinkit, product, time, bad. Example review: ""poor"""
excellent good person fast delivery good behaviour delivery partner freese vegetable fruit affordable,Routine Buyers,1,0.1454,"Cluster 1 (n=554) labeled 'Routine Buyers' because its centroid is closest to that segment's prototype reviews (cosine=0.145). Supporting cues: always(16), regular(1), usual(1). Frequent terms: delivery, fast, best, service, time, blinkit. Example review: ""super fast delivery"""
bad app ever,Price Sensitive,2,0.2879,"Cluster 2 (n=1736) labeled 'Price Sensitive' because its centroid is closest to that segment's prototype reviews (cosine=0.288). Supporting cues: charge(150), rs(122), price(78), money(49), offer(28). Frequent terms: order, service, blinkit, product, time, bad. Example review: ""poor"""
veri confuse address,Price Sensitive,2,0.2879,"Cluster 2 (n=1736) labeled 'Price Sensitive' because its centroid is closest to that segment's prototype reviews (cosine=0.288). Supporting cues: charge(150), rs(122), price(78), money(49), offer(28). Frequent terms: order, service, blinkit, product, time, bad. Example review: ""poor"""
unprofessional delivery guy hire loot extra money client pathetic experience delivery guy,Routine Buyers,1,0.1454,"Cluster 1 (n=554) labeled 'Routine Buyers' because its centroid is closest to that segment's prototype reviews (cosine=0.145). Supporting cues: always(16), regular(1), usual(1). Frequent terms: delivery, fast, best, service, time, blinkit. Example review: ""super fast delivery"""
app awesome nice app service good app unbelievable good service fast reliable awesome really happy,Price Sensitive,2,0.2879,"Cluster 2 (n=1736) labeled 'Price Sensitive' because its centroid is closest to that segment's prototype reviews (cosine=0.288). Supporting cues: charge(150), rs(122), price(78), money(49), offer(28). Frequent terms: order, service, blinkit, product, time, bad. Example review: ""poor"""
experience,Price Sensitive,2,0.2879,"Cluster 2 (n=1736) labeled 'Price Sensitive' because its centroid is closest to that segment's prototype reviews (cosine=0.288). Supporting cues: charge(150), rs(122), price(78), money(49), offer(28). Frequent terms: order, service, blinkit, product, time, bad. Example review: ""poor"""
helpfull,Price Sensitive,2,0.2879,"Cluster 2 (n=1736) labeled 'Price Sensitive' because its centroid is closest to that segment's prototype reviews (cosine=0.288). Supporting cues: charge(150), rs(122), price(78), money(49), offer(28). Frequent terms: order, service, blinkit, product, time, bad. Example review: ""poor"""
order payment,Price Sensitive,2,0.2879,"Cluster 2 (n=1736) labeled 'Price Sensitive' because its centroid is closest to that segment's prototype reviews (cosine=0.288). Supporting cues: charge(150), rs(122), price(78), money(49), offer(28). Frequent terms: order, service, blinkit, product, time, bad. Example review: ""poor"""
awesomevery fast delivery,Routine Buyers,1,0.1454,"Cluster 1 (n=554) labeled 'Routine Buyers' because its centroid is closest to that segment's prototype reviews (cosine=0.145). Supporting cues: always(16), regular(1), usual(1). Frequent terms: delivery, fast, best, service, time, blinkit. Example review: ""super fast delivery"""
want cancel order,Price Sensitive,2,0.2879,"Cluster 2 (n=1736) labeled 'Price Sensitive' because its centroid is closest to that segment's prototype reviews (cosine=0.288). Supporting cues: charge(150), rs(122), price(78), money(49), offer(28). Frequent terms: order, service, blinkit, product, time, bad. Example review: ""poor"""
superb service sira ya,Price Sensitive,2,0.2879,"Cluster 2 (n=1736) labeled 'Price Sensitive' because its centroid is closest to that segment's prototype reviews (cosine=0.288). Supporting cues: charge(150), rs(122), price(78), money(49), offer(28). Frequent terms: order, service, blinkit, product, time, bad. Example review: ""poor"""
offer available time,Price Sensitive,2,0.2879,"Cluster 2 (n=1736) labeled 'Price Sensitive' because its centroid is closest to that segment's prototype reviews (cosine=0.288). Supporting cues: charge(150), rs(122), price(78), money(49), offer(28). Frequent terms: order, service, blinkit, product, time, bad. Example review: ""poor"""
delivery partner receive order,Routine Buyers,1,0.1454,"Cluster 1 (n=554) labeled 'Routine Buyers' because its centroid is closest to that segment's prototype reviews (cosine=0.145). Supporting cues: always(16), regular(1), usual(1). Frequent terms: delivery, fast, best, service, time, blinkit. Example review: ""super fast delivery"""
honestly app good app help u lot daily life,Price Sensitive,2,0.2879,"Cluster 2 (n=1736) labeled 'Price Sensitive' because its centroid is closest to that segment's prototype reviews (cosine=0.288). Supporting cues: charge(150), rs(122), price(78), money(49), offer(28). Frequent terms: order, service, blinkit, product, time, bad. Example review: ""poor"""
good service problem resolve quickly newly add dr call prescription also helpful,Price Sensitive,2,0.2879,"Cluster 2 (n=1736) labeled 'Price Sensitive' because its centroid is closest to that segment's prototype reviews (cosine=0.288). Supporting cues: charge(150), rs(122), price(78), money(49), offer(28). Frequent terms: order, service, blinkit, product, time, bad. Example review: ""poor"""
nice service experience,Impulse Buyers,3,0.0584,"Cluster 3 (n=180) labeled 'Impulse Buyers' because its centroid is closest to that segment's prototype reviews (cosine=0.058). Supporting cues: quick(4), late night(1). Frequent terms: service, delivery, blinkit, work, much, time. Example review: ""nice"""
promt,Price Sensitive,2,0.2879,"Cluster 2 (n=1736) labeled 'Price Sensitive' because its centroid is closest to that segment's prototype reviews (cosine=0.288). Supporting cues: charge(150), rs(122), price(78), money(49), offer(28). Frequent terms: order, service, blinkit, product, time, bad. Example review: ""poor"""
nice,Impulse Buyers,3,0.0584,"Cluster 3 (n=180) labeled 'Impulse Buyers' because its centroid is closest to that segment's prototype reviews (cosine=0.058). Supporting cues: quick(4), late night(1). Frequent terms: service, delivery, blinkit, work, much, time. Example review: ""nice"""
good,Explorers,0,0.0196,"Cluster 0 (n=348) labeled 'Explorers' because its centroid is closest to that segment's prototype reviews (cosine=0.020). Supporting cues: try(1). Frequent terms: service, delivery, blinkit, product, experience, like. Example review: ""good service"""
best hehe,Routine Buyers,1,0.1454,"Cluster 1 (n=554) labeled 'Routine Buyers' because its centroid is closest to that segment's prototype reviews (cosine=0.145). Supporting cues: always(16), regular(1), usual(1). Frequent terms: delivery, fast, best, service, time, blinkit. Example review: ""super fast delivery"""
hi face issue use blinkit reinstall also search tab work even show login name detail,Price Sensitive,2,0.2879,"Cluster 2 (n=1736) labeled 'Price Sensitive' because its centroid is closest to that segment's prototype reviews (cosine=0.288). Supporting cues: charge(150), rs(122), price(78), money(49), offer(28). Frequent terms: order, service, blinkit, product, time, bad. Example review: ""poor"""
easy order,Price Sensitive,2,0.2879,"Cluster 2 (n=1736) labeled 'Price Sensitive' because its centroid is closest to that segment's prototype reviews (cosine=0.288). Supporting cues: charge(150), rs(122), price(78), money(49), offer(28). Frequent terms: order, service, blinkit, product, time, bad. Example review: ""poor"""
bad customer service spillage packaging issue occur often app become popular dirty product also deliver warehouse,Price Sensitive,2,0.2879,"Cluster 2 (n=1736) labeled 'Price Sensitive' because its centroid is closest to that segment's prototype reviews (cosine=0.288). Supporting cues: charge(150), rs(122), price(78), money(49), offer(28). Frequent terms: order, service, blinkit, product, time, bad. Example review: ""poor"""
good,Explorers,0,0.0196,"Cluster 0 (n=348) labeled 'Explorers' because its centroid is closest to that segment's prototype reviews (cosine=0.020). Supporting cues: try(1). Frequent terms: service, delivery, blinkit, product, experience, like. Example review: ""good service"""
excellent service,Price Sensitive,2,0.2879,"Cluster 2 (n=1736) labeled 'Price Sensitive' because its centroid is closest to that segment's prototype reviews (cosine=0.288). Supporting cues: charge(150), rs(122), price(78), money(49), offer(28). Frequent terms: order, service, blinkit, product, time, bad. Example review: ""poor"""
delivery time,Routine Buyers,1,0.1454,"Cluster 1 (n=554) labeled 'Routine Buyers' because its centroid is closest to that segment's prototype reviews (cosine=0.145). Supporting cues: always(16), regular(1), usual(1). Frequent terms: delivery, fast, best, service, time, blinkit. Example review: ""super fast delivery"""
absolutely sensational,Price Sensitive,2,0.2879,"Cluster 2 (n=1736) labeled 'Price Sensitive' because its centroid is closest to that segment's prototype reviews (cosine=0.288). Supporting cues: charge(150), rs(122), price(78), money(49), offer(28). Frequent terms: order, service, blinkit, product, time, bad. Example review: ""poor"""
nice,Impulse Buyers,3,0.0584,"Cluster 3 (n=180) labeled 'Impulse Buyers' because its centroid is closest to that segment's prototype reviews (cosine=0.058). Supporting cues: quick(4), late night(1). Frequent terms: service, delivery, blinkit, work, much, time. Example review: ""nice"""
usefull app order charge much buy grocery many usefull,Price Sensitive,2,0.2879,"Cluster 2 (n=1736) labeled 'Price Sensitive' because its centroid is closest to that segment's prototype reviews (cosine=0.288). Supporting cues: charge(150), rs(122), price(78), money(49), offer(28). Frequent terms: order, service, blinkit, product, time, bad. Example review: ""poor"""
hello blinkit team resident bezera kamrup assam pin 781121 near bezera balikuchi road many people area would like use blinkit service available please consider expand blinkit bezera 781121 would really appreciate quick grocery daily essential delivery area thank consideration,Price Sensitive,2,0.2879,"Cluster 2 (n=1736) labeled 'Price Sensitive' because its centroid is closest to that segment's prototype reviews (cosine=0.288). Supporting cues: charge(150), rs(122), price(78), money(49), offer(28). Frequent terms: order, service, blinkit, product, time, bad. Example review: ""poor"""
op amzing,Price Sensitive,2,0.2879,"Cluster 2 (n=1736) labeled 'Price Sensitive' because its centroid is closest to that segment's prototype reviews (cosine=0.288). Supporting cues: charge(150), rs(122), price(78), money(49), offer(28). Frequent terms: order, service, blinkit, product, time, bad. Example review: ""poor"""
❤️👍,Price Sensitive,2,0.2879,"Cluster 2 (n=1736) labeled 'Price Sensitive' because its centroid is closest to that segment's prototype reviews (cosine=0.288). Supporting cues: charge(150), rs(122), price(78), money(49), offer(28). Frequent terms: order, service, blinkit, product, time, bad. Example review: ""poor"""
delivery time,Routine Buyers,1,0.1454,"Cluster 1 (n=554) labeled 'Routine Buyers' because its centroid is closest to that segment's prototype reviews (cosine=0.145). Supporting cues: always(16), regular(1), usual(1). Frequent terms: delivery, fast, best, service, time, blinkit. Example review: ""super fast delivery"""
worst constumer service srwed first order never gon na order,Price Sensitive,2,0.2879,"Cluster 2 (n=1736) labeled 'Price Sensitive' because its centroid is closest to that segment's prototype reviews (cosine=0.288). Supporting cues: charge(150), rs(122), price(78), money(49), offer(28). Frequent terms: order, service, blinkit, product, time, bad. Example review: ""poor"""
good give cash back 200,Explorers,0,0.0196,"Cluster 0 (n=348) labeled 'Explorers' because its centroid is closest to that segment's prototype reviews (cosine=0.020). Supporting cues: try(1). Frequent terms: service, delivery, blinkit, product, experience, like. Example review: ""good service"""
receive wrong item,Price Sensitive,2,0.2879,"Cluster 2 (n=1736) labeled 'Price Sensitive' because its centroid is closest to that segment's prototype reviews (cosine=0.288). Supporting cues: charge(150), rs(122), price(78), money(49), offer(28). Frequent terms: order, service, blinkit, product, time, bad. Example review: ""poor"""
absolutely amazing aap people like u always think last moment,Price Sensitive,2,0.2879,"Cluster 2 (n=1736) labeled 'Price Sensitive' because its centroid is closest to that segment's prototype reviews (cosine=0.288). Supporting cues: charge(150), rs(122), price(78), money(49), offer(28). Frequent terms: order, service, blinkit, product, time, bad. Example review: ""poor"""
cut twice money unable contact customer care,Price Sensitive,2,0.2879,"Cluster 2 (n=1736) labeled 'Price Sensitive' because its centroid is closest to that segment's prototype reviews (cosine=0.288). Supporting cues: charge(150), rs(122), price(78), money(49), offer(28). Frequent terms: order, service, blinkit, product, time, bad. Example review: ""poor"""
delivery person doesnt deliver desire address,Routine Buyers,1,0.1454,"Cluster 1 (n=554) labeled 'Routine Buyers' because its centroid is closest to that segment's prototype reviews (cosine=0.145). Supporting cues: always(16), regular(1), usual(1). Frequent terms: delivery, fast, best, service, time, blinkit. Example review: ""super fast delivery"""
delivery fast delivery guy also respectful townbut please increase product list variety still many day day use product miss list hometown ichalkaranji,Routine Buyers,1,0.1454,"Cluster 1 (n=554) labeled 'Routine Buyers' because its centroid is closest to that segment's prototype reviews (cosine=0.145). Supporting cues: always(16), regular(1), usual(1). Frequent terms: delivery, fast, best, service, time, blinkit. Example review: ""super fast delivery"""
get scam 2 time,Price Sensitive,2,0.2879,"Cluster 2 (n=1736) labeled 'Price Sensitive' because its centroid is closest to that segment's prototype reviews (cosine=0.288). Supporting cues: charge(150), rs(122), price(78), money(49), offer(28). Frequent terms: order, service, blinkit, product, time, bad. Example review: ""poor"""
akshay kumar good ji good,Explorers,0,0.0196,"Cluster 0 (n=348) labeled 'Explorers' because its centroid is closest to that segment's prototype reviews (cosine=0.020). Supporting cues: try(1). Frequent terms: service, delivery, blinkit, product, experience, like. Example review: ""good service"""
nice app instant delivery system instamart zepto,Impulse Buyers,3,0.0584,"Cluster 3 (n=180) labeled 'Impulse Buyers' because its centroid is closest to that segment's prototype reviews (cosine=0.058). Supporting cues: quick(4), late night(1). Frequent terms: service, delivery, blinkit, work, much, time. Example review: ""nice"""
ok good,Explorers,0,0.0196,"Cluster 0 (n=348) labeled 'Explorers' because its centroid is closest to that segment's prototype reviews (cosine=0.020). Supporting cues: try(1). Frequent terms: service, delivery, blinkit, product, experience, like. Example review: ""good service"""
far ie upto place order make say customer satisfaction customer ecstasy,Price Sensitive,2,0.2879,"Cluster 2 (n=1736) labeled 'Price Sensitive' because its centroid is closest to that segment's prototype reviews (cosine=0.288). Supporting cues: charge(150), rs(122), price(78), money(49), offer(28). Frequent terms: order, service, blinkit, product, time, bad. Example review: ""poor"""
frequently use get instant miss item super,Price Sensitive,2,0.2879,"Cluster 2 (n=1736) labeled 'Price Sensitive' because its centroid is closest to that segment's prototype reviews (cosine=0.288). Supporting cues: charge(150), rs(122), price(78), money(49), offer(28). Frequent terms: order, service, blinkit, product, time, bad. Example review: ""poor"""
app good app get item,Price Sensitive,2,0.2879,"Cluster 2 (n=1736) labeled 'Price Sensitive' because its centroid is closest to that segment's prototype reviews (cosine=0.288). Supporting cues: charge(150), rs(122), price(78), money(49), offer(28). Frequent terms: order, service, blinkit, product, time, bad. Example review: ""poor"""
pahle istemal karo fir vishwas karo,Price Sensitive,2,0.2879,"Cluster 2 (n=1736) labeled 'Price Sensitive' because its centroid is closest to that segment's prototype reviews (cosine=0.288). Supporting cues: charge(150), rs(122), price(78), money(49), offer(28). Frequent terms: order, service, blinkit, product, time, bad. Example review: ""poor"""
blink provide wrong time get delivery show 15 minute 15 minute show 12 minute cant show actual time may urgency someone choose need order,Price Sensitive,2,0.2879,"Cluster 2 (n=1736) labeled 'Price Sensitive' because its centroid is closest to that segment's prototype reviews (cosine=0.288). Supporting cues: charge(150), rs(122), price(78), money(49), offer(28). Frequent terms: order, service, blinkit, product, time, bad. Example review: ""poor"""
blinkit delivery partner argue customer rude customer worst ever see scene social medium page also trust online website blink delivery partner bad ever see delivery partner blanket get baddest review ever side,Routine Buyers,1,0.1454,"Cluster 1 (n=554) labeled 'Routine Buyers' because its centroid is closest to that segment's prototype reviews (cosine=0.145). Supporting cues: always(16), regular(1), usual(1). Frequent terms: delivery, fast, best, service, time, blinkit. Example review: ""super fast delivery"""
quick n easy,Price Sensitive,2,0.2879,"Cluster 2 (n=1736) labeled 'Price Sensitive' because its centroid is closest to that segment's prototype reviews (cosine=0.288). Supporting cues: charge(150), rs(122), price(78), money(49), offer(28). Frequent terms: order, service, blinkit, product, time, bad. Example review: ""poor"""
nice performance,Impulse Buyers,3,0.0584,"Cluster 3 (n=180) labeled 'Impulse Buyers' because its centroid is closest to that segment's prototype reviews (cosine=0.058). Supporting cues: quick(4), late night(1). Frequent terms: service, delivery, blinkit, work, much, time. Example review: ""nice"""
good,Explorers,0,0.0196,"Cluster 0 (n=348) labeled 'Explorers' because its centroid is closest to that segment's prototype reviews (cosine=0.020). Supporting cues: try(1). Frequent terms: service, delivery, blinkit, product, experience, like. Example review: ""good service"""
add product cart dont want deny return use app careful placing order,Price Sensitive,2,0.2879,"Cluster 2 (n=1736) labeled 'Price Sensitive' because its centroid is closest to that segment's prototype reviews (cosine=0.288). Supporting cues: charge(150), rs(122), price(78), money(49), offer(28). Frequent terms: order, service, blinkit, product, time, bad. Example review: ""poor"""
best app love,Routine Buyers,1,0.1454,"Cluster 1 (n=554) labeled 'Routine Buyers' because its centroid is closest to that segment's prototype reviews (cosine=0.145). Supporting cues: always(16), regular(1), usual(1). Frequent terms: delivery, fast, best, service, time, blinkit. Example review: ""super fast delivery"""
deliver everything time,Price Sensitive,2,0.2879,"Cluster 2 (n=1736) labeled 'Price Sensitive' because its centroid is closest to that segment's prototype reviews (cosine=0.288). Supporting cues: charge(150), rs(122), price(78), money(49), offer(28). Frequent terms: order, service, blinkit, product, time, bad. Example review: ""poor"""
nice sarvice,Impulse Buyers,3,0.0584,"Cluster 3 (n=180) labeled 'Impulse Buyers' because its centroid is closest to that segment's prototype reviews (cosine=0.058). Supporting cues: quick(4), late night(1). Frequent terms: service, delivery, blinkit, work, much, time. Example review: ""nice"""
order grape 400 grms receive 178 grms,Price Sensitive,2,0.2879,"Cluster 2 (n=1736) labeled 'Price Sensitive' because its centroid is closest to that segment's prototype reviews (cosine=0.288). Supporting cues: charge(150), rs(122), price(78), money(49), offer(28). Frequent terms: order, service, blinkit, product, time, bad. Example review: ""poor"""
use full app give 5 star rate,Price Sensitive,2,0.2879,"Cluster 2 (n=1736) labeled 'Price Sensitive' because its centroid is closest to that segment's prototype reviews (cosine=0.288). Supporting cues: charge(150), rs(122), price(78), money(49), offer(28). Frequent terms: order, service, blinkit, product, time, bad. Example review: ""poor"""
👍🏼,Price Sensitive,2,0.2879,"Cluster 2 (n=1736) labeled 'Price Sensitive' because its centroid is closest to that segment's prototype reviews (cosine=0.288). Supporting cues: charge(150), rs(122), price(78), money(49), offer(28). Frequent terms: order, service, blinkit, product, time, bad. Example review: ""poor"""
come thing late get wrong product order maggi pack 6 get one pack 6 one pack 4 even option cancellation bad experience blinkit,Price Sensitive,2,0.2879,"Cluster 2 (n=1736) labeled 'Price Sensitive' because its centroid is closest to that segment's prototype reviews (cosine=0.288). Supporting cues: charge(150), rs(122), price(78), money(49), offer(28). Frequent terms: order, service, blinkit, product, time, bad. Example review: ""poor"""
fast easy way order,Price Sensitive,2,0.2879,"Cluster 2 (n=1736) labeled 'Price Sensitive' because its centroid is closest to that segment's prototype reviews (cosine=0.288). Supporting cues: charge(150), rs(122), price(78), money(49), offer(28). Frequent terms: order, service, blinkit, product, time, bad. Example review: ""poor"""
varey good,Explorers,0,0.0196,"Cluster 0 (n=348) labeled 'Explorers' because its centroid is closest to that segment's prototype reviews (cosine=0.020). Supporting cues: try(1). Frequent terms: service, delivery, blinkit, product, experience, like. Example review: ""good service"""
right time deliver,Price Sensitive,2,0.2879,"Cluster 2 (n=1736) labeled 'Price Sensitive' because its centroid is closest to that segment's prototype reviews (cosine=0.288). Supporting cues: charge(150), rs(122), price(78), money(49), offer(28). Frequent terms: order, service, blinkit, product, time, bad. Example review: ""poor"""
efficient service good product quick delivery service satisfy expect service near future,Price Sensitive,2,0.2879,"Cluster 2 (n=1736) labeled 'Price Sensitive' because its centroid is closest to that segment's prototype reviews (cosine=0.288). Supporting cues: charge(150), rs(122), price(78), money(49), offer(28). Frequent terms: order, service, blinkit, product, time, bad. Example review: ""poor"""
best app always timely delivery,Routine Buyers,1,0.1454,"Cluster 1 (n=554) labeled 'Routine Buyers' because its centroid is closest to that segment's prototype reviews (cosine=0.145). Supporting cues: always(16), regular(1), usual(1). Frequent terms: delivery, fast, best, service, time, blinkit. Example review: ""super fast delivery"""
much nice easy accommodate fast service use every day never time regret nice service,Impulse Buyers,3,0.0584,"Cluster 3 (n=180) labeled 'Impulse Buyers' because its centroid is closest to that segment's prototype reviews (cosine=0.058). Supporting cues: quick(4), late night(1). Frequent terms: service, delivery, blinkit, work, much, time. Example review: ""nice"""
whenever order always one thing miss every time make excuse,Price Sensitive,2,0.2879,"Cluster 2 (n=1736) labeled 'Price Sensitive' because its centroid is closest to that segment's prototype reviews (cosine=0.288). Supporting cues: charge(150), rs(122), price(78), money(49), offer(28). Frequent terms: order, service, blinkit, product, time, bad. Example review: ""poor"""
bad service,Price Sensitive,2,0.2879,"Cluster 2 (n=1736) labeled 'Price Sensitive' because its centroid is closest to that segment's prototype reviews (cosine=0.288). Supporting cues: charge(150), rs(122), price(78), money(49), offer(28). Frequent terms: order, service, blinkit, product, time, bad. Example review: ""poor"""
good delivery boy also good,Explorers,0,0.0196,"Cluster 0 (n=348) labeled 'Explorers' because its centroid is closest to that segment's prototype reviews (cosine=0.020). Supporting cues: try(1). Frequent terms: service, delivery, blinkit, product, experience, like. Example review: ""good service"""
nice blinkit make customer happy,Impulse Buyers,3,0.0584,"Cluster 3 (n=180) labeled 'Impulse Buyers' because its centroid is closest to that segment's prototype reviews (cosine=0.058). Supporting cues: quick(4), late night(1). Frequent terms: service, delivery, blinkit, work, much, time. Example review: ""nice"""
good service charge high low price product,Price Sensitive,2,0.2879,"Cluster 2 (n=1736) labeled 'Price Sensitive' because its centroid is closest to that segment's prototype reviews (cosine=0.288). Supporting cues: charge(150), rs(122), price(78), money(49), offer(28). Frequent terms: order, service, blinkit, product, time, bad. Example review: ""poor"""
lt good app,Explorers,0,0.0196,"Cluster 0 (n=348) labeled 'Explorers' because its centroid is closest to that segment's prototype reviews (cosine=0.020). Supporting cues: try(1). Frequent terms: service, delivery, blinkit, product, experience, like. Example review: ""good service"""
great,Price Sensitive,2,0.2879,"Cluster 2 (n=1736) labeled 'Price Sensitive' because its centroid is closest to that segment's prototype reviews (cosine=0.288). Supporting cues: charge(150), rs(122), price(78), money(49), offer(28). Frequent terms: order, service, blinkit, product, time, bad. Example review: ""poor"""
best industry,Routine Buyers,1,0.1454,"Cluster 1 (n=554) labeled 'Routine Buyers' because its centroid is closest to that segment's prototype reviews (cosine=0.145). Supporting cues: always(16), regular(1), usual(1). Frequent terms: delivery, fast, best, service, time, blinkit. Example review: ""super fast delivery"""
people work company good,Explorers,0,0.0196,"Cluster 0 (n=348) labeled 'Explorers' because its centroid is closest to that segment's prototype reviews (cosine=0.020). Supporting cues: try(1). Frequent terms: service, delivery, blinkit, product, experience, like. Example review: ""good service"""
thank delivery 10 minute,Routine Buyers,1,0.1454,"Cluster 1 (n=554) labeled 'Routine Buyers' because its centroid is closest to that segment's prototype reviews (cosine=0.145). Supporting cues: always(16), regular(1), usual(1). Frequent terms: delivery, fast, best, service, time, blinkit. Example review: ""super fast delivery"""
real one,Price Sensitive,2,0.2879,"Cluster 2 (n=1736) labeled 'Price Sensitive' because its centroid is closest to that segment's prototype reviews (cosine=0.288). Supporting cues: charge(150), rs(122), price(78), money(49), offer(28). Frequent terms: order, service, blinkit, product, time, bad. Example review: ""poor"""
prompt service,Price Sensitive,2,0.2879,"Cluster 2 (n=1736) labeled 'Price Sensitive' because its centroid is closest to that segment's prototype reviews (cosine=0.288). Supporting cues: charge(150), rs(122), price(78), money(49), offer(28). Frequent terms: order, service, blinkit, product, time, bad. Example review: ""poor"""
coupon good,Explorers,0,0.0196,"Cluster 0 (n=348) labeled 'Explorers' because its centroid is closest to that segment's prototype reviews (cosine=0.020). Supporting cues: try(1). Frequent terms: service, delivery, blinkit, product, experience, like. Example review: ""good service"""
review toh dena chaunga lekin usse pehle mein ye bolna chaunga ki itni raat ko aagar koi order karte hain toh please ladkiyon se delivery mat karvaya karijiye larkiyon se delivery karwana achha nahin lagata itni raat ko ladke log bhej dijiya kariye wo koi dikkat nahin hai samaj kesa h ap samjh skte ho,Routine Buyers,1,0.1454,"Cluster 1 (n=554) labeled 'Routine Buyers' because its centroid is closest to that segment's prototype reviews (cosine=0.145). Supporting cues: always(16), regular(1), usual(1). Frequent terms: delivery, fast, best, service, time, blinkit. Example review: ""super fast delivery"""
already oder upi payment refund pending,Price Sensitive,2,0.2879,"Cluster 2 (n=1736) labeled 'Price Sensitive' because its centroid is closest to that segment's prototype reviews (cosine=0.288). Supporting cues: charge(150), rs(122), price(78), money(49), offer(28). Frequent terms: order, service, blinkit, product, time, bad. Example review: ""poor"""
pathetic service blinkit provide support know copy paste dont know human sit resolve issue think small issue need write nch,Price Sensitive,2,0.2879,"Cluster 2 (n=1736) labeled 'Price Sensitive' because its centroid is closest to that segment's prototype reviews (cosine=0.288). Supporting cues: charge(150), rs(122), price(78), money(49), offer(28). Frequent terms: order, service, blinkit, product, time, bad. Example review: ""poor"""
good experience,Explorers,0,0.0196,"Cluster 0 (n=348) labeled 'Explorers' because its centroid is closest to that segment's prototype reviews (cosine=0.020). Supporting cues: try(1). Frequent terms: service, delivery, blinkit, product, experience, like. Example review: ""good service"""
maggie acchi deta hai,Price Sensitive,2,0.2879,"Cluster 2 (n=1736) labeled 'Price Sensitive' because its centroid is closest to that segment's prototype reviews (cosine=0.288). Supporting cues: charge(150), rs(122), price(78), money(49), offer(28). Frequent terms: order, service, blinkit, product, time, bad. Example review: ""poor"""
order water melon get bad quality request order food product delivery low quality food product health concern issue one listen bad also share picture blinkit invoice,Price Sensitive,2,0.2879,"Cluster 2 (n=1736) labeled 'Price Sensitive' because its centroid is closest to that segment's prototype reviews (cosine=0.288). Supporting cues: charge(150), rs(122), price(78), money(49), offer(28). Frequent terms: order, service, blinkit, product, time, bad. Example review: ""poor"""
like helpful,Price Sensitive,2,0.2879,"Cluster 2 (n=1736) labeled 'Price Sensitive' because its centroid is closest to that segment's prototype reviews (cosine=0.288). Supporting cues: charge(150), rs(122), price(78), money(49), offer(28). Frequent terms: order, service, blinkit, product, time, bad. Example review: ""poor"""
great fast delivery daily need,Routine Buyers,1,0.1454,"Cluster 1 (n=554) labeled 'Routine Buyers' because its centroid is closest to that segment's prototype reviews (cosine=0.145). Supporting cues: always(16), regular(1), usual(1). Frequent terms: delivery, fast, best, service, time, blinkit. Example review: ""super fast delivery"""
good,Explorers,0,0.0196,"Cluster 0 (n=348) labeled 'Explorers' because its centroid is closest to that segment's prototype reviews (cosine=0.020). Supporting cues: try(1). Frequent terms: service, delivery, blinkit, product, experience, like. Example review: ""good service"""
bad delivery oeder hot water pillow charger give,Routine Buyers,1,0.1454,"Cluster 1 (n=554) labeled 'Routine Buyers' because its centroid is closest to that segment's prototype reviews (cosine=0.145). Supporting cues: always(16), regular(1), usual(1). Frequent terms: delivery, fast, best, service, time, blinkit. Example review: ""super fast delivery"""
good option shopping,Explorers,0,0.0196,"Cluster 0 (n=348) labeled 'Explorers' because its centroid is closest to that segment's prototype reviews (cosine=0.020). Supporting cues: try(1). Frequent terms: service, delivery, blinkit, product, experience, like. Example review: ""good service"""
bhout accha hai service sunder hai,Price Sensitive,2,0.2879,"Cluster 2 (n=1736) labeled 'Price Sensitive' because its centroid is closest to that segment's prototype reviews (cosine=0.288). Supporting cues: charge(150), rs(122), price(78), money(49), offer(28). Frequent terms: order, service, blinkit, product, time, bad. Example review: ""poor"""
wait delivery,Routine Buyers,1,0.1454,"Cluster 1 (n=554) labeled 'Routine Buyers' because its centroid is closest to that segment's prototype reviews (cosine=0.145). Supporting cues: always(16), regular(1), usual(1). Frequent terms: delivery, fast, best, service, time, blinkit. Example review: ""super fast delivery"""
provide free item display delivery tell store manager refuse take free item also say please raise ticket wilm get refund seek need help app simply chatted 1 hour solution simple write mesage apologize,Price Sensitive,2,0.2879,"Cluster 2 (n=1736) labeled 'Price Sensitive' because its centroid is closest to that segment's prototype reviews (cosine=0.288). Supporting cues: charge(150), rs(122), price(78), money(49), offer(28). Frequent terms: order, service, blinkit, product, time, bad. Example review: ""poor"""
nice aap blinkit,Impulse Buyers,3,0.0584,"Cluster 3 (n=180) labeled 'Impulse Buyers' because its centroid is closest to that segment's prototype reviews (cosine=0.058). Supporting cues: quick(4), late night(1). Frequent terms: service, delivery, blinkit, work, much, time. Example review: ""nice"""
like fact care privacy enough delete file order responsible good,Explorers,0,0.0196,"Cluster 0 (n=348) labeled 'Explorers' because its centroid is closest to that segment's prototype reviews (cosine=0.020). Supporting cues: try(1). Frequent terms: service, delivery, blinkit, product, experience, like. Example review: ""good service"""
awsam,Price Sensitive,2,0.2879,"Cluster 2 (n=1736) labeled 'Price Sensitive' because its centroid is closest to that segment's prototype reviews (cosine=0.288). Supporting cues: charge(150), rs(122), price(78), money(49), offer(28). Frequent terms: order, service, blinkit, product, time, bad. Example review: ""poor"""
really good app satisfy area able provide service make really hard force order delivery different location pick make app useless hope expand service,Price Sensitive,2,0.2879,"Cluster 2 (n=1736) labeled 'Price Sensitive' because its centroid is closest to that segment's prototype reviews (cosine=0.288). Supporting cues: charge(150), rs(122), price(78), money(49), offer(28). Frequent terms: order, service, blinkit, product, time, bad. Example review: ""poor"""
everything good charge unnecessary delivery charge handle charge pta ni kya kya,Price Sensitive,2,0.2879,"Cluster 2 (n=1736) labeled 'Price Sensitive' because its centroid is closest to that segment's prototype reviews (cosine=0.288). Supporting cues: charge(150), rs(122), price(78), money(49), offer(28). Frequent terms: order, service, blinkit, product, time, bad. Example review: ""poor"""
extra charge add price much high app,Price Sensitive,2,0.2879,"Cluster 2 (n=1736) labeled 'Price Sensitive' because its centroid is closest to that segment's prototype reviews (cosine=0.288). Supporting cues: charge(150), rs(122), price(78), money(49), offer(28). Frequent terms: order, service, blinkit, product, time, bad. Example review: ""poor"""
lag cant even call delivery person new area still fair give service,Routine Buyers,1,0.1454,"Cluster 1 (n=554) labeled 'Routine Buyers' because its centroid is closest to that segment's prototype reviews (cosine=0.145). Supporting cues: always(16), regular(1), usual(1). Frequent terms: delivery, fast, best, service, time, blinkit. Example review: ""super fast delivery"""
super service,Price Sensitive,2,0.2879,"Cluster 2 (n=1736) labeled 'Price Sensitive' because its centroid is closest to that segment's prototype reviews (cosine=0.288). Supporting cues: charge(150), rs(122), price(78), money(49), offer(28). Frequent terms: order, service, blinkit, product, time, bad. Example review: ""poor"""
best app fast delivery rapidly expand many city 12 time get problem otherwise good,Routine Buyers,1,0.1454,"Cluster 1 (n=554) labeled 'Routine Buyers' because its centroid is closest to that segment's prototype reviews (cosine=0.145). Supporting cues: always(16), regular(1), usual(1). Frequent terms: delivery, fast, best, service, time, blinkit. Example review: ""super fast delivery"""
love blanket popular,Price Sensitive,2,0.2879,"Cluster 2 (n=1736) labeled 'Price Sensitive' because its centroid is closest to that segment's prototype reviews (cosine=0.288). Supporting cues: charge(150), rs(122), price(78), money(49), offer(28). Frequent terms: order, service, blinkit, product, time, bad. Example review: ""poor"""
bad app bad service,Price Sensitive,2,0.2879,"Cluster 2 (n=1736) labeled 'Price Sensitive' because its centroid is closest to that segment's prototype reviews (cosine=0.288). Supporting cues: charge(150), rs(122), price(78), money(49), offer(28). Frequent terms: order, service, blinkit, product, time, bad. Example review: ""poor"""
good ride,Explorers,0,0.0196,"Cluster 0 (n=348) labeled 'Explorers' because its centroid is closest to that segment's prototype reviews (cosine=0.020). Supporting cues: try(1). Frequent terms: service, delivery, blinkit, product, experience, like. Example review: ""good service"""
one stock available show birthday gift order wanted present someone birthday pack box old product break kind service rate seem u people shameless pack broken product,Price Sensitive,2,0.2879,"Cluster 2 (n=1736) labeled 'Price Sensitive' because its centroid is closest to that segment's prototype reviews (cosine=0.288). Supporting cues: charge(150), rs(122), price(78), money(49), offer(28). Frequent terms: order, service, blinkit, product, time, bad. Example review: ""poor"""
noise app,Price Sensitive,2,0.2879,"Cluster 2 (n=1736) labeled 'Price Sensitive' because its centroid is closest to that segment's prototype reviews (cosine=0.288). Supporting cues: charge(150), rs(122), price(78), money(49), offer(28). Frequent terms: order, service, blinkit, product, time, bad. Example review: ""poor"""
theek hai,Price Sensitive,2,0.2879,"Cluster 2 (n=1736) labeled 'Price Sensitive' because its centroid is closest to that segment's prototype reviews (cosine=0.288). Supporting cues: charge(150), rs(122), price(78), money(49), offer(28). Frequent terms: order, service, blinkit, product, time, bad. Example review: ""poor"""
great app thank blinkit,Price Sensitive,2,0.2879,"Cluster 2 (n=1736) labeled 'Price Sensitive' because its centroid is closest to that segment's prototype reviews (cosine=0.288). Supporting cues: charge(150), rs(122), price(78), money(49), offer(28). Frequent terms: order, service, blinkit, product, time, bad. Example review: ""poor"""
maybe blinkit need sponsor take less 3000 even sponsor video short,Price Sensitive,2,0.2879,"Cluster 2 (n=1736) labeled 'Price Sensitive' because its centroid is closest to that segment's prototype reviews (cosine=0.288). Supporting cues: charge(150), rs(122), price(78), money(49), offer(28). Frequent terms: order, service, blinkit, product, time, bad. Example review: ""poor"""
useful home work,Price Sensitive,2,0.2879,"Cluster 2 (n=1736) labeled 'Price Sensitive' because its centroid is closest to that segment's prototype reviews (cosine=0.288). Supporting cues: charge(150), rs(122), price(78), money(49), offer(28). Frequent terms: order, service, blinkit, product, time, bad. Example review: ""poor"""
good service,Explorers,0,0.0196,"Cluster 0 (n=348) labeled 'Explorers' because its centroid is closest to that segment's prototype reviews (cosine=0.020). Supporting cues: try(1). Frequent terms: service, delivery, blinkit, product, experience, like. Example review: ""good service"""
delivery fast,Routine Buyers,1,0.1454,"Cluster 1 (n=554) labeled 'Routine Buyers' because its centroid is closest to that segment's prototype reviews (cosine=0.145). Supporting cues: always(16), regular(1), usual(1). Frequent terms: delivery, fast, best, service, time, blinkit. Example review: ""super fast delivery"""
good work beheavier nice,Impulse Buyers,3,0.0584,"Cluster 3 (n=180) labeled 'Impulse Buyers' because its centroid is closest to that segment's prototype reviews (cosine=0.058). Supporting cues: quick(4), late night(1). Frequent terms: service, delivery, blinkit, work, much, time. Example review: ""nice"""
nice good app,Impulse Buyers,3,0.0584,"Cluster 3 (n=180) labeled 'Impulse Buyers' because its centroid is closest to that segment's prototype reviews (cosine=0.058). Supporting cues: quick(4), late night(1). Frequent terms: service, delivery, blinkit, work, much, time. Example review: ""nice"""
show deliver 15 minute past 20 minute,Price Sensitive,2,0.2879,"Cluster 2 (n=1736) labeled 'Price Sensitive' because its centroid is closest to that segment's prototype reviews (cosine=0.288). Supporting cues: charge(150), rs(122), price(78), money(49), offer(28). Frequent terms: order, service, blinkit, product, time, bad. Example review: ""poor"""
return difficult,Price Sensitive,2,0.2879,"Cluster 2 (n=1736) labeled 'Price Sensitive' because its centroid is closest to that segment's prototype reviews (cosine=0.288). Supporting cues: charge(150), rs(122), price(78), money(49), offer(28). Frequent terms: order, service, blinkit, product, time, bad. Example review: ""poor"""
fast service,Routine Buyers,1,0.1454,"Cluster 1 (n=554) labeled 'Routine Buyers' because its centroid is closest to that segment's prototype reviews (cosine=0.145). Supporting cues: always(16), regular(1), usual(1). Frequent terms: delivery, fast, best, service, time, blinkit. Example review: ""super fast delivery"""
grateful,Price Sensitive,2,0.2879,"Cluster 2 (n=1736) labeled 'Price Sensitive' because its centroid is closest to that segment's prototype reviews (cosine=0.288). Supporting cues: charge(150), rs(122), price(78), money(49), offer(28). Frequent terms: order, service, blinkit, product, time, bad. Example review: ""poor"""
poor paking delay service,Price Sensitive,2,0.2879,"Cluster 2 (n=1736) labeled 'Price Sensitive' because its centroid is closest to that segment's prototype reviews (cosine=0.288). Supporting cues: charge(150), rs(122), price(78), money(49), offer(28). Frequent terms: order, service, blinkit, product, time, bad. Example review: ""poor"""
good app home product,Explorers,0,0.0196,"Cluster 0 (n=348) labeled 'Explorers' because its centroid is closest to that segment's prototype reviews (cosine=0.020). Supporting cues: try(1). Frequent terms: service, delivery, blinkit, product, experience, like. Example review: ""good service"""
useful,Price Sensitive,2,0.2879,"Cluster 2 (n=1736) labeled 'Price Sensitive' because its centroid is closest to that segment's prototype reviews (cosine=0.288). Supporting cues: charge(150), rs(122), price(78), money(49), offer(28). Frequent terms: order, service, blinkit, product, time, bad. Example review: ""poor"""
mera problm koi sun hi nhi rha h koi customer care number hi nhi h khan apne problm ko btaye,Price Sensitive,2,0.2879,"Cluster 2 (n=1736) labeled 'Price Sensitive' because its centroid is closest to that segment's prototype reviews (cosine=0.288). Supporting cues: charge(150), rs(122), price(78), money(49), offer(28). Frequent terms: order, service, blinkit, product, time, bad. Example review: ""poor"""
work smoothly,Price Sensitive,2,0.2879,"Cluster 2 (n=1736) labeled 'Price Sensitive' because its centroid is closest to that segment's prototype reviews (cosine=0.288). Supporting cues: charge(150), rs(122), price(78), money(49), offer(28). Frequent terms: order, service, blinkit, product, time, bad. Example review: ""poor"""
nice application good deliver boy,Impulse Buyers,3,0.0584,"Cluster 3 (n=180) labeled 'Impulse Buyers' because its centroid is closest to that segment's prototype reviews (cosine=0.058). Supporting cues: quick(4), late night(1). Frequent terms: service, delivery, blinkit, work, much, time. Example review: ""nice"""
first order wait order,Price Sensitive,2,0.2879,"Cluster 2 (n=1736) labeled 'Price Sensitive' because its centroid is closest to that segment's prototype reviews (cosine=0.288). Supporting cues: charge(150), rs(122), price(78), money(49), offer(28). Frequent terms: order, service, blinkit, product, time, bad. Example review: ""poor"""
really like recommend everything,Price Sensitive,2,0.2879,"Cluster 2 (n=1736) labeled 'Price Sensitive' because its centroid is closest to that segment's prototype reviews (cosine=0.288). Supporting cues: charge(150), rs(122), price(78), money(49), offer(28). Frequent terms: order, service, blinkit, product, time, bad. Example review: ""poor"""
unique offer way presention,Price Sensitive,2,0.2879,"Cluster 2 (n=1736) labeled 'Price Sensitive' because its centroid is closest to that segment's prototype reviews (cosine=0.288). Supporting cues: charge(150), rs(122), price(78), money(49), offer(28). Frequent terms: order, service, blinkit, product, time, bad. Example review: ""poor"""
always good working,Explorers,0,0.0196,"Cluster 0 (n=348) labeled 'Explorers' because its centroid is closest to that segment's prototype reviews (cosine=0.020). Supporting cues: try(1). Frequent terms: service, delivery, blinkit, product, experience, like. Example review: ""good service"""
good helpfulful app sudden need thank,Price Sensitive,2,0.2879,"Cluster 2 (n=1736) labeled 'Price Sensitive' because its centroid is closest to that segment's prototype reviews (cosine=0.288). Supporting cues: charge(150), rs(122), price(78), money(49), offer(28). Frequent terms: order, service, blinkit, product, time, bad. Example review: ""poor"""
bad poor people,Price Sensitive,2,0.2879,"Cluster 2 (n=1736) labeled 'Price Sensitive' because its centroid is closest to that segment's prototype reviews (cosine=0.288). Supporting cues: charge(150), rs(122), price(78), money(49), offer(28). Frequent terms: order, service, blinkit, product, time, bad. Example review: ""poor"""
prize high,Price Sensitive,2,0.2879,"Cluster 2 (n=1736) labeled 'Price Sensitive' because its centroid is closest to that segment's prototype reviews (cosine=0.288). Supporting cues: charge(150), rs(122), price(78), money(49), offer(28). Frequent terms: order, service, blinkit, product, time, bad. Example review: ""poor"""
good grandfather account blacklist cancelled order cause willing take free item,Price Sensitive,2,0.2879,"Cluster 2 (n=1736) labeled 'Price Sensitive' because its centroid is closest to that segment's prototype reviews (cosine=0.288). Supporting cues: charge(150), rs(122), price(78), money(49), offer(28). Frequent terms: order, service, blinkit, product, time, bad. Example review: ""poor"""
cery good,Explorers,0,0.0196,"Cluster 0 (n=348) labeled 'Explorers' because its centroid is closest to that segment's prototype reviews (cosine=0.020). Supporting cues: try(1). Frequent terms: service, delivery, blinkit, product, experience, like. Example review: ""good service"""
lovely app,Price Sensitive,2,0.2879,"Cluster 2 (n=1736) labeled 'Price Sensitive' because its centroid is closest to that segment's prototype reviews (cosine=0.288). Supporting cues: charge(150), rs(122), price(78), money(49), offer(28). Frequent terms: order, service, blinkit, product, time, bad. Example review: ""poor"""
please make cash delivery available,Routine Buyers,1,0.1454,"Cluster 1 (n=554) labeled 'Routine Buyers' because its centroid is closest to that segment's prototype reviews (cosine=0.145). Supporting cues: always(16), regular(1), usual(1). Frequent terms: delivery, fast, best, service, time, blinkit. Example review: ""super fast delivery"""
price high,Price Sensitive,2,0.2879,"Cluster 2 (n=1736) labeled 'Price Sensitive' because its centroid is closest to that segment's prototype reviews (cosine=0.288). Supporting cues: charge(150), rs(122), price(78), money(49), offer(28). Frequent terms: order, service, blinkit, product, time, bad. Example review: ""poor"""
best grocery shopping app delivery service soo god,Routine Buyers,1,0.1454,"Cluster 1 (n=554) labeled 'Routine Buyers' because its centroid is closest to that segment's prototype reviews (cosine=0.145). Supporting cues: always(16), regular(1), usual(1). Frequent terms: delivery, fast, best, service, time, blinkit. Example review: ""super fast delivery"""
good experience,Explorers,0,0.0196,"Cluster 0 (n=348) labeled 'Explorers' because its centroid is closest to that segment's prototype reviews (cosine=0.020). Supporting cues: try(1). Frequent terms: service, delivery, blinkit, product, experience, like. Example review: ""good service"""
good see blinkit dhule,Explorers,0,0.0196,"Cluster 0 (n=348) labeled 'Explorers' because its centroid is closest to that segment's prototype reviews (cosine=0.020). Supporting cues: try(1). Frequent terms: service, delivery, blinkit, product, experience, like. Example review: ""good service"""
vare nice,Impulse Buyers,3,0.0584,"Cluster 3 (n=180) labeled 'Impulse Buyers' because its centroid is closest to that segment's prototype reviews (cosine=0.058). Supporting cues: quick(4), late night(1). Frequent terms: service, delivery, blinkit, work, much, time. Example review: ""nice"""
bad app ill never see send fake product damage product also respond customer also didnt give refund customer,Price Sensitive,2,0.2879,"Cluster 2 (n=1736) labeled 'Price Sensitive' because its centroid is closest to that segment's prototype reviews (cosine=0.288). Supporting cues: charge(150), rs(122), price(78), money(49), offer(28). Frequent terms: order, service, blinkit, product, time, bad. Example review: ""poor"""
good experience,Explorers,0,0.0196,"Cluster 0 (n=348) labeled 'Explorers' because its centroid is closest to that segment's prototype reviews (cosine=0.020). Supporting cues: try(1). Frequent terms: service, delivery, blinkit, product, experience, like. Example review: ""good service"""
nice ap,Impulse Buyers,3,0.0584,"Cluster 3 (n=180) labeled 'Impulse Buyers' because its centroid is closest to that segment's prototype reviews (cosine=0.058). Supporting cues: quick(4), late night(1). Frequent terms: service, delivery, blinkit, work, much, time. Example review: ""nice"""
bad answer staffi order mozerela chese ea 119 cant provideits order cancel blinkit diduct 20 r pay moneyif cancel order diduct money also phone operator also dont want talkshe discanate phone talk blinkit company make money dont want make business respect coustomerbefore order zomato others dont behave like,Price Sensitive,2,0.2879,"Cluster 2 (n=1736) labeled 'Price Sensitive' because its centroid is closest to that segment's prototype reviews (cosine=0.288). Supporting cues: charge(150), rs(122), price(78), money(49), offer(28). Frequent terms: order, service, blinkit, product, time, bad. Example review: ""poor"""
last delivery cam 40 min late waste time also blinkit composition,Price Sensitive,2,0.2879,"Cluster 2 (n=1736) labeled 'Price Sensitive' because its centroid is closest to that segment's prototype reviews (cosine=0.288). Supporting cues: charge(150), rs(122), price(78), money(49), offer(28). Frequent terms: order, service, blinkit, product, time, bad. Example review: ""poor"""
good app,Explorers,0,0.0196,"Cluster 0 (n=348) labeled 'Explorers' because its centroid is closest to that segment's prototype reviews (cosine=0.020). Supporting cues: try(1). Frequent terms: service, delivery, blinkit, product, experience, like. Example review: ""good service"""
nice app order thing online,Impulse Buyers,3,0.0584,"Cluster 3 (n=180) labeled 'Impulse Buyers' because its centroid is closest to that segment's prototype reviews (cosine=0.058). Supporting cues: quick(4), late night(1). Frequent terms: service, delivery, blinkit, work, much, time. Example review: ""nice"""
best fast delivery app,Routine Buyers,1,0.1454,"Cluster 1 (n=554) labeled 'Routine Buyers' because its centroid is closest to that segment's prototype reviews (cosine=0.145). Supporting cues: always(16), regular(1), usual(1). Frequent terms: delivery, fast, best, service, time, blinkit. Example review: ""super fast delivery"""
instant delivery,Routine Buyers,1,0.1454,"Cluster 1 (n=554) labeled 'Routine Buyers' because its centroid is closest to that segment's prototype reviews (cosine=0.145). Supporting cues: always(16), regular(1), usual(1). Frequent terms: delivery, fast, best, service, time, blinkit. Example review: ""super fast delivery"""
excellent app provide every thing minute especially free ambulance service,Price Sensitive,2,0.2879,"Cluster 2 (n=1736) labeled 'Price Sensitive' because its centroid is closest to that segment's prototype reviews (cosine=0.288). Supporting cues: charge(150), rs(122), price(78), money(49), offer(28). Frequent terms: order, service, blinkit, product, time, bad. Example review: ""poor"""
poor service,Price Sensitive,2,0.2879,"Cluster 2 (n=1736) labeled 'Price Sensitive' because its centroid is closest to that segment's prototype reviews (cosine=0.288). Supporting cues: charge(150), rs(122), price(78), money(49), offer(28). Frequent terms: order, service, blinkit, product, time, bad. Example review: ""poor"""
aap good,Explorers,0,0.0196,"Cluster 0 (n=348) labeled 'Explorers' because its centroid is closest to that segment's prototype reviews (cosine=0.020). Supporting cues: try(1). Frequent terms: service, delivery, blinkit, product, experience, like. Example review: ""good service"""
fast exonomical rate plenty option fast delivery,Routine Buyers,1,0.1454,"Cluster 1 (n=554) labeled 'Routine Buyers' because its centroid is closest to that segment's prototype reviews (cosine=0.145). Supporting cues: always(16), regular(1), usual(1). Frequent terms: delivery, fast, best, service, time, blinkit. Example review: ""super fast delivery"""
excellent serviceitem deliver door step,Price Sensitive,2,0.2879,"Cluster 2 (n=1736) labeled 'Price Sensitive' because its centroid is closest to that segment's prototype reviews (cosine=0.288). Supporting cues: charge(150), rs(122), price(78), money(49), offer(28). Frequent terms: order, service, blinkit, product, time, bad. Example review: ""poor"""
delivery fast best delivery app,Routine Buyers,1,0.1454,"Cluster 1 (n=554) labeled 'Routine Buyers' because its centroid is closest to that segment's prototype reviews (cosine=0.145). Supporting cues: always(16), regular(1), usual(1). Frequent terms: delivery, fast, best, service, time, blinkit. Example review: ""super fast delivery"""
deliver wrong product,Price Sensitive,2,0.2879,"Cluster 2 (n=1736) labeled 'Price Sensitive' because its centroid is closest to that segment's prototype reviews (cosine=0.288). Supporting cues: charge(150), rs(122), price(78), money(49), offer(28). Frequent terms: order, service, blinkit, product, time, bad. Example review: ""poor"""
every app define customer service useless human take command regard loyalty customer people wait significant period seek support completely useless,Price Sensitive,2,0.2879,"Cluster 2 (n=1736) labeled 'Price Sensitive' because its centroid is closest to that segment's prototype reviews (cosine=0.288). Supporting cues: charge(150), rs(122), price(78), money(49), offer(28). Frequent terms: order, service, blinkit, product, time, bad. Example review: ""poor"""
there free gift order option whether customer want chance vegan customer wont go meatmilkhoney base productsthe error happen time,Price Sensitive,2,0.2879,"Cluster 2 (n=1736) labeled 'Price Sensitive' because its centroid is closest to that segment's prototype reviews (cosine=0.288). Supporting cues: charge(150), rs(122), price(78), money(49), offer(28). Frequent terms: order, service, blinkit, product, time, bad. Example review: ""poor"""
exc,Price Sensitive,2,0.2879,"Cluster 2 (n=1736) labeled 'Price Sensitive' because its centroid is closest to that segment's prototype reviews (cosine=0.288). Supporting cues: charge(150), rs(122), price(78), money(49), offer(28). Frequent terms: order, service, blinkit, product, time, bad. Example review: ""poor"""
good,Explorers,0,0.0196,"Cluster 0 (n=348) labeled 'Explorers' because its centroid is closest to that segment's prototype reviews (cosine=0.020). Supporting cues: try(1). Frequent terms: service, delivery, blinkit, product, experience, like. Example review: ""good service"""
5,Price Sensitive,2,0.2879,"Cluster 2 (n=1736) labeled 'Price Sensitive' because its centroid is closest to that segment's prototype reviews (cosine=0.288). Supporting cues: charge(150), rs(122), price(78), money(49), offer(28). Frequent terms: order, service, blinkit, product, time, bad. Example review: ""poor"""
good option,Explorers,0,0.0196,"Cluster 0 (n=348) labeled 'Explorers' because its centroid is closest to that segment's prototype reviews (cosine=0.020). Supporting cues: try(1). Frequent terms: service, delivery, blinkit, product, experience, like. Example review: ""good service"""
good help ful,Explorers,0,0.0196,"Cluster 0 (n=348) labeled 'Explorers' because its centroid is closest to that segment's prototype reviews (cosine=0.020). Supporting cues: try(1). Frequent terms: service, delivery, blinkit, product, experience, like. Example review: ""good service"""
love blinkit order grocery thing,Price Sensitive,2,0.2879,"Cluster 2 (n=1736) labeled 'Price Sensitive' because its centroid is closest to that segment's prototype reviews (cosine=0.288). Supporting cues: charge(150), rs(122), price(78), money(49), offer(28). Frequent terms: order, service, blinkit, product, time, bad. Example review: ""poor"""
dirty good deliver without carry bag handle charge applies,Price Sensitive,2,0.2879,"Cluster 2 (n=1736) labeled 'Price Sensitive' because its centroid is closest to that segment's prototype reviews (cosine=0.288). Supporting cues: charge(150), rs(122), price(78), money(49), offer(28). Frequent terms: order, service, blinkit, product, time, bad. Example review: ""poor"""
compare zepto add surge charge rain charge handle charge sometimes minimum order amount also high im frustrate service improve service dont add additional charge,Price Sensitive,2,0.2879,"Cluster 2 (n=1736) labeled 'Price Sensitive' because its centroid is closest to that segment's prototype reviews (cosine=0.288). Supporting cues: charge(150), rs(122), price(78), money(49), offer(28). Frequent terms: order, service, blinkit, product, time, bad. Example review: ""poor"""
customer friendly,Price Sensitive,2,0.2879,"Cluster 2 (n=1736) labeled 'Price Sensitive' because its centroid is closest to that segment's prototype reviews (cosine=0.288). Supporting cues: charge(150), rs(122), price(78), money(49), offer(28). Frequent terms: order, service, blinkit, product, time, bad. Example review: ""poor"""
satisfactory service jorhat,Price Sensitive,2,0.2879,"Cluster 2 (n=1736) labeled 'Price Sensitive' because its centroid is closest to that segment's prototype reviews (cosine=0.288). Supporting cues: charge(150), rs(122), price(78), money(49), offer(28). Frequent terms: order, service, blinkit, product, time, bad. Example review: ""poor"""
offer free gift dont deliver fraud app,Price Sensitive,2,0.2879,"Cluster 2 (n=1736) labeled 'Price Sensitive' because its centroid is closest to that segment's prototype reviews (cosine=0.288). Supporting cues: charge(150), rs(122), price(78), money(49), offer(28). Frequent terms: order, service, blinkit, product, time, bad. Example review: ""poor"""
bad delivery charge,Routine Buyers,1,0.1454,"Cluster 1 (n=554) labeled 'Routine Buyers' because its centroid is closest to that segment's prototype reviews (cosine=0.145). Supporting cues: always(16), regular(1), usual(1). Frequent terms: delivery, fast, best, service, time, blinkit. Example review: ""super fast delivery"""
marvelous im happy shopping last minute hero,Price Sensitive,2,0.2879,"Cluster 2 (n=1736) labeled 'Price Sensitive' because its centroid is closest to that segment's prototype reviews (cosine=0.288). Supporting cues: charge(150), rs(122), price(78), money(49), offer(28). Frequent terms: order, service, blinkit, product, time, bad. Example review: ""poor"""
nice rate delivery much,Impulse Buyers,3,0.0584,"Cluster 3 (n=180) labeled 'Impulse Buyers' because its centroid is closest to that segment's prototype reviews (cosine=0.058). Supporting cues: quick(4), late night(1). Frequent terms: service, delivery, blinkit, work, much, time. Example review: ""nice"""
hello cash delivery option unavailable several month blinkit account please check account let know cod available enable,Price Sensitive,2,0.2879,"Cluster 2 (n=1736) labeled 'Price Sensitive' because its centroid is closest to that segment's prototype reviews (cosine=0.288). Supporting cues: charge(150), rs(122), price(78), money(49), offer(28). Frequent terms: order, service, blinkit, product, time, bad. Example review: ""poor"""
expiry product bejta hai blinkit,Price Sensitive,2,0.2879,"Cluster 2 (n=1736) labeled 'Price Sensitive' because its centroid is closest to that segment's prototype reviews (cosine=0.288). Supporting cues: charge(150), rs(122), price(78), money(49), offer(28). Frequent terms: order, service, blinkit, product, time, bad. Example review: ""poor"""
werry nice,Impulse Buyers,3,0.0584,"Cluster 3 (n=180) labeled 'Impulse Buyers' because its centroid is closest to that segment's prototype reviews (cosine=0.058). Supporting cues: quick(4), late night(1). Frequent terms: service, delivery, blinkit, work, much, time. Example review: ""nice"""
charge high prize app product price,Price Sensitive,2,0.2879,"Cluster 2 (n=1736) labeled 'Price Sensitive' because its centroid is closest to that segment's prototype reviews (cosine=0.288). Supporting cues: charge(150), rs(122), price(78), money(49), offer(28). Frequent terms: order, service, blinkit, product, time, bad. Example review: ""poor"""
offer blinkit,Price Sensitive,2,0.2879,"Cluster 2 (n=1736) labeled 'Price Sensitive' because its centroid is closest to that segment's prototype reviews (cosine=0.288). Supporting cues: charge(150), rs(122), price(78), money(49), offer(28). Frequent terms: order, service, blinkit, product, time, bad. Example review: ""poor"""
g00d,Price Sensitive,2,0.2879,"Cluster 2 (n=1736) labeled 'Price Sensitive' because its centroid is closest to that segment's prototype reviews (cosine=0.288). Supporting cues: charge(150), rs(122), price(78), money(49), offer(28). Frequent terms: order, service, blinkit, product, time, bad. Example review: ""poor"""
good deliver fastly safe,Explorers,0,0.0196,"Cluster 0 (n=348) labeled 'Explorers' because its centroid is closest to that segment's prototype reviews (cosine=0.020). Supporting cues: try(1). Frequent terms: service, delivery, blinkit, product, experience, like. Example review: ""good service"""
bed support,Price Sensitive,2,0.2879,"Cluster 2 (n=1736) labeled 'Price Sensitive' because its centroid is closest to that segment's prototype reviews (cosine=0.288). Supporting cues: charge(150), rs(122), price(78), money(49), offer(28). Frequent terms: order, service, blinkit, product, time, bad. Example review: ""poor"""
price difference product separately ask deliver charge keep product mrp market,Price Sensitive,2,0.2879,"Cluster 2 (n=1736) labeled 'Price Sensitive' because its centroid is closest to that segment's prototype reviews (cosine=0.288). Supporting cues: charge(150), rs(122), price(78), money(49), offer(28). Frequent terms: order, service, blinkit, product, time, bad. Example review: ""poor"""
good job,Price Sensitive,2,0.2879,"Cluster 2 (n=1736) labeled 'Price Sensitive' because its centroid is closest to that segment's prototype reviews (cosine=0.288). Supporting cues: charge(150), rs(122), price(78), money(49), offer(28). Frequent terms: order, service, blinkit, product, time, bad. Example review: ""poor"""
wow nice,Impulse Buyers,3,0.0584,"Cluster 3 (n=180) labeled 'Impulse Buyers' because its centroid is closest to that segment's prototype reviews (cosine=0.058). Supporting cues: quick(4), late night(1). Frequent terms: service, delivery, blinkit, work, much, time. Example review: ""nice"""
bhaiii tum log use kro mst ha ek review funga order,Price Sensitive,2,0.2879,"Cluster 2 (n=1736) labeled 'Price Sensitive' because its centroid is closest to that segment's prototype reviews (cosine=0.288). Supporting cues: charge(150), rs(122), price(78), money(49), offer(28). Frequent terms: order, service, blinkit, product, time, bad. Example review: ""poor"""
app bad dont want buy anything form cant give refund back,Price Sensitive,2,0.2879,"Cluster 2 (n=1736) labeled 'Price Sensitive' because its centroid is closest to that segment's prototype reviews (cosine=0.288). Supporting cues: charge(150), rs(122), price(78), money(49), offer(28). Frequent terms: order, service, blinkit, product, time, bad. Example review: ""poor"""
bad check atall,Price Sensitive,2,0.2879,"Cluster 2 (n=1736) labeled 'Price Sensitive' because its centroid is closest to that segment's prototype reviews (cosine=0.288). Supporting cues: charge(150), rs(122), price(78), money(49), offer(28). Frequent terms: order, service, blinkit, product, time, bad. Example review: ""poor"""
charge much rain surge handling charge inline zepto,Price Sensitive,2,0.2879,"Cluster 2 (n=1736) labeled 'Price Sensitive' because its centroid is closest to that segment's prototype reviews (cosine=0.288). Supporting cues: charge(150), rs(122), price(78), money(49), offer(28). Frequent terms: order, service, blinkit, product, time, bad. Example review: ""poor"""
superb yaar super se bhi upar wala service,Price Sensitive,2,0.2879,"Cluster 2 (n=1736) labeled 'Price Sensitive' because its centroid is closest to that segment's prototype reviews (cosine=0.288). Supporting cues: charge(150), rs(122), price(78), money(49), offer(28). Frequent terms: order, service, blinkit, product, time, bad. Example review: ""poor"""
awesome app,Price Sensitive,2,0.2879,"Cluster 2 (n=1736) labeled 'Price Sensitive' because its centroid is closest to that segment's prototype reviews (cosine=0.288). Supporting cues: charge(150), rs(122), price(78), money(49), offer(28). Frequent terms: order, service, blinkit, product, time, bad. Example review: ""poor"""
delivery probided timeand raise complaint close chat say deliver call service bad app proper customer service,Price Sensitive,2,0.2879,"Cluster 2 (n=1736) labeled 'Price Sensitive' because its centroid is closest to that segment's prototype reviews (cosine=0.288). Supporting cues: charge(150), rs(122), price(78), money(49), offer(28). Frequent terms: order, service, blinkit, product, time, bad. Example review: ""poor"""
best option,Routine Buyers,1,0.1454,"Cluster 1 (n=554) labeled 'Routine Buyers' because its centroid is closest to that segment's prototype reviews (cosine=0.145). Supporting cues: always(16), regular(1), usual(1). Frequent terms: delivery, fast, best, service, time, blinkit. Example review: ""super fast delivery"""
bad service,Price Sensitive,2,0.2879,"Cluster 2 (n=1736) labeled 'Price Sensitive' because its centroid is closest to that segment's prototype reviews (cosine=0.288). Supporting cues: charge(150), rs(122), price(78), money(49), offer(28). Frequent terms: order, service, blinkit, product, time, bad. Example review: ""poor"""
ordered grocery app n deliver app show delivered time complain bt response end nt suggest anyone buy app,Price Sensitive,2,0.2879,"Cluster 2 (n=1736) labeled 'Price Sensitive' because its centroid is closest to that segment's prototype reviews (cosine=0.288). Supporting cues: charge(150), rs(122), price(78), money(49), offer(28). Frequent terms: order, service, blinkit, product, time, bad. Example review: ""poor"""
suberb service,Price Sensitive,2,0.2879,"Cluster 2 (n=1736) labeled 'Price Sensitive' because its centroid is closest to that segment's prototype reviews (cosine=0.288). Supporting cues: charge(150), rs(122), price(78), money(49), offer(28). Frequent terms: order, service, blinkit, product, time, bad. Example review: ""poor"""
delivery partner polite wellbehaved,Routine Buyers,1,0.1454,"Cluster 1 (n=554) labeled 'Routine Buyers' because its centroid is closest to that segment's prototype reviews (cosine=0.145). Supporting cues: always(16), regular(1), usual(1). Frequent terms: delivery, fast, best, service, time, blinkit. Example review: ""super fast delivery"""
totally great app,Price Sensitive,2,0.2879,"Cluster 2 (n=1736) labeled 'Price Sensitive' because its centroid is closest to that segment's prototype reviews (cosine=0.288). Supporting cues: charge(150), rs(122), price(78), money(49), offer(28). Frequent terms: order, service, blinkit, product, time, bad. Example review: ""poor"""
delivery charge blinkit good product great price,Price Sensitive,2,0.2879,"Cluster 2 (n=1736) labeled 'Price Sensitive' because its centroid is closest to that segment's prototype reviews (cosine=0.288). Supporting cues: charge(150), rs(122), price(78), money(49), offer(28). Frequent terms: order, service, blinkit, product, time, bad. Example review: ""poor"""
fraud company,Price Sensitive,2,0.2879,"Cluster 2 (n=1736) labeled 'Price Sensitive' because its centroid is closest to that segment's prototype reviews (cosine=0.288). Supporting cues: charge(150), rs(122), price(78), money(49), offer(28). Frequent terms: order, service, blinkit, product, time, bad. Example review: ""poor"""
delivery exactly deliver specific time everything come neat tidy,Routine Buyers,1,0.1454,"Cluster 1 (n=554) labeled 'Routine Buyers' because its centroid is closest to that segment's prototype reviews (cosine=0.145). Supporting cues: always(16), regular(1), usual(1). Frequent terms: delivery, fast, best, service, time, blinkit. Example review: ""super fast delivery"""
veri nice super duper,Impulse Buyers,3,0.0584,"Cluster 3 (n=180) labeled 'Impulse Buyers' because its centroid is closest to that segment's prototype reviews (cosine=0.058). Supporting cues: quick(4), late night(1). Frequent terms: service, delivery, blinkit, work, much, time. Example review: ""nice"""
rate high discount offer,Price Sensitive,2,0.2879,"Cluster 2 (n=1736) labeled 'Price Sensitive' because its centroid is closest to that segment's prototype reviews (cosine=0.288). Supporting cues: charge(150), rs(122), price(78), money(49), offer(28). Frequent terms: order, service, blinkit, product, time, bad. Example review: ""poor"""
order ice cream become water unable eat,Price Sensitive,2,0.2879,"Cluster 2 (n=1736) labeled 'Price Sensitive' because its centroid is closest to that segment's prototype reviews (cosine=0.288). Supporting cues: charge(150), rs(122), price(78), money(49), offer(28). Frequent terms: order, service, blinkit, product, time, bad. Example review: ""poor"""
good app rainy season bag paper bag get toren somethings wont available thats okay app good,Explorers,0,0.0196,"Cluster 0 (n=348) labeled 'Explorers' because its centroid is closest to that segment's prototype reviews (cosine=0.020). Supporting cues: try(1). Frequent terms: service, delivery, blinkit, product, experience, like. Example review: ""good service"""
worst service changeand unnecessary bill like extra charge take,Price Sensitive,2,0.2879,"Cluster 2 (n=1736) labeled 'Price Sensitive' because its centroid is closest to that segment's prototype reviews (cosine=0.288). Supporting cues: charge(150), rs(122), price(78), money(49), offer(28). Frequent terms: order, service, blinkit, product, time, bad. Example review: ""poor"""
good,Explorers,0,0.0196,"Cluster 0 (n=348) labeled 'Explorers' because its centroid is closest to that segment's prototype reviews (cosine=0.020). Supporting cues: try(1). Frequent terms: service, delivery, blinkit, product, experience, like. Example review: ""good service"""
goo app mat download karo isko,Price Sensitive,2,0.2879,"Cluster 2 (n=1736) labeled 'Price Sensitive' because its centroid is closest to that segment's prototype reviews (cosine=0.288). Supporting cues: charge(150), rs(122), price(78), money(49), offer(28). Frequent terms: order, service, blinkit, product, time, bad. Example review: ""poor"""
fast delivery good,Routine Buyers,1,0.1454,"Cluster 1 (n=554) labeled 'Routine Buyers' because its centroid is closest to that segment's prototype reviews (cosine=0.145). Supporting cues: always(16), regular(1), usual(1). Frequent terms: delivery, fast, best, service, time, blinkit. Example review: ""super fast delivery"""
poor delivery firstly show order come 7 min suddenly turn 20 min,Price Sensitive,2,0.2879,"Cluster 2 (n=1736) labeled 'Price Sensitive' because its centroid is closest to that segment's prototype reviews (cosine=0.288). Supporting cues: charge(150), rs(122), price(78), money(49), offer(28). Frequent terms: order, service, blinkit, product, time, bad. Example review: ""poor"""
add option change contact,Price Sensitive,2,0.2879,"Cluster 2 (n=1736) labeled 'Price Sensitive' because its centroid is closest to that segment's prototype reviews (cosine=0.288). Supporting cues: charge(150), rs(122), price(78), money(49), offer(28). Frequent terms: order, service, blinkit, product, time, bad. Example review: ""poor"""
india last minute app good enough instant thing,Explorers,0,0.0196,"Cluster 0 (n=348) labeled 'Explorers' because its centroid is closest to that segment's prototype reviews (cosine=0.020). Supporting cues: try(1). Frequent terms: service, delivery, blinkit, product, experience, like. Example review: ""good service"""
good,Explorers,0,0.0196,"Cluster 0 (n=348) labeled 'Explorers' because its centroid is closest to that segment's prototype reviews (cosine=0.020). Supporting cues: try(1). Frequent terms: service, delivery, blinkit, product, experience, like. Example review: ""good service"""
best minute app india,Routine Buyers,1,0.1454,"Cluster 1 (n=554) labeled 'Routine Buyers' because its centroid is closest to that segment's prototype reviews (cosine=0.145). Supporting cues: always(16), regular(1), usual(1). Frequent terms: delivery, fast, best, service, time, blinkit. Example review: ""super fast delivery"""
zero civics sense delivery partner dont know talk behave rudly,Routine Buyers,1,0.1454,"Cluster 1 (n=554) labeled 'Routine Buyers' because its centroid is closest to that segment's prototype reviews (cosine=0.145). Supporting cues: always(16), regular(1), usual(1). Frequent terms: delivery, fast, best, service, time, blinkit. Example review: ""super fast delivery"""
much helpful app delivers every thing time easy handle sometimes dont accept money change coin deliver wrong order,Price Sensitive,2,0.2879,"Cluster 2 (n=1736) labeled 'Price Sensitive' because its centroid is closest to that segment's prototype reviews (cosine=0.288). Supporting cues: charge(150), rs(122), price(78), money(49), offer(28). Frequent terms: order, service, blinkit, product, time, bad. Example review: ""poor"""
best grocery delivery app blinkit provide quick service never fail,Routine Buyers,1,0.1454,"Cluster 1 (n=554) labeled 'Routine Buyers' because its centroid is closest to that segment's prototype reviews (cosine=0.145). Supporting cues: always(16), regular(1), usual(1). Frequent terms: delivery, fast, best, service, time, blinkit. Example review: ""super fast delivery"""
outstanding service,Price Sensitive,2,0.2879,"Cluster 2 (n=1736) labeled 'Price Sensitive' because its centroid is closest to that segment's prototype reviews (cosine=0.288). Supporting cues: charge(150), rs(122), price(78), money(49), offer(28). Frequent terms: order, service, blinkit, product, time, bad. Example review: ""poor"""
app deserve 5 rating,Price Sensitive,2,0.2879,"Cluster 2 (n=1736) labeled 'Price Sensitive' because its centroid is closest to that segment's prototype reviews (cosine=0.288). Supporting cues: charge(150), rs(122), price(78), money(49), offer(28). Frequent terms: order, service, blinkit, product, time, bad. Example review: ""poor"""
faster internet,Price Sensitive,2,0.2879,"Cluster 2 (n=1736) labeled 'Price Sensitive' because its centroid is closest to that segment's prototype reviews (cosine=0.288). Supporting cues: charge(150), rs(122), price(78), money(49), offer(28). Frequent terms: order, service, blinkit, product, time, bad. Example review: ""poor"""
rude behaviour delivery boy dont like,Routine Buyers,1,0.1454,"Cluster 1 (n=554) labeled 'Routine Buyers' because its centroid is closest to that segment's prototype reviews (cosine=0.145). Supporting cues: always(16), regular(1), usual(1). Frequent terms: delivery, fast, best, service, time, blinkit. Example review: ""super fast delivery"""
good servicethanks,Explorers,0,0.0196,"Cluster 0 (n=348) labeled 'Explorers' because its centroid is closest to that segment's prototype reviews (cosine=0.020). Supporting cues: try(1). Frequent terms: service, delivery, blinkit, product, experience, like. Example review: ""good service"""
veey slow delivery,Routine Buyers,1,0.1454,"Cluster 1 (n=554) labeled 'Routine Buyers' because its centroid is closest to that segment's prototype reviews (cosine=0.145). Supporting cues: always(16), regular(1), usual(1). Frequent terms: delivery, fast, best, service, time, blinkit. Example review: ""super fast delivery"""
blinkit app bad app order one ice cream jar deliver free next day order snack include delivery charge say delivery free first ten order,Price Sensitive,2,0.2879,"Cluster 2 (n=1736) labeled 'Price Sensitive' because its centroid is closest to that segment's prototype reviews (cosine=0.288). Supporting cues: charge(150), rs(122), price(78), money(49), offer(28). Frequent terms: order, service, blinkit, product, time, bad. Example review: ""poor"""
bohut hi ghatiya barsati thi fati hue ayi thi,Price Sensitive,2,0.2879,"Cluster 2 (n=1736) labeled 'Price Sensitive' because its centroid is closest to that segment's prototype reviews (cosine=0.288). Supporting cues: charge(150), rs(122), price(78), money(49), offer(28). Frequent terms: order, service, blinkit, product, time, bad. Example review: ""poor"""
order one lifelong brand hot bag cervical pain receive without power cord try chat customer support team app simply chat closingsays mail u problem poor customer support blinkit soshould wait reply pause pain upto reply give reply also say sorry inconvenience next time try make mistake without power cord use hot bag poor service blinkit,Price Sensitive,2,0.2879,"Cluster 2 (n=1736) labeled 'Price Sensitive' because its centroid is closest to that segment's prototype reviews (cosine=0.288). Supporting cues: charge(150), rs(122), price(78), money(49), offer(28). Frequent terms: order, service, blinkit, product, time, bad. Example review: ""poor"""
superfast,Routine Buyers,1,0.1454,"Cluster 1 (n=554) labeled 'Routine Buyers' because its centroid is closest to that segment's prototype reviews (cosine=0.145). Supporting cues: always(16), regular(1), usual(1). Frequent terms: delivery, fast, best, service, time, blinkit. Example review: ""super fast delivery"""
big basket give 150 first order blinkit 50 bad,Price Sensitive,2,0.2879,"Cluster 2 (n=1736) labeled 'Price Sensitive' because its centroid is closest to that segment's prototype reviews (cosine=0.288). Supporting cues: charge(150), rs(122), price(78), money(49), offer(28). Frequent terms: order, service, blinkit, product, time, bad. Example review: ""poor"""
love,Price Sensitive,2,0.2879,"Cluster 2 (n=1736) labeled 'Price Sensitive' because its centroid is closest to that segment's prototype reviews (cosine=0.288). Supporting cues: charge(150), rs(122), price(78), money(49), offer(28). Frequent terms: order, service, blinkit, product, time, bad. Example review: ""poor"""
fast service city,Routine Buyers,1,0.1454,"Cluster 1 (n=554) labeled 'Routine Buyers' because its centroid is closest to that segment's prototype reviews (cosine=0.145). Supporting cues: always(16), regular(1), usual(1). Frequent terms: delivery, fast, best, service, time, blinkit. Example review: ""super fast delivery"""
think lot afordable delivery apps think availability lot place limit compare good app,Explorers,0,0.0196,"Cluster 0 (n=348) labeled 'Explorers' because its centroid is closest to that segment's prototype reviews (cosine=0.020). Supporting cues: try(1). Frequent terms: service, delivery, blinkit, product, experience, like. Example review: ""good service"""
worst customer care proper verification,Price Sensitive,2,0.2879,"Cluster 2 (n=1736) labeled 'Price Sensitive' because its centroid is closest to that segment's prototype reviews (cosine=0.288). Supporting cues: charge(150), rs(122), price(78), money(49), offer(28). Frequent terms: order, service, blinkit, product, time, bad. Example review: ""poor"""
delivery boy always argue behaviour bad truly say blinkit india last minute,Routine Buyers,1,0.1454,"Cluster 1 (n=554) labeled 'Routine Buyers' because its centroid is closest to that segment's prototype reviews (cosine=0.145). Supporting cues: always(16), regular(1), usual(1). Frequent terms: delivery, fast, best, service, time, blinkit. Example review: ""super fast delivery"""
receive product,Price Sensitive,2,0.2879,"Cluster 2 (n=1736) labeled 'Price Sensitive' because its centroid is closest to that segment's prototype reviews (cosine=0.288). Supporting cues: charge(150), rs(122), price(78), money(49), offer(28). Frequent terms: order, service, blinkit, product, time, bad. Example review: ""poor"""
good app come 59 minute like,Explorers,0,0.0196,"Cluster 0 (n=348) labeled 'Explorers' because its centroid is closest to that segment's prototype reviews (cosine=0.020). Supporting cues: try(1). Frequent terms: service, delivery, blinkit, product, experience, like. Example review: ""good service"""
good experience suppertive exe geeta mam helpful,Price Sensitive,2,0.2879,"Cluster 2 (n=1736) labeled 'Price Sensitive' because its centroid is closest to that segment's prototype reviews (cosine=0.288). Supporting cues: charge(150), rs(122), price(78), money(49), offer(28). Frequent terms: order, service, blinkit, product, time, bad. Example review: ""poor"""
little expensive apps good,Explorers,0,0.0196,"Cluster 0 (n=348) labeled 'Explorers' because its centroid is closest to that segment's prototype reviews (cosine=0.020). Supporting cues: try(1). Frequent terms: service, delivery, blinkit, product, experience, like. Example review: ""good service"""
excellent experience blinkit delivery incredibly fast product fresh wellpacked everything arrive exactly order app easy use delivery partner polite professional convenient lastminute grocery household need highly recommended anyone look quick reliable service,Routine Buyers,1,0.1454,"Cluster 1 (n=554) labeled 'Routine Buyers' because its centroid is closest to that segment's prototype reviews (cosine=0.145). Supporting cues: always(16), regular(1), usual(1). Frequent terms: delivery, fast, best, service, time, blinkit. Example review: ""super fast delivery"""
blinkit service third quality,Price Sensitive,2,0.2879,"Cluster 2 (n=1736) labeled 'Price Sensitive' because its centroid is closest to that segment's prototype reviews (cosine=0.288). Supporting cues: charge(150), rs(122), price(78), money(49), offer(28). Frequent terms: order, service, blinkit, product, time, bad. Example review: ""poor"""
niceconvenient,Price Sensitive,2,0.2879,"Cluster 2 (n=1736) labeled 'Price Sensitive' because its centroid is closest to that segment's prototype reviews (cosine=0.288). Supporting cues: charge(150), rs(122), price(78), money(49), offer(28). Frequent terms: order, service, blinkit, product, time, bad. Example review: ""poor"""
oso bad,Price Sensitive,2,0.2879,"Cluster 2 (n=1736) labeled 'Price Sensitive' because its centroid is closest to that segment's prototype reviews (cosine=0.288). Supporting cues: charge(150), rs(122), price(78), money(49), offer(28). Frequent terms: order, service, blinkit, product, time, bad. Example review: ""poor"""
delivery time good,Routine Buyers,1,0.1454,"Cluster 1 (n=554) labeled 'Routine Buyers' because its centroid is closest to that segment's prototype reviews (cosine=0.145). Supporting cues: always(16), regular(1), usual(1). Frequent terms: delivery, fast, best, service, time, blinkit. Example review: ""super fast delivery"""
make everything convenient day day life couldnt happy,Price Sensitive,2,0.2879,"Cluster 2 (n=1736) labeled 'Price Sensitive' because its centroid is closest to that segment's prototype reviews (cosine=0.288). Supporting cues: charge(150), rs(122), price(78), money(49), offer(28). Frequent terms: order, service, blinkit, product, time, bad. Example review: ""poor"""
app good really expensive small town delivery charge,Routine Buyers,1,0.1454,"Cluster 1 (n=554) labeled 'Routine Buyers' because its centroid is closest to that segment's prototype reviews (cosine=0.145). Supporting cues: always(16), regular(1), usual(1). Frequent terms: delivery, fast, best, service, time, blinkit. Example review: ""super fast delivery"""
good app everything thank,Explorers,0,0.0196,"Cluster 0 (n=348) labeled 'Explorers' because its centroid is closest to that segment's prototype reviews (cosine=0.020). Supporting cues: try(1). Frequent terms: service, delivery, blinkit, product, experience, like. Example review: ""good service"""
👍😊,Price Sensitive,2,0.2879,"Cluster 2 (n=1736) labeled 'Price Sensitive' because its centroid is closest to that segment's prototype reviews (cosine=0.288). Supporting cues: charge(150), rs(122), price(78), money(49), offer(28). Frequent terms: order, service, blinkit, product, time, bad. Example review: ""poor"""
bad,Price Sensitive,2,0.2879,"Cluster 2 (n=1736) labeled 'Price Sensitive' because its centroid is closest to that segment's prototype reviews (cosine=0.288). Supporting cues: charge(150), rs(122), price(78), money(49), offer(28). Frequent terms: order, service, blinkit, product, time, bad. Example review: ""poor"""
👏,Price Sensitive,2,0.2879,"Cluster 2 (n=1736) labeled 'Price Sensitive' because its centroid is closest to that segment's prototype reviews (cosine=0.288). Supporting cues: charge(150), rs(122), price(78), money(49), offer(28). Frequent terms: order, service, blinkit, product, time, bad. Example review: ""poor"""
delivery partner good,Routine Buyers,1,0.1454,"Cluster 1 (n=554) labeled 'Routine Buyers' because its centroid is closest to that segment's prototype reviews (cosine=0.145). Supporting cues: always(16), regular(1), usual(1). Frequent terms: delivery, fast, best, service, time, blinkit. Example review: ""super fast delivery"""
naw odar dilevarye,Price Sensitive,2,0.2879,"Cluster 2 (n=1736) labeled 'Price Sensitive' because its centroid is closest to that segment's prototype reviews (cosine=0.288). Supporting cues: charge(150), rs(122), price(78), money(49), offer(28). Frequent terms: order, service, blinkit, product, time, bad. Example review: ""poor"""
give cod option area,Price Sensitive,2,0.2879,"Cluster 2 (n=1736) labeled 'Price Sensitive' because its centroid is closest to that segment's prototype reviews (cosine=0.288). Supporting cues: charge(150), rs(122), price(78), money(49), offer(28). Frequent terms: order, service, blinkit, product, time, bad. Example review: ""poor"""
love app always order everything want love u trust good service,Price Sensitive,2,0.2879,"Cluster 2 (n=1736) labeled 'Price Sensitive' because its centroid is closest to that segment's prototype reviews (cosine=0.288). Supporting cues: charge(150), rs(122), price(78), money(49), offer(28). Frequent terms: order, service, blinkit, product, time, bad. Example review: ""poor"""
dont give free item,Price Sensitive,2,0.2879,"Cluster 2 (n=1736) labeled 'Price Sensitive' because its centroid is closest to that segment's prototype reviews (cosine=0.288). Supporting cues: charge(150), rs(122), price(78), money(49), offer(28). Frequent terms: order, service, blinkit, product, time, bad. Example review: ""poor"""
good app,Explorers,0,0.0196,"Cluster 0 (n=348) labeled 'Explorers' because its centroid is closest to that segment's prototype reviews (cosine=0.020). Supporting cues: try(1). Frequent terms: service, delivery, blinkit, product, experience, like. Example review: ""good service"""
nice app hai,Impulse Buyers,3,0.0584,"Cluster 3 (n=180) labeled 'Impulse Buyers' because its centroid is closest to that segment's prototype reviews (cosine=0.058). Supporting cues: quick(4), late night(1). Frequent terms: service, delivery, blinkit, work, much, time. Example review: ""nice"""
nice experience nd fast delivry,Impulse Buyers,3,0.0584,"Cluster 3 (n=180) labeled 'Impulse Buyers' because its centroid is closest to that segment's prototype reviews (cosine=0.058). Supporting cues: quick(4), late night(1). Frequent terms: service, delivery, blinkit, work, much, time. Example review: ""nice"""
deliver door step,Price Sensitive,2,0.2879,"Cluster 2 (n=1736) labeled 'Price Sensitive' because its centroid is closest to that segment's prototype reviews (cosine=0.288). Supporting cues: charge(150), rs(122), price(78), money(49), offer(28). Frequent terms: order, service, blinkit, product, time, bad. Example review: ""poor"""
excellent,Price Sensitive,2,0.2879,"Cluster 2 (n=1736) labeled 'Price Sensitive' because its centroid is closest to that segment's prototype reviews (cosine=0.288). Supporting cues: charge(150), rs(122), price(78), money(49), offer(28). Frequent terms: order, service, blinkit, product, time, bad. Example review: ""poor"""
doesnt give change delivery fastest,Routine Buyers,1,0.1454,"Cluster 1 (n=554) labeled 'Routine Buyers' because its centroid is closest to that segment's prototype reviews (cosine=0.145). Supporting cues: always(16), regular(1), usual(1). Frequent terms: delivery, fast, best, service, time, blinkit. Example review: ""super fast delivery"""
best product best delivery payment google pay come default payment option meno gpay cash delivery appearalso add preferred delivery partner option possible,Routine Buyers,1,0.1454,"Cluster 1 (n=554) labeled 'Routine Buyers' because its centroid is closest to that segment's prototype reviews (cosine=0.145). Supporting cues: always(16), regular(1), usual(1). Frequent terms: delivery, fast, best, service, time, blinkit. Example review: ""super fast delivery"""
good,Explorers,0,0.0196,"Cluster 0 (n=348) labeled 'Explorers' because its centroid is closest to that segment's prototype reviews (cosine=0.020). Supporting cues: try(1). Frequent terms: service, delivery, blinkit, product, experience, like. Example review: ""good service"""
best last time app good offer best ux ui,Routine Buyers,1,0.1454,"Cluster 1 (n=554) labeled 'Routine Buyers' because its centroid is closest to that segment's prototype reviews (cosine=0.145). Supporting cues: always(16), regular(1), usual(1). Frequent terms: delivery, fast, best, service, time, blinkit. Example review: ""super fast delivery"""
excellent app world,Price Sensitive,2,0.2879,"Cluster 2 (n=1736) labeled 'Price Sensitive' because its centroid is closest to that segment's prototype reviews (cosine=0.288). Supporting cues: charge(150), rs(122), price(78), money(49), offer(28). Frequent terms: order, service, blinkit, product, time, bad. Example review: ""poor"""
payment option easy phone pe also,Price Sensitive,2,0.2879,"Cluster 2 (n=1736) labeled 'Price Sensitive' because its centroid is closest to that segment's prototype reviews (cosine=0.288). Supporting cues: charge(150), rs(122), price(78), money(49), offer(28). Frequent terms: order, service, blinkit, product, time, bad. Example review: ""poor"""
useful mom 3 month old baby helpful,Price Sensitive,2,0.2879,"Cluster 2 (n=1736) labeled 'Price Sensitive' because its centroid is closest to that segment's prototype reviews (cosine=0.288). Supporting cues: charge(150), rs(122), price(78), money(49), offer(28). Frequent terms: order, service, blinkit, product, time, bad. Example review: ""poor"""
good everything,Explorers,0,0.0196,"Cluster 0 (n=348) labeled 'Explorers' because its centroid is closest to that segment's prototype reviews (cosine=0.020). Supporting cues: try(1). Frequent terms: service, delivery, blinkit, product, experience, like. Example review: ""good service"""
exillelent till date,Price Sensitive,2,0.2879,"Cluster 2 (n=1736) labeled 'Price Sensitive' because its centroid is closest to that segment's prototype reviews (cosine=0.288). Supporting cues: charge(150), rs(122), price(78), money(49), offer(28). Frequent terms: order, service, blinkit, product, time, bad. Example review: ""poor"""
okay,Price Sensitive,2,0.2879,"Cluster 2 (n=1736) labeled 'Price Sensitive' because its centroid is closest to that segment's prototype reviews (cosine=0.288). Supporting cues: charge(150), rs(122), price(78), money(49), offer(28). Frequent terms: order, service, blinkit, product, time, bad. Example review: ""poor"""
im happy blinkit service,Price Sensitive,2,0.2879,"Cluster 2 (n=1736) labeled 'Price Sensitive' because its centroid is closest to that segment's prototype reviews (cosine=0.288). Supporting cues: charge(150), rs(122), price(78), money(49), offer(28). Frequent terms: order, service, blinkit, product, time, bad. Example review: ""poor"""
good service pipe give tetra pack,Explorers,0,0.0196,"Cluster 0 (n=348) labeled 'Explorers' because its centroid is closest to that segment's prototype reviews (cosine=0.020). Supporting cues: try(1). Frequent terms: service, delivery, blinkit, product, experience, like. Example review: ""good service"""
10 10 app,Price Sensitive,2,0.2879,"Cluster 2 (n=1736) labeled 'Price Sensitive' because its centroid is closest to that segment's prototype reviews (cosine=0.288). Supporting cues: charge(150), rs(122), price(78), money(49), offer(28). Frequent terms: order, service, blinkit, product, time, bad. Example review: ""poor"""
bad product fraud,Price Sensitive,2,0.2879,"Cluster 2 (n=1736) labeled 'Price Sensitive' because its centroid is closest to that segment's prototype reviews (cosine=0.288). Supporting cues: charge(150), rs(122), price(78), money(49), offer(28). Frequent terms: order, service, blinkit, product, time, bad. Example review: ""poor"""
nice nice,Impulse Buyers,3,0.0584,"Cluster 3 (n=180) labeled 'Impulse Buyers' because its centroid is closest to that segment's prototype reviews (cosine=0.058). Supporting cues: quick(4), late night(1). Frequent terms: service, delivery, blinkit, work, much, time. Example review: ""nice"""
address option difficult put address always ask put address correctly,Price Sensitive,2,0.2879,"Cluster 2 (n=1736) labeled 'Price Sensitive' because its centroid is closest to that segment's prototype reviews (cosine=0.288). Supporting cues: charge(150), rs(122), price(78), money(49), offer(28). Frequent terms: order, service, blinkit, product, time, bad. Example review: ""poor"""
delivery partner response app useless bot,Routine Buyers,1,0.1454,"Cluster 1 (n=554) labeled 'Routine Buyers' because its centroid is closest to that segment's prototype reviews (cosine=0.145). Supporting cues: always(16), regular(1), usual(1). Frequent terms: delivery, fast, best, service, time, blinkit. Example review: ""super fast delivery"""
plz change pack system need plz add packing charge,Price Sensitive,2,0.2879,"Cluster 2 (n=1736) labeled 'Price Sensitive' because its centroid is closest to that segment's prototype reviews (cosine=0.288). Supporting cues: charge(150), rs(122), price(78), money(49), offer(28). Frequent terms: order, service, blinkit, product, time, bad. Example review: ""poor"""
happy blinkit service deliver blinkit app even though receive order despite repeatedly try contact customer support app receive response resolution lack customer service extremely disappointing unacceptable order mark deliver without hand customer timely support refund process cause significant inconvenience,Price Sensitive,2,0.2879,"Cluster 2 (n=1736) labeled 'Price Sensitive' because its centroid is closest to that segment's prototype reviews (cosine=0.288). Supporting cues: charge(150), rs(122), price(78), money(49), offer(28). Frequent terms: order, service, blinkit, product, time, bad. Example review: ""poor"""
one bad delivery app till date delivery partner ill mannered impatient tell one delivery guy wait return money back instead return back run away like coward stole money absolutely ridiculous support team instead give money initially promo code never order anything store poor service,Routine Buyers,1,0.1454,"Cluster 1 (n=554) labeled 'Routine Buyers' because its centroid is closest to that segment's prototype reviews (cosine=0.145). Supporting cues: always(16), regular(1), usual(1). Frequent terms: delivery, fast, best, service, time, blinkit. Example review: ""super fast delivery"""
good delivery like blinkit,Routine Buyers,1,0.1454,"Cluster 1 (n=554) labeled 'Routine Buyers' because its centroid is closest to that segment's prototype reviews (cosine=0.145). Supporting cues: always(16), regular(1), usual(1). Frequent terms: delivery, fast, best, service, time, blinkit. Example review: ""super fast delivery"""
best app give health pocket friendly price anyonethanks comming faridkot,Routine Buyers,1,0.1454,"Cluster 1 (n=554) labeled 'Routine Buyers' because its centroid is closest to that segment's prototype reviews (cosine=0.145). Supporting cues: always(16), regular(1), usual(1). Frequent terms: delivery, fast, best, service, time, blinkit. Example review: ""super fast delivery"""
expire product,Price Sensitive,2,0.2879,"Cluster 2 (n=1736) labeled 'Price Sensitive' because its centroid is closest to that segment's prototype reviews (cosine=0.288). Supporting cues: charge(150), rs(122), price(78), money(49), offer(28). Frequent terms: order, service, blinkit, product, time, bad. Example review: ""poor"""
nice,Impulse Buyers,3,0.0584,"Cluster 3 (n=180) labeled 'Impulse Buyers' because its centroid is closest to that segment's prototype reviews (cosine=0.058). Supporting cues: quick(4), late night(1). Frequent terms: service, delivery, blinkit, work, much, time. Example review: ""nice"""
super,Price Sensitive,2,0.2879,"Cluster 2 (n=1736) labeled 'Price Sensitive' because its centroid is closest to that segment's prototype reviews (cosine=0.288). Supporting cues: charge(150), rs(122), price(78), money(49), offer(28). Frequent terms: order, service, blinkit, product, time, bad. Example review: ""poor"""
🥳,Price Sensitive,2,0.2879,"Cluster 2 (n=1736) labeled 'Price Sensitive' because its centroid is closest to that segment's prototype reviews (cosine=0.288). Supporting cues: charge(150), rs(122), price(78), money(49), offer(28). Frequent terms: order, service, blinkit, product, time, bad. Example review: ""poor"""
awesome,Price Sensitive,2,0.2879,"Cluster 2 (n=1736) labeled 'Price Sensitive' because its centroid is closest to that segment's prototype reviews (cosine=0.288). Supporting cues: charge(150), rs(122), price(78), money(49), offer(28). Frequent terms: order, service, blinkit, product, time, bad. Example review: ""poor"""
great app,Price Sensitive,2,0.2879,"Cluster 2 (n=1736) labeled 'Price Sensitive' because its centroid is closest to that segment's prototype reviews (cosine=0.288). Supporting cues: charge(150), rs(122), price(78), money(49), offer(28). Frequent terms: order, service, blinkit, product, time, bad. Example review: ""poor"""
good like good morning,Explorers,0,0.0196,"Cluster 0 (n=348) labeled 'Explorers' because its centroid is closest to that segment's prototype reviews (cosine=0.020). Supporting cues: try(1). Frequent terms: service, delivery, blinkit, product, experience, like. Example review: ""good service"""
come fast,Routine Buyers,1,0.1454,"Cluster 1 (n=554) labeled 'Routine Buyers' because its centroid is closest to that segment's prototype reviews (cosine=0.145). Supporting cues: always(16), regular(1), usual(1). Frequent terms: delivery, fast, best, service, time, blinkit. Example review: ""super fast delivery"""
need offer,Price Sensitive,2,0.2879,"Cluster 2 (n=1736) labeled 'Price Sensitive' because its centroid is closest to that segment's prototype reviews (cosine=0.288). Supporting cues: charge(150), rs(122), price(78), money(49), offer(28). Frequent terms: order, service, blinkit, product, time, bad. Example review: ""poor"""
sooooo good delivery,Routine Buyers,1,0.1454,"Cluster 1 (n=554) labeled 'Routine Buyers' because its centroid is closest to that segment's prototype reviews (cosine=0.145). Supporting cues: always(16), regular(1), usual(1). Frequent terms: delivery, fast, best, service, time, blinkit. Example review: ""super fast delivery"""
nice app order thing,Impulse Buyers,3,0.0584,"Cluster 3 (n=180) labeled 'Impulse Buyers' because its centroid is closest to that segment's prototype reviews (cosine=0.058). Supporting cues: quick(4), late night(1). Frequent terms: service, delivery, blinkit, work, much, time. Example review: ""nice"""
bad delivery partner new service amazing whole trash,Routine Buyers,1,0.1454,"Cluster 1 (n=554) labeled 'Routine Buyers' because its centroid is closest to that segment's prototype reviews (cosine=0.145). Supporting cues: always(16), regular(1), usual(1). Frequent terms: delivery, fast, best, service, time, blinkit. Example review: ""super fast delivery"""
damage loose pkt bahut ganda pkt tha sara khula hua tha veet ka pkt,Price Sensitive,2,0.2879,"Cluster 2 (n=1736) labeled 'Price Sensitive' because its centroid is closest to that segment's prototype reviews (cosine=0.288). Supporting cues: charge(150), rs(122), price(78), money(49), offer(28). Frequent terms: order, service, blinkit, product, time, bad. Example review: ""poor"""
ok hai,Price Sensitive,2,0.2879,"Cluster 2 (n=1736) labeled 'Price Sensitive' because its centroid is closest to that segment's prototype reviews (cosine=0.288). Supporting cues: charge(150), rs(122), price(78), money(49), offer(28). Frequent terms: order, service, blinkit, product, time, bad. Example review: ""poor"""
sometimes poor quality stuff thing r miss need follow irritate,Price Sensitive,2,0.2879,"Cluster 2 (n=1736) labeled 'Price Sensitive' because its centroid is closest to that segment's prototype reviews (cosine=0.288). Supporting cues: charge(150), rs(122), price(78), money(49), offer(28). Frequent terms: order, service, blinkit, product, time, bad. Example review: ""poor"""
mujhe koi discount nahi milta hai,Price Sensitive,2,0.2879,"Cluster 2 (n=1736) labeled 'Price Sensitive' because its centroid is closest to that segment's prototype reviews (cosine=0.288). Supporting cues: charge(150), rs(122), price(78), money(49), offer(28). Frequent terms: order, service, blinkit, product, time, bad. Example review: ""poor"""
delay query revert,Price Sensitive,2,0.2879,"Cluster 2 (n=1736) labeled 'Price Sensitive' because its centroid is closest to that segment's prototype reviews (cosine=0.288). Supporting cues: charge(150), rs(122), price(78), money(49), offer(28). Frequent terms: order, service, blinkit, product, time, bad. Example review: ""poor"""
niceeeeeee,Price Sensitive,2,0.2879,"Cluster 2 (n=1736) labeled 'Price Sensitive' because its centroid is closest to that segment's prototype reviews (cosine=0.288). Supporting cues: charge(150), rs(122), price(78), money(49), offer(28). Frequent terms: order, service, blinkit, product, time, bad. Example review: ""poor"""
superb,Price Sensitive,2,0.2879,"Cluster 2 (n=1736) labeled 'Price Sensitive' because its centroid is closest to that segment's prototype reviews (cosine=0.288). Supporting cues: charge(150), rs(122), price(78), money(49), offer(28). Frequent terms: order, service, blinkit, product, time, bad. Example review: ""poor"""
ultimate fast delivery,Routine Buyers,1,0.1454,"Cluster 1 (n=554) labeled 'Routine Buyers' because its centroid is closest to that segment's prototype reviews (cosine=0.145). Supporting cues: always(16), regular(1), usual(1). Frequent terms: delivery, fast, best, service, time, blinkit. Example review: ""super fast delivery"""
love blinkitbut additional fee product look bit dissaapointed,Price Sensitive,2,0.2879,"Cluster 2 (n=1736) labeled 'Price Sensitive' because its centroid is closest to that segment's prototype reviews (cosine=0.288). Supporting cues: charge(150), rs(122), price(78), money(49), offer(28). Frequent terms: order, service, blinkit, product, time, bad. Example review: ""poor"""
unsatisfied,Price Sensitive,2,0.2879,"Cluster 2 (n=1736) labeled 'Price Sensitive' because its centroid is closest to that segment's prototype reviews (cosine=0.288). Supporting cues: charge(150), rs(122), price(78), money(49), offer(28). Frequent terms: order, service, blinkit, product, time, bad. Example review: ""poor"""
today order item blinkit usual today order get product empty box,Price Sensitive,2,0.2879,"Cluster 2 (n=1736) labeled 'Price Sensitive' because its centroid is closest to that segment's prototype reviews (cosine=0.288). Supporting cues: charge(150), rs(122), price(78), money(49), offer(28). Frequent terms: order, service, blinkit, product, time, bad. Example review: ""poor"""
cnt even cancel order sometimes,Price Sensitive,2,0.2879,"Cluster 2 (n=1736) labeled 'Price Sensitive' because its centroid is closest to that segment's prototype reviews (cosine=0.288). Supporting cues: charge(150), rs(122), price(78), money(49), offer(28). Frequent terms: order, service, blinkit, product, time, bad. Example review: ""poor"""
good service product fast service,Routine Buyers,1,0.1454,"Cluster 1 (n=554) labeled 'Routine Buyers' because its centroid is closest to that segment's prototype reviews (cosine=0.145). Supporting cues: always(16), regular(1), usual(1). Frequent terms: delivery, fast, best, service, time, blinkit. Example review: ""super fast delivery"""
bad experience ever bread packet,Price Sensitive,2,0.2879,"Cluster 2 (n=1736) labeled 'Price Sensitive' because its centroid is closest to that segment's prototype reviews (cosine=0.288). Supporting cues: charge(150), rs(122), price(78), money(49), offer(28). Frequent terms: order, service, blinkit, product, time, bad. Example review: ""poor"""
bad day payment portal fail randomly need item urgently dont cod option force pay use upi payment fail wait 35 day l app,Price Sensitive,2,0.2879,"Cluster 2 (n=1736) labeled 'Price Sensitive' because its centroid is closest to that segment's prototype reviews (cosine=0.288). Supporting cues: charge(150), rs(122), price(78), money(49), offer(28). Frequent terms: order, service, blinkit, product, time, bad. Example review: ""poor"""
time delivery highly civilize delivery personnwl,Routine Buyers,1,0.1454,"Cluster 1 (n=554) labeled 'Routine Buyers' because its centroid is closest to that segment's prototype reviews (cosine=0.145). Supporting cues: always(16), regular(1), usual(1). Frequent terms: delivery, fast, best, service, time, blinkit. Example review: ""super fast delivery"""
always feel like king make wish complit 15 minute,Price Sensitive,2,0.2879,"Cluster 2 (n=1736) labeled 'Price Sensitive' because its centroid is closest to that segment's prototype reviews (cosine=0.288). Supporting cues: charge(150), rs(122), price(78), money(49), offer(28). Frequent terms: order, service, blinkit, product, time, bad. Example review: ""poor"""
bad service charge extra booking,Price Sensitive,2,0.2879,"Cluster 2 (n=1736) labeled 'Price Sensitive' because its centroid is closest to that segment's prototype reviews (cosine=0.288). Supporting cues: charge(150), rs(122), price(78), money(49), offer(28). Frequent terms: order, service, blinkit, product, time, bad. Example review: ""poor"""
superb appvery smooth function reliable product,Price Sensitive,2,0.2879,"Cluster 2 (n=1736) labeled 'Price Sensitive' because its centroid is closest to that segment's prototype reviews (cosine=0.288). Supporting cues: charge(150), rs(122), price(78), money(49), offer(28). Frequent terms: order, service, blinkit, product, time, bad. Example review: ""poor"""
best service world,Routine Buyers,1,0.1454,"Cluster 1 (n=554) labeled 'Routine Buyers' because its centroid is closest to that segment's prototype reviews (cosine=0.145). Supporting cues: always(16), regular(1), usual(1). Frequent terms: delivery, fast, best, service, time, blinkit. Example review: ""super fast delivery"""
delivery person arrogant rude even complaint support update message credibility blinkit,Routine Buyers,1,0.1454,"Cluster 1 (n=554) labeled 'Routine Buyers' because its centroid is closest to that segment's prototype reviews (cosine=0.145). Supporting cues: always(16), regular(1), usual(1). Frequent terms: delivery, fast, best, service, time, blinkit. Example review: ""super fast delivery"""
superb app,Price Sensitive,2,0.2879,"Cluster 2 (n=1736) labeled 'Price Sensitive' because its centroid is closest to that segment's prototype reviews (cosine=0.288). Supporting cues: charge(150), rs(122), price(78), money(49), offer(28). Frequent terms: order, service, blinkit, product, time, bad. Example review: ""poor"""
good platform instant delivery,Explorers,0,0.0196,"Cluster 0 (n=348) labeled 'Explorers' because its centroid is closest to that segment's prototype reviews (cosine=0.020). Supporting cues: try(1). Frequent terms: service, delivery, blinkit, product, experience, like. Example review: ""good service"""
easy sir,Price Sensitive,2,0.2879,"Cluster 2 (n=1736) labeled 'Price Sensitive' because its centroid is closest to that segment's prototype reviews (cosine=0.288). Supporting cues: charge(150), rs(122), price(78), money(49), offer(28). Frequent terms: order, service, blinkit, product, time, bad. Example review: ""poor"""
receive product pay foronline payment,Price Sensitive,2,0.2879,"Cluster 2 (n=1736) labeled 'Price Sensitive' because its centroid is closest to that segment's prototype reviews (cosine=0.288). Supporting cues: charge(150), rs(122), price(78), money(49), offer(28). Frequent terms: order, service, blinkit, product, time, bad. Example review: ""poor"""
app service area biswanath chariali,Price Sensitive,2,0.2879,"Cluster 2 (n=1736) labeled 'Price Sensitive' because its centroid is closest to that segment's prototype reviews (cosine=0.288). Supporting cues: charge(150), rs(122), price(78), money(49), offer(28). Frequent terms: order, service, blinkit, product, time, bad. Example review: ""poor"""
much late order give deliver item 8 minute deliver order 20 30 minute blinkts late product god coupon free delivery give unnecessarily charge,Price Sensitive,2,0.2879,"Cluster 2 (n=1736) labeled 'Price Sensitive' because its centroid is closest to that segment's prototype reviews (cosine=0.288). Supporting cues: charge(150), rs(122), price(78), money(49), offer(28). Frequent terms: order, service, blinkit, product, time, bad. Example review: ""poor"""
multigrain bread pack dated 23072026 satisfied avoid blinkit,Price Sensitive,2,0.2879,"Cluster 2 (n=1736) labeled 'Price Sensitive' because its centroid is closest to that segment's prototype reviews (cosine=0.288). Supporting cues: charge(150), rs(122), price(78), money(49), offer(28). Frequent terms: order, service, blinkit, product, time, bad. Example review: ""poor"""
ambulance blinkit ki hi ho time pe aayega,Price Sensitive,2,0.2879,"Cluster 2 (n=1736) labeled 'Price Sensitive' because its centroid is closest to that segment's prototype reviews (cosine=0.288). Supporting cues: charge(150), rs(122), price(78), money(49), offer(28). Frequent terms: order, service, blinkit, product, time, bad. Example review: ""poor"""
fan blinkit use extra money good work wow like ambulance service many come good app amaze service next level,Price Sensitive,2,0.2879,"Cluster 2 (n=1736) labeled 'Price Sensitive' because its centroid is closest to that segment's prototype reviews (cosine=0.288). Supporting cues: charge(150), rs(122), price(78), money(49), offer(28). Frequent terms: order, service, blinkit, product, time, bad. Example review: ""poor"""
item available app try stock item,Price Sensitive,2,0.2879,"Cluster 2 (n=1736) labeled 'Price Sensitive' because its centroid is closest to that segment's prototype reviews (cosine=0.288). Supporting cues: charge(150), rs(122), price(78), money(49), offer(28). Frequent terms: order, service, blinkit, product, time, bad. Example review: ""poor"""
price high commodity platform,Price Sensitive,2,0.2879,"Cluster 2 (n=1736) labeled 'Price Sensitive' because its centroid is closest to that segment's prototype reviews (cosine=0.288). Supporting cues: charge(150), rs(122), price(78), money(49), offer(28). Frequent terms: order, service, blinkit, product, time, bad. Example review: ""poor"""
wow nice nice good app,Impulse Buyers,3,0.0584,"Cluster 3 (n=180) labeled 'Impulse Buyers' because its centroid is closest to that segment's prototype reviews (cosine=0.058). Supporting cues: quick(4), late night(1). Frequent terms: service, delivery, blinkit, work, much, time. Example review: ""nice"""
good app easy daily use,Explorers,0,0.0196,"Cluster 0 (n=348) labeled 'Explorers' because its centroid is closest to that segment's prototype reviews (cosine=0.020). Supporting cues: try(1). Frequent terms: service, delivery, blinkit, product, experience, like. Example review: ""good service"""
good,Explorers,0,0.0196,"Cluster 0 (n=348) labeled 'Explorers' because its centroid is closest to that segment's prototype reviews (cosine=0.020). Supporting cues: try(1). Frequent terms: service, delivery, blinkit, product, experience, like. Example review: ""good service"""
worst customer service try 2 day get help one help chatbot give reply stuck assigning assistant,Price Sensitive,2,0.2879,"Cluster 2 (n=1736) labeled 'Price Sensitive' because its centroid is closest to that segment's prototype reviews (cosine=0.288). Supporting cues: charge(150), rs(122), price(78), money(49), offer(28). Frequent terms: order, service, blinkit, product, time, bad. Example review: ""poor"""
fast easy,Routine Buyers,1,0.1454,"Cluster 1 (n=554) labeled 'Routine Buyers' because its centroid is closest to that segment's prototype reviews (cosine=0.145). Supporting cues: always(16), regular(1), usual(1). Frequent terms: delivery, fast, best, service, time, blinkit. Example review: ""super fast delivery"""
disappointed blinkit order deliver miss item cadbury dairy milk mini treat worth report immediately even try call delivery partner receive response blinkit reject complaint base internal record without provide evidence item pack delivered multiple followup fair resolution escalate matter national consumer helpline poor customer support,Price Sensitive,2,0.2879,"Cluster 2 (n=1736) labeled 'Price Sensitive' because its centroid is closest to that segment's prototype reviews (cosine=0.288). Supporting cues: charge(150), rs(122), price(78), money(49), offer(28). Frequent terms: order, service, blinkit, product, time, bad. Example review: ""poor"""
bad experience 2 time order blinkit deliver rong defective product,Price Sensitive,2,0.2879,"Cluster 2 (n=1736) labeled 'Price Sensitive' because its centroid is closest to that segment's prototype reviews (cosine=0.288). Supporting cues: charge(150), rs(122), price(78), money(49), offer(28). Frequent terms: order, service, blinkit, product, time, bad. Example review: ""poor"""
always come last second help,Price Sensitive,2,0.2879,"Cluster 2 (n=1736) labeled 'Price Sensitive' because its centroid is closest to that segment's prototype reviews (cosine=0.288). Supporting cues: charge(150), rs(122), price(78), money(49), offer(28). Frequent terms: order, service, blinkit, product, time, bad. Example review: ""poor"""
fast service good,Routine Buyers,1,0.1454,"Cluster 1 (n=554) labeled 'Routine Buyers' because its centroid is closest to that segment's prototype reviews (cosine=0.145). Supporting cues: always(16), regular(1), usual(1). Frequent terms: delivery, fast, best, service, time, blinkit. Example review: ""super fast delivery"""
helpful,Price Sensitive,2,0.2879,"Cluster 2 (n=1736) labeled 'Price Sensitive' because its centroid is closest to that segment's prototype reviews (cosine=0.288). Supporting cues: charge(150), rs(122), price(78), money(49), offer(28). Frequent terms: order, service, blinkit, product, time, bad. Example review: ""poor"""
default extremely disappointing first time face issue blinkit order fortune rozana gold basmati rice expect goodquality fulllength grain receive rice large number break grain despite report issue clear detail complaint resolve customer expect quality product fair customer support ignore genuine quality issue refuse provide proper resolution unacceptable,Price Sensitive,2,0.2879,"Cluster 2 (n=1736) labeled 'Price Sensitive' because its centroid is closest to that segment's prototype reviews (cosine=0.288). Supporting cues: charge(150), rs(122), price(78), money(49), offer(28). Frequent terms: order, service, blinkit, product, time, bad. Example review: ""poor"""
order procecc easy,Price Sensitive,2,0.2879,"Cluster 2 (n=1736) labeled 'Price Sensitive' because its centroid is closest to that segment's prototype reviews (cosine=0.288). Supporting cues: charge(150), rs(122), price(78), money(49), offer(28). Frequent terms: order, service, blinkit, product, time, bad. Example review: ""poor"""
👌👌👌,Price Sensitive,2,0.2879,"Cluster 2 (n=1736) labeled 'Price Sensitive' because its centroid is closest to that segment's prototype reviews (cosine=0.288). Supporting cues: charge(150), rs(122), price(78), money(49), offer(28). Frequent terms: order, service, blinkit, product, time, bad. Example review: ""poor"""
nyc service,Price Sensitive,2,0.2879,"Cluster 2 (n=1736) labeled 'Price Sensitive' because its centroid is closest to that segment's prototype reviews (cosine=0.288). Supporting cues: charge(150), rs(122), price(78), money(49), offer(28). Frequent terms: order, service, blinkit, product, time, bad. Example review: ""poor"""
great fast delivery wish item add,Routine Buyers,1,0.1454,"Cluster 1 (n=554) labeled 'Routine Buyers' because its centroid is closest to that segment's prototype reviews (cosine=0.145). Supporting cues: always(16), regular(1), usual(1). Frequent terms: delivery, fast, best, service, time, blinkit. Example review: ""super fast delivery"""
want suggest try deliver product neat clean manufacturing date clearly visible,Price Sensitive,2,0.2879,"Cluster 2 (n=1736) labeled 'Price Sensitive' because its centroid is closest to that segment's prototype reviews (cosine=0.288). Supporting cues: charge(150), rs(122), price(78), money(49), offer(28). Frequent terms: order, service, blinkit, product, time, bad. Example review: ""poor"""
bad app bad customer service,Price Sensitive,2,0.2879,"Cluster 2 (n=1736) labeled 'Price Sensitive' because its centroid is closest to that segment's prototype reviews (cosine=0.288). Supporting cues: charge(150), rs(122), price(78), money(49), offer(28). Frequent terms: order, service, blinkit, product, time, bad. Example review: ""poor"""
fast service,Routine Buyers,1,0.1454,"Cluster 1 (n=554) labeled 'Routine Buyers' because its centroid is closest to that segment's prototype reviews (cosine=0.145). Supporting cues: always(16), regular(1), usual(1). Frequent terms: delivery, fast, best, service, time, blinkit. Example review: ""super fast delivery"""
door tak nhi laye,Price Sensitive,2,0.2879,"Cluster 2 (n=1736) labeled 'Price Sensitive' because its centroid is closest to that segment's prototype reviews (cosine=0.288). Supporting cues: charge(150), rs(122), price(78), money(49), offer(28). Frequent terms: order, service, blinkit, product, time, bad. Example review: ""poor"""
good thank,Explorers,0,0.0196,"Cluster 0 (n=348) labeled 'Explorers' because its centroid is closest to that segment's prototype reviews (cosine=0.020). Supporting cues: try(1). Frequent terms: service, delivery, blinkit, product, experience, like. Example review: ""good service"""
nice delivery app,Impulse Buyers,3,0.0584,"Cluster 3 (n=180) labeled 'Impulse Buyers' because its centroid is closest to that segment's prototype reviews (cosine=0.058). Supporting cues: quick(4), late night(1). Frequent terms: service, delivery, blinkit, work, much, time. Example review: ""nice"""
good,Explorers,0,0.0196,"Cluster 0 (n=348) labeled 'Explorers' because its centroid is closest to that segment's prototype reviews (cosine=0.020). Supporting cues: try(1). Frequent terms: service, delivery, blinkit, product, experience, like. Example review: ""good service"""
blinkit really amazing app everytimethey give easy refund instant response resolve problem,Price Sensitive,2,0.2879,"Cluster 2 (n=1736) labeled 'Price Sensitive' because its centroid is closest to that segment's prototype reviews (cosine=0.288). Supporting cues: charge(150), rs(122), price(78), money(49), offer(28). Frequent terms: order, service, blinkit, product, time, bad. Example review: ""poor"""
payment much,Price Sensitive,2,0.2879,"Cluster 2 (n=1736) labeled 'Price Sensitive' because its centroid is closest to that segment's prototype reviews (cosine=0.288). Supporting cues: charge(150), rs(122), price(78), money(49), offer(28). Frequent terms: order, service, blinkit, product, time, bad. Example review: ""poor"""
best app everyone,Routine Buyers,1,0.1454,"Cluster 1 (n=554) labeled 'Routine Buyers' because its centroid is closest to that segment's prototype reviews (cosine=0.145). Supporting cues: always(16), regular(1), usual(1). Frequent terms: delivery, fast, best, service, time, blinkit. Example review: ""super fast delivery"""
nice work,Impulse Buyers,3,0.0584,"Cluster 3 (n=180) labeled 'Impulse Buyers' because its centroid is closest to that segment's prototype reviews (cosine=0.058). Supporting cues: quick(4), late night(1). Frequent terms: service, delivery, blinkit, work, much, time. Example review: ""nice"""
customer care service available payment query managedmy payment do item deliveredwhat process return payment,Price Sensitive,2,0.2879,"Cluster 2 (n=1736) labeled 'Price Sensitive' because its centroid is closest to that segment's prototype reviews (cosine=0.288). Supporting cues: charge(150), rs(122), price(78), money(49), offer(28). Frequent terms: order, service, blinkit, product, time, bad. Example review: ""poor"""
little bit costly,Price Sensitive,2,0.2879,"Cluster 2 (n=1736) labeled 'Price Sensitive' because its centroid is closest to that segment's prototype reviews (cosine=0.288). Supporting cues: charge(150), rs(122), price(78), money(49), offer(28). Frequent terms: order, service, blinkit, product, time, bad. Example review: ""poor"""
item good,Explorers,0,0.0196,"Cluster 0 (n=348) labeled 'Explorers' because its centroid is closest to that segment's prototype reviews (cosine=0.020). Supporting cues: try(1). Frequent terms: service, delivery, blinkit, product, experience, like. Example review: ""good service"""
great,Price Sensitive,2,0.2879,"Cluster 2 (n=1736) labeled 'Price Sensitive' because its centroid is closest to that segment's prototype reviews (cosine=0.288). Supporting cues: charge(150), rs(122), price(78), money(49), offer(28). Frequent terms: order, service, blinkit, product, time, bad. Example review: ""poor"""
easy fast,Routine Buyers,1,0.1454,"Cluster 1 (n=554) labeled 'Routine Buyers' because its centroid is closest to that segment's prototype reviews (cosine=0.145). Supporting cues: always(16), regular(1), usual(1). Frequent terms: delivery, fast, best, service, time, blinkit. Example review: ""super fast delivery"""
thank,Price Sensitive,2,0.2879,"Cluster 2 (n=1736) labeled 'Price Sensitive' because its centroid is closest to that segment's prototype reviews (cosine=0.288). Supporting cues: charge(150), rs(122), price(78), money(49), offer(28). Frequent terms: order, service, blinkit, product, time, bad. Example review: ""poor"""
ok ok,Price Sensitive,2,0.2879,"Cluster 2 (n=1736) labeled 'Price Sensitive' because its centroid is closest to that segment's prototype reviews (cosine=0.288). Supporting cues: charge(150), rs(122), price(78), money(49), offer(28). Frequent terms: order, service, blinkit, product, time, bad. Example review: ""poor"""
excellent app,Price Sensitive,2,0.2879,"Cluster 2 (n=1736) labeled 'Price Sensitive' because its centroid is closest to that segment's prototype reviews (cosine=0.288). Supporting cues: charge(150), rs(122), price(78), money(49), offer(28). Frequent terms: order, service, blinkit, product, time, bad. Example review: ""poor"""
good experience place order spine gourd also pay order receive fully complain didnt get solution bad application share order id mail resolve complain,Price Sensitive,2,0.2879,"Cluster 2 (n=1736) labeled 'Price Sensitive' because its centroid is closest to that segment's prototype reviews (cosine=0.288). Supporting cues: charge(150), rs(122), price(78), money(49), offer(28). Frequent terms: order, service, blinkit, product, time, bad. Example review: ""poor"""
best app deliver mint,Routine Buyers,1,0.1454,"Cluster 1 (n=554) labeled 'Routine Buyers' because its centroid is closest to that segment's prototype reviews (cosine=0.145). Supporting cues: always(16), regular(1), usual(1). Frequent terms: delivery, fast, best, service, time, blinkit. Example review: ""super fast delivery"""
poor quality product response customer support,Price Sensitive,2,0.2879,"Cluster 2 (n=1736) labeled 'Price Sensitive' because its centroid is closest to that segment's prototype reviews (cosine=0.288). Supporting cues: charge(150), rs(122), price(78), money(49), offer(28). Frequent terms: order, service, blinkit, product, time, bad. Example review: ""poor"""
app good one problem free delivery tell item still 199 rs 100 would suitable,Routine Buyers,1,0.1454,"Cluster 1 (n=554) labeled 'Routine Buyers' because its centroid is closest to that segment's prototype reviews (cosine=0.145). Supporting cues: always(16), regular(1), usual(1). Frequent terms: delivery, fast, best, service, time, blinkit. Example review: ""super fast delivery"""
best app,Routine Buyers,1,0.1454,"Cluster 1 (n=554) labeled 'Routine Buyers' because its centroid is closest to that segment's prototype reviews (cosine=0.145). Supporting cues: always(16), regular(1), usual(1). Frequent terms: delivery, fast, best, service, time, blinkit. Example review: ""super fast delivery"""
way much delay,Price Sensitive,2,0.2879,"Cluster 2 (n=1736) labeled 'Price Sensitive' because its centroid is closest to that segment's prototype reviews (cosine=0.288). Supporting cues: charge(150), rs(122), price(78), money(49), offer(28). Frequent terms: order, service, blinkit, product, time, bad. Example review: ""poor"""
nyc,Price Sensitive,2,0.2879,"Cluster 2 (n=1736) labeled 'Price Sensitive' because its centroid is closest to that segment's prototype reviews (cosine=0.288). Supporting cues: charge(150), rs(122), price(78), money(49), offer(28). Frequent terms: order, service, blinkit, product, time, bad. Example review: ""poor"""
always cod available app,Price Sensitive,2,0.2879,"Cluster 2 (n=1736) labeled 'Price Sensitive' because its centroid is closest to that segment's prototype reviews (cosine=0.288). Supporting cues: charge(150), rs(122), price(78), money(49), offer(28). Frequent terms: order, service, blinkit, product, time, bad. Example review: ""poor"""
love blinkit available city please get make available,Price Sensitive,2,0.2879,"Cluster 2 (n=1736) labeled 'Price Sensitive' because its centroid is closest to that segment's prototype reviews (cosine=0.288). Supporting cues: charge(150), rs(122), price(78), money(49), offer(28). Frequent terms: order, service, blinkit, product, time, bad. Example review: ""poor"""
overall experience ok send 1 litre detergent 400 ml offer replacement thats point icaught bcoz felt light,Price Sensitive,2,0.2879,"Cluster 2 (n=1736) labeled 'Price Sensitive' because its centroid is closest to that segment's prototype reviews (cosine=0.288). Supporting cues: charge(150), rs(122), price(78), money(49), offer(28). Frequent terms: order, service, blinkit, product, time, bad. Example review: ""poor"""
amaze,Price Sensitive,2,0.2879,"Cluster 2 (n=1736) labeled 'Price Sensitive' because its centroid is closest to that segment's prototype reviews (cosine=0.288). Supporting cues: charge(150), rs(122), price(78), money(49), offer(28). Frequent terms: order, service, blinkit, product, time, bad. Example review: ""poor"""
areaa store mere se 1 km dur fir bhi delivery nahi dete man chahe order available man chahe order unavailable kitne din se request kr raha hu lekin koi sollution nahi isse achha big basket,Price Sensitive,2,0.2879,"Cluster 2 (n=1736) labeled 'Price Sensitive' because its centroid is closest to that segment's prototype reviews (cosine=0.288). Supporting cues: charge(150), rs(122), price(78), money(49), offer(28). Frequent terms: order, service, blinkit, product, time, bad. Example review: ""poor"""
blink take extra money making excuse 3rd class app,Price Sensitive,2,0.2879,"Cluster 2 (n=1736) labeled 'Price Sensitive' because its centroid is closest to that segment's prototype reviews (cosine=0.288). Supporting cues: charge(150), rs(122), price(78), money(49), offer(28). Frequent terms: order, service, blinkit, product, time, bad. Example review: ""poor"""
nice,Impulse Buyers,3,0.0584,"Cluster 3 (n=180) labeled 'Impulse Buyers' because its centroid is closest to that segment's prototype reviews (cosine=0.058). Supporting cues: quick(4), late night(1). Frequent terms: service, delivery, blinkit, work, much, time. Example review: ""nice"""
great effort mirayam blinkit team delivery food poor deserve girl jharkhand kudos,Price Sensitive,2,0.2879,"Cluster 2 (n=1736) labeled 'Price Sensitive' because its centroid is closest to that segment's prototype reviews (cosine=0.288). Supporting cues: charge(150), rs(122), price(78), money(49), offer(28). Frequent terms: order, service, blinkit, product, time, bad. Example review: ""poor"""
nice service,Impulse Buyers,3,0.0584,"Cluster 3 (n=180) labeled 'Impulse Buyers' because its centroid is closest to that segment's prototype reviews (cosine=0.058). Supporting cues: quick(4), late night(1). Frequent terms: service, delivery, blinkit, work, much, time. Example review: ""nice"""
best experience low price nice product buy guitar blinkit,Price Sensitive,2,0.2879,"Cluster 2 (n=1736) labeled 'Price Sensitive' because its centroid is closest to that segment's prototype reviews (cosine=0.288). Supporting cues: charge(150), rs(122), price(78), money(49), offer(28). Frequent terms: order, service, blinkit, product, time, bad. Example review: ""poor"""
mast h mazaaa aa jayga saman kharid ke itni jldi delivery,Routine Buyers,1,0.1454,"Cluster 1 (n=554) labeled 'Routine Buyers' because its centroid is closest to that segment's prototype reviews (cosine=0.145). Supporting cues: always(16), regular(1), usual(1). Frequent terms: delivery, fast, best, service, time, blinkit. Example review: ""super fast delivery"""
charge expensive take extra unnecessary charge,Price Sensitive,2,0.2879,"Cluster 2 (n=1736) labeled 'Price Sensitive' because its centroid is closest to that segment's prototype reviews (cosine=0.288). Supporting cues: charge(150), rs(122), price(78), money(49), offer(28). Frequent terms: order, service, blinkit, product, time, bad. Example review: ""poor"""
app never visit exact location,Price Sensitive,2,0.2879,"Cluster 2 (n=1736) labeled 'Price Sensitive' because its centroid is closest to that segment's prototype reviews (cosine=0.288). Supporting cues: charge(150), rs(122), price(78), money(49), offer(28). Frequent terms: order, service, blinkit, product, time, bad. Example review: ""poor"""
make life easy,Price Sensitive,2,0.2879,"Cluster 2 (n=1736) labeled 'Price Sensitive' because its centroid is closest to that segment's prototype reviews (cosine=0.288). Supporting cues: charge(150), rs(122), price(78), money(49), offer(28). Frequent terms: order, service, blinkit, product, time, bad. Example review: ""poor"""
best,Routine Buyers,1,0.1454,"Cluster 1 (n=554) labeled 'Routine Buyers' because its centroid is closest to that segment's prototype reviews (cosine=0.145). Supporting cues: always(16), regular(1), usual(1). Frequent terms: delivery, fast, best, service, time, blinkit. Example review: ""super fast delivery"""
one best delivery app come 10 minute,Routine Buyers,1,0.1454,"Cluster 1 (n=554) labeled 'Routine Buyers' because its centroid is closest to that segment's prototype reviews (cosine=0.145). Supporting cues: always(16), regular(1), usual(1). Frequent terms: delivery, fast, best, service, time, blinkit. Example review: ""super fast delivery"""
mera order ni receive hua pese cut gye,Price Sensitive,2,0.2879,"Cluster 2 (n=1736) labeled 'Price Sensitive' because its centroid is closest to that segment's prototype reviews (cosine=0.288). Supporting cues: charge(150), rs(122), price(78), money(49), offer(28). Frequent terms: order, service, blinkit, product, time, bad. Example review: ""poor"""
best app ever,Routine Buyers,1,0.1454,"Cluster 1 (n=554) labeled 'Routine Buyers' because its centroid is closest to that segment's prototype reviews (cosine=0.145). Supporting cues: always(16), regular(1), usual(1). Frequent terms: delivery, fast, best, service, time, blinkit. Example review: ""super fast delivery"""
always ready quick,Price Sensitive,2,0.2879,"Cluster 2 (n=1736) labeled 'Price Sensitive' because its centroid is closest to that segment's prototype reviews (cosine=0.288). Supporting cues: charge(150), rs(122), price(78), money(49), offer(28). Frequent terms: order, service, blinkit, product, time, bad. Example review: ""poor"""
dont show best cheap price,Routine Buyers,1,0.1454,"Cluster 1 (n=554) labeled 'Routine Buyers' because its centroid is closest to that segment's prototype reviews (cosine=0.145). Supporting cues: always(16), regular(1), usual(1). Frequent terms: delivery, fast, best, service, time, blinkit. Example review: ""super fast delivery"""
extra leta h,Price Sensitive,2,0.2879,"Cluster 2 (n=1736) labeled 'Price Sensitive' because its centroid is closest to that segment's prototype reviews (cosine=0.288). Supporting cues: charge(150), rs(122), price(78), money(49), offer(28). Frequent terms: order, service, blinkit, product, time, bad. Example review: ""poor"""
good,Explorers,0,0.0196,"Cluster 0 (n=348) labeled 'Explorers' because its centroid is closest to that segment's prototype reviews (cosine=0.020). Supporting cues: try(1). Frequent terms: service, delivery, blinkit, product, experience, like. Example review: ""good service"""
easy order,Price Sensitive,2,0.2879,"Cluster 2 (n=1736) labeled 'Price Sensitive' because its centroid is closest to that segment's prototype reviews (cosine=0.288). Supporting cues: charge(150), rs(122), price(78), money(49), offer(28). Frequent terms: order, service, blinkit, product, time, bad. Example review: ""poor"""
send spillage item try complaint didnt assign support executive one hr still wait response,Price Sensitive,2,0.2879,"Cluster 2 (n=1736) labeled 'Price Sensitive' because its centroid is closest to that segment's prototype reviews (cosine=0.288). Supporting cues: charge(150), rs(122), price(78), money(49), offer(28). Frequent terms: order, service, blinkit, product, time, bad. Example review: ""poor"""
quick delivery polite support team variety product,Routine Buyers,1,0.1454,"Cluster 1 (n=554) labeled 'Routine Buyers' because its centroid is closest to that segment's prototype reviews (cosine=0.145). Supporting cues: always(16), regular(1), usual(1). Frequent terms: delivery, fast, best, service, time, blinkit. Example review: ""super fast delivery"""
last minute app fab rate little high everything available,Price Sensitive,2,0.2879,"Cluster 2 (n=1736) labeled 'Price Sensitive' because its centroid is closest to that segment's prototype reviews (cosine=0.288). Supporting cues: charge(150), rs(122), price(78), money(49), offer(28). Frequent terms: order, service, blinkit, product, time, bad. Example review: ""poor"""
absolutely night service,Price Sensitive,2,0.2879,"Cluster 2 (n=1736) labeled 'Price Sensitive' because its centroid is closest to that segment's prototype reviews (cosine=0.288). Supporting cues: charge(150), rs(122), price(78), money(49), offer(28). Frequent terms: order, service, blinkit, product, time, bad. Example review: ""poor"""
deliver properlyitems leak item get leaked good,Explorers,0,0.0196,"Cluster 0 (n=348) labeled 'Explorers' because its centroid is closest to that segment's prototype reviews (cosine=0.020). Supporting cues: try(1). Frequent terms: service, delivery, blinkit, product, experience, like. Example review: ""good service"""
first time check service,Price Sensitive,2,0.2879,"Cluster 2 (n=1736) labeled 'Price Sensitive' because its centroid is closest to that segment's prototype reviews (cosine=0.288). Supporting cues: charge(150), rs(122), price(78), money(49), offer(28). Frequent terms: order, service, blinkit, product, time, bad. Example review: ""poor"""
fast deliveryeverything need available,Routine Buyers,1,0.1454,"Cluster 1 (n=554) labeled 'Routine Buyers' because its centroid is closest to that segment's prototype reviews (cosine=0.145). Supporting cues: always(16), regular(1), usual(1). Frequent terms: delivery, fast, best, service, time, blinkit. Example review: ""super fast delivery"""
order miss please check receive order neither get money,Price Sensitive,2,0.2879,"Cluster 2 (n=1736) labeled 'Price Sensitive' because its centroid is closest to that segment's prototype reviews (cosine=0.288). Supporting cues: charge(150), rs(122), price(78), money(49), offer(28). Frequent terms: order, service, blinkit, product, time, bad. Example review: ""poor"""
great app great people great service,Price Sensitive,2,0.2879,"Cluster 2 (n=1736) labeled 'Price Sensitive' because its centroid is closest to that segment's prototype reviews (cosine=0.288). Supporting cues: charge(150), rs(122), price(78), money(49), offer(28). Frequent terms: order, service, blinkit, product, time, bad. Example review: ""poor"""
one bad app something didnt even order also didnt give ordered say cant resolve issue seriously want replacement refunddddddddddddddd,Price Sensitive,2,0.2879,"Cluster 2 (n=1736) labeled 'Price Sensitive' because its centroid is closest to that segment's prototype reviews (cosine=0.288). Supporting cues: charge(150), rs(122), price(78), money(49), offer(28). Frequent terms: order, service, blinkit, product, time, bad. Example review: ""poor"""
luv,Price Sensitive,2,0.2879,"Cluster 2 (n=1736) labeled 'Price Sensitive' because its centroid is closest to that segment's prototype reviews (cosine=0.288). Supporting cues: charge(150), rs(122), price(78), money(49), offer(28). Frequent terms: order, service, blinkit, product, time, bad. Example review: ""poor"""
fast good behaviour delivery man,Routine Buyers,1,0.1454,"Cluster 1 (n=554) labeled 'Routine Buyers' because its centroid is closest to that segment's prototype reviews (cosine=0.145). Supporting cues: always(16), regular(1), usual(1). Frequent terms: delivery, fast, best, service, time, blinkit. Example review: ""super fast delivery"""
sometimes order change damage,Price Sensitive,2,0.2879,"Cluster 2 (n=1736) labeled 'Price Sensitive' because its centroid is closest to that segment's prototype reviews (cosine=0.288). Supporting cues: charge(150), rs(122), price(78), money(49), offer(28). Frequent terms: order, service, blinkit, product, time, bad. Example review: ""poor"""
u could add medical thing make 10 min amazon,Price Sensitive,2,0.2879,"Cluster 2 (n=1736) labeled 'Price Sensitive' because its centroid is closest to that segment's prototype reviews (cosine=0.288). Supporting cues: charge(150), rs(122), price(78), money(49), offer(28). Frequent terms: order, service, blinkit, product, time, bad. Example review: ""poor"""
good work bu blinkit,Explorers,0,0.0196,"Cluster 0 (n=348) labeled 'Explorers' because its centroid is closest to that segment's prototype reviews (cosine=0.020). Supporting cues: try(1). Frequent terms: service, delivery, blinkit, product, experience, like. Example review: ""good service"""
super fast delivery quality item,Routine Buyers,1,0.1454,"Cluster 1 (n=554) labeled 'Routine Buyers' because its centroid is closest to that segment's prototype reviews (cosine=0.145). Supporting cues: always(16), regular(1), usual(1). Frequent terms: delivery, fast, best, service, time, blinkit. Example review: ""super fast delivery"""
best dilevery app,Routine Buyers,1,0.1454,"Cluster 1 (n=554) labeled 'Routine Buyers' because its centroid is closest to that segment's prototype reviews (cosine=0.145). Supporting cues: always(16), regular(1), usual(1). Frequent terms: delivery, fast, best, service, time, blinkit. Example review: ""super fast delivery"""
platform always provide less quantity state app never order fruit vegetable blinkit reach customer care ask weigh give proof like customer suppose keep weigh machine house,Price Sensitive,2,0.2879,"Cluster 2 (n=1736) labeled 'Price Sensitive' because its centroid is closest to that segment's prototype reviews (cosine=0.288). Supporting cues: charge(150), rs(122), price(78), money(49), offer(28). Frequent terms: order, service, blinkit, product, time, bad. Example review: ""poor"""
❤️✨,Price Sensitive,2,0.2879,"Cluster 2 (n=1736) labeled 'Price Sensitive' because its centroid is closest to that segment's prototype reviews (cosine=0.288). Supporting cues: charge(150), rs(122), price(78), money(49), offer(28). Frequent terms: order, service, blinkit, product, time, bad. Example review: ""poor"""
worst customer service product replace refund money waste blinkit product dont buy blinkit,Price Sensitive,2,0.2879,"Cluster 2 (n=1736) labeled 'Price Sensitive' because its centroid is closest to that segment's prototype reviews (cosine=0.288). Supporting cues: charge(150), rs(122), price(78), money(49), offer(28). Frequent terms: order, service, blinkit, product, time, bad. Example review: ""poor"""
ultimate product ultimate discount price,Price Sensitive,2,0.2879,"Cluster 2 (n=1736) labeled 'Price Sensitive' because its centroid is closest to that segment's prototype reviews (cosine=0.288). Supporting cues: charge(150), rs(122), price(78), money(49), offer(28). Frequent terms: order, service, blinkit, product, time, bad. Example review: ""poor"""
great expect,Price Sensitive,2,0.2879,"Cluster 2 (n=1736) labeled 'Price Sensitive' because its centroid is closest to that segment's prototype reviews (cosine=0.288). Supporting cues: charge(150), rs(122), price(78), money(49), offer(28). Frequent terms: order, service, blinkit, product, time, bad. Example review: ""poor"""
fast delivery awesome thank blinkit app today order second time fast delivery thank much blinkit,Routine Buyers,1,0.1454,"Cluster 1 (n=554) labeled 'Routine Buyers' because its centroid is closest to that segment's prototype reviews (cosine=0.145). Supporting cues: always(16), regular(1), usual(1). Frequent terms: delivery, fast, best, service, time, blinkit. Example review: ""super fast delivery"""
blinkit good work right time deliver product,Price Sensitive,2,0.2879,"Cluster 2 (n=1736) labeled 'Price Sensitive' because its centroid is closest to that segment's prototype reviews (cosine=0.288). Supporting cues: charge(150), rs(122), price(78), money(49), offer(28). Frequent terms: order, service, blinkit, product, time, bad. Example review: ""poor"""
like service really helpful 10 min service one suggestion dont need give big paper bag directly collect stuff delivery man,Price Sensitive,2,0.2879,"Cluster 2 (n=1736) labeled 'Price Sensitive' because its centroid is closest to that segment's prototype reviews (cosine=0.288). Supporting cues: charge(150), rs(122), price(78), money(49), offer(28). Frequent terms: order, service, blinkit, product, time, bad. Example review: ""poor"""
mohd ramzan,Price Sensitive,2,0.2879,"Cluster 2 (n=1736) labeled 'Price Sensitive' because its centroid is closest to that segment's prototype reviews (cosine=0.288). Supporting cues: charge(150), rs(122), price(78), money(49), offer(28). Frequent terms: order, service, blinkit, product, time, bad. Example review: ""poor"""
bad experience also customer care respond positively,Price Sensitive,2,0.2879,"Cluster 2 (n=1736) labeled 'Price Sensitive' because its centroid is closest to that segment's prototype reviews (cosine=0.288). Supporting cues: charge(150), rs(122), price(78), money(49), offer(28). Frequent terms: order, service, blinkit, product, time, bad. Example review: ""poor"""
mera money account se cut gayaorder nahi hua money refund nahi hua 5 7 work day se jyada ho gya kiya refund nahi hota hai blinkit pe next time se aap use nahi karunga disappoint ordered fail wala aap se remove ho gaya haijo order hua receive kiye wahi sirf show kar raha hai,Price Sensitive,2,0.2879,"Cluster 2 (n=1736) labeled 'Price Sensitive' because its centroid is closest to that segment's prototype reviews (cosine=0.288). Supporting cues: charge(150), rs(122), price(78), money(49), offer(28). Frequent terms: order, service, blinkit, product, time, bad. Example review: ""poor"""
app fast delivery,Routine Buyers,1,0.1454,"Cluster 1 (n=554) labeled 'Routine Buyers' because its centroid is closest to that segment's prototype reviews (cosine=0.145). Supporting cues: always(16), regular(1), usual(1). Frequent terms: delivery, fast, best, service, time, blinkit. Example review: ""super fast delivery"""
first time buyer order boatt cc charger adapter receive cable delivery person take responsibility help support totally miss feel like scam,Price Sensitive,2,0.2879,"Cluster 2 (n=1736) labeled 'Price Sensitive' because its centroid is closest to that segment's prototype reviews (cosine=0.288). Supporting cues: charge(150), rs(122), price(78), money(49), offer(28). Frequent terms: order, service, blinkit, product, time, bad. Example review: ""poor"""
bahut badhiya,Price Sensitive,2,0.2879,"Cluster 2 (n=1736) labeled 'Price Sensitive' because its centroid is closest to that segment's prototype reviews (cosine=0.288). Supporting cues: charge(150), rs(122), price(78), money(49), offer(28). Frequent terms: order, service, blinkit, product, time, bad. Example review: ""poor"""
abhi kya review dene ka inko sab ek jaiseeeee h,Price Sensitive,2,0.2879,"Cluster 2 (n=1736) labeled 'Price Sensitive' because its centroid is closest to that segment's prototype reviews (cosine=0.288). Supporting cues: charge(150), rs(122), price(78), money(49), offer(28). Frequent terms: order, service, blinkit, product, time, bad. Example review: ""poor"""
wow,Price Sensitive,2,0.2879,"Cluster 2 (n=1736) labeled 'Price Sensitive' because its centroid is closest to that segment's prototype reviews (cosine=0.288). Supporting cues: charge(150), rs(122), price(78), money(49), offer(28). Frequent terms: order, service, blinkit, product, time, bad. Example review: ""poor"""
veerrry ggggggoooooodddddddd,Price Sensitive,2,0.2879,"Cluster 2 (n=1736) labeled 'Price Sensitive' because its centroid is closest to that segment's prototype reviews (cosine=0.288). Supporting cues: charge(150), rs(122), price(78), money(49), offer(28). Frequent terms: order, service, blinkit, product, time, bad. Example review: ""poor"""
yes helpful app monsoon apps deliver product blinkit still field situation dilevry partner liaer dont deliver product steal product,Price Sensitive,2,0.2879,"Cluster 2 (n=1736) labeled 'Price Sensitive' because its centroid is closest to that segment's prototype reviews (cosine=0.288). Supporting cues: charge(150), rs(122), price(78), money(49), offer(28). Frequent terms: order, service, blinkit, product, time, bad. Example review: ""poor"""
wrong item receive body ready listen,Price Sensitive,2,0.2879,"Cluster 2 (n=1736) labeled 'Price Sensitive' because its centroid is closest to that segment's prototype reviews (cosine=0.288). Supporting cues: charge(150), rs(122), price(78), money(49), offer(28). Frequent terms: order, service, blinkit, product, time, bad. Example review: ""poor"""
nice thnx blinkit provide service home,Impulse Buyers,3,0.0584,"Cluster 3 (n=180) labeled 'Impulse Buyers' because its centroid is closest to that segment's prototype reviews (cosine=0.058). Supporting cues: quick(4), late night(1). Frequent terms: service, delivery, blinkit, work, much, time. Example review: ""nice"""
kharab sade huye vegetable delivery,Routine Buyers,1,0.1454,"Cluster 1 (n=554) labeled 'Routine Buyers' because its centroid is closest to that segment's prototype reviews (cosine=0.145). Supporting cues: always(16), regular(1), usual(1). Frequent terms: delivery, fast, best, service, time, blinkit. Example review: ""super fast delivery"""
best delivery app ever,Routine Buyers,1,0.1454,"Cluster 1 (n=554) labeled 'Routine Buyers' because its centroid is closest to that segment's prototype reviews (cosine=0.145). Supporting cues: always(16), regular(1), usual(1). Frequent terms: delivery, fast, best, service, time, blinkit. Example review: ""super fast delivery"""
nice trust,Impulse Buyers,3,0.0584,"Cluster 3 (n=180) labeled 'Impulse Buyers' because its centroid is closest to that segment's prototype reviews (cosine=0.058). Supporting cues: quick(4), late night(1). Frequent terms: service, delivery, blinkit, work, much, time. Example review: ""nice"""
awesome interface service experience,Price Sensitive,2,0.2879,"Cluster 2 (n=1736) labeled 'Price Sensitive' because its centroid is closest to that segment's prototype reviews (cosine=0.288). Supporting cues: charge(150), rs(122), price(78), money(49), offer(28). Frequent terms: order, service, blinkit, product, time, bad. Example review: ""poor"""
fast dilevery parsal,Routine Buyers,1,0.1454,"Cluster 1 (n=554) labeled 'Routine Buyers' because its centroid is closest to that segment's prototype reviews (cosine=0.145). Supporting cues: always(16), regular(1), usual(1). Frequent terms: delivery, fast, best, service, time, blinkit. Example review: ""super fast delivery"""
impressed,Price Sensitive,2,0.2879,"Cluster 2 (n=1736) labeled 'Price Sensitive' because its centroid is closest to that segment's prototype reviews (cosine=0.288). Supporting cues: charge(150), rs(122), price(78), money(49), offer(28). Frequent terms: order, service, blinkit, product, time, bad. Example review: ""poor"""
dont help time,Price Sensitive,2,0.2879,"Cluster 2 (n=1736) labeled 'Price Sensitive' because its centroid is closest to that segment's prototype reviews (cosine=0.288). Supporting cues: charge(150), rs(122), price(78), money(49), offer(28). Frequent terms: order, service, blinkit, product, time, bad. Example review: ""poor"""
amaze app service,Price Sensitive,2,0.2879,"Cluster 2 (n=1736) labeled 'Price Sensitive' because its centroid is closest to that segment's prototype reviews (cosine=0.288). Supporting cues: charge(150), rs(122), price(78), money(49), offer(28). Frequent terms: order, service, blinkit, product, time, bad. Example review: ""poor"""
really good service,Explorers,0,0.0196,"Cluster 0 (n=348) labeled 'Explorers' because its centroid is closest to that segment's prototype reviews (cosine=0.020). Supporting cues: try(1). Frequent terms: service, delivery, blinkit, product, experience, like. Example review: ""good service"""
bought item 29 end pay 89 product 2km distance charge 30 rupee delivery 20 small cart charge 10 rupee handle charge percentage product price apply charge orefer uninstall order deliver,Price Sensitive,2,0.2879,"Cluster 2 (n=1736) labeled 'Price Sensitive' because its centroid is closest to that segment's prototype reviews (cosine=0.288). Supporting cues: charge(150), rs(122), price(78), money(49), offer(28). Frequent terms: order, service, blinkit, product, time, bad. Example review: ""poor"""
good give gift birthday dx,Explorers,0,0.0196,"Cluster 0 (n=348) labeled 'Explorers' because its centroid is closest to that segment's prototype reviews (cosine=0.020). Supporting cues: try(1). Frequent terms: service, delivery, blinkit, product, experience, like. Example review: ""good service"""
never refund wrong product delivery return also still refund disappoint uninstalled,Price Sensitive,2,0.2879,"Cluster 2 (n=1736) labeled 'Price Sensitive' because its centroid is closest to that segment's prototype reviews (cosine=0.288). Supporting cues: charge(150), rs(122), price(78), money(49), offer(28). Frequent terms: order, service, blinkit, product, time, bad. Example review: ""poor"""
disappointed return policy app order 100 plus product app want return one product 100 excuse state disappoint uninstalling,Price Sensitive,2,0.2879,"Cluster 2 (n=1736) labeled 'Price Sensitive' because its centroid is closest to that segment's prototype reviews (cosine=0.288). Supporting cues: charge(150), rs(122), price(78), money(49), offer(28). Frequent terms: order, service, blinkit, product, time, bad. Example review: ""poor"""
best app,Routine Buyers,1,0.1454,"Cluster 1 (n=554) labeled 'Routine Buyers' because its centroid is closest to that segment's prototype reviews (cosine=0.145). Supporting cues: always(16), regular(1), usual(1). Frequent terms: delivery, fast, best, service, time, blinkit. Example review: ""super fast delivery"""
cost compare platform hide charge always lie chor blinkit,Price Sensitive,2,0.2879,"Cluster 2 (n=1736) labeled 'Price Sensitive' because its centroid is closest to that segment's prototype reviews (cosine=0.288). Supporting cues: charge(150), rs(122), price(78), money(49), offer(28). Frequent terms: order, service, blinkit, product, time, bad. Example review: ""poor"""
sometimes quality good difficult return good make arrangement take back spot delivery,Explorers,0,0.0196,"Cluster 0 (n=348) labeled 'Explorers' because its centroid is closest to that segment's prototype reviews (cosine=0.020). Supporting cues: try(1). Frequent terms: service, delivery, blinkit, product, experience, like. Example review: ""good service"""
nice,Impulse Buyers,3,0.0584,"Cluster 3 (n=180) labeled 'Impulse Buyers' because its centroid is closest to that segment's prototype reviews (cosine=0.058). Supporting cues: quick(4), late night(1). Frequent terms: service, delivery, blinkit, work, much, time. Example review: ""nice"""
best app orderingeasy order fast delivery,Routine Buyers,1,0.1454,"Cluster 1 (n=554) labeled 'Routine Buyers' because its centroid is closest to that segment's prototype reviews (cosine=0.145). Supporting cues: always(16), regular(1), usual(1). Frequent terms: delivery, fast, best, service, time, blinkit. Example review: ""super fast delivery"""
get deliver last minute something appreciate really like ur service like well pack without plastic use safely delivered time sometimes earlier delivery agent deserve thankful service thank,Price Sensitive,2,0.2879,"Cluster 2 (n=1736) labeled 'Price Sensitive' because its centroid is closest to that segment's prototype reviews (cosine=0.288). Supporting cues: charge(150), rs(122), price(78), money(49), offer(28). Frequent terms: order, service, blinkit, product, time, bad. Example review: ""poor"""
bhut axa app hai,Price Sensitive,2,0.2879,"Cluster 2 (n=1736) labeled 'Price Sensitive' because its centroid is closest to that segment's prototype reviews (cosine=0.288). Supporting cues: charge(150), rs(122), price(78), money(49), offer(28). Frequent terms: order, service, blinkit, product, time, bad. Example review: ""poor"""
good,Explorers,0,0.0196,"Cluster 0 (n=348) labeled 'Explorers' because its centroid is closest to that segment's prototype reviews (cosine=0.020). Supporting cues: try(1). Frequent terms: service, delivery, blinkit, product, experience, like. Example review: ""good service"""
best,Routine Buyers,1,0.1454,"Cluster 1 (n=554) labeled 'Routine Buyers' because its centroid is closest to that segment's prototype reviews (cosine=0.145). Supporting cues: always(16), regular(1), usual(1). Frequent terms: delivery, fast, best, service, time, blinkit. Example review: ""super fast delivery"""
time never come door step,Price Sensitive,2,0.2879,"Cluster 2 (n=1736) labeled 'Price Sensitive' because its centroid is closest to that segment's prototype reviews (cosine=0.288). Supporting cues: charge(150), rs(122), price(78), money(49), offer(28). Frequent terms: order, service, blinkit, product, time, bad. Example review: ""poor"""
worst behavior delivery partner bad mean worst try cancle order wont like order store worst never purchase anything,Price Sensitive,2,0.2879,"Cluster 2 (n=1736) labeled 'Price Sensitive' because its centroid is closest to that segment's prototype reviews (cosine=0.288). Supporting cues: charge(150), rs(122), price(78), money(49), offer(28). Frequent terms: order, service, blinkit, product, time, bad. Example review: ""poor"""
instance delivery expensives,Routine Buyers,1,0.1454,"Cluster 1 (n=554) labeled 'Routine Buyers' because its centroid is closest to that segment's prototype reviews (cosine=0.145). Supporting cues: always(16), regular(1), usual(1). Frequent terms: delivery, fast, best, service, time, blinkit. Example review: ""super fast delivery"""
amaze,Price Sensitive,2,0.2879,"Cluster 2 (n=1736) labeled 'Price Sensitive' because its centroid is closest to that segment's prototype reviews (cosine=0.288). Supporting cues: charge(150), rs(122), price(78), money(49), offer(28). Frequent terms: order, service, blinkit, product, time, bad. Example review: ""poor"""
different variety different size product available,Price Sensitive,2,0.2879,"Cluster 2 (n=1736) labeled 'Price Sensitive' because its centroid is closest to that segment's prototype reviews (cosine=0.288). Supporting cues: charge(150), rs(122), price(78), money(49), offer(28). Frequent terms: order, service, blinkit, product, time, bad. Example review: ""poor"""
deliver wrong product stall come return process,Price Sensitive,2,0.2879,"Cluster 2 (n=1736) labeled 'Price Sensitive' because its centroid is closest to that segment's prototype reviews (cosine=0.288). Supporting cues: charge(150), rs(122), price(78), money(49), offer(28). Frequent terms: order, service, blinkit, product, time, bad. Example review: ""poor"""
item especially delivery boy good thank prompt service keep radhe radhe,Routine Buyers,1,0.1454,"Cluster 1 (n=554) labeled 'Routine Buyers' because its centroid is closest to that segment's prototype reviews (cosine=0.145). Supporting cues: always(16), regular(1), usual(1). Frequent terms: delivery, fast, best, service, time, blinkit. Example review: ""super fast delivery"""
doubt app realy nice price grocery expensive compare apps much charge charge many thing expensive reason apps,Price Sensitive,2,0.2879,"Cluster 2 (n=1736) labeled 'Price Sensitive' because its centroid is closest to that segment's prototype reviews (cosine=0.288). Supporting cues: charge(150), rs(122), price(78), money(49), offer(28). Frequent terms: order, service, blinkit, product, time, bad. Example review: ""poor"""
bad experience customer care everyone try unother aap,Price Sensitive,2,0.2879,"Cluster 2 (n=1736) labeled 'Price Sensitive' because its centroid is closest to that segment's prototype reviews (cosine=0.288). Supporting cues: charge(150), rs(122), price(78), money(49), offer(28). Frequent terms: order, service, blinkit, product, time, bad. Example review: ""poor"""
good sevice,Explorers,0,0.0196,"Cluster 0 (n=348) labeled 'Explorers' because its centroid is closest to that segment's prototype reviews (cosine=0.020). Supporting cues: try(1). Frequent terms: service, delivery, blinkit, product, experience, like. Example review: ""good service"""
lighten speed delivery,Routine Buyers,1,0.1454,"Cluster 1 (n=554) labeled 'Routine Buyers' because its centroid is closest to that segment's prototype reviews (cosine=0.145). Supporting cues: always(16), regular(1), usual(1). Frequent terms: delivery, fast, best, service, time, blinkit. Example review: ""super fast delivery"""
blink receive whatever want,Price Sensitive,2,0.2879,"Cluster 2 (n=1736) labeled 'Price Sensitive' because its centroid is closest to that segment's prototype reviews (cosine=0.288). Supporting cues: charge(150), rs(122), price(78), money(49), offer(28). Frequent terms: order, service, blinkit, product, time, bad. Example review: ""poor"""
nice ur need,Impulse Buyers,3,0.0584,"Cluster 3 (n=180) labeled 'Impulse Buyers' because its centroid is closest to that segment's prototype reviews (cosine=0.058). Supporting cues: quick(4), late night(1). Frequent terms: service, delivery, blinkit, work, much, time. Example review: ""nice"""
good others,Explorers,0,0.0196,"Cluster 0 (n=348) labeled 'Explorers' because its centroid is closest to that segment's prototype reviews (cosine=0.020). Supporting cues: try(1). Frequent terms: service, delivery, blinkit, product, experience, like. Example review: ""good service"""
delivery charge high,Routine Buyers,1,0.1454,"Cluster 1 (n=554) labeled 'Routine Buyers' because its centroid is closest to that segment's prototype reviews (cosine=0.145). Supporting cues: always(16), regular(1), usual(1). Frequent terms: delivery, fast, best, service, time, blinkit. Example review: ""super fast delivery"""
nice work blinkit,Impulse Buyers,3,0.0584,"Cluster 3 (n=180) labeled 'Impulse Buyers' because its centroid is closest to that segment's prototype reviews (cosine=0.058). Supporting cues: quick(4), late night(1). Frequent terms: service, delivery, blinkit, work, much, time. Example review: ""nice"""
good,Explorers,0,0.0196,"Cluster 0 (n=348) labeled 'Explorers' because its centroid is closest to that segment's prototype reviews (cosine=0.020). Supporting cues: try(1). Frequent terms: service, delivery, blinkit, product, experience, like. Example review: ""good service"""
mast sarvice fast delivery 5 star rating,Routine Buyers,1,0.1454,"Cluster 1 (n=554) labeled 'Routine Buyers' because its centroid is closest to that segment's prototype reviews (cosine=0.145). Supporting cues: always(16), regular(1), usual(1). Frequent terms: delivery, fast, best, service, time, blinkit. Example review: ""super fast delivery"""
best app fast delivery available playstore unlike jiomart crash regularly blinkit never use order thing necessary point time never dissappointed big thanks developer delivery person,Routine Buyers,1,0.1454,"Cluster 1 (n=554) labeled 'Routine Buyers' because its centroid is closest to that segment's prototype reviews (cosine=0.145). Supporting cues: always(16), regular(1), usual(1). Frequent terms: delivery, fast, best, service, time, blinkit. Example review: ""super fast delivery"""
man websites give damage product blinkit good increase amount get free delivery goood,Routine Buyers,1,0.1454,"Cluster 1 (n=554) labeled 'Routine Buyers' because its centroid is closest to that segment's prototype reviews (cosine=0.145). Supporting cues: always(16), regular(1), usual(1). Frequent terms: delivery, fast, best, service, time, blinkit. Example review: ""super fast delivery"""
viraj residency near,Price Sensitive,2,0.2879,"Cluster 2 (n=1736) labeled 'Price Sensitive' because its centroid is closest to that segment's prototype reviews (cosine=0.288). Supporting cues: charge(150), rs(122), price(78), money(49), offer(28). Frequent terms: order, service, blinkit, product, time, bad. Example review: ""poor"""
शानदार,Price Sensitive,2,0.2879,"Cluster 2 (n=1736) labeled 'Price Sensitive' because its centroid is closest to that segment's prototype reviews (cosine=0.288). Supporting cues: charge(150), rs(122), price(78), money(49), offer(28). Frequent terms: order, service, blinkit, product, time, bad. Example review: ""poor"""
good ui,Explorers,0,0.0196,"Cluster 0 (n=348) labeled 'Explorers' because its centroid is closest to that segment's prototype reviews (cosine=0.020). Supporting cues: try(1). Frequent terms: service, delivery, blinkit, product, experience, like. Example review: ""good service"""
rude delivery personel,Routine Buyers,1,0.1454,"Cluster 1 (n=554) labeled 'Routine Buyers' because its centroid is closest to that segment's prototype reviews (cosine=0.145). Supporting cues: always(16), regular(1), usual(1). Frequent terms: delivery, fast, best, service, time, blinkit. Example review: ""super fast delivery"""
bad app deliver item also refund money dont order bulk item app,Price Sensitive,2,0.2879,"Cluster 2 (n=1736) labeled 'Price Sensitive' because its centroid is closest to that segment's prototype reviews (cosine=0.288). Supporting cues: charge(150), rs(122), price(78), money(49), offer(28). Frequent terms: order, service, blinkit, product, time, bad. Example review: ""poor"""
nice app,Impulse Buyers,3,0.0584,"Cluster 3 (n=180) labeled 'Impulse Buyers' because its centroid is closest to that segment's prototype reviews (cosine=0.058). Supporting cues: quick(4), late night(1). Frequent terms: service, delivery, blinkit, work, much, time. Example review: ""nice"""
company service best emergency beautiful app,Routine Buyers,1,0.1454,"Cluster 1 (n=554) labeled 'Routine Buyers' because its centroid is closest to that segment's prototype reviews (cosine=0.145). Supporting cues: always(16), regular(1), usual(1). Frequent terms: delivery, fast, best, service, time, blinkit. Example review: ""super fast delivery"""
bad order something less come pay item bad experience,Price Sensitive,2,0.2879,"Cluster 2 (n=1736) labeled 'Price Sensitive' because its centroid is closest to that segment's prototype reviews (cosine=0.288). Supporting cues: charge(150), rs(122), price(78), money(49), offer(28). Frequent terms: order, service, blinkit, product, time, bad. Example review: ""poor"""
really good,Explorers,0,0.0196,"Cluster 0 (n=348) labeled 'Explorers' because its centroid is closest to that segment's prototype reviews (cosine=0.020). Supporting cues: try(1). Frequent terms: service, delivery, blinkit, product, experience, like. Example review: ""good service"""
nice,Impulse Buyers,3,0.0584,"Cluster 3 (n=180) labeled 'Impulse Buyers' because its centroid is closest to that segment's prototype reviews (cosine=0.058). Supporting cues: quick(4), late night(1). Frequent terms: service, delivery, blinkit, work, much, time. Example review: ""nice"""
good service,Explorers,0,0.0196,"Cluster 0 (n=348) labeled 'Explorers' because its centroid is closest to that segment's prototype reviews (cosine=0.020). Supporting cues: try(1). Frequent terms: service, delivery, blinkit, product, experience, like. Example review: ""good service"""
promote offer third party app give cashback mention,Price Sensitive,2,0.2879,"Cluster 2 (n=1736) labeled 'Price Sensitive' because its centroid is closest to that segment's prototype reviews (cosine=0.288). Supporting cues: charge(150), rs(122), price(78), money(49), offer(28). Frequent terms: order, service, blinkit, product, time, bad. Example review: ""poor"""
good youre provide service public also option return good dont deliver otherwise customer trust lose isnt good business love blanket service need well,Explorers,0,0.0196,"Cluster 0 (n=348) labeled 'Explorers' because its centroid is closest to that segment's prototype reviews (cosine=0.020). Supporting cues: try(1). Frequent terms: service, delivery, blinkit, product, experience, like. Example review: ""good service"""
good job bli plnkit people,Price Sensitive,2,0.2879,"Cluster 2 (n=1736) labeled 'Price Sensitive' because its centroid is closest to that segment's prototype reviews (cosine=0.288). Supporting cues: charge(150), rs(122), price(78), money(49), offer(28). Frequent terms: order, service, blinkit, product, time, bad. Example review: ""poor"""
place cod order ice cream worth time delivery try pay online via google pay payment initially show failed pay cash delivery partner however two payment deduct via google pay brother account receive refund one second payment still refund since already pay cash please process refund extra google pay transaction soon possible,Price Sensitive,2,0.2879,"Cluster 2 (n=1736) labeled 'Price Sensitive' because its centroid is closest to that segment's prototype reviews (cosine=0.288). Supporting cues: charge(150), rs(122), price(78), money(49), offer(28). Frequent terms: order, service, blinkit, product, time, bad. Example review: ""poor"""
nice hai,Impulse Buyers,3,0.0584,"Cluster 3 (n=180) labeled 'Impulse Buyers' because its centroid is closest to that segment's prototype reviews (cosine=0.058). Supporting cues: quick(4), late night(1). Frequent terms: service, delivery, blinkit, work, much, time. Example review: ""nice"""
best take 12 rupee handle charge understand,Routine Buyers,1,0.1454,"Cluster 1 (n=554) labeled 'Routine Buyers' because its centroid is closest to that segment's prototype reviews (cosine=0.145). Supporting cues: always(16), regular(1), usual(1). Frequent terms: delivery, fast, best, service, time, blinkit. Example review: ""super fast delivery"""
dry fruit item fresh heavy cost,Price Sensitive,2,0.2879,"Cluster 2 (n=1736) labeled 'Price Sensitive' because its centroid is closest to that segment's prototype reviews (cosine=0.288). Supporting cues: charge(150), rs(122), price(78), money(49), offer(28). Frequent terms: order, service, blinkit, product, time, bad. Example review: ""poor"""
🤘🏾,Price Sensitive,2,0.2879,"Cluster 2 (n=1736) labeled 'Price Sensitive' because its centroid is closest to that segment's prototype reviews (cosine=0.288). Supporting cues: charge(150), rs(122), price(78), money(49), offer(28). Frequent terms: order, service, blinkit, product, time, bad. Example review: ""poor"""
mention 7 day replacement product page order product work provide replacement scamming people even provide video proof ready provide replacement scam service,Price Sensitive,2,0.2879,"Cluster 2 (n=1736) labeled 'Price Sensitive' because its centroid is closest to that segment's prototype reviews (cosine=0.288). Supporting cues: charge(150), rs(122), price(78), money(49), offer(28). Frequent terms: order, service, blinkit, product, time, bad. Example review: ""poor"""
pure product nhi bhejata miss rahata hai ab kabhi nhi mangaungi,Price Sensitive,2,0.2879,"Cluster 2 (n=1736) labeled 'Price Sensitive' because its centroid is closest to that segment's prototype reviews (cosine=0.288). Supporting cues: charge(150), rs(122), price(78), money(49), offer(28). Frequent terms: order, service, blinkit, product, time, bad. Example review: ""poor"""
good happy blenkint,Explorers,0,0.0196,"Cluster 0 (n=348) labeled 'Explorers' because its centroid is closest to that segment's prototype reviews (cosine=0.020). Supporting cues: try(1). Frequent terms: service, delivery, blinkit, product, experience, like. Example review: ""good service"""
useful app,Price Sensitive,2,0.2879,"Cluster 2 (n=1736) labeled 'Price Sensitive' because its centroid is closest to that segment's prototype reviews (cosine=0.288). Supporting cues: charge(150), rs(122), price(78), money(49), offer(28). Frequent terms: order, service, blinkit, product, time, bad. Example review: ""poor"""
service poor product miss even payment full,Price Sensitive,2,0.2879,"Cluster 2 (n=1736) labeled 'Price Sensitive' because its centroid is closest to that segment's prototype reviews (cosine=0.288). Supporting cues: charge(150), rs(122), price(78), money(49), offer(28). Frequent terms: order, service, blinkit, product, time, bad. Example review: ""poor"""
good,Explorers,0,0.0196,"Cluster 0 (n=348) labeled 'Explorers' because its centroid is closest to that segment's prototype reviews (cosine=0.020). Supporting cues: try(1). Frequent terms: service, delivery, blinkit, product, experience, like. Example review: ""good service"""
price thoda jada le liya,Price Sensitive,2,0.2879,"Cluster 2 (n=1736) labeled 'Price Sensitive' because its centroid is closest to that segment's prototype reviews (cosine=0.288). Supporting cues: charge(150), rs(122), price(78), money(49), offer(28). Frequent terms: order, service, blinkit, product, time, bad. Example review: ""poor"""
much expensive amazon zepto well blinkit,Price Sensitive,2,0.2879,"Cluster 2 (n=1736) labeled 'Price Sensitive' because its centroid is closest to that segment's prototype reviews (cosine=0.288). Supporting cues: charge(150), rs(122), price(78), money(49), offer(28). Frequent terms: order, service, blinkit, product, time, bad. Example review: ""poor"""
good,Explorers,0,0.0196,"Cluster 0 (n=348) labeled 'Explorers' because its centroid is closest to that segment's prototype reviews (cosine=0.020). Supporting cues: try(1). Frequent terms: service, delivery, blinkit, product, experience, like. Example review: ""good service"""
good service near home,Explorers,0,0.0196,"Cluster 0 (n=348) labeled 'Explorers' because its centroid is closest to that segment's prototype reviews (cosine=0.020). Supporting cues: try(1). Frequent terms: service, delivery, blinkit, product, experience, like. Example review: ""good service"""
app easy order order one c type connector work try exchange problem option app write mail also didnt resolve issue want order electronic think dont order others app good provide return exchange refund also product good add every time need write mail product good good app time wast money also wasteoffically uninstalling app,Price Sensitive,2,0.2879,"Cluster 2 (n=1736) labeled 'Price Sensitive' because its centroid is closest to that segment's prototype reviews (cosine=0.288). Supporting cues: charge(150), rs(122), price(78), money(49), offer(28). Frequent terms: order, service, blinkit, product, time, bad. Example review: ""poor"""
waste customer support simply loot money,Price Sensitive,2,0.2879,"Cluster 2 (n=1736) labeled 'Price Sensitive' because its centroid is closest to that segment's prototype reviews (cosine=0.288). Supporting cues: charge(150), rs(122), price(78), money(49), offer(28). Frequent terms: order, service, blinkit, product, time, bad. Example review: ""poor"""
good happy,Explorers,0,0.0196,"Cluster 0 (n=348) labeled 'Explorers' because its centroid is closest to that segment's prototype reviews (cosine=0.020). Supporting cues: try(1). Frequent terms: service, delivery, blinkit, product, experience, like. Example review: ""good service"""
app work smoothly delivery quick,Routine Buyers,1,0.1454,"Cluster 1 (n=554) labeled 'Routine Buyers' because its centroid is closest to that segment's prototype reviews (cosine=0.145). Supporting cues: always(16), regular(1), usual(1). Frequent terms: delivery, fast, best, service, time, blinkit. Example review: ""super fast delivery"""
good order something cancel,Explorers,0,0.0196,"Cluster 0 (n=348) labeled 'Explorers' because its centroid is closest to that segment's prototype reviews (cosine=0.020). Supporting cues: try(1). Frequent terms: service, delivery, blinkit, product, experience, like. Example review: ""good service"""
best aap india fast delivery aap,Routine Buyers,1,0.1454,"Cluster 1 (n=554) labeled 'Routine Buyers' because its centroid is closest to that segment's prototype reviews (cosine=0.145). Supporting cues: always(16), regular(1), usual(1). Frequent terms: delivery, fast, best, service, time, blinkit. Example review: ""super fast delivery"""
nice,Impulse Buyers,3,0.0584,"Cluster 3 (n=180) labeled 'Impulse Buyers' because its centroid is closest to that segment's prototype reviews (cosine=0.058). Supporting cues: quick(4), late night(1). Frequent terms: service, delivery, blinkit, work, much, time. Example review: ""nice"""
one thing dont like delivery delivery person wear helmet blinkit make mandatory delivery person wear helmet delivery,Routine Buyers,1,0.1454,"Cluster 1 (n=554) labeled 'Routine Buyers' because its centroid is closest to that segment's prototype reviews (cosine=0.145). Supporting cues: always(16), regular(1), usual(1). Frequent terms: delivery, fast, best, service, time, blinkit. Example review: ""super fast delivery"""
order chicken blikit fully expire expired item send blinkit dont use app costomor support close chat without resolve solution child food poison etan chicken hospital dont oder blinkit place high charge also place go market buy,Price Sensitive,2,0.2879,"Cluster 2 (n=1736) labeled 'Price Sensitive' because its centroid is closest to that segment's prototype reviews (cosine=0.288). Supporting cues: charge(150), rs(122), price(78), money(49), offer(28). Frequent terms: order, service, blinkit, product, time, bad. Example review: ""poor"""
first time order,Price Sensitive,2,0.2879,"Cluster 2 (n=1736) labeled 'Price Sensitive' because its centroid is closest to that segment's prototype reviews (cosine=0.288). Supporting cues: charge(150), rs(122), price(78), money(49), offer(28). Frequent terms: order, service, blinkit, product, time, bad. Example review: ""poor"""
good app blinkit,Explorers,0,0.0196,"Cluster 0 (n=348) labeled 'Explorers' because its centroid is closest to that segment's prototype reviews (cosine=0.020). Supporting cues: try(1). Frequent terms: service, delivery, blinkit, product, experience, like. Example review: ""good service"""
fool people post wrong quantity product customer support also poor,Price Sensitive,2,0.2879,"Cluster 2 (n=1736) labeled 'Price Sensitive' because its centroid is closest to that segment's prototype reviews (cosine=0.288). Supporting cues: charge(150), rs(122), price(78), money(49), offer(28). Frequent terms: order, service, blinkit, product, time, bad. Example review: ""poor"""
nice app best order,Impulse Buyers,3,0.0584,"Cluster 3 (n=180) labeled 'Impulse Buyers' because its centroid is closest to that segment's prototype reviews (cosine=0.058). Supporting cues: quick(4), late night(1). Frequent terms: service, delivery, blinkit, work, much, time. Example review: ""nice"""
bahut hi aacha,Price Sensitive,2,0.2879,"Cluster 2 (n=1736) labeled 'Price Sensitive' because its centroid is closest to that segment's prototype reviews (cosine=0.288). Supporting cues: charge(150), rs(122), price(78), money(49), offer(28). Frequent terms: order, service, blinkit, product, time, bad. Example review: ""poor"""
app bad dont take accountability order olive oil family stay hometown stay different place deliver order without cap bottle family share image option upload image customer support channel even mail picture ask replacement say cant anything final result delete account,Price Sensitive,2,0.2879,"Cluster 2 (n=1736) labeled 'Price Sensitive' because its centroid is closest to that segment's prototype reviews (cosine=0.288). Supporting cues: charge(150), rs(122), price(78), money(49), offer(28). Frequent terms: order, service, blinkit, product, time, bad. Example review: ""poor"""
thenks,Price Sensitive,2,0.2879,"Cluster 2 (n=1736) labeled 'Price Sensitive' because its centroid is closest to that segment's prototype reviews (cosine=0.288). Supporting cues: charge(150), rs(122), price(78), money(49), offer(28). Frequent terms: order, service, blinkit, product, time, bad. Example review: ""poor"""
provide u damage old use product worth poor app recommend download stall money,Price Sensitive,2,0.2879,"Cluster 2 (n=1736) labeled 'Price Sensitive' because its centroid is closest to that segment's prototype reviews (cosine=0.288). Supporting cues: charge(150), rs(122), price(78), money(49), offer(28). Frequent terms: order, service, blinkit, product, time, bad. Example review: ""poor"""
nice app satisfy,Impulse Buyers,3,0.0584,"Cluster 3 (n=180) labeled 'Impulse Buyers' because its centroid is closest to that segment's prototype reviews (cosine=0.058). Supporting cues: quick(4), late night(1). Frequent terms: service, delivery, blinkit, work, much, time. Example review: ""nice"""
saviour,Price Sensitive,2,0.2879,"Cluster 2 (n=1736) labeled 'Price Sensitive' because its centroid is closest to that segment's prototype reviews (cosine=0.288). Supporting cues: charge(150), rs(122), price(78), money(49), offer(28). Frequent terms: order, service, blinkit, product, time, bad. Example review: ""poor"""
delivery instant fast truly like servicesthe rider also familiar thing would recommend focus particular uniform delivery guy overall great choice mei glad youll include optionsi highly recommend great jobill keep blinking highly recommend thank,Routine Buyers,1,0.1454,"Cluster 1 (n=554) labeled 'Routine Buyers' because its centroid is closest to that segment's prototype reviews (cosine=0.145). Supporting cues: always(16), regular(1), usual(1). Frequent terms: delivery, fast, best, service, time, blinkit. Example review: ""super fast delivery"""
good app rainy season emergency,Explorers,0,0.0196,"Cluster 0 (n=348) labeled 'Explorers' because its centroid is closest to that segment's prototype reviews (cosine=0.020). Supporting cues: try(1). Frequent terms: service, delivery, blinkit, product, experience, like. Example review: ""good service"""
nyc,Price Sensitive,2,0.2879,"Cluster 2 (n=1736) labeled 'Price Sensitive' because its centroid is closest to that segment's prototype reviews (cosine=0.288). Supporting cues: charge(150), rs(122), price(78), money(49), offer(28). Frequent terms: order, service, blinkit, product, time, bad. Example review: ""poor"""
please check product miss item box 4 pc available girl take 2 pc take box check take money return response company,Price Sensitive,2,0.2879,"Cluster 2 (n=1736) labeled 'Price Sensitive' because its centroid is closest to that segment's prototype reviews (cosine=0.288). Supporting cues: charge(150), rs(122), price(78), money(49), offer(28). Frequent terms: order, service, blinkit, product, time, bad. Example review: ""poor"""
bast gym person lot protein intact anything blinkit,Price Sensitive,2,0.2879,"Cluster 2 (n=1736) labeled 'Price Sensitive' because its centroid is closest to that segment's prototype reviews (cosine=0.288). Supporting cues: charge(150), rs(122), price(78), money(49), offer(28). Frequent terms: order, service, blinkit, product, time, bad. Example review: ""poor"""
dont buy product blinkit totally unprofessional dont know retain loyal customer,Price Sensitive,2,0.2879,"Cluster 2 (n=1736) labeled 'Price Sensitive' because its centroid is closest to that segment's prototype reviews (cosine=0.288). Supporting cues: charge(150), rs(122), price(78), money(49), offer(28). Frequent terms: order, service, blinkit, product, time, bad. Example review: ""poor"""
good deleviry system,Explorers,0,0.0196,"Cluster 0 (n=348) labeled 'Explorers' because its centroid is closest to that segment's prototype reviews (cosine=0.020). Supporting cues: try(1). Frequent terms: service, delivery, blinkit, product, experience, like. Example review: ""good service"""
great experience shopping blinkit,Price Sensitive,2,0.2879,"Cluster 2 (n=1736) labeled 'Price Sensitive' because its centroid is closest to that segment's prototype reviews (cosine=0.288). Supporting cues: charge(150), rs(122), price(78), money(49), offer(28). Frequent terms: order, service, blinkit, product, time, bad. Example review: ""poor"""
wonderful app,Price Sensitive,2,0.2879,"Cluster 2 (n=1736) labeled 'Price Sensitive' because its centroid is closest to that segment's prototype reviews (cosine=0.288). Supporting cues: charge(150), rs(122), price(78), money(49), offer(28). Frequent terms: order, service, blinkit, product, time, bad. Example review: ""poor"""
much good,Explorers,0,0.0196,"Cluster 0 (n=348) labeled 'Explorers' because its centroid is closest to that segment's prototype reviews (cosine=0.020). Supporting cues: try(1). Frequent terms: service, delivery, blinkit, product, experience, like. Example review: ""good service"""
poor customer service pay two time item,Price Sensitive,2,0.2879,"Cluster 2 (n=1736) labeled 'Price Sensitive' because its centroid is closest to that segment's prototype reviews (cosine=0.288). Supporting cues: charge(150), rs(122), price(78), money(49), offer(28). Frequent terms: order, service, blinkit, product, time, bad. Example review: ""poor"""
dont change anytime pls cancel cash option,Price Sensitive,2,0.2879,"Cluster 2 (n=1736) labeled 'Price Sensitive' because its centroid is closest to that segment's prototype reviews (cosine=0.288). Supporting cues: charge(150), rs(122), price(78), money(49), offer(28). Frequent terms: order, service, blinkit, product, time, bad. Example review: ""poor"""
fast accurate door door delivery,Routine Buyers,1,0.1454,"Cluster 1 (n=554) labeled 'Routine Buyers' because its centroid is closest to that segment's prototype reviews (cosine=0.145). Supporting cues: always(16), regular(1), usual(1). Frequent terms: delivery, fast, best, service, time, blinkit. Example review: ""super fast delivery"""
superb dot service,Price Sensitive,2,0.2879,"Cluster 2 (n=1736) labeled 'Price Sensitive' because its centroid is closest to that segment's prototype reviews (cosine=0.288). Supporting cues: charge(150), rs(122), price(78), money(49), offer(28). Frequent terms: order, service, blinkit, product, time, bad. Example review: ""poor"""
good fast delivery,Routine Buyers,1,0.1454,"Cluster 1 (n=554) labeled 'Routine Buyers' because its centroid is closest to that segment's prototype reviews (cosine=0.145). Supporting cues: always(16), regular(1), usual(1). Frequent terms: delivery, fast, best, service, time, blinkit. Example review: ""super fast delivery"""
pay money get item order,Price Sensitive,2,0.2879,"Cluster 2 (n=1736) labeled 'Price Sensitive' because its centroid is closest to that segment's prototype reviews (cosine=0.288). Supporting cues: charge(150), rs(122), price(78), money(49), offer(28). Frequent terms: order, service, blinkit, product, time, bad. Example review: ""poor"""
great service experience,Price Sensitive,2,0.2879,"Cluster 2 (n=1736) labeled 'Price Sensitive' because its centroid is closest to that segment's prototype reviews (cosine=0.288). Supporting cues: charge(150), rs(122), price(78), money(49), offer(28). Frequent terms: order, service, blinkit, product, time, bad. Example review: ""poor"""
fast service,Routine Buyers,1,0.1454,"Cluster 1 (n=554) labeled 'Routine Buyers' because its centroid is closest to that segment's prototype reviews (cosine=0.145). Supporting cues: always(16), regular(1), usual(1). Frequent terms: delivery, fast, best, service, time, blinkit. Example review: ""super fast delivery"""
quick service,Price Sensitive,2,0.2879,"Cluster 2 (n=1736) labeled 'Price Sensitive' because its centroid is closest to that segment's prototype reviews (cosine=0.288). Supporting cues: charge(150), rs(122), price(78), money(49), offer(28). Frequent terms: order, service, blinkit, product, time, bad. Example review: ""poor"""
service good,Explorers,0,0.0196,"Cluster 0 (n=348) labeled 'Explorers' because its centroid is closest to that segment's prototype reviews (cosine=0.020). Supporting cues: try(1). Frequent terms: service, delivery, blinkit, product, experience, like. Example review: ""good service"""
thik,Price Sensitive,2,0.2879,"Cluster 2 (n=1736) labeled 'Price Sensitive' because its centroid is closest to that segment's prototype reviews (cosine=0.288). Supporting cues: charge(150), rs(122), price(78), money(49), offer(28). Frequent terms: order, service, blinkit, product, time, bad. Example review: ""poor"""
blinkit prove busy work schedule accommodation away nearby shop dont grocery preference blinkit provide wish within specified time thank blinkit team mehsana,Price Sensitive,2,0.2879,"Cluster 2 (n=1736) labeled 'Price Sensitive' because its centroid is closest to that segment's prototype reviews (cosine=0.288). Supporting cues: charge(150), rs(122), price(78), money(49), offer(28). Frequent terms: order, service, blinkit, product, time, bad. Example review: ""poor"""
good fast,Routine Buyers,1,0.1454,"Cluster 1 (n=554) labeled 'Routine Buyers' because its centroid is closest to that segment's prototype reviews (cosine=0.145). Supporting cues: always(16), regular(1), usual(1). Frequent terms: delivery, fast, best, service, time, blinkit. Example review: ""super fast delivery"""
bad experience ever,Price Sensitive,2,0.2879,"Cluster 2 (n=1736) labeled 'Price Sensitive' because its centroid is closest to that segment's prototype reviews (cosine=0.288). Supporting cues: charge(150), rs(122), price(78), money(49), offer(28). Frequent terms: order, service, blinkit, product, time, bad. Example review: ""poor"""
thing available costly,Price Sensitive,2,0.2879,"Cluster 2 (n=1736) labeled 'Price Sensitive' because its centroid is closest to that segment's prototype reviews (cosine=0.288). Supporting cues: charge(150), rs(122), price(78), money(49), offer(28). Frequent terms: order, service, blinkit, product, time, bad. Example review: ""poor"""
satisfied service blinkit,Price Sensitive,2,0.2879,"Cluster 2 (n=1736) labeled 'Price Sensitive' because its centroid is closest to that segment's prototype reviews (cosine=0.288). Supporting cues: charge(150), rs(122), price(78), money(49), offer(28). Frequent terms: order, service, blinkit, product, time, bad. Example review: ""poor"""
fine,Price Sensitive,2,0.2879,"Cluster 2 (n=1736) labeled 'Price Sensitive' because its centroid is closest to that segment's prototype reviews (cosine=0.288). Supporting cues: charge(150), rs(122), price(78), money(49), offer(28). Frequent terms: order, service, blinkit, product, time, bad. Example review: ""poor"""
good app service,Explorers,0,0.0196,"Cluster 0 (n=348) labeled 'Explorers' because its centroid is closest to that segment's prototype reviews (cosine=0.020). Supporting cues: try(1). Frequent terms: service, delivery, blinkit, product, experience, like. Example review: ""good service"""
amaze good fresh feel go go door step minute love blinkit convenient,Price Sensitive,2,0.2879,"Cluster 2 (n=1736) labeled 'Price Sensitive' because its centroid is closest to that segment's prototype reviews (cosine=0.288). Supporting cues: charge(150), rs(122), price(78), money(49), offer(28). Frequent terms: order, service, blinkit, product, time, bad. Example review: ""poor"""
thank everything,Price Sensitive,2,0.2879,"Cluster 2 (n=1736) labeled 'Price Sensitive' because its centroid is closest to that segment's prototype reviews (cosine=0.288). Supporting cues: charge(150), rs(122), price(78), money(49), offer(28). Frequent terms: order, service, blinkit, product, time, bad. Example review: ""poor"""
nice fast delivery,Routine Buyers,1,0.1454,"Cluster 1 (n=554) labeled 'Routine Buyers' because its centroid is closest to that segment's prototype reviews (cosine=0.145). Supporting cues: always(16), regular(1), usual(1). Frequent terms: delivery, fast, best, service, time, blinkit. Example review: ""super fast delivery"""
price high,Price Sensitive,2,0.2879,"Cluster 2 (n=1736) labeled 'Price Sensitive' because its centroid is closest to that segment's prototype reviews (cosine=0.288). Supporting cues: charge(150), rs(122), price(78), money(49), offer(28). Frequent terms: order, service, blinkit, product, time, bad. Example review: ""poor"""
nice work,Impulse Buyers,3,0.0584,"Cluster 3 (n=180) labeled 'Impulse Buyers' because its centroid is closest to that segment's prototype reviews (cosine=0.058). Supporting cues: quick(4), late night(1). Frequent terms: service, delivery, blinkit, work, much, time. Example review: ""nice"""
great app forget bring gift etc perfect give 4 star prevents leave house great app elderly people,Price Sensitive,2,0.2879,"Cluster 2 (n=1736) labeled 'Price Sensitive' because its centroid is closest to that segment's prototype reviews (cosine=0.288). Supporting cues: charge(150), rs(122), price(78), money(49), offer(28). Frequent terms: order, service, blinkit, product, time, bad. Example review: ""poor"""
helpful app wish ke sb city available ho kuch place ese h jha ye ab tk nhi phoch pai pls blanket something,Price Sensitive,2,0.2879,"Cluster 2 (n=1736) labeled 'Price Sensitive' because its centroid is closest to that segment's prototype reviews (cosine=0.288). Supporting cues: charge(150), rs(122), price(78), money(49), offer(28). Frequent terms: order, service, blinkit, product, time, bad. Example review: ""poor"""
ek number service hai,Price Sensitive,2,0.2879,"Cluster 2 (n=1736) labeled 'Price Sensitive' because its centroid is closest to that segment's prototype reviews (cosine=0.288). Supporting cues: charge(150), rs(122), price(78), money(49), offer(28). Frequent terms: order, service, blinkit, product, time, bad. Example review: ""poor"""
quick service,Price Sensitive,2,0.2879,"Cluster 2 (n=1736) labeled 'Price Sensitive' because its centroid is closest to that segment's prototype reviews (cosine=0.288). Supporting cues: charge(150), rs(122), price(78), money(49), offer(28). Frequent terms: order, service, blinkit, product, time, bad. Example review: ""poor"""
send faulty good fake promise replace 7 day complaint need video chat box system doesnt work upload video bad experience blinkit,Price Sensitive,2,0.2879,"Cluster 2 (n=1736) labeled 'Price Sensitive' because its centroid is closest to that segment's prototype reviews (cosine=0.288). Supporting cues: charge(150), rs(122), price(78), money(49), offer(28). Frequent terms: order, service, blinkit, product, time, bad. Example review: ""poor"""
fast delivery service city,Routine Buyers,1,0.1454,"Cluster 1 (n=554) labeled 'Routine Buyers' because its centroid is closest to that segment's prototype reviews (cosine=0.145). Supporting cues: always(16), regular(1), usual(1). Frequent terms: delivery, fast, best, service, time, blinkit. Example review: ""super fast delivery"""
best service time perfect,Routine Buyers,1,0.1454,"Cluster 1 (n=554) labeled 'Routine Buyers' because its centroid is closest to that segment's prototype reviews (cosine=0.145). Supporting cues: always(16), regular(1), usual(1). Frequent terms: delivery, fast, best, service, time, blinkit. Example review: ""super fast delivery"""
nicee aap,Price Sensitive,2,0.2879,"Cluster 2 (n=1736) labeled 'Price Sensitive' because its centroid is closest to that segment's prototype reviews (cosine=0.288). Supporting cues: charge(150), rs(122), price(78), money(49), offer(28). Frequent terms: order, service, blinkit, product, time, bad. Example review: ""poor"""
delivery delay around half hour,Routine Buyers,1,0.1454,"Cluster 1 (n=554) labeled 'Routine Buyers' because its centroid is closest to that segment's prototype reviews (cosine=0.145). Supporting cues: always(16), regular(1), usual(1). Frequent terms: delivery, fast, best, service, time, blinkit. Example review: ""super fast delivery"""
poor servicewe order one thing deliver something else,Price Sensitive,2,0.2879,"Cluster 2 (n=1736) labeled 'Price Sensitive' because its centroid is closest to that segment's prototype reviews (cosine=0.288). Supporting cues: charge(150), rs(122), price(78), money(49), offer(28). Frequent terms: order, service, blinkit, product, time, bad. Example review: ""poor"""
fantastic,Price Sensitive,2,0.2879,"Cluster 2 (n=1736) labeled 'Price Sensitive' because its centroid is closest to that segment's prototype reviews (cosine=0.288). Supporting cues: charge(150), rs(122), price(78), money(49), offer(28). Frequent terms: order, service, blinkit, product, time, bad. Example review: ""poor"""
grear work,Price Sensitive,2,0.2879,"Cluster 2 (n=1736) labeled 'Price Sensitive' because its centroid is closest to that segment's prototype reviews (cosine=0.288). Supporting cues: charge(150), rs(122), price(78), money(49), offer(28). Frequent terms: order, service, blinkit, product, time, bad. Example review: ""poor"""
provide offer apply mention apply multiple time payment option,Price Sensitive,2,0.2879,"Cluster 2 (n=1736) labeled 'Price Sensitive' because its centroid is closest to that segment's prototype reviews (cosine=0.288). Supporting cues: charge(150), rs(122), price(78), money(49), offer(28). Frequent terms: order, service, blinkit, product, time, bad. Example review: ""poor"""
good app mo8,Explorers,0,0.0196,"Cluster 0 (n=348) labeled 'Explorers' because its centroid is closest to that segment's prototype reviews (cosine=0.020). Supporting cues: try(1). Frequent terms: service, delivery, blinkit, product, experience, like. Example review: ""good service"""
blinkit genuinely one best thing happen may know people behind way business build service delivers reflect remarkable thoughtfulness humility care blinkit person id see someone lead innovation intelligence always put people first every interaction feel inclusive personalize deeply customercentric make seem though goal improve people live rather profit,Price Sensitive,2,0.2879,"Cluster 2 (n=1736) labeled 'Price Sensitive' because its centroid is closest to that segment's prototype reviews (cosine=0.288). Supporting cues: charge(150), rs(122), price(78), money(49), offer(28). Frequent terms: order, service, blinkit, product, time, bad. Example review: ""poor"""
late service good quality thing,Price Sensitive,2,0.2879,"Cluster 2 (n=1736) labeled 'Price Sensitive' because its centroid is closest to that segment's prototype reviews (cosine=0.288). Supporting cues: charge(150), rs(122), price(78), money(49), offer(28). Frequent terms: order, service, blinkit, product, time, bad. Example review: ""poor"""
mother dairy cow milk recieved day expiry kab se blinkit se milk use karna suru kiya hai one hearing voice kuch bhi feedback likho action change blinkit,Price Sensitive,2,0.2879,"Cluster 2 (n=1736) labeled 'Price Sensitive' because its centroid is closest to that segment's prototype reviews (cosine=0.288). Supporting cues: charge(150), rs(122), price(78), money(49), offer(28). Frequent terms: order, service, blinkit, product, time, bad. Example review: ""poor"""
good delivery service,Routine Buyers,1,0.1454,"Cluster 1 (n=554) labeled 'Routine Buyers' because its centroid is closest to that segment's prototype reviews (cosine=0.145). Supporting cues: always(16), regular(1), usual(1). Frequent terms: delivery, fast, best, service, time, blinkit. Example review: ""super fast delivery"""
great appquick delivery amaze quality product,Price Sensitive,2,0.2879,"Cluster 2 (n=1736) labeled 'Price Sensitive' because its centroid is closest to that segment's prototype reviews (cosine=0.288). Supporting cues: charge(150), rs(122), price(78), money(49), offer(28). Frequent terms: order, service, blinkit, product, time, bad. Example review: ""poor"""
helpful thing like pet clothes available blinkit,Price Sensitive,2,0.2879,"Cluster 2 (n=1736) labeled 'Price Sensitive' because its centroid is closest to that segment's prototype reviews (cosine=0.288). Supporting cues: charge(150), rs(122), price(78), money(49), offer(28). Frequent terms: order, service, blinkit, product, time, bad. Example review: ""poor"""
service good pricesvare definitely high player grocery delivery segment,Routine Buyers,1,0.1454,"Cluster 1 (n=554) labeled 'Routine Buyers' because its centroid is closest to that segment's prototype reviews (cosine=0.145). Supporting cues: always(16), regular(1), usual(1). Frequent terms: delivery, fast, best, service, time, blinkit. Example review: ""super fast delivery"""
emargency delivery good support value money friendly attitude,Routine Buyers,1,0.1454,"Cluster 1 (n=554) labeled 'Routine Buyers' because its centroid is closest to that segment's prototype reviews (cosine=0.145). Supporting cues: always(16), regular(1), usual(1). Frequent terms: delivery, fast, best, service, time, blinkit. Example review: ""super fast delivery"""
worst service order flavour kiwi get tango creatine,Price Sensitive,2,0.2879,"Cluster 2 (n=1736) labeled 'Price Sensitive' because its centroid is closest to that segment's prototype reviews (cosine=0.288). Supporting cues: charge(150), rs(122), price(78), money(49), offer(28). Frequent terms: order, service, blinkit, product, time, bad. Example review: ""poor"""
good,Explorers,0,0.0196,"Cluster 0 (n=348) labeled 'Explorers' because its centroid is closest to that segment's prototype reviews (cosine=0.020). Supporting cues: try(1). Frequent terms: service, delivery, blinkit, product, experience, like. Example review: ""good service"""
im happy,Price Sensitive,2,0.2879,"Cluster 2 (n=1736) labeled 'Price Sensitive' because its centroid is closest to that segment's prototype reviews (cosine=0.288). Supporting cues: charge(150), rs(122), price(78), money(49), offer(28). Frequent terms: order, service, blinkit, product, time, bad. Example review: ""poor"""
item leave reduced weight example vegetable tell half kg weight 300 gm please dont cheat consumer,Price Sensitive,2,0.2879,"Cluster 2 (n=1736) labeled 'Price Sensitive' because its centroid is closest to that segment's prototype reviews (cosine=0.288). Supporting cues: charge(150), rs(122), price(78), money(49), offer(28). Frequent terms: order, service, blinkit, product, time, bad. Example review: ""poor"""
woooooooow,Price Sensitive,2,0.2879,"Cluster 2 (n=1736) labeled 'Price Sensitive' because its centroid is closest to that segment's prototype reviews (cosine=0.288). Supporting cues: charge(150), rs(122), price(78), money(49), offer(28). Frequent terms: order, service, blinkit, product, time, bad. Example review: ""poor"""
besttttt experience download useee fast nd furious orderr bestt time thank youu,Price Sensitive,2,0.2879,"Cluster 2 (n=1736) labeled 'Price Sensitive' because its centroid is closest to that segment's prototype reviews (cosine=0.288). Supporting cues: charge(150), rs(122), price(78), money(49), offer(28). Frequent terms: order, service, blinkit, product, time, bad. Example review: ""poor"""
fruit vegetable item useless poor quality price high market price,Price Sensitive,2,0.2879,"Cluster 2 (n=1736) labeled 'Price Sensitive' because its centroid is closest to that segment's prototype reviews (cosine=0.288). Supporting cues: charge(150), rs(122), price(78), money(49), offer(28). Frequent terms: order, service, blinkit, product, time, bad. Example review: ""poor"""
handle charge nahi lgana chahiye,Price Sensitive,2,0.2879,"Cluster 2 (n=1736) labeled 'Price Sensitive' because its centroid is closest to that segment's prototype reviews (cosine=0.288). Supporting cues: charge(150), rs(122), price(78), money(49), offer(28). Frequent terms: order, service, blinkit, product, time, bad. Example review: ""poor"""
available area pls blinkit available app area,Price Sensitive,2,0.2879,"Cluster 2 (n=1736) labeled 'Price Sensitive' because its centroid is closest to that segment's prototype reviews (cosine=0.288). Supporting cues: charge(150), rs(122), price(78), money(49), offer(28). Frequent terms: order, service, blinkit, product, time, bad. Example review: ""poor"""
exceptional convenience,Price Sensitive,2,0.2879,"Cluster 2 (n=1736) labeled 'Price Sensitive' because its centroid is closest to that segment's prototype reviews (cosine=0.288). Supporting cues: charge(150), rs(122), price(78), money(49), offer(28). Frequent terms: order, service, blinkit, product, time, bad. Example review: ""poor"""
deliver product late delivery partner stop place deliberately deliver late order,Price Sensitive,2,0.2879,"Cluster 2 (n=1736) labeled 'Price Sensitive' because its centroid is closest to that segment's prototype reviews (cosine=0.288). Supporting cues: charge(150), rs(122), price(78), money(49), offer(28). Frequent terms: order, service, blinkit, product, time, bad. Example review: ""poor"""
okkk,Price Sensitive,2,0.2879,"Cluster 2 (n=1736) labeled 'Price Sensitive' because its centroid is closest to that segment's prototype reviews (cosine=0.288). Supporting cues: charge(150), rs(122), price(78), money(49), offer(28). Frequent terms: order, service, blinkit, product, time, bad. Example review: ""poor"""
useful app urgent need,Price Sensitive,2,0.2879,"Cluster 2 (n=1736) labeled 'Price Sensitive' because its centroid is closest to that segment's prototype reviews (cosine=0.288). Supporting cues: charge(150), rs(122), price(78), money(49), offer(28). Frequent terms: order, service, blinkit, product, time, bad. Example review: ""poor"""
grocery service top notch hat ambulance service blinkit keep good work,Price Sensitive,2,0.2879,"Cluster 2 (n=1736) labeled 'Price Sensitive' because its centroid is closest to that segment's prototype reviews (cosine=0.288). Supporting cues: charge(150), rs(122), price(78), money(49), offer(28). Frequent terms: order, service, blinkit, product, time, bad. Example review: ""poor"""
blinkit really last minute saver app best fast online delivery app thing arrive fresh neatly pack maintain best cleanliness thank,Routine Buyers,1,0.1454,"Cluster 1 (n=554) labeled 'Routine Buyers' because its centroid is closest to that segment's prototype reviews (cosine=0.145). Supporting cues: always(16), regular(1), usual(1). Frequent terms: delivery, fast, best, service, time, blinkit. Example review: ""super fast delivery"""
deliver fast delivery staff humble,Routine Buyers,1,0.1454,"Cluster 1 (n=554) labeled 'Routine Buyers' because its centroid is closest to that segment's prototype reviews (cosine=0.145). Supporting cues: always(16), regular(1), usual(1). Frequent terms: delivery, fast, best, service, time, blinkit. Example review: ""super fast delivery"""
deli er boy 600 total bill give two 500 note change give balance amt gpay orguing morning morning,Price Sensitive,2,0.2879,"Cluster 2 (n=1736) labeled 'Price Sensitive' because its centroid is closest to that segment's prototype reviews (cosine=0.288). Supporting cues: charge(150), rs(122), price(78), money(49), offer(28). Frequent terms: order, service, blinkit, product, time, bad. Example review: ""poor"""
lot cancel refund take 7 day least,Price Sensitive,2,0.2879,"Cluster 2 (n=1736) labeled 'Price Sensitive' because its centroid is closest to that segment's prototype reviews (cosine=0.288). Supporting cues: charge(150), rs(122), price(78), money(49), offer(28). Frequent terms: order, service, blinkit, product, time, bad. Example review: ""poor"""
best grosriye delivery app free delivery,Routine Buyers,1,0.1454,"Cluster 1 (n=554) labeled 'Routine Buyers' because its centroid is closest to that segment's prototype reviews (cosine=0.145). Supporting cues: always(16), regular(1), usual(1). Frequent terms: delivery, fast, best, service, time, blinkit. Example review: ""super fast delivery"""
problem hai,Price Sensitive,2,0.2879,"Cluster 2 (n=1736) labeled 'Price Sensitive' because its centroid is closest to that segment's prototype reviews (cosine=0.288). Supporting cues: charge(150), rs(122), price(78), money(49), offer(28). Frequent terms: order, service, blinkit, product, time, bad. Example review: ""poor"""
guyz dont buy anything blinkit provide rotten thing dont option open customer resolution well use bigbasket flipkartjio mart delivery 1000 time well option give zero star else could give,Price Sensitive,2,0.2879,"Cluster 2 (n=1736) labeled 'Price Sensitive' because its centroid is closest to that segment's prototype reviews (cosine=0.288). Supporting cues: charge(150), rs(122), price(78), money(49), offer(28). Frequent terms: order, service, blinkit, product, time, bad. Example review: ""poor"""
piz reduce price item,Price Sensitive,2,0.2879,"Cluster 2 (n=1736) labeled 'Price Sensitive' because its centroid is closest to that segment's prototype reviews (cosine=0.288). Supporting cues: charge(150), rs(122), price(78), money(49), offer(28). Frequent terms: order, service, blinkit, product, time, bad. Example review: ""poor"""
weri easy use iam soo happy,Price Sensitive,2,0.2879,"Cluster 2 (n=1736) labeled 'Price Sensitive' because its centroid is closest to that segment's prototype reviews (cosine=0.288). Supporting cues: charge(150), rs(122), price(78), money(49), offer(28). Frequent terms: order, service, blinkit, product, time, bad. Example review: ""poor"""
receive earbuds order chembur via blinkit earbuds appear side fit properly charge case also earbuds loose plastic packet instead place correctly inside charge caseorder ear bud ear fit shell bud come plastic shell chembur blinkit,Price Sensitive,2,0.2879,"Cluster 2 (n=1736) labeled 'Price Sensitive' because its centroid is closest to that segment's prototype reviews (cosine=0.288). Supporting cues: charge(150), rs(122), price(78), money(49), offer(28). Frequent terms: order, service, blinkit, product, time, bad. Example review: ""poor"""
great like functional app,Price Sensitive,2,0.2879,"Cluster 2 (n=1736) labeled 'Price Sensitive' because its centroid is closest to that segment's prototype reviews (cosine=0.288). Supporting cues: charge(150), rs(122), price(78), money(49), offer(28). Frequent terms: order, service, blinkit, product, time, bad. Example review: ""poor"""
quick best app,Routine Buyers,1,0.1454,"Cluster 1 (n=554) labeled 'Routine Buyers' because its centroid is closest to that segment's prototype reviews (cosine=0.145). Supporting cues: always(16), regular(1), usual(1). Frequent terms: delivery, fast, best, service, time, blinkit. Example review: ""super fast delivery"""
best product,Routine Buyers,1,0.1454,"Cluster 1 (n=554) labeled 'Routine Buyers' because its centroid is closest to that segment's prototype reviews (cosine=0.145). Supporting cues: always(16), regular(1), usual(1). Frequent terms: delivery, fast, best, service, time, blinkit. Example review: ""super fast delivery"""
user friendly little competetive,Price Sensitive,2,0.2879,"Cluster 2 (n=1736) labeled 'Price Sensitive' because its centroid is closest to that segment's prototype reviews (cosine=0.288). Supporting cues: charge(150), rs(122), price(78), money(49), offer(28). Frequent terms: order, service, blinkit, product, time, bad. Example review: ""poor"""
best app,Routine Buyers,1,0.1454,"Cluster 1 (n=554) labeled 'Routine Buyers' because its centroid is closest to that segment's prototype reviews (cosine=0.145). Supporting cues: always(16), regular(1), usual(1). Frequent terms: delivery, fast, best, service, time, blinkit. Example review: ""super fast delivery"""
rain charge take 20rs rain area,Price Sensitive,2,0.2879,"Cluster 2 (n=1736) labeled 'Price Sensitive' because its centroid is closest to that segment's prototype reviews (cosine=0.288). Supporting cues: charge(150), rs(122), price(78), money(49), offer(28). Frequent terms: order, service, blinkit, product, time, bad. Example review: ""poor"""
thank,Price Sensitive,2,0.2879,"Cluster 2 (n=1736) labeled 'Price Sensitive' because its centroid is closest to that segment's prototype reviews (cosine=0.288). Supporting cues: charge(150), rs(122), price(78), money(49), offer(28). Frequent terms: order, service, blinkit, product, time, bad. Example review: ""poor"""
blinkit save life suffering hunger u save,Price Sensitive,2,0.2879,"Cluster 2 (n=1736) labeled 'Price Sensitive' because its centroid is closest to that segment's prototype reviews (cosine=0.288). Supporting cues: charge(150), rs(122), price(78), money(49), offer(28). Frequent terms: order, service, blinkit, product, time, bad. Example review: ""poor"""
delivery charge high,Routine Buyers,1,0.1454,"Cluster 1 (n=554) labeled 'Routine Buyers' because its centroid is closest to that segment's prototype reviews (cosine=0.145). Supporting cues: always(16), regular(1), usual(1). Frequent terms: delivery, fast, best, service, time, blinkit. Example review: ""super fast delivery"""
కొంచెం మంచి కూరగాయలు పంపించండి ఫ్రూట్స్ గాని ఇలా కూరగాయలు గాని కొంచెం క్వాలిటీ ఉండట్లేదు నెక్స్ట్ వచ్చేసి ఒకదాంట్లో రేటు పెంచుతున్నారు తగ్గిస్తున్నారు ఎవరైనా బ్యాగ్ కి మినిమం ఫైవ్ రుపీస్ తీసుకుంటే బెటర్ మిగతా వ్యాపులు అంతే తీసుకుంటున్నాను,Price Sensitive,2,0.2879,"Cluster 2 (n=1736) labeled 'Price Sensitive' because its centroid is closest to that segment's prototype reviews (cosine=0.288). Supporting cues: charge(150), rs(122), price(78), money(49), offer(28). Frequent terms: order, service, blinkit, product, time, bad. Example review: ""poor"""
good experience bakwas h ye app delivery delay h bohot problem h isme,Routine Buyers,1,0.1454,"Cluster 1 (n=554) labeled 'Routine Buyers' because its centroid is closest to that segment's prototype reviews (cosine=0.145). Supporting cues: always(16), regular(1), usual(1). Frequent terms: delivery, fast, best, service, time, blinkit. Example review: ""super fast delivery"""
return karna hai,Price Sensitive,2,0.2879,"Cluster 2 (n=1736) labeled 'Price Sensitive' because its centroid is closest to that segment's prototype reviews (cosine=0.288). Supporting cues: charge(150), rs(122), price(78), money(49), offer(28). Frequent terms: order, service, blinkit, product, time, bad. Example review: ""poor"""
achha hai aap,Price Sensitive,2,0.2879,"Cluster 2 (n=1736) labeled 'Price Sensitive' because its centroid is closest to that segment's prototype reviews (cosine=0.288). Supporting cues: charge(150), rs(122), price(78), money(49), offer(28). Frequent terms: order, service, blinkit, product, time, bad. Example review: ""poor"""
handling charge high customer support make complaint delivery issue,Price Sensitive,2,0.2879,"Cluster 2 (n=1736) labeled 'Price Sensitive' because its centroid is closest to that segment's prototype reviews (cosine=0.288). Supporting cues: charge(150), rs(122), price(78), money(49), offer(28). Frequent terms: order, service, blinkit, product, time, bad. Example review: ""poor"""
innovation make life easy others save livesa heartfelt thank entire blinkit ambulance team show every second matteredyour speed professionalism compassion give u hope one difficult momentsa special appreciation albinder dhindsa vision behind blinkits 10minute ambulance service isnt innovation lifeline countless familiesthank prove fast delivery also meaningful,Routine Buyers,1,0.1454,"Cluster 1 (n=554) labeled 'Routine Buyers' because its centroid is closest to that segment's prototype reviews (cosine=0.145). Supporting cues: always(16), regular(1), usual(1). Frequent terms: delivery, fast, best, service, time, blinkit. Example review: ""super fast delivery"""
bahot khatarnaak log 2 baze raat delivery karte hain inko medicine bhi delver karna chahiye aur ambulance service shuru karna chahiye,Routine Buyers,1,0.1454,"Cluster 1 (n=554) labeled 'Routine Buyers' because its centroid is closest to that segment's prototype reviews (cosine=0.145). Supporting cues: always(16), regular(1), usual(1). Frequent terms: delivery, fast, best, service, time, blinkit. Example review: ""super fast delivery"""
one convenient apps ever one suggestion would great could schedule delivery option become even convenient kudos team constant effort,Price Sensitive,2,0.2879,"Cluster 2 (n=1736) labeled 'Price Sensitive' because its centroid is closest to that segment's prototype reviews (cosine=0.288). Supporting cues: charge(150), rs(122), price(78), money(49), offer(28). Frequent terms: order, service, blinkit, product, time, bad. Example review: ""poor"""
bad experiance refund credit acccount blinkit show refund complete money dont buy,Price Sensitive,2,0.2879,"Cluster 2 (n=1736) labeled 'Price Sensitive' because its centroid is closest to that segment's prototype reviews (cosine=0.288). Supporting cues: charge(150), rs(122), price(78), money(49), offer(28). Frequent terms: order, service, blinkit, product, time, bad. Example review: ""poor"""
blinkit per scam ho raha hai main sabse request karta hun ki app per koi bhi saman na le return ki guarantee lete hain per yah return nahin lete aapse yah baat bhi nahin karenge aur baat karenge aapko bhi jakar rakhenge main sach mein kah raha hun main abhi tak apne r 2000 app per koi bhi app mat apne paisa kharab karne ho please chalaea per bahut ganda scam ho raha hai yaar,Price Sensitive,2,0.2879,"Cluster 2 (n=1736) labeled 'Price Sensitive' because its centroid is closest to that segment's prototype reviews (cosine=0.288). Supporting cues: charge(150), rs(122), price(78), money(49), offer(28). Frequent terms: order, service, blinkit, product, time, bad. Example review: ""poor"""
rain sergu kaun leta hai bhai,Price Sensitive,2,0.2879,"Cluster 2 (n=1736) labeled 'Price Sensitive' because its centroid is closest to that segment's prototype reviews (cosine=0.288). Supporting cues: charge(150), rs(122), price(78), money(49), offer(28). Frequent terms: order, service, blinkit, product, time, bad. Example review: ""poor"""
awesome,Price Sensitive,2,0.2879,"Cluster 2 (n=1736) labeled 'Price Sensitive' because its centroid is closest to that segment's prototype reviews (cosine=0.288). Supporting cues: charge(150), rs(122), price(78), money(49), offer(28). Frequent terms: order, service, blinkit, product, time, bad. Example review: ""poor"""
good performance,Explorers,0,0.0196,"Cluster 0 (n=348) labeled 'Explorers' because its centroid is closest to that segment's prototype reviews (cosine=0.020). Supporting cues: try(1). Frequent terms: service, delivery, blinkit, product, experience, like. Example review: ""good service"""
office,Price Sensitive,2,0.2879,"Cluster 2 (n=1736) labeled 'Price Sensitive' because its centroid is closest to that segment's prototype reviews (cosine=0.288). Supporting cues: charge(150), rs(122), price(78), money(49), offer(28). Frequent terms: order, service, blinkit, product, time, bad. Example review: ""poor"""
instamart se sahi hai ek dikkat hai blinkit mai nutrujona fash wash kafi cheej nhi milti hai istamart mai 12 baje ke bad kuch nhi milta,Price Sensitive,2,0.2879,"Cluster 2 (n=1736) labeled 'Price Sensitive' because its centroid is closest to that segment's prototype reviews (cosine=0.288). Supporting cues: charge(150), rs(122), price(78), money(49), offer(28). Frequent terms: order, service, blinkit, product, time, bad. Example review: ""poor"""
greatawesome service specially medicine easy convenient,Price Sensitive,2,0.2879,"Cluster 2 (n=1736) labeled 'Price Sensitive' because its centroid is closest to that segment's prototype reviews (cosine=0.288). Supporting cues: charge(150), rs(122), price(78), money(49), offer(28). Frequent terms: order, service, blinkit, product, time, bad. Example review: ""poor"""
response bad blinkit,Price Sensitive,2,0.2879,"Cluster 2 (n=1736) labeled 'Price Sensitive' because its centroid is closest to that segment's prototype reviews (cosine=0.288). Supporting cues: charge(150), rs(122), price(78), money(49), offer(28). Frequent terms: order, service, blinkit, product, time, bad. Example review: ""poor"""
emergency heavy rain solution blinkit unknown location heavy rain problem kuch hi der raincoat doorstep par aaj laga blinkit sirf convenience nahi emergency partner bhi hai,Price Sensitive,2,0.2879,"Cluster 2 (n=1736) labeled 'Price Sensitive' because its centroid is closest to that segment's prototype reviews (cosine=0.288). Supporting cues: charge(150), rs(122), price(78), money(49), offer(28). Frequent terms: order, service, blinkit, product, time, bad. Example review: ""poor"""
blinkit charge anything like handle charge surge charge late night charge etc never deliver timenor handle order properly delete app bad,Price Sensitive,2,0.2879,"Cluster 2 (n=1736) labeled 'Price Sensitive' because its centroid is closest to that segment's prototype reviews (cosine=0.288). Supporting cues: charge(150), rs(122), price(78), money(49), offer(28). Frequent terms: order, service, blinkit, product, time, bad. Example review: ""poor"""
gooood,Price Sensitive,2,0.2879,"Cluster 2 (n=1736) labeled 'Price Sensitive' because its centroid is closest to that segment's prototype reviews (cosine=0.288). Supporting cues: charge(150), rs(122), price(78), money(49), offer(28). Frequent terms: order, service, blinkit, product, time, bad. Example review: ""poor"""
bad delivery experience,Routine Buyers,1,0.1454,"Cluster 1 (n=554) labeled 'Routine Buyers' because its centroid is closest to that segment's prototype reviews (cosine=0.145). Supporting cues: always(16), regular(1), usual(1). Frequent terms: delivery, fast, best, service, time, blinkit. Example review: ""super fast delivery"""
nice good,Impulse Buyers,3,0.0584,"Cluster 3 (n=180) labeled 'Impulse Buyers' because its centroid is closest to that segment's prototype reviews (cosine=0.058). Supporting cues: quick(4), late night(1). Frequent terms: service, delivery, blinkit, work, much, time. Example review: ""nice"""
nic service n helpfull,Price Sensitive,2,0.2879,"Cluster 2 (n=1736) labeled 'Price Sensitive' because its centroid is closest to that segment's prototype reviews (cosine=0.288). Supporting cues: charge(150), rs(122), price(78), money(49), offer(28). Frequent terms: order, service, blinkit, product, time, bad. Example review: ""poor"""
good delivery partner,Routine Buyers,1,0.1454,"Cluster 1 (n=554) labeled 'Routine Buyers' because its centroid is closest to that segment's prototype reviews (cosine=0.145). Supporting cues: always(16), regular(1), usual(1). Frequent terms: delivery, fast, best, service, time, blinkit. Example review: ""super fast delivery"""
fast super quality,Routine Buyers,1,0.1454,"Cluster 1 (n=554) labeled 'Routine Buyers' because its centroid is closest to that segment's prototype reviews (cosine=0.145). Supporting cues: always(16), regular(1), usual(1). Frequent terms: delivery, fast, best, service, time, blinkit. Example review: ""super fast delivery"""
much delay,Price Sensitive,2,0.2879,"Cluster 2 (n=1736) labeled 'Price Sensitive' because its centroid is closest to that segment's prototype reviews (cosine=0.288). Supporting cues: charge(150), rs(122), price(78), money(49), offer(28). Frequent terms: order, service, blinkit, product, time, bad. Example review: ""poor"""
bhadiya,Price Sensitive,2,0.2879,"Cluster 2 (n=1736) labeled 'Price Sensitive' because its centroid is closest to that segment's prototype reviews (cosine=0.288). Supporting cues: charge(150), rs(122), price(78), money(49), offer(28). Frequent terms: order, service, blinkit, product, time, bad. Example review: ""poor"""
best app rn even ambulance service provide,Routine Buyers,1,0.1454,"Cluster 1 (n=554) labeled 'Routine Buyers' because its centroid is closest to that segment's prototype reviews (cosine=0.145). Supporting cues: always(16), regular(1), usual(1). Frequent terms: delivery, fast, best, service, time, blinkit. Example review: ""super fast delivery"""
faster delivery,Routine Buyers,1,0.1454,"Cluster 1 (n=554) labeled 'Routine Buyers' because its centroid is closest to that segment's prototype reviews (cosine=0.145). Supporting cues: always(16), regular(1), usual(1). Frequent terms: delivery, fast, best, service, time, blinkit. Example review: ""super fast delivery"""
really helpful,Price Sensitive,2,0.2879,"Cluster 2 (n=1736) labeled 'Price Sensitive' because its centroid is closest to that segment's prototype reviews (cosine=0.288). Supporting cues: charge(150), rs(122), price(78), money(49), offer(28). Frequent terms: order, service, blinkit, product, time, bad. Example review: ""poor"""
🤙,Price Sensitive,2,0.2879,"Cluster 2 (n=1736) labeled 'Price Sensitive' because its centroid is closest to that segment's prototype reviews (cosine=0.288). Supporting cues: charge(150), rs(122), price(78), money(49), offer(28). Frequent terms: order, service, blinkit, product, time, bad. Example review: ""poor"""
lovetheir serviceitsmy time fav day night,Price Sensitive,2,0.2879,"Cluster 2 (n=1736) labeled 'Price Sensitive' because its centroid is closest to that segment's prototype reviews (cosine=0.288). Supporting cues: charge(150), rs(122), price(78), money(49), offer(28). Frequent terms: order, service, blinkit, product, time, bad. Example review: ""poor"""
time,Price Sensitive,2,0.2879,"Cluster 2 (n=1736) labeled 'Price Sensitive' because its centroid is closest to that segment's prototype reviews (cosine=0.288). Supporting cues: charge(150), rs(122), price(78), money(49), offer(28). Frequent terms: order, service, blinkit, product, time, bad. Example review: ""poor"""
poor servicecid available delivery foe return cash owner,Routine Buyers,1,0.1454,"Cluster 1 (n=554) labeled 'Routine Buyers' because its centroid is closest to that segment's prototype reviews (cosine=0.145). Supporting cues: always(16), regular(1), usual(1). Frequent terms: delivery, fast, best, service, time, blinkit. Example review: ""super fast delivery"""
bad app bad experience send expire product dont buy,Price Sensitive,2,0.2879,"Cluster 2 (n=1736) labeled 'Price Sensitive' because its centroid is closest to that segment's prototype reviews (cosine=0.288). Supporting cues: charge(150), rs(122), price(78), money(49), offer(28). Frequent terms: order, service, blinkit, product, time, bad. Example review: ""poor"""
app quite expensive compare similar platform product give high price although quality fruit good still high price afford everyone,Price Sensitive,2,0.2879,"Cluster 2 (n=1736) labeled 'Price Sensitive' because its centroid is closest to that segment's prototype reviews (cosine=0.288). Supporting cues: charge(150), rs(122), price(78), money(49), offer(28). Frequent terms: order, service, blinkit, product, time, bad. Example review: ""poor"""
best app order grocery item fruit vegetable problem order literally resolve efficiently,Price Sensitive,2,0.2879,"Cluster 2 (n=1736) labeled 'Price Sensitive' because its centroid is closest to that segment's prototype reviews (cosine=0.288). Supporting cues: charge(150), rs(122), price(78), money(49), offer(28). Frequent terms: order, service, blinkit, product, time, bad. Example review: ""poor"""
convenient odd timing,Price Sensitive,2,0.2879,"Cluster 2 (n=1736) labeled 'Price Sensitive' because its centroid is closest to that segment's prototype reviews (cosine=0.288). Supporting cues: charge(150), rs(122), price(78), money(49), offer(28). Frequent terms: order, service, blinkit, product, time, bad. Example review: ""poor"""
thank much blinket nice app,Impulse Buyers,3,0.0584,"Cluster 3 (n=180) labeled 'Impulse Buyers' because its centroid is closest to that segment's prototype reviews (cosine=0.058). Supporting cues: quick(4), late night(1). Frequent terms: service, delivery, blinkit, work, much, time. Example review: ""nice"""
supertt work,Price Sensitive,2,0.2879,"Cluster 2 (n=1736) labeled 'Price Sensitive' because its centroid is closest to that segment's prototype reviews (cosine=0.288). Supporting cues: charge(150), rs(122), price(78), money(49), offer(28). Frequent terms: order, service, blinkit, product, time, bad. Example review: ""poor"""
really love,Price Sensitive,2,0.2879,"Cluster 2 (n=1736) labeled 'Price Sensitive' because its centroid is closest to that segment's prototype reviews (cosine=0.288). Supporting cues: charge(150), rs(122), price(78), money(49), offer(28). Frequent terms: order, service, blinkit, product, time, bad. Example review: ""poor"""
nice work,Impulse Buyers,3,0.0584,"Cluster 3 (n=180) labeled 'Impulse Buyers' because its centroid is closest to that segment's prototype reviews (cosine=0.058). Supporting cues: quick(4), late night(1). Frequent terms: service, delivery, blinkit, work, much, time. Example review: ""nice"""
fast,Routine Buyers,1,0.1454,"Cluster 1 (n=554) labeled 'Routine Buyers' because its centroid is closest to that segment's prototype reviews (cosine=0.145). Supporting cues: always(16), regular(1), usual(1). Frequent terms: delivery, fast, best, service, time, blinkit. Example review: ""super fast delivery"""
fast reliable,Routine Buyers,1,0.1454,"Cluster 1 (n=554) labeled 'Routine Buyers' because its centroid is closest to that segment's prototype reviews (cosine=0.145). Supporting cues: always(16), regular(1), usual(1). Frequent terms: delivery, fast, best, service, time, blinkit. Example review: ""super fast delivery"""
quick response team great go never loose trust one,Price Sensitive,2,0.2879,"Cluster 2 (n=1736) labeled 'Price Sensitive' because its centroid is closest to that segment's prototype reviews (cosine=0.288). Supporting cues: charge(150), rs(122), price(78), money(49), offer(28). Frequent terms: order, service, blinkit, product, time, bad. Example review: ""poor"""
sirf sirf duplicate sirf sirf duplicate sirf sirf duplicate product,Price Sensitive,2,0.2879,"Cluster 2 (n=1736) labeled 'Price Sensitive' because its centroid is closest to that segment's prototype reviews (cosine=0.288). Supporting cues: charge(150), rs(122), price(78), money(49), offer(28). Frequent terms: order, service, blinkit, product, time, bad. Example review: ""poor"""
store 980 away home order many thing many time sometimes get freebie order delivery fast reliable never let thank blinkit blinkit delivery partner,Routine Buyers,1,0.1454,"Cluster 1 (n=554) labeled 'Routine Buyers' because its centroid is closest to that segment's prototype reviews (cosine=0.145). Supporting cues: always(16), regular(1), usual(1). Frequent terms: delivery, fast, best, service, time, blinkit. Example review: ""super fast delivery"""
bad good app,Explorers,0,0.0196,"Cluster 0 (n=348) labeled 'Explorers' because its centroid is closest to that segment's prototype reviews (cosine=0.020). Supporting cues: try(1). Frequent terms: service, delivery, blinkit, product, experience, like. Example review: ""good service"""
best service,Routine Buyers,1,0.1454,"Cluster 1 (n=554) labeled 'Routine Buyers' because its centroid is closest to that segment's prototype reviews (cosine=0.145). Supporting cues: always(16), regular(1), usual(1). Frequent terms: delivery, fast, best, service, time, blinkit. Example review: ""super fast delivery"""
pathetic experience despite pay order item miss customer support automate response ai help get rid customer support point whatever offer useless support trouble customer,Price Sensitive,2,0.2879,"Cluster 2 (n=1736) labeled 'Price Sensitive' because its centroid is closest to that segment's prototype reviews (cosine=0.288). Supporting cues: charge(150), rs(122), price(78), money(49), offer(28). Frequent terms: order, service, blinkit, product, time, bad. Example review: ""poor"""
blinkit convenient app good daily essential,Price Sensitive,2,0.2879,"Cluster 2 (n=1736) labeled 'Price Sensitive' because its centroid is closest to that segment's prototype reviews (cosine=0.288). Supporting cues: charge(150), rs(122), price(78), money(49), offer(28). Frequent terms: order, service, blinkit, product, time, bad. Example review: ""poor"""
super blinkit within 5 minute lo delevery complete chesthunaru,Price Sensitive,2,0.2879,"Cluster 2 (n=1736) labeled 'Price Sensitive' because its centroid is closest to that segment's prototype reviews (cosine=0.288). Supporting cues: charge(150), rs(122), price(78), money(49), offer(28). Frequent terms: order, service, blinkit, product, time, bad. Example review: ""poor"""
best h yaar,Routine Buyers,1,0.1454,"Cluster 1 (n=554) labeled 'Routine Buyers' because its centroid is closest to that segment's prototype reviews (cosine=0.145). Supporting cues: always(16), regular(1), usual(1). Frequent terms: delivery, fast, best, service, time, blinkit. Example review: ""super fast delivery"""
always charge hand platform fee time order,Price Sensitive,2,0.2879,"Cluster 2 (n=1736) labeled 'Price Sensitive' because its centroid is closest to that segment's prototype reviews (cosine=0.288). Supporting cues: charge(150), rs(122), price(78), money(49), offer(28). Frequent terms: order, service, blinkit, product, time, bad. Example review: ""poor"""
nice,Impulse Buyers,3,0.0584,"Cluster 3 (n=180) labeled 'Impulse Buyers' because its centroid is closest to that segment's prototype reviews (cosine=0.058). Supporting cues: quick(4), late night(1). Frequent terms: service, delivery, blinkit, work, much, time. Example review: ""nice"""
see image,Price Sensitive,2,0.2879,"Cluster 2 (n=1736) labeled 'Price Sensitive' because its centroid is closest to that segment's prototype reviews (cosine=0.288). Supporting cues: charge(150), rs(122), price(78), money(49), offer(28). Frequent terms: order, service, blinkit, product, time, bad. Example review: ""poor"""
expect,Price Sensitive,2,0.2879,"Cluster 2 (n=1736) labeled 'Price Sensitive' because its centroid is closest to that segment's prototype reviews (cosine=0.288). Supporting cues: charge(150), rs(122), price(78), money(49), offer(28). Frequent terms: order, service, blinkit, product, time, bad. Example review: ""poor"""
always share incorrect order,Price Sensitive,2,0.2879,"Cluster 2 (n=1736) labeled 'Price Sensitive' because its centroid is closest to that segment's prototype reviews (cosine=0.288). Supporting cues: charge(150), rs(122), price(78), money(49), offer(28). Frequent terms: order, service, blinkit, product, time, bad. Example review: ""poor"""
good like much,Explorers,0,0.0196,"Cluster 0 (n=348) labeled 'Explorers' because its centroid is closest to that segment's prototype reviews (cosine=0.020). Supporting cues: try(1). Frequent terms: service, delivery, blinkit, product, experience, like. Example review: ""good service"""
brand acga bahut hai,Price Sensitive,2,0.2879,"Cluster 2 (n=1736) labeled 'Price Sensitive' because its centroid is closest to that segment's prototype reviews (cosine=0.288). Supporting cues: charge(150), rs(122), price(78), money(49), offer(28). Frequent terms: order, service, blinkit, product, time, bad. Example review: ""poor"""
sirf dublycat maal iske paas bhi ise load mat karo,Price Sensitive,2,0.2879,"Cluster 2 (n=1736) labeled 'Price Sensitive' because its centroid is closest to that segment's prototype reviews (cosine=0.288). Supporting cues: charge(150), rs(122), price(78), money(49), offer(28). Frequent terms: order, service, blinkit, product, time, bad. Example review: ""poor"""
trust app,Price Sensitive,2,0.2879,"Cluster 2 (n=1736) labeled 'Price Sensitive' because its centroid is closest to that segment's prototype reviews (cosine=0.288). Supporting cues: charge(150), rs(122), price(78), money(49), offer(28). Frequent terms: order, service, blinkit, product, time, bad. Example review: ""poor"""
time order,Price Sensitive,2,0.2879,"Cluster 2 (n=1736) labeled 'Price Sensitive' because its centroid is closest to that segment's prototype reviews (cosine=0.288). Supporting cues: charge(150), rs(122), price(78), money(49), offer(28). Frequent terms: order, service, blinkit, product, time, bad. Example review: ""poor"""
select 3 article one free product free product receive good customer point view,Price Sensitive,2,0.2879,"Cluster 2 (n=1736) labeled 'Price Sensitive' because its centroid is closest to that segment's prototype reviews (cosine=0.288). Supporting cues: charge(150), rs(122), price(78), money(49), offer(28). Frequent terms: order, service, blinkit, product, time, bad. Example review: ""poor"""
first firstly orderd 3 cancel order accept refund place 34 business day cheap service dont order,Price Sensitive,2,0.2879,"Cluster 2 (n=1736) labeled 'Price Sensitive' because its centroid is closest to that segment's prototype reviews (cosine=0.288). Supporting cues: charge(150), rs(122), price(78), money(49), offer(28). Frequent terms: order, service, blinkit, product, time, bad. Example review: ""poor"""
good experience every time,Price Sensitive,2,0.2879,"Cluster 2 (n=1736) labeled 'Price Sensitive' because its centroid is closest to that segment's prototype reviews (cosine=0.288). Supporting cues: charge(150), rs(122), price(78), money(49), offer(28). Frequent terms: order, service, blinkit, product, time, bad. Example review: ""poor"""
blinkit use cold storage store deliver rotten expire product dont ever trust family health even manipulate label alter manufacture date expiry date india knew could easily get away malpractice dont rate convenience quick delivery quality authenticity product reliable,Price Sensitive,2,0.2879,"Cluster 2 (n=1736) labeled 'Price Sensitive' because its centroid is closest to that segment's prototype reviews (cosine=0.288). Supporting cues: charge(150), rs(122), price(78), money(49), offer(28). Frequent terms: order, service, blinkit, product, time, bad. Example review: ""poor"""
useful app hope give discount review,Price Sensitive,2,0.2879,"Cluster 2 (n=1736) labeled 'Price Sensitive' because its centroid is closest to that segment's prototype reviews (cosine=0.288). Supporting cues: charge(150), rs(122), price(78), money(49), offer(28). Frequent terms: order, service, blinkit, product, time, bad. Example review: ""poor"""
love service thank,Price Sensitive,2,0.2879,"Cluster 2 (n=1736) labeled 'Price Sensitive' because its centroid is closest to that segment's prototype reviews (cosine=0.288). Supporting cues: charge(150), rs(122), price(78), money(49), offer(28). Frequent terms: order, service, blinkit, product, time, bad. Example review: ""poor"""
pleasant,Price Sensitive,2,0.2879,"Cluster 2 (n=1736) labeled 'Price Sensitive' because its centroid is closest to that segment's prototype reviews (cosine=0.288). Supporting cues: charge(150), rs(122), price(78), money(49), offer(28). Frequent terms: order, service, blinkit, product, time, bad. Example review: ""poor"""
well good app order grocery,Explorers,0,0.0196,"Cluster 0 (n=348) labeled 'Explorers' because its centroid is closest to that segment's prototype reviews (cosine=0.020). Supporting cues: try(1). Frequent terms: service, delivery, blinkit, product, experience, like. Example review: ""good service"""
nice app use,Impulse Buyers,3,0.0584,"Cluster 3 (n=180) labeled 'Impulse Buyers' because its centroid is closest to that segment's prototype reviews (cosine=0.058). Supporting cues: quick(4), late night(1). Frequent terms: service, delivery, blinkit, work, much, time. Example review: ""nice"""
old stock item deliver sometimes,Price Sensitive,2,0.2879,"Cluster 2 (n=1736) labeled 'Price Sensitive' because its centroid is closest to that segment's prototype reviews (cosine=0.288). Supporting cues: charge(150), rs(122), price(78), money(49), offer(28). Frequent terms: order, service, blinkit, product, time, bad. Example review: ""poor"""
good enjoy delivery driver best today experience best experience get delivery deepak best devilery partner till today really appreciate work,Routine Buyers,1,0.1454,"Cluster 1 (n=554) labeled 'Routine Buyers' because its centroid is closest to that segment's prototype reviews (cosine=0.145). Supporting cues: always(16), regular(1), usual(1). Frequent terms: delivery, fast, best, service, time, blinkit. Example review: ""super fast delivery"""
late service region,Price Sensitive,2,0.2879,"Cluster 2 (n=1736) labeled 'Price Sensitive' because its centroid is closest to that segment's prototype reviews (cosine=0.288). Supporting cues: charge(150), rs(122), price(78), money(49), offer(28). Frequent terms: order, service, blinkit, product, time, bad. Example review: ""poor"""
bad chat support,Price Sensitive,2,0.2879,"Cluster 2 (n=1736) labeled 'Price Sensitive' because its centroid is closest to that segment's prototype reviews (cosine=0.288). Supporting cues: charge(150), rs(122), price(78), money(49), offer(28). Frequent terms: order, service, blinkit, product, time, bad. Example review: ""poor"""
best,Routine Buyers,1,0.1454,"Cluster 1 (n=554) labeled 'Routine Buyers' because its centroid is closest to that segment's prototype reviews (cosine=0.145). Supporting cues: always(16), regular(1), usual(1). Frequent terms: delivery, fast, best, service, time, blinkit. Example review: ""super fast delivery"""
really usefull app great customer support good job blinkit,Price Sensitive,2,0.2879,"Cluster 2 (n=1736) labeled 'Price Sensitive' because its centroid is closest to that segment's prototype reviews (cosine=0.288). Supporting cues: charge(150), rs(122), price(78), money(49), offer(28). Frequent terms: order, service, blinkit, product, time, bad. Example review: ""poor"""
every thing ok,Price Sensitive,2,0.2879,"Cluster 2 (n=1736) labeled 'Price Sensitive' because its centroid is closest to that segment's prototype reviews (cosine=0.288). Supporting cues: charge(150), rs(122), price(78), money(49), offer(28). Frequent terms: order, service, blinkit, product, time, bad. Example review: ""poor"""
bakwas,Price Sensitive,2,0.2879,"Cluster 2 (n=1736) labeled 'Price Sensitive' because its centroid is closest to that segment's prototype reviews (cosine=0.288). Supporting cues: charge(150), rs(122), price(78), money(49), offer(28). Frequent terms: order, service, blinkit, product, time, bad. Example review: ""poor"""
jadi vejo,Price Sensitive,2,0.2879,"Cluster 2 (n=1736) labeled 'Price Sensitive' because its centroid is closest to that segment's prototype reviews (cosine=0.288). Supporting cues: charge(150), rs(122), price(78), money(49), offer(28). Frequent terms: order, service, blinkit, product, time, bad. Example review: ""poor"""
uhhh,Price Sensitive,2,0.2879,"Cluster 2 (n=1736) labeled 'Price Sensitive' because its centroid is closest to that segment's prototype reviews (cosine=0.288). Supporting cues: charge(150), rs(122), price(78), money(49), offer(28). Frequent terms: order, service, blinkit, product, time, bad. Example review: ""poor"""
app good,Explorers,0,0.0196,"Cluster 0 (n=348) labeled 'Explorers' because its centroid is closest to that segment's prototype reviews (cosine=0.020). Supporting cues: try(1). Frequent terms: service, delivery, blinkit, product, experience, like. Example review: ""good service"""
think fast delivery see,Routine Buyers,1,0.1454,"Cluster 1 (n=554) labeled 'Routine Buyers' because its centroid is closest to that segment's prototype reviews (cosine=0.145). Supporting cues: always(16), regular(1), usual(1). Frequent terms: delivery, fast, best, service, time, blinkit. Example review: ""super fast delivery"""
time order receive really time,Price Sensitive,2,0.2879,"Cluster 2 (n=1736) labeled 'Price Sensitive' because its centroid is closest to that segment's prototype reviews (cosine=0.288). Supporting cues: charge(150), rs(122), price(78), money(49), offer(28). Frequent terms: order, service, blinkit, product, time, bad. Example review: ""poor"""
nice product,Impulse Buyers,3,0.0584,"Cluster 3 (n=180) labeled 'Impulse Buyers' because its centroid is closest to that segment's prototype reviews (cosine=0.058). Supporting cues: quick(4), late night(1). Frequent terms: service, delivery, blinkit, work, much, time. Example review: ""nice"""
ordered product im see total amount show like charge high amount delivery charge others thus request donot order anything app opinion bad app see,Price Sensitive,2,0.2879,"Cluster 2 (n=1736) labeled 'Price Sensitive' because its centroid is closest to that segment's prototype reviews (cosine=0.288). Supporting cues: charge(150), rs(122), price(78), money(49), offer(28). Frequent terms: order, service, blinkit, product, time, bad. Example review: ""poor"""
wonderful,Price Sensitive,2,0.2879,"Cluster 2 (n=1736) labeled 'Price Sensitive' because its centroid is closest to that segment's prototype reviews (cosine=0.288). Supporting cues: charge(150), rs(122), price(78), money(49), offer(28). Frequent terms: order, service, blinkit, product, time, bad. Example review: ""poor"""
blinkits service absolutely terrible customer two year purchase many item recent experience awful july 27 2026 ordered product worth include pair noise earbuds sound quality poor fit cause ear pain request return even offer exchange expensive model service bad flatly refuse return everyone think twice shop blinkit,Price Sensitive,2,0.2879,"Cluster 2 (n=1736) labeled 'Price Sensitive' because its centroid is closest to that segment's prototype reviews (cosine=0.288). Supporting cues: charge(150), rs(122), price(78), money(49), offer(28). Frequent terms: order, service, blinkit, product, time, bad. Example review: ""poor"""
customer service support good,Price Sensitive,2,0.2879,"Cluster 2 (n=1736) labeled 'Price Sensitive' because its centroid is closest to that segment's prototype reviews (cosine=0.288). Supporting cues: charge(150), rs(122), price(78), money(49), offer(28). Frequent terms: order, service, blinkit, product, time, bad. Example review: ""poor"""
good app,Explorers,0,0.0196,"Cluster 0 (n=348) labeled 'Explorers' because its centroid is closest to that segment's prototype reviews (cosine=0.020). Supporting cues: try(1). Frequent terms: service, delivery, blinkit, product, experience, like. Example review: ""good service"""
good app everyone,Explorers,0,0.0196,"Cluster 0 (n=348) labeled 'Explorers' because its centroid is closest to that segment's prototype reviews (cosine=0.020). Supporting cues: try(1). Frequent terms: service, delivery, blinkit, product, experience, like. Example review: ""good service"""
always fast delivery,Routine Buyers,1,0.1454,"Cluster 1 (n=554) labeled 'Routine Buyers' because its centroid is closest to that segment's prototype reviews (cosine=0.145). Supporting cues: always(16), regular(1), usual(1). Frequent terms: delivery, fast, best, service, time, blinkit. Example review: ""super fast delivery"""
blinkit actually best service really good trustworthy,Routine Buyers,1,0.1454,"Cluster 1 (n=554) labeled 'Routine Buyers' because its centroid is closest to that segment's prototype reviews (cosine=0.145). Supporting cues: always(16), regular(1), usual(1). Frequent terms: delivery, fast, best, service, time, blinkit. Example review: ""super fast delivery"""
100percent like blinkit didnt like delevery partner mumbra city rude cancellation high always want cancel order customer call say plz cancel kro mam bhot andar hai dur hai city partner best,Price Sensitive,2,0.2879,"Cluster 2 (n=1736) labeled 'Price Sensitive' because its centroid is closest to that segment's prototype reviews (cosine=0.288). Supporting cues: charge(150), rs(122), price(78), money(49), offer(28). Frequent terms: order, service, blinkit, product, time, bad. Example review: ""poor"""
best time service,Routine Buyers,1,0.1454,"Cluster 1 (n=554) labeled 'Routine Buyers' because its centroid is closest to that segment's prototype reviews (cosine=0.145). Supporting cues: always(16), regular(1), usual(1). Frequent terms: delivery, fast, best, service, time, blinkit. Example review: ""super fast delivery"""
good packing,Explorers,0,0.0196,"Cluster 0 (n=348) labeled 'Explorers' because its centroid is closest to that segment's prototype reviews (cosine=0.020). Supporting cues: try(1). Frequent terms: service, delivery, blinkit, product, experience, like. Example review: ""good service"""
order first time app fast delivery good packaging,Routine Buyers,1,0.1454,"Cluster 1 (n=554) labeled 'Routine Buyers' because its centroid is closest to that segment's prototype reviews (cosine=0.145). Supporting cues: always(16), regular(1), usual(1). Frequent terms: delivery, fast, best, service, time, blinkit. Example review: ""super fast delivery"""
medicine delivwey doctor consultation u good feature,Explorers,0,0.0196,"Cluster 0 (n=348) labeled 'Explorers' because its centroid is closest to that segment's prototype reviews (cosine=0.020). Supporting cues: try(1). Frequent terms: service, delivery, blinkit, product, experience, like. Example review: ""good service"""
slow delivery,Routine Buyers,1,0.1454,"Cluster 1 (n=554) labeled 'Routine Buyers' because its centroid is closest to that segment's prototype reviews (cosine=0.145). Supporting cues: always(16), regular(1), usual(1). Frequent terms: delivery, fast, best, service, time, blinkit. Example review: ""super fast delivery"""
hi would suggest app others anymore cause mention government delivery app suppose charge additional extra fee blinkit whereas want 2 product blinkit charge extra ie total product price cost app charge handle delivery charge grand total come would like issue resolve else raise concern consumer forum,Price Sensitive,2,0.2879,"Cluster 2 (n=1736) labeled 'Price Sensitive' because its centroid is closest to that segment's prototype reviews (cosine=0.288). Supporting cues: charge(150), rs(122), price(78), money(49), offer(28). Frequent terms: order, service, blinkit, product, time, bad. Example review: ""poor"""
amaze really happy service,Price Sensitive,2,0.2879,"Cluster 2 (n=1736) labeled 'Price Sensitive' because its centroid is closest to that segment's prototype reviews (cosine=0.288). Supporting cues: charge(150), rs(122), price(78), money(49), offer(28). Frequent terms: order, service, blinkit, product, time, bad. Example review: ""poor"""
yas,Price Sensitive,2,0.2879,"Cluster 2 (n=1736) labeled 'Price Sensitive' because its centroid is closest to that segment's prototype reviews (cosine=0.288). Supporting cues: charge(150), rs(122), price(78), money(49), offer(28). Frequent terms: order, service, blinkit, product, time, bad. Example review: ""poor"""
good fast delivery appp,Routine Buyers,1,0.1454,"Cluster 1 (n=554) labeled 'Routine Buyers' because its centroid is closest to that segment's prototype reviews (cosine=0.145). Supporting cues: always(16), regular(1), usual(1). Frequent terms: delivery, fast, best, service, time, blinkit. Example review: ""super fast delivery"""
bekar service lutate ye log order b pura nai krte juthe mene 3 ltr milk mangaya tha unhone 1 ltr hi diya pese b return nai krna unko bekar log,Price Sensitive,2,0.2879,"Cluster 2 (n=1736) labeled 'Price Sensitive' because its centroid is closest to that segment's prototype reviews (cosine=0.288). Supporting cues: charge(150), rs(122), price(78), money(49), offer(28). Frequent terms: order, service, blinkit, product, time, bad. Example review: ""poor"""
fruit milawat kyo karte hai yadi tin mango magate hai tino tin quality ke kyo kharab hota phal bhi pack kardete hai kwality ka khyal rakhe,Price Sensitive,2,0.2879,"Cluster 2 (n=1736) labeled 'Price Sensitive' because its centroid is closest to that segment's prototype reviews (cosine=0.288). Supporting cues: charge(150), rs(122), price(78), money(49), offer(28). Frequent terms: order, service, blinkit, product, time, bad. Example review: ""poor"""
best instant delivery,Routine Buyers,1,0.1454,"Cluster 1 (n=554) labeled 'Routine Buyers' because its centroid is closest to that segment's prototype reviews (cosine=0.145). Supporting cues: always(16), regular(1), usual(1). Frequent terms: delivery, fast, best, service, time, blinkit. Example review: ""super fast delivery"""
indias fast app,Routine Buyers,1,0.1454,"Cluster 1 (n=554) labeled 'Routine Buyers' because its centroid is closest to that segment's prototype reviews (cosine=0.145). Supporting cues: always(16), regular(1), usual(1). Frequent terms: delivery, fast, best, service, time, blinkit. Example review: ""super fast delivery"""
help need mainly take printout assignment,Price Sensitive,2,0.2879,"Cluster 2 (n=1736) labeled 'Price Sensitive' because its centroid is closest to that segment's prototype reviews (cosine=0.288). Supporting cues: charge(150), rs(122), price(78), money(49), offer(28). Frequent terms: order, service, blinkit, product, time, bad. Example review: ""poor"""
free delivery ke naam par cheat krte ho aap log,Routine Buyers,1,0.1454,"Cluster 1 (n=554) labeled 'Routine Buyers' because its centroid is closest to that segment's prototype reviews (cosine=0.145). Supporting cues: always(16), regular(1), usual(1). Frequent terms: delivery, fast, best, service, time, blinkit. Example review: ""super fast delivery"""
true companion,Price Sensitive,2,0.2879,"Cluster 2 (n=1736) labeled 'Price Sensitive' because its centroid is closest to that segment's prototype reviews (cosine=0.288). Supporting cues: charge(150), rs(122), price(78), money(49), offer(28). Frequent terms: order, service, blinkit, product, time, bad. Example review: ""poor"""
💔,Price Sensitive,2,0.2879,"Cluster 2 (n=1736) labeled 'Price Sensitive' because its centroid is closest to that segment's prototype reviews (cosine=0.288). Supporting cues: charge(150), rs(122), price(78), money(49), offer(28). Frequent terms: order, service, blinkit, product, time, bad. Example review: ""poor"""
one best platform delivery boys bit problematic,Routine Buyers,1,0.1454,"Cluster 1 (n=554) labeled 'Routine Buyers' because its centroid is closest to that segment's prototype reviews (cosine=0.145). Supporting cues: always(16), regular(1), usual(1). Frequent terms: delivery, fast, best, service, time, blinkit. Example review: ""super fast delivery"""
good,Explorers,0,0.0196,"Cluster 0 (n=348) labeled 'Explorers' because its centroid is closest to that segment's prototype reviews (cosine=0.020). Supporting cues: try(1). Frequent terms: service, delivery, blinkit, product, experience, like. Example review: ""good service"""
best delivery app ever see,Routine Buyers,1,0.1454,"Cluster 1 (n=554) labeled 'Routine Buyers' because its centroid is closest to that segment's prototype reviews (cosine=0.145). Supporting cues: always(16), regular(1), usual(1). Frequent terms: delivery, fast, best, service, time, blinkit. Example review: ""super fast delivery"""
good work blinkit staff,Price Sensitive,2,0.2879,"Cluster 2 (n=1736) labeled 'Price Sensitive' because its centroid is closest to that segment's prototype reviews (cosine=0.288). Supporting cues: charge(150), rs(122), price(78), money(49), offer(28). Frequent terms: order, service, blinkit, product, time, bad. Example review: ""poor"""
diffrent item pocket,Price Sensitive,2,0.2879,"Cluster 2 (n=1736) labeled 'Price Sensitive' because its centroid is closest to that segment's prototype reviews (cosine=0.288). Supporting cues: charge(150), rs(122), price(78), money(49), offer(28). Frequent terms: order, service, blinkit, product, time, bad. Example review: ""poor"""
delivery charge kam karo,Routine Buyers,1,0.1454,"Cluster 1 (n=554) labeled 'Routine Buyers' because its centroid is closest to that segment's prototype reviews (cosine=0.145). Supporting cues: always(16), regular(1), usual(1). Frequent terms: delivery, fast, best, service, time, blinkit. Example review: ""super fast delivery"""
customer care support nice,Impulse Buyers,3,0.0584,"Cluster 3 (n=180) labeled 'Impulse Buyers' because its centroid is closest to that segment's prototype reviews (cosine=0.058). Supporting cues: quick(4), late night(1). Frequent terms: service, delivery, blinkit, work, much, time. Example review: ""nice"""
unpleasant delivery boy blinkit carry bag boy rudely reply carry bag usually stock evening,Routine Buyers,1,0.1454,"Cluster 1 (n=554) labeled 'Routine Buyers' because its centroid is closest to that segment's prototype reviews (cosine=0.145). Supporting cues: always(16), regular(1), usual(1). Frequent terms: delivery, fast, best, service, time, blinkit. Example review: ""super fast delivery"""
bad experience,Price Sensitive,2,0.2879,"Cluster 2 (n=1736) labeled 'Price Sensitive' because its centroid is closest to that segment's prototype reviews (cosine=0.288). Supporting cues: charge(150), rs(122), price(78), money(49), offer(28). Frequent terms: order, service, blinkit, product, time, bad. Example review: ""poor"""
take long time order placement,Price Sensitive,2,0.2879,"Cluster 2 (n=1736) labeled 'Price Sensitive' because its centroid is closest to that segment's prototype reviews (cosine=0.288). Supporting cues: charge(150), rs(122), price(78), money(49), offer(28). Frequent terms: order, service, blinkit, product, time, bad. Example review: ""poor"""
thanks help,Price Sensitive,2,0.2879,"Cluster 2 (n=1736) labeled 'Price Sensitive' because its centroid is closest to that segment's prototype reviews (cosine=0.288). Supporting cues: charge(150), rs(122), price(78), money(49), offer(28). Frequent terms: order, service, blinkit, product, time, bad. Example review: ""poor"""
v good app,Explorers,0,0.0196,"Cluster 0 (n=348) labeled 'Explorers' because its centroid is closest to that segment's prototype reviews (cosine=0.020). Supporting cues: try(1). Frequent terms: service, delivery, blinkit, product, experience, like. Example review: ""good service"""
good app easy convinient grocery,Explorers,0,0.0196,"Cluster 0 (n=348) labeled 'Explorers' because its centroid is closest to that segment's prototype reviews (cosine=0.020). Supporting cues: try(1). Frequent terms: service, delivery, blinkit, product, experience, like. Example review: ""good service"""
average,Price Sensitive,2,0.2879,"Cluster 2 (n=1736) labeled 'Price Sensitive' because its centroid is closest to that segment's prototype reviews (cosine=0.288). Supporting cues: charge(150), rs(122), price(78), money(49), offer(28). Frequent terms: order, service, blinkit, product, time, bad. Example review: ""poor"""
worst delivery app,Routine Buyers,1,0.1454,"Cluster 1 (n=554) labeled 'Routine Buyers' because its centroid is closest to that segment's prototype reviews (cosine=0.145). Supporting cues: always(16), regular(1), usual(1). Frequent terms: delivery, fast, best, service, time, blinkit. Example review: ""super fast delivery"""
time,Price Sensitive,2,0.2879,"Cluster 2 (n=1736) labeled 'Price Sensitive' because its centroid is closest to that segment's prototype reviews (cosine=0.288). Supporting cues: charge(150), rs(122), price(78), money(49), offer(28). Frequent terms: order, service, blinkit, product, time, bad. Example review: ""poor"""
fast delivery,Routine Buyers,1,0.1454,"Cluster 1 (n=554) labeled 'Routine Buyers' because its centroid is closest to that segment's prototype reviews (cosine=0.145). Supporting cues: always(16), regular(1), usual(1). Frequent terms: delivery, fast, best, service, time, blinkit. Example review: ""super fast delivery"""
best app shopping,Routine Buyers,1,0.1454,"Cluster 1 (n=554) labeled 'Routine Buyers' because its centroid is closest to that segment's prototype reviews (cosine=0.145). Supporting cues: always(16), regular(1), usual(1). Frequent terms: delivery, fast, best, service, time, blinkit. Example review: ""super fast delivery"""
experience blinkit good use app since long,Price Sensitive,2,0.2879,"Cluster 2 (n=1736) labeled 'Price Sensitive' because its centroid is closest to that segment's prototype reviews (cosine=0.288). Supporting cues: charge(150), rs(122), price(78), money(49), offer(28). Frequent terms: order, service, blinkit, product, time, bad. Example review: ""poor"""
best food service app,Routine Buyers,1,0.1454,"Cluster 1 (n=554) labeled 'Routine Buyers' because its centroid is closest to that segment's prototype reviews (cosine=0.145). Supporting cues: always(16), regular(1), usual(1). Frequent terms: delivery, fast, best, service, time, blinkit. Example review: ""super fast delivery"""
happy,Price Sensitive,2,0.2879,"Cluster 2 (n=1736) labeled 'Price Sensitive' because its centroid is closest to that segment's prototype reviews (cosine=0.288). Supporting cues: charge(150), rs(122), price(78), money(49), offer(28). Frequent terms: order, service, blinkit, product, time, bad. Example review: ""poor"""
customer care executive mannerless sometimes send product without seal raise complaint dont bother resolve,Price Sensitive,2,0.2879,"Cluster 2 (n=1736) labeled 'Price Sensitive' because its centroid is closest to that segment's prototype reviews (cosine=0.288). Supporting cues: charge(150), rs(122), price(78), money(49), offer(28). Frequent terms: order, service, blinkit, product, time, bad. Example review: ""poor"""
rotten orange,Price Sensitive,2,0.2879,"Cluster 2 (n=1736) labeled 'Price Sensitive' because its centroid is closest to that segment's prototype reviews (cosine=0.288). Supporting cues: charge(150), rs(122), price(78), money(49), offer(28). Frequent terms: order, service, blinkit, product, time, bad. Example review: ""poor"""
awesome experi,Price Sensitive,2,0.2879,"Cluster 2 (n=1736) labeled 'Price Sensitive' because its centroid is closest to that segment's prototype reviews (cosine=0.288). Supporting cues: charge(150), rs(122), price(78), money(49), offer(28). Frequent terms: order, service, blinkit, product, time, bad. Example review: ""poor"""
awesome delivery experience,Routine Buyers,1,0.1454,"Cluster 1 (n=554) labeled 'Routine Buyers' because its centroid is closest to that segment's prototype reviews (cosine=0.145). Supporting cues: always(16), regular(1), usual(1). Frequent terms: delivery, fast, best, service, time, blinkit. Example review: ""super fast delivery"""
wow like fast delivery cheap item like ording amazon flipkart like every item blinkit phone smart watch electronics,Price Sensitive,2,0.2879,"Cluster 2 (n=1736) labeled 'Price Sensitive' because its centroid is closest to that segment's prototype reviews (cosine=0.288). Supporting cues: charge(150), rs(122), price(78), money(49), offer(28). Frequent terms: order, service, blinkit, product, time, bad. Example review: ""poor"""
delivery partner doesnt want come door step,Routine Buyers,1,0.1454,"Cluster 1 (n=554) labeled 'Routine Buyers' because its centroid is closest to that segment's prototype reviews (cosine=0.145). Supporting cues: always(16), regular(1), usual(1). Frequent terms: delivery, fast, best, service, time, blinkit. Example review: ""super fast delivery"""
policy cancellation,Price Sensitive,2,0.2879,"Cluster 2 (n=1736) labeled 'Price Sensitive' because its centroid is closest to that segment's prototype reviews (cosine=0.288). Supporting cues: charge(150), rs(122), price(78), money(49), offer(28). Frequent terms: order, service, blinkit, product, time, bad. Example review: ""poor"""
5star,Price Sensitive,2,0.2879,"Cluster 2 (n=1736) labeled 'Price Sensitive' because its centroid is closest to that segment's prototype reviews (cosine=0.288). Supporting cues: charge(150), rs(122), price(78), money(49), offer(28). Frequent terms: order, service, blinkit, product, time, bad. Example review: ""poor"""
love,Price Sensitive,2,0.2879,"Cluster 2 (n=1736) labeled 'Price Sensitive' because its centroid is closest to that segment's prototype reviews (cosine=0.288). Supporting cues: charge(150), rs(122), price(78), money(49), offer(28). Frequent terms: order, service, blinkit, product, time, bad. Example review: ""poor"""
aap good low coustomer help,Price Sensitive,2,0.2879,"Cluster 2 (n=1736) labeled 'Price Sensitive' because its centroid is closest to that segment's prototype reviews (cosine=0.288). Supporting cues: charge(150), rs(122), price(78), money(49), offer(28). Frequent terms: order, service, blinkit, product, time, bad. Example review: ""poor"""
nice app last minute,Impulse Buyers,3,0.0584,"Cluster 3 (n=180) labeled 'Impulse Buyers' because its centroid is closest to that segment's prototype reviews (cosine=0.058). Supporting cues: quick(4), late night(1). Frequent terms: service, delivery, blinkit, work, much, time. Example review: ""nice"""
ooo,Price Sensitive,2,0.2879,"Cluster 2 (n=1736) labeled 'Price Sensitive' because its centroid is closest to that segment's prototype reviews (cosine=0.288). Supporting cues: charge(150), rs(122), price(78), money(49), offer(28). Frequent terms: order, service, blinkit, product, time, bad. Example review: ""poor"""
give bad product refuse refund,Price Sensitive,2,0.2879,"Cluster 2 (n=1736) labeled 'Price Sensitive' because its centroid is closest to that segment's prototype reviews (cosine=0.288). Supporting cues: charge(150), rs(122), price(78), money(49), offer(28). Frequent terms: order, service, blinkit, product, time, bad. Example review: ""poor"""
good item fast delivery,Routine Buyers,1,0.1454,"Cluster 1 (n=554) labeled 'Routine Buyers' because its centroid is closest to that segment's prototype reviews (cosine=0.145). Supporting cues: always(16), regular(1), usual(1). Frequent terms: delivery, fast, best, service, time, blinkit. Example review: ""super fast delivery"""
fast good app order many thing deliver fast minute thank blinkit,Price Sensitive,2,0.2879,"Cluster 2 (n=1736) labeled 'Price Sensitive' because its centroid is closest to that segment's prototype reviews (cosine=0.288). Supporting cues: charge(150), rs(122), price(78), money(49), offer(28). Frequent terms: order, service, blinkit, product, time, bad. Example review: ""poor"""
oki,Price Sensitive,2,0.2879,"Cluster 2 (n=1736) labeled 'Price Sensitive' because its centroid is closest to that segment's prototype reviews (cosine=0.288). Supporting cues: charge(150), rs(122), price(78), money(49), offer(28). Frequent terms: order, service, blinkit, product, time, bad. Example review: ""poor"""
always time n trust wish see discount special day weekend fruit n dessert,Price Sensitive,2,0.2879,"Cluster 2 (n=1736) labeled 'Price Sensitive' because its centroid is closest to that segment's prototype reviews (cosine=0.288). Supporting cues: charge(150), rs(122), price(78), money(49), offer(28). Frequent terms: order, service, blinkit, product, time, bad. Example review: ""poor"""
good colity,Explorers,0,0.0196,"Cluster 0 (n=348) labeled 'Explorers' because its centroid is closest to that segment's prototype reviews (cosine=0.020). Supporting cues: try(1). Frequent terms: service, delivery, blinkit, product, experience, like. Example review: ""good service"""
sabse ghatia app whole universe,Price Sensitive,2,0.2879,"Cluster 2 (n=1736) labeled 'Price Sensitive' because its centroid is closest to that segment's prototype reviews (cosine=0.288). Supporting cues: charge(150), rs(122), price(78), money(49), offer(28). Frequent terms: order, service, blinkit, product, time, bad. Example review: ""poor"""
fast delivery good,Routine Buyers,1,0.1454,"Cluster 1 (n=554) labeled 'Routine Buyers' because its centroid is closest to that segment's prototype reviews (cosine=0.145). Supporting cues: always(16), regular(1), usual(1). Frequent terms: delivery, fast, best, service, time, blinkit. Example review: ""super fast delivery"""
service first,Price Sensitive,2,0.2879,"Cluster 2 (n=1736) labeled 'Price Sensitive' because its centroid is closest to that segment's prototype reviews (cosine=0.288). Supporting cues: charge(150), rs(122), price(78), money(49), offer(28). Frequent terms: order, service, blinkit, product, time, bad. Example review: ""poor"""
loot people,Price Sensitive,2,0.2879,"Cluster 2 (n=1736) labeled 'Price Sensitive' because its centroid is closest to that segment's prototype reviews (cosine=0.288). Supporting cues: charge(150), rs(122), price(78), money(49), offer(28). Frequent terms: order, service, blinkit, product, time, bad. Example review: ""poor"""
best app fast delivery,Routine Buyers,1,0.1454,"Cluster 1 (n=554) labeled 'Routine Buyers' because its centroid is closest to that segment's prototype reviews (cosine=0.145). Supporting cues: always(16), regular(1), usual(1). Frequent terms: delivery, fast, best, service, time, blinkit. Example review: ""super fast delivery"""
sometimes send rough vegetable stop,Price Sensitive,2,0.2879,"Cluster 2 (n=1736) labeled 'Price Sensitive' because its centroid is closest to that segment's prototype reviews (cosine=0.288). Supporting cues: charge(150), rs(122), price(78), money(49), offer(28). Frequent terms: order, service, blinkit, product, time, bad. Example review: ""poor"""
good prompt service render area keep,Explorers,0,0.0196,"Cluster 0 (n=348) labeled 'Explorers' because its centroid is closest to that segment's prototype reviews (cosine=0.020). Supporting cues: try(1). Frequent terms: service, delivery, blinkit, product, experience, like. Example review: ""good service"""
disappointing experience blinkit order fresh vegetable quality poor vegetable fresh look old already start spoil expect quick grocery delivery service hope blinkit improves quality check deliver product customer,Price Sensitive,2,0.2879,"Cluster 2 (n=1736) labeled 'Price Sensitive' because its centroid is closest to that segment's prototype reviews (cosine=0.288). Supporting cues: charge(150), rs(122), price(78), money(49), offer(28). Frequent terms: order, service, blinkit, product, time, bad. Example review: ""poor"""
delivery delayed,Routine Buyers,1,0.1454,"Cluster 1 (n=554) labeled 'Routine Buyers' because its centroid is closest to that segment's prototype reviews (cosine=0.145). Supporting cues: always(16), regular(1), usual(1). Frequent terms: delivery, fast, best, service, time, blinkit. Example review: ""super fast delivery"""
super speed delivery use full use regularly thank blinkit,Price Sensitive,2,0.2879,"Cluster 2 (n=1736) labeled 'Price Sensitive' because its centroid is closest to that segment's prototype reviews (cosine=0.288). Supporting cues: charge(150), rs(122), price(78), money(49), offer(28). Frequent terms: order, service, blinkit, product, time, bad. Example review: ""poor"""
everythings fine paper bag strong enough cary heavy item one bag give lift weight,Price Sensitive,2,0.2879,"Cluster 2 (n=1736) labeled 'Price Sensitive' because its centroid is closest to that segment's prototype reviews (cosine=0.288). Supporting cues: charge(150), rs(122), price(78), money(49), offer(28). Frequent terms: order, service, blinkit, product, time, bad. Example review: ""poor"""
okk,Price Sensitive,2,0.2879,"Cluster 2 (n=1736) labeled 'Price Sensitive' because its centroid is closest to that segment's prototype reviews (cosine=0.288). Supporting cues: charge(150), rs(122), price(78), money(49), offer(28). Frequent terms: order, service, blinkit, product, time, bad. Example review: ""poor"""
good experience place order dont experience customer help desk,Price Sensitive,2,0.2879,"Cluster 2 (n=1736) labeled 'Price Sensitive' because its centroid is closest to that segment's prototype reviews (cosine=0.288). Supporting cues: charge(150), rs(122), price(78), money(49), offer(28). Frequent terms: order, service, blinkit, product, time, bad. Example review: ""poor"""
app best like thanks blinkit really like app,Price Sensitive,2,0.2879,"Cluster 2 (n=1736) labeled 'Price Sensitive' because its centroid is closest to that segment's prototype reviews (cosine=0.288). Supporting cues: charge(150), rs(122), price(78), money(49), offer(28). Frequent terms: order, service, blinkit, product, time, bad. Example review: ""poor"""
best pack safe product,Routine Buyers,1,0.1454,"Cluster 1 (n=554) labeled 'Routine Buyers' because its centroid is closest to that segment's prototype reviews (cosine=0.145). Supporting cues: always(16), regular(1), usual(1). Frequent terms: delivery, fast, best, service, time, blinkit. Example review: ""super fast delivery"""
simple payment,Price Sensitive,2,0.2879,"Cluster 2 (n=1736) labeled 'Price Sensitive' because its centroid is closest to that segment's prototype reviews (cosine=0.288). Supporting cues: charge(150), rs(122), price(78), money(49), offer(28). Frequent terms: order, service, blinkit, product, time, bad. Example review: ""poor"""
best emergency place,Routine Buyers,1,0.1454,"Cluster 1 (n=554) labeled 'Routine Buyers' because its centroid is closest to that segment's prototype reviews (cosine=0.145). Supporting cues: always(16), regular(1), usual(1). Frequent terms: delivery, fast, best, service, time, blinkit. Example review: ""super fast delivery"""
fast easy,Routine Buyers,1,0.1454,"Cluster 1 (n=554) labeled 'Routine Buyers' because its centroid is closest to that segment's prototype reviews (cosine=0.145). Supporting cues: always(16), regular(1), usual(1). Frequent terms: delivery, fast, best, service, time, blinkit. Example review: ""super fast delivery"""
love blink service unexpected bahut hi jaldi mera order deliver ho gaela,Price Sensitive,2,0.2879,"Cluster 2 (n=1736) labeled 'Price Sensitive' because its centroid is closest to that segment's prototype reviews (cosine=0.288). Supporting cues: charge(150), rs(122), price(78), money(49), offer(28). Frequent terms: order, service, blinkit, product, time, bad. Example review: ""poor"""
good service nice fast service,Routine Buyers,1,0.1454,"Cluster 1 (n=554) labeled 'Routine Buyers' because its centroid is closest to that segment's prototype reviews (cosine=0.145). Supporting cues: always(16), regular(1), usual(1). Frequent terms: delivery, fast, best, service, time, blinkit. Example review: ""super fast delivery"""
first order get cash delivery second dont get cash delivery product 125 convert 210,Routine Buyers,1,0.1454,"Cluster 1 (n=554) labeled 'Routine Buyers' because its centroid is closest to that segment's prototype reviews (cosine=0.145). Supporting cues: always(16), regular(1), usual(1). Frequent terms: delivery, fast, best, service, time, blinkit. Example review: ""super fast delivery"""
delivery guy rude rest good,Explorers,0,0.0196,"Cluster 0 (n=348) labeled 'Explorers' because its centroid is closest to that segment's prototype reviews (cosine=0.020). Supporting cues: try(1). Frequent terms: service, delivery, blinkit, product, experience, like. Example review: ""good service"""
peak,Price Sensitive,2,0.2879,"Cluster 2 (n=1736) labeled 'Price Sensitive' because its centroid is closest to that segment's prototype reviews (cosine=0.288). Supporting cues: charge(150), rs(122), price(78), money(49), offer(28). Frequent terms: order, service, blinkit, product, time, bad. Example review: ""poor"""
good help feature isnt much helpful buy umbrella come faulty report say something go wrong whole timeee curse yuo blinkit,Price Sensitive,2,0.2879,"Cluster 2 (n=1736) labeled 'Price Sensitive' because its centroid is closest to that segment's prototype reviews (cosine=0.288). Supporting cues: charge(150), rs(122), price(78), money(49), offer(28). Frequent terms: order, service, blinkit, product, time, bad. Example review: ""poor"""
support customer option satisfactory,Price Sensitive,2,0.2879,"Cluster 2 (n=1736) labeled 'Price Sensitive' because its centroid is closest to that segment's prototype reviews (cosine=0.288). Supporting cues: charge(150), rs(122), price(78), money(49), offer(28). Frequent terms: order, service, blinkit, product, time, bad. Example review: ""poor"""
cod available,Price Sensitive,2,0.2879,"Cluster 2 (n=1736) labeled 'Price Sensitive' because its centroid is closest to that segment's prototype reviews (cosine=0.288). Supporting cues: charge(150), rs(122), price(78), money(49), offer(28). Frequent terms: order, service, blinkit, product, time, bad. Example review: ""poor"""
fast time po,Routine Buyers,1,0.1454,"Cluster 1 (n=554) labeled 'Routine Buyers' because its centroid is closest to that segment's prototype reviews (cosine=0.145). Supporting cues: always(16), regular(1), usual(1). Frequent terms: delivery, fast, best, service, time, blinkit. Example review: ""super fast delivery"""
love fast delivery,Routine Buyers,1,0.1454,"Cluster 1 (n=554) labeled 'Routine Buyers' because its centroid is closest to that segment's prototype reviews (cosine=0.145). Supporting cues: always(16), regular(1), usual(1). Frequent terms: delivery, fast, best, service, time, blinkit. Example review: ""super fast delivery"""
take hidden delivery charge,Routine Buyers,1,0.1454,"Cluster 1 (n=554) labeled 'Routine Buyers' because its centroid is closest to that segment's prototype reviews (cosine=0.145). Supporting cues: always(16), regular(1), usual(1). Frequent terms: delivery, fast, best, service, time, blinkit. Example review: ""super fast delivery"""
make abhi egg available back location bhavnagar ill uninstall blinkit next 30 day,Price Sensitive,2,0.2879,"Cluster 2 (n=1736) labeled 'Price Sensitive' because its centroid is closest to that segment's prototype reviews (cosine=0.288). Supporting cues: charge(150), rs(122), price(78), money(49), offer(28). Frequent terms: order, service, blinkit, product, time, bad. Example review: ""poor"""
delivery boy deliver current location call 1 km 1 km location ahmednagar good location blink,Routine Buyers,1,0.1454,"Cluster 1 (n=554) labeled 'Routine Buyers' because its centroid is closest to that segment's prototype reviews (cosine=0.145). Supporting cues: always(16), regular(1), usual(1). Frequent terms: delivery, fast, best, service, time, blinkit. Example review: ""super fast delivery"""
app good,Explorers,0,0.0196,"Cluster 0 (n=348) labeled 'Explorers' because its centroid is closest to that segment's prototype reviews (cosine=0.020). Supporting cues: try(1). Frequent terms: service, delivery, blinkit, product, experience, like. Example review: ""good service"""
order egg worth 311 rupee order blinkit time today order 30 tray egg egg visiblygone day bug rotten egg first time order even reach coaster care ai give 311 rupee worth bloody coupon even refund properly poor experienceand quality,Price Sensitive,2,0.2879,"Cluster 2 (n=1736) labeled 'Price Sensitive' because its centroid is closest to that segment's prototype reviews (cosine=0.288). Supporting cues: charge(150), rs(122), price(78), money(49), offer(28). Frequent terms: order, service, blinkit, product, time, bad. Example review: ""poor"""
good app fast service,Routine Buyers,1,0.1454,"Cluster 1 (n=554) labeled 'Routine Buyers' because its centroid is closest to that segment's prototype reviews (cosine=0.145). Supporting cues: always(16), regular(1), usual(1). Frequent terms: delivery, fast, best, service, time, blinkit. Example review: ""super fast delivery"""
slow,Price Sensitive,2,0.2879,"Cluster 2 (n=1736) labeled 'Price Sensitive' because its centroid is closest to that segment's prototype reviews (cosine=0.288). Supporting cues: charge(150), rs(122), price(78), money(49), offer(28). Frequent terms: order, service, blinkit, product, time, bad. Example review: ""poor"""
time take much time open,Price Sensitive,2,0.2879,"Cluster 2 (n=1736) labeled 'Price Sensitive' because its centroid is closest to that segment's prototype reviews (cosine=0.288). Supporting cues: charge(150), rs(122), price(78), money(49), offer(28). Frequent terms: order, service, blinkit, product, time, bad. Example review: ""poor"""
time r wron,Price Sensitive,2,0.2879,"Cluster 2 (n=1736) labeled 'Price Sensitive' because its centroid is closest to that segment's prototype reviews (cosine=0.288). Supporting cues: charge(150), rs(122), price(78), money(49), offer(28). Frequent terms: order, service, blinkit, product, time, bad. Example review: ""poor"""
nice 10000001000000 good,Impulse Buyers,3,0.0584,"Cluster 3 (n=180) labeled 'Impulse Buyers' because its centroid is closest to that segment's prototype reviews (cosine=0.058). Supporting cues: quick(4), late night(1). Frequent terms: service, delivery, blinkit, work, much, time. Example review: ""nice"""
bad exp,Price Sensitive,2,0.2879,"Cluster 2 (n=1736) labeled 'Price Sensitive' because its centroid is closest to that segment's prototype reviews (cosine=0.288). Supporting cues: charge(150), rs(122), price(78), money(49), offer(28). Frequent terms: order, service, blinkit, product, time, bad. Example review: ""poor"""
amzing,Price Sensitive,2,0.2879,"Cluster 2 (n=1736) labeled 'Price Sensitive' because its centroid is closest to that segment's prototype reviews (cosine=0.288). Supporting cues: charge(150), rs(122), price(78), money(49), offer(28). Frequent terms: order, service, blinkit, product, time, bad. Example review: ""poor"""
3rd class delivery time,Routine Buyers,1,0.1454,"Cluster 1 (n=554) labeled 'Routine Buyers' because its centroid is closest to that segment's prototype reviews (cosine=0.145). Supporting cues: always(16), regular(1), usual(1). Frequent terms: delivery, fast, best, service, time, blinkit. Example review: ""super fast delivery"""
useful diet coke always available fav owner daughter,Price Sensitive,2,0.2879,"Cluster 2 (n=1736) labeled 'Price Sensitive' because its centroid is closest to that segment's prototype reviews (cosine=0.288). Supporting cues: charge(150), rs(122), price(78), money(49), offer(28). Frequent terms: order, service, blinkit, product, time, bad. Example review: ""poor"""
let delivery,Routine Buyers,1,0.1454,"Cluster 1 (n=554) labeled 'Routine Buyers' because its centroid is closest to that segment's prototype reviews (cosine=0.145). Supporting cues: always(16), regular(1), usual(1). Frequent terms: delivery, fast, best, service, time, blinkit. Example review: ""super fast delivery"""
timely service reliable always,Price Sensitive,2,0.2879,"Cluster 2 (n=1736) labeled 'Price Sensitive' because its centroid is closest to that segment's prototype reviews (cosine=0.288). Supporting cues: charge(150), rs(122), price(78), money(49), offer(28). Frequent terms: order, service, blinkit, product, time, bad. Example review: ""poor"""
really good apps quick service,Price Sensitive,2,0.2879,"Cluster 2 (n=1736) labeled 'Price Sensitive' because its centroid is closest to that segment's prototype reviews (cosine=0.288). Supporting cues: charge(150), rs(122), price(78), money(49), offer(28). Frequent terms: order, service, blinkit, product, time, bad. Example review: ""poor"""
nicear,Price Sensitive,2,0.2879,"Cluster 2 (n=1736) labeled 'Price Sensitive' because its centroid is closest to that segment's prototype reviews (cosine=0.288). Supporting cues: charge(150), rs(122), price(78), money(49), offer(28). Frequent terms: order, service, blinkit, product, time, bad. Example review: ""poor"""
good experience get free consultation doctor order medicine feel thankful app,Price Sensitive,2,0.2879,"Cluster 2 (n=1736) labeled 'Price Sensitive' because its centroid is closest to that segment's prototype reviews (cosine=0.288). Supporting cues: charge(150), rs(122), price(78), money(49), offer(28). Frequent terms: order, service, blinkit, product, time, bad. Example review: ""poor"""
