Review,Rating,Date,Helpful Count
very good service,5,2026-07-31 14:02:32 UTC,0
very poor 👎,1,2026-07-31 14:02:31 UTC,0
good,4,2026-07-31 14:01:21 UTC,0
very bad because it's showing time in 10 min. and doing delivered in one hour,1,2026-07-31 13:59:54 UTC,0
great job 👍,5,2026-07-31 13:59:50 UTC,0
there is no sufficient quantity of tinda.,3,2026-07-31 13:59:48 UTC,0
good,4,2026-07-31 13:58:57 UTC,0
good,3,2026-07-31 13:57:39 UTC,0
Good,5,2026-07-31 13:57:25 UTC,0
so good,5,2026-07-31 13:56:56 UTC,0
good,5,2026-07-31 13:55:56 UTC,0
good,1,2026-07-31 13:55:48 UTC,0
nice 👍🙂,5,2026-07-31 13:54:30 UTC,0
nice and vere helpfull app and very kind delivery partner,5,2026-07-31 13:54:24 UTC,0
horrible customer care service,1,2026-07-31 13:54:15 UTC,0
nice prectice n thks,4,2026-07-31 13:53:58 UTC,0
really great!!!!!!!,5,2026-07-31 13:53:08 UTC,0
"super fast delivery,",5,2026-07-31 13:53:00 UTC,0
best 😘,4,2026-07-31 13:52:57 UTC,0
good secives,5,2026-07-31 13:52:55 UTC,0
Nice,3,2026-07-31 13:51:58 UTC,0
best service,5,2026-07-31 13:51:07 UTC,0
good,5,2026-07-31 13:51:06 UTC,0
good app nice,5,2026-07-31 13:50:04 UTC,0
nice service,5,2026-07-31 13:49:45 UTC,0
Good,5,2026-07-31 13:49:06 UTC,0
👍 Good,5,2026-07-31 13:47:21 UTC,0
nice 👍,5,2026-07-31 13:46:32 UTC,0
Very helpful,5,2026-07-31 13:46:25 UTC,0
V.good,5,2026-07-31 13:44:41 UTC,0
nice,4,2026-07-31 13:44:34 UTC,0
good,2,2026-07-31 13:43:33 UTC,0
this app is very best app,5,2026-07-31 13:42:40 UTC,0
good service,5,2026-07-31 13:41:20 UTC,0
High price,5,2026-07-31 13:40:50 UTC,0
Good,5,2026-07-31 13:40:46 UTC,0
no option to add upi email,1,2026-07-31 13:40:44 UTC,0
oho,5,2026-07-31 13:40:42 UTC,0
good.,5,2026-07-31 13:40:18 UTC,0
very fast delivery app and super,5,2026-07-31 13:40:11 UTC,0
good,2,2026-07-31 13:39:48 UTC,0
nice,4,2026-07-31 13:39:35 UTC,0
fast service,4,2026-07-31 13:39:16 UTC,0
excellent,5,2026-07-31 13:39:10 UTC,0
good job,5,2026-07-31 13:36:58 UTC,0
best app,5,2026-07-31 13:36:40 UTC,0
lower price.,5,2026-07-31 13:34:03 UTC,0
"I haven't receive my order, where is my products, I already paid you, and even you didn't pick up my call. This is my first order and you scam me like this.",1,2026-07-31 13:32:50 UTC,0
Paise loot liye mere,1,2026-07-31 13:32:26 UTC,0
good service,5,2026-07-31 13:32:08 UTC,0
good,5,2026-07-31 13:31:27 UTC,0
very good app,5,2026-07-31 13:30:42 UTC,0
nice,5,2026-07-31 13:29:27 UTC,0
best app,5,2026-07-31 13:28:28 UTC,0
Good,5,2026-07-31 13:27:36 UTC,0
to many late,1,2026-07-31 13:26:15 UTC,0
Insanely fast and super convenient 10/10 recommended,5,2026-07-31 13:25:47 UTC,0
super,4,2026-07-31 13:25:39 UTC,0
very bad service in himmatnagar order does not place in correct timing always late,1,2026-07-31 13:24:31 UTC,0
fast and reliable serveice,5,2026-07-31 13:24:11 UTC,0
It was a very bad experience as I have received torn packet and sticky chicken pieces,1,2026-07-31 13:23:59 UTC,0
ok 👌,3,2026-07-31 13:22:13 UTC,0
well in time but please clarify handling charges,5,2026-07-31 13:22:02 UTC,0
very good..timely,5,2026-07-31 13:22:02 UTC,0
fast,5,2026-07-31 13:20:05 UTC,0
best app,5,2026-07-31 13:19:53 UTC,0
very nice,5,2026-07-31 13:19:40 UTC,0
rete full hy,1,2026-07-31 13:17:07 UTC,0
nice,5,2026-07-31 13:16:01 UTC,0
very very good 👍 bahut achchha app he,5,2026-07-31 13:15:47 UTC,0
it was showing free delivery again i could see the charges.,1,2026-07-31 13:15:43 UTC,0
"I frequently order from this app even after high handling charges and convenience charges. Today I received a wrong product and even though it's replaceable on the app, the customer service guy Priyanshu flatly refused to either refund or replace the item. He is even refusing to end the chat and disconnect. some days back another customer service guy who had called me for some technical issues, was extremely rude and unprofessional. Thank God Amazon has launched an emergency order section.",1,2026-07-31 13:15:40 UTC,0
good,5,2026-07-31 13:15:06 UTC,0
wonderful experience,5,2026-07-31 13:14:10 UTC,0
Good,4,2026-07-31 13:14:01 UTC,0
good app,5,2026-07-31 13:13:45 UTC,0
Good 👍😊,5,2026-07-31 13:12:16 UTC,0
very good service!,5,2026-07-31 13:12:00 UTC,0
More than loving this app I truly respect Blinkit because it has never failed in their commitment. keep up the good work. and Thank You for your service.,5,2026-07-31 13:11:33 UTC,0
Good 👍,5,2026-07-31 13:11:33 UTC,0
good experience,5,2026-07-31 13:10:47 UTC,0
"fruady app,,,",1,2026-07-31 13:10:18 UTC,0
good,5,2026-07-31 13:10:16 UTC,0
excellent,5,2026-07-31 13:10:10 UTC,0
Good service,5,2026-07-31 13:09:34 UTC,0
Vegetables not fresh,1,2026-07-31 13:09:27 UTC,0
good,4,2026-07-31 13:08:16 UTC,0
platform fee should not be applicable and discounts do not level up to Zepto,2,2026-07-31 13:08:03 UTC,0
good,4,2026-07-31 13:07:47 UTC,0
say that order is near e but order is delay oeder,2,2026-07-31 13:06:01 UTC,0
no exchange policy no cooperation,1,2026-07-31 13:05:48 UTC,0
they deliver fast. but the quality is not always good.. it's mostly below average. Use only when absolutely urgent... and still u might be disappointed.,3,2026-07-31 13:05:33 UTC,0
👍,5,2026-07-31 13:04:13 UTC,0
very good,5,2026-07-31 13:04:09 UTC,0
I ordered a boat wireless earbuds but got an empty box and customer service team is not responsive,1,2026-07-31 13:03:13 UTC,0
I order everything from blinkit even electronic machine also and it always works good and It delivers everything under 15 minutes,5,2026-07-31 13:03:07 UTC,0
supar aap,5,2026-07-31 13:02:32 UTC,0
😋,5,2026-07-31 13:02:30 UTC,0
this app 🖐️,5,2026-07-31 13:02:19 UTC,0
"Hey, one item's missing from my order and the sealed bag's open. I tried reaching customer care, but they didn't respond. After trying multiple times, they finally connected via chat after 2 days, told me they sent a sealed one, and then disconnected. I even have video proof, and they didn't check anything.",1,2026-07-31 13:01:44 UTC,0
nicee,5,2026-07-31 13:00:47 UTC,0
good 👍,5,2026-07-31 12:59:56 UTC,0
good,4,2026-07-31 12:58:53 UTC,0
give fresh products and reduce price for fruits,5,2026-07-31 12:58:51 UTC,0
ok good now,5,2026-07-31 12:58:27 UTC,0
amazing,5,2026-07-31 12:58:27 UTC,0
the app is good but when we do oder I will said buy for 99 when we buy for 99 it increases and it happens buy 199 to get free dilvery according to me blink is not good at for dilvery I thing I take extra charges in the form of dilvery charges,1,2026-07-31 12:58:21 UTC,0
good 👍🏻,5,2026-07-31 12:54:41 UTC,0
good,5,2026-07-31 12:52:48 UTC,0
nice,5,2026-07-31 12:52:06 UTC,0
good,5,2026-07-31 12:49:21 UTC,1
"Never order food items from Blinkit. They never stop selling expired food items! I ordered the most expensive milk packets. One of the milk packet expired 2 days ago! It was all curdled & smelly when the packet was opened. The only way to contact customer care is by email. Despite sharing the images and concern, they shamelessly say that they don't keep expired milk! Openly cheating customers! Go check your mail for order & images frauds!!",1,2026-07-31 12:49:01 UTC,1
most of the things sort with this app,4,2026-07-31 12:48:47 UTC,0
easy and convinient,5,2026-07-31 12:48:40 UTC,0
nice,5,2026-07-31 12:48:28 UTC,0
vary good,5,2026-07-31 12:48:04 UTC,0
very useless app ever I seen. i paced order mistakenly but here is no option to cancel it just placed order is in less than a minute. this app is a fraud. don't use it.,1,2026-07-31 12:48:02 UTC,0
nice,5,2026-07-31 12:48:00 UTC,0
good,5,2026-07-31 12:46:59 UTC,0
good,5,2026-07-31 12:46:24 UTC,0
excellent 👍,5,2026-07-31 12:45:32 UTC,0
some time delivery charges havi.,4,2026-07-31 12:45:24 UTC,0
delivery in just minutes,5,2026-07-31 12:45:23 UTC,0
all over good,5,2026-07-31 12:45:15 UTC,0
good,4,2026-07-31 12:44:35 UTC,0
convenient and time saving,5,2026-07-31 12:43:02 UTC,0
good 👍,5,2026-07-31 12:42:17 UTC,0
Ispe se online electronic product mangwane pr wo khrab aajye usme koi issu ho to ye nato return krte h na exchange bol kh dete h hmari trf se product bhej diya h ab aap dekhiye ham isme kuch nhi kr skte ye hmari policy me nhi aata LOL Total money waste,1,2026-07-31 12:41:08 UTC,0
very poor services. specialy riders are not cooprative,1,2026-07-31 12:41:06 UTC,0
says failed payment but payment went and made us oder the same thing twice,3,2026-07-31 12:40:41 UTC,0
I had really terrible experience with them firsty I didn't receive my charger which I order and they gave me some local company charger second the charger was in a very terrible condition and yet the customer care service said you have received what you have order I will only change if it was not in a workable condition and my hard earned money 500 rupees goes to waste please do not order on blinkit it is a total scam going on there,1,2026-07-31 12:40:34 UTC,0
excellent👍,5,2026-07-31 12:40:27 UTC,0
payment option not available in this time,3,2026-07-31 12:40:25 UTC,0
good offer,5,2026-07-31 12:40:12 UTC,0
"We know you are all frauds and you are ordering because you are not satisfied. You say free delivery if you order 143 and then when it is 174 rupees, when you show the place order, it is 187 before you give an option to know how it was added. Why don't you give it to thieves?",1,2026-07-31 12:40:04 UTC,0
very good 👍,5,2026-07-31 12:38:13 UTC,0
Good,5,2026-07-31 12:37:31 UTC,0
nice,5,2026-07-31 12:37:01 UTC,0
"always late and wrong orders milk always old , too much handling delivery charges.If you will Stop doing blinkit lot of money you can save it",1,2026-07-31 12:36:48 UTC,0
Bast app,5,2026-07-31 12:36:22 UTC,0
great all delivery,5,2026-07-31 12:35:33 UTC,0
good service,5,2026-07-31 12:35:00 UTC,0
Good blinkit,5,2026-07-31 12:32:14 UTC,0
Services Good.....but high Delivery charges....,1,2026-07-31 12:31:42 UTC,0
charges are high for delivery,1,2026-07-31 12:30:43 UTC,0
doesn't gives back refund even after calling multiple times. Think before ordering,2,2026-07-31 12:30:10 UTC,0
it deliver at time and good product,5,2026-07-31 12:26:28 UTC,0
Reasonable price and fresh stock,5,2026-07-31 12:25:36 UTC,0
make this service available in gunupur also,5,2026-07-31 12:23:48 UTC,0
115 ka item dikha kar 150 me aa rha h,1,2026-07-31 12:23:00 UTC,0
😋,5,2026-07-31 12:21:54 UTC,0
very nice& fast service 👍🏻,5,2026-07-31 12:21:51 UTC,0
mast,4,2026-07-31 12:21:11 UTC,0
nice,5,2026-07-31 12:19:51 UTC,0
higher price than mrp,3,2026-07-31 12:18:19 UTC,0
good,3,2026-07-31 12:17:27 UTC,0
service is very good,5,2026-07-31 12:16:49 UTC,0
hustle free quick shopping online that to too on same price as offline,5,2026-07-31 12:14:05 UTC,0
best service,5,2026-07-31 12:13:12 UTC,0
good,5,2026-07-31 12:12:16 UTC,0
USELESS APP. no service in my area,1,2026-07-31 12:10:56 UTC,0
good,5,2026-07-31 12:10:28 UTC,0
excellent,3,2026-07-31 12:10:26 UTC,0
"i don't own but it's good app , then also they sell on mrp príce",5,2026-07-31 12:08:12 UTC,0
Able to reach customer executive Mahvish and she initiated a refund for short items. Well done Mahvish,5,2026-07-31 12:08:03 UTC,0
nice 👍,5,2026-07-31 12:06:19 UTC,0
high prize,1,2026-07-31 12:05:39 UTC,0
this is very useful,5,2026-07-31 12:05:29 UTC,0
nice,4,2026-07-31 12:03:41 UTC,0
good,5,2026-07-31 12:02:07 UTC,0
very good service and very goid quality,5,2026-07-31 12:02:04 UTC,0
Good Wark,4,2026-07-31 12:01:51 UTC,0
CHAKKI AATA MANGWAYA KALL HI..AESA HAI JAISE SHISHA PISA GAYA HO KOI COUSTOMER SUPPORT NHI HAI...NA KAHI SE BADLNE KA OPTION AA RAHA HAI...MERE PAISE BARBAD HO GAYE.BINA BAAT.....,1,2026-07-31 12:00:48 UTC,0
v good,5,2026-07-31 12:00:46 UTC,0
very good 👍 refund,5,2026-07-31 12:00:19 UTC,0
ok,5,2026-07-31 11:59:43 UTC,0
Nice,5,2026-07-31 11:58:05 UTC,0
💝,5,2026-07-31 11:58:02 UTC,0
good app,5,2026-07-31 11:57:38 UTC,0
good,2,2026-07-31 11:57:37 UTC,0
good,4,2026-07-31 11:56:12 UTC,0
good and affordable,5,2026-07-31 11:55:27 UTC,0
delivery partner's location isn't showing in this application,1,2026-07-31 11:55:22 UTC,0
very good service,5,2026-07-31 11:54:33 UTC,0
gud to use,5,2026-07-31 11:54:13 UTC,0
👍👍,5,2026-07-31 11:53:26 UTC,0
"very good service, fast delivery every time",5,2026-07-31 11:52:42 UTC,0
very good,5,2026-07-31 11:52:30 UTC,0
good delivery app,4,2026-07-31 11:52:24 UTC,0
good,5,2026-07-31 11:51:07 UTC,0
good onee,4,2026-07-31 11:50:23 UTC,0
very good,5,2026-07-31 11:48:36 UTC,0
The Dilivery Is on time I like it 👍,4,2026-07-31 11:46:22 UTC,0
good,5,2026-07-31 11:45:20 UTC,0
best on best 10/10,5,2026-07-31 11:44:44 UTC,0
good,5,2026-07-31 11:44:21 UTC,0
సూపర్,5,2026-07-31 11:42:31 UTC,0
👍🏻,5,2026-07-31 11:41:53 UTC,0
Minimum Order too Hight ₹149/-,1,2026-07-31 11:41:42 UTC,0
good app,5,2026-07-31 11:41:12 UTC,0
good,5,2026-07-31 11:39:54 UTC,0
very very poor packing items was dirty In three items also they don't gave hand bag.,1,2026-07-31 11:38:30 UTC,1
best delivery aap,5,2026-07-31 11:37:56 UTC,0
good,5,2026-07-31 11:37:51 UTC,0
very good service,5,2026-07-31 11:37:16 UTC,0
very nice,5,2026-07-31 11:35:48 UTC,1
good,5,2026-07-31 11:33:54 UTC,0
fast service i love it,5,2026-07-31 11:33:41 UTC,0
very good,5,2026-07-31 11:33:29 UTC,0
gode,1,2026-07-31 11:32:25 UTC,0
100 ki shopping pe hi free delivery laga do yaar,2,2026-07-31 11:31:58 UTC,0
❤️❤️❤️❤️,5,2026-07-31 11:31:24 UTC,0
nic,5,2026-07-31 11:30:19 UTC,0
good,5,2026-07-31 11:29:57 UTC,0
best,5,2026-07-31 11:29:56 UTC,0
blinkit application are totally froud and fake kuch ordar kro assistant bhi batmeez hai miss prachi do not buy any product blinkit price kuch dikhate hai milta kuch or hai support se contact kro to koi help nhi policy bhi hai 7 day's Replacement but do not follow the policy,1,2026-07-31 11:28:15 UTC,0
👍,5,2026-07-31 11:27:08 UTC,0
nice,5,2026-07-31 11:26:29 UTC,0
good,5,2026-07-31 11:26:20 UTC,0
soooper staaaar services. kudos,5,2026-07-31 11:24:17 UTC,1
Great 👍🏻,5,2026-07-31 11:22:54 UTC,0
best best best I don't have words ❤️,5,2026-07-31 11:22:19 UTC,0
nice,3,2026-07-31 11:22:01 UTC,0
good,5,2026-07-31 11:19:30 UTC,0
nice,4,2026-07-31 11:18:59 UTC,0
🤩,5,2026-07-31 11:18:46 UTC,0
Missing order but support team is too busy even to have a conversation. either support hours are closed or support executives are too busy to handle all requests.,1,2026-07-31 11:18:33 UTC,0
very good,5,2026-07-31 11:17:13 UTC,0
good appp for lazy person like mee 🤣🤣,5,2026-07-31 11:17:07 UTC,0
Good quick service,5,2026-07-31 11:17:01 UTC,0
good,5,2026-07-31 11:16:40 UTC,0
"same market price, expecting some discount from market price",5,2026-07-31 11:16:13 UTC,0
this is best aap,5,2026-07-31 11:15:04 UTC,0
1st delivery 👍,5,2026-07-31 11:12:23 UTC,0
good,4,2026-07-31 11:11:56 UTC,0
"I didn't thought that this popular app would turn out to be a total disappointment I had ordered few items one of them was this cake ice cream , I opened it and saw it was half eaten and when I called to ask for a refund they refused saying it wasn't their fault and blah blah blah....really blinkit!? I had no issues with it what so ever until this happened sorry (not sorry) but I am uninstalling this app",2,2026-07-31 11:08:56 UTC,0
Good 👍🏻,4,2026-07-31 11:08:09 UTC,0
good,5,2026-07-31 11:06:43 UTC,0
price is high a little bit,4,2026-07-31 11:06:33 UTC,1
Great,5,2026-07-31 11:06:18 UTC,0
good and fast,5,2026-07-31 11:06:12 UTC,0
nice aap,5,2026-07-31 11:05:50 UTC,0
Thanks to all the delivery partners who travel everyday and bring us our products.,5,2026-07-31 11:04:30 UTC,0
i like it,5,2026-07-31 11:03:46 UTC,0
ok,5,2026-07-31 11:01:43 UTC,0
fast service,5,2026-07-31 11:01:12 UTC,0
very poor. we can not cancel the order after placing once.,1,2026-07-31 11:01:06 UTC,0
Charges are high as compared to zepto,2,2026-07-31 11:00:29 UTC,0
So helful for me toh getting various items from market🥰🥰,5,2026-07-31 10:58:35 UTC,0
fabulous treatment,5,2026-07-31 10:57:52 UTC,0
good,5,2026-07-31 10:57:25 UTC,1
✌️,5,2026-07-31 10:56:11 UTC,0
amazing app i like it,5,2026-07-31 10:55:23 UTC,1
good,5,2026-07-31 10:54:13 UTC,0
good 👍,5,2026-07-31 10:53:47 UTC,0
good,5,2026-07-31 10:53:45 UTC,0
500 above delivery free,4,2026-07-31 10:53:40 UTC,0
delivery so fast,5,2026-07-31 10:53:21 UTC,0
niche,5,2026-07-31 10:53:11 UTC,0
super,5,2026-07-31 10:53:04 UTC,0
very good Blinkit,5,2026-07-31 10:52:23 UTC,0
very good,5,2026-07-31 10:51:30 UTC,0
best h fast delivery aati h,5,2026-07-31 10:51:17 UTC,0
Use this app,5,2026-07-31 10:48:49 UTC,0
best,5,2026-07-31 10:46:23 UTC,0
Absolute Gem! Saves your day although delivery charges are a bit pricier.,5,2026-07-31 10:44:52 UTC,0
Good 👍,5,2026-07-31 10:44:29 UTC,0
useful,5,2026-07-31 10:43:26 UTC,0
good,5,2026-07-31 10:43:21 UTC,0
bahut Piyara,5,2026-07-31 10:42:26 UTC,0
Very Poor service. Maximum days service not available cheating. pls notice the customer service,1,2026-07-31 10:41:25 UTC,0
good,5,2026-07-31 10:40:56 UTC,0
Prices are higher than other platforms and charging extra for various reasons.,1,2026-07-31 10:40:40 UTC,0
good and fastest delivery,5,2026-07-31 10:40:00 UTC,0
👌👌,5,2026-07-31 10:38:36 UTC,1
way too much time to address location 😕,1,2026-07-31 10:38:29 UTC,0
Good.,5,2026-07-31 10:38:22 UTC,0
some time it's give product expiry,4,2026-07-31 10:38:20 UTC,0
Best,5,2026-07-31 10:36:42 UTC,0
IT IS VERY HIGH LEVEL APP 👌,5,2026-07-31 10:35:19 UTC,0
"Twice, blinkit has not sent the printouts i had ordered.",1,2026-07-31 10:32:42 UTC,0
Good service,5,2026-07-31 10:32:37 UTC,0
very good survice,5,2026-07-31 10:32:35 UTC,0
good,5,2026-07-31 10:24:36 UTC,0
good,4,2026-07-31 10:22:55 UTC,0
good,5,2026-07-31 10:21:36 UTC,0
good service 👍🏻,5,2026-07-31 10:19:53 UTC,0
good,5,2026-07-31 10:19:50 UTC,0
good,4,2026-07-31 10:18:41 UTC,0
too much good i can't explain,5,2026-07-31 10:18:16 UTC,0
great 😃,5,2026-07-31 10:18:11 UTC,0
fast service good app,5,2026-07-31 10:18:10 UTC,0
not free delivery option,1,2026-07-31 10:18:01 UTC,0
every time asking for change never bring some changes,4,2026-07-31 10:15:24 UTC,0
not so good,2,2026-07-31 10:15:16 UTC,0
blinkit is very fast app and very convenient,4,2026-07-31 10:14:43 UTC,0
hooo,5,2026-07-31 10:14:18 UTC,0
best for fastly delivery,5,2026-07-31 10:12:21 UTC,0
not good because delevery charge more,5,2026-07-31 10:11:40 UTC,0
awesome,5,2026-07-31 10:11:29 UTC,0
good,5,2026-07-31 10:11:15 UTC,0
Cool,5,2026-07-31 10:10:01 UTC,0
nice,4,2026-07-31 10:09:10 UTC,0
it's good,5,2026-07-31 10:08:28 UTC,0
superb app 👌,5,2026-07-31 10:07:58 UTC,0
😊😊😊,5,2026-07-31 10:06:44 UTC,0
gud,5,2026-07-31 10:06:14 UTC,0
delivery partner not pick up my phone,1,2026-07-31 10:06:02 UTC,0
good,5,2026-07-31 10:05:17 UTC,0
I love Blinkit,5,2026-07-31 10:05:17 UTC,0
👍,4,2026-07-31 10:04:53 UTC,0
nice app user friendly quick service,5,2026-07-31 10:04:46 UTC,0
best app,5,2026-07-31 10:04:42 UTC,0
nice 👍👍,4,2026-07-31 10:04:12 UTC,0
good service,4,2026-07-31 10:03:50 UTC,0
good,5,2026-07-31 10:03:06 UTC,0
nice,5,2026-07-31 10:03:02 UTC,0
ब्लिंकिट है तो मुमकिन है❤️,5,2026-07-31 10:02:57 UTC,0
good 😊,5,2026-07-31 10:02:52 UTC,0
good service,1,2026-07-31 10:02:37 UTC,0
very fast Wow,5,2026-07-31 09:59:52 UTC,0
nice,5,2026-07-31 09:59:19 UTC,0
best app for delivery service,5,2026-07-31 09:58:24 UTC,0
very convenient. ❣️❣️,5,2026-07-31 09:58:01 UTC,0
"Fast delivery, reliable service, and very useful during emergencies. Blinkit has made getting essential items quick and convenient.",5,2026-07-31 09:57:16 UTC,0
very good option,5,2026-07-31 09:55:52 UTC,0
ok it's good,5,2026-07-31 09:55:33 UTC,0
worst app totally fraud amount debited order not placed and refund also not issued,1,2026-07-31 09:52:07 UTC,0
I ordered fish in this app after eating our health became very bad condition we got fever the company say the return policy expires we can't help and we can't refund money back it was not in chilled condition please don't use this app it's scam the support executives also not responding,1,2026-07-31 09:51:02 UTC,0
vere good 👍,5,2026-07-31 09:50:56 UTC,0
great,5,2026-07-31 09:50:11 UTC,0
"it was the best app for urgent delivery and stuff but now it doesn't have COD available and as a non online payment user, this is so not it. it keeps showing ""This payment method is not available for the moment"" and that moment has been going on since the last 3 months (╯°□°）╯",1,2026-07-31 09:49:16 UTC,0
good service,5,2026-07-31 09:48:48 UTC,0
really good blinkit 🙂,4,2026-07-31 09:48:38 UTC,0
fake time of arrival is shown in customers display display time and actual time is difference. may I know how many seconds are there in one minute as standard time and display time having lots of difference.,1,2026-07-31 09:48:23 UTC,0
Nice,5,2026-07-31 09:47:29 UTC,0
"disgusting, support executive,",1,2026-07-31 09:47:15 UTC,0
boo yeah,5,2026-07-31 09:46:08 UTC,0
good service,5,2026-07-31 09:44:59 UTC,0
good service 👍,5,2026-07-31 09:44:26 UTC,0
nice app 👍,5,2026-07-31 09:43:20 UTC,0
good,5,2026-07-31 09:39:22 UTC,0
"very helpful app in emergency , fast and good service 😃😃😃😃😃😃😃😃😃😃😃😃😃😃😃😃😃✨✨✨✨",5,2026-07-31 09:38:59 UTC,0
best quality products delivers in 10 minutes,5,2026-07-31 09:38:33 UTC,0
thank u,5,2026-07-31 09:36:09 UTC,0
blinking is very fast service,3,2026-07-31 09:33:58 UTC,0
good,5,2026-07-31 09:31:26 UTC,0
good,5,2026-07-31 09:31:25 UTC,0
please alwayss make cash on delivery 😅😅,5,2026-07-31 09:30:49 UTC,0
delay in delivery and show us that unable to fetch delivery boys location 🤬🤬🤬,1,2026-07-31 09:30:08 UTC,0
great I mean it literally saved me from a huge event in my home we needed emergency first aid and thanks a lot you guys and the team 🤍,5,2026-07-31 09:29:42 UTC,0
good,3,2026-07-31 09:29:33 UTC,0
best,5,2026-07-31 09:28:53 UTC,0
Very much helpful for getting household items. Especially for elderly peoples. Thankyou Blinkit.,5,2026-07-31 09:27:26 UTC,0
very nice service,5,2026-07-31 09:27:17 UTC,0
good,5,2026-07-31 09:25:56 UTC,0
Good App,5,2026-07-31 09:25:55 UTC,0
bad platform,1,2026-07-31 09:25:41 UTC,0
well app,5,2026-07-31 09:24:42 UTC,0
good service 👍,5,2026-07-31 09:24:40 UTC,0
best app for home grocery,5,2026-07-31 09:23:57 UTC,0
The work of the delivery persons is great and I really appreciate their efforts. Thanks blinkit for this much help🙂,5,2026-07-31 09:23:44 UTC,0
good in emargency,5,2026-07-31 09:22:49 UTC,0
Very good,5,2026-07-31 09:22:36 UTC,0
good,5,2026-07-31 09:21:51 UTC,0
Cool drink is not chilled while getting,1,2026-07-31 09:21:31 UTC,0
bahut sunder,5,2026-07-31 09:20:54 UTC,0
good,5,2026-07-31 09:19:59 UTC,0
the delivery charges are so much 🙄,3,2026-07-31 09:19:00 UTC,0
very good,5,2026-07-31 09:18:58 UTC,0
i love this app ✨,5,2026-07-31 09:18:33 UTC,0
ok,5,2026-07-31 09:17:45 UTC,0
best app,5,2026-07-31 09:16:11 UTC,0
Good app.. Very fast delivery...,5,2026-07-31 09:16:10 UTC,0
good,5,2026-07-31 09:16:06 UTC,0
good App,5,2026-07-31 09:15:14 UTC,0
excellent work,5,2026-07-31 09:14:38 UTC,0
perfect app 💯 can order the items easily and is affordable too .,5,2026-07-31 09:14:11 UTC,0
nice,5,2026-07-31 09:13:04 UTC,0
best hai,5,2026-07-31 09:09:43 UTC,0
Good 👍,5,2026-07-31 09:08:27 UTC,0
"I ordered two items a long time ago, but the delivery person handed over only one item while charging me the price for both.No money was refunded even after I informed them about the matter.Perhaps they(#blinkit) thought of it as a minor incident.",1,2026-07-31 09:07:52 UTC,0
good,1,2026-07-31 09:07:05 UTC,0
communication skills poor,4,2026-07-31 09:04:06 UTC,0
very poor system. not update location in app properly.. I am so survive lot of my valuable time for just add my location in app. also delivary man are very ugly behave ....,1,2026-07-31 09:02:13 UTC,0
good,5,2026-07-31 09:02:01 UTC,0
why do you not provide in my area that's annoying 😭,1,2026-07-31 09:01:40 UTC,0
Superb,5,2026-07-31 08:58:55 UTC,0
good,5,2026-07-31 08:58:04 UTC,0
luvvv this app..!!,5,2026-07-31 08:57:28 UTC,0
good very well,5,2026-07-31 08:56:52 UTC,0
good service,5,2026-07-31 08:56:24 UTC,0
very nice,5,2026-07-31 08:56:02 UTC,0
Too much surge charge and taxes,5,2026-07-31 08:55:57 UTC,0
I like it and the services given are superb,5,2026-07-31 08:55:45 UTC,0
very good 😊,5,2026-07-31 08:55:31 UTC,0
good,5,2026-07-31 08:54:48 UTC,0
awesome 👍,5,2026-07-31 08:54:32 UTC,0
great,5,2026-07-31 08:53:18 UTC,0
Try to increase the delivery distance. Not just in srinagar but other parts too for eg pampore,3,2026-07-31 08:52:19 UTC,0
Nice,5,2026-07-31 08:51:57 UTC,0
love blinkit as always delivers on time and never disaapoint. vast variety of products and excellent service.,5,2026-07-31 08:51:26 UTC,0
good,5,2026-07-31 08:51:01 UTC,0
good,5,2026-07-31 08:49:52 UTC,0
nice,5,2026-07-31 08:49:22 UTC,0
best,5,2026-07-31 08:46:57 UTC,0
good service,5,2026-07-31 08:46:51 UTC,0
nice app 🥰🤩,4,2026-07-31 08:46:34 UTC,0
super 💯,5,2026-07-31 08:46:12 UTC,0
good app,5,2026-07-31 08:45:05 UTC,0
super,5,2026-07-31 08:44:28 UTC,0
very good app,5,2026-07-31 08:44:26 UTC,0
Awesome,5,2026-07-31 08:43:50 UTC,0
I ordered first time through blinkit but the delivered without blikit bag... very dirty hand was of the delievery boy.,1,2026-07-31 08:43:41 UTC,0
it's good 👍🏼😊,3,2026-07-31 08:43:28 UTC,0
good,5,2026-07-31 08:41:24 UTC,0
"Thankyou so much, just please keep the app same forever 💓",5,2026-07-31 08:39:21 UTC,0
⭐⭐⭐⭐⭐Delivered on time and handled the order with care. Great service🌸,5,2026-07-31 08:38:40 UTC,0
good,3,2026-07-31 08:38:22 UTC,0
good,2,2026-07-31 08:37:59 UTC,0
doesn't carry any sort of balance while given cash on delivery...eveytime I face this issue...why then don't carry a little Change??!! for example...my order was 458 and for that I have given 500 rupees..Still they want 458 change...how am I supposed to give this much change?! Ridiculous!! And How they expect that everyone will have cash online?,1,2026-07-31 08:37:38 UTC,0
acha hai,5,2026-07-31 08:37:15 UTC,0
Every time they charge high demand charges and handling charges upto 40-50 rs. I rarely use this.to deliver in 35 minutes.,1,2026-07-31 08:36:48 UTC,0
cash on delivery is not able under certain amount,3,2026-07-31 08:35:38 UTC,0
good,5,2026-07-31 08:34:46 UTC,0
exellent,5,2026-07-31 08:33:39 UTC,0
It is a very fast delivery aap and I like the service by blinkit,5,2026-07-31 08:29:33 UTC,0
aalu anda,4,2026-07-31 08:28:11 UTC,0
bad delevery,1,2026-07-31 08:25:56 UTC,0
quick service sometimes products came damaged but refunded as well if noted,5,2026-07-31 08:24:07 UTC,0
fix time no delay anytime service no 1 any some time u got offers,5,2026-07-31 08:23:45 UTC,0
legendary app,4,2026-07-31 08:22:45 UTC,0
good,5,2026-07-31 08:20:23 UTC,0
amazing service,5,2026-07-31 08:19:39 UTC,1
Really easy to purchase,5,2026-07-31 08:14:57 UTC,0
not bad,1,2026-07-31 08:14:29 UTC,0
good,4,2026-07-31 08:14:01 UTC,0
excellent 👍,5,2026-07-31 08:12:52 UTC,0
nice taking,5,2026-07-31 08:11:43 UTC,0
nice service,5,2026-07-31 08:08:57 UTC,0
good to help people,5,2026-07-31 08:08:51 UTC,0
very good,5,2026-07-31 08:08:32 UTC,0
Best service,5,2026-07-31 08:06:11 UTC,0
I am happy..as I receive my order in few minutes ❤️. thank you Blinkit,5,2026-07-31 08:04:42 UTC,0
good,5,2026-07-31 08:04:39 UTC,0
🥰,3,2026-07-31 08:04:36 UTC,0
good service,4,2026-07-31 08:03:48 UTC,0
good,5,2026-07-31 08:02:52 UTC,0
I forgot to buy gift for my friend but then blinkit saved me. Thank you for your quick service.,4,2026-07-31 08:02:42 UTC,0
Good,5,2026-07-31 07:58:36 UTC,0
Very good app for quick delivery but when you try to cancel any order instead of returning money they give blinkit coins instead.,4,2026-07-31 07:56:54 UTC,0
very fast delivery and resembles price,5,2026-07-31 07:56:01 UTC,0
nice 👍,4,2026-07-31 07:50:28 UTC,0
good 👍 👍 👍,5,2026-07-31 07:50:22 UTC,0
nice,5,2026-07-31 07:47:54 UTC,0
v.v good for Blinkit,5,2026-07-31 07:47:17 UTC,0
good,5,2026-07-31 07:45:35 UTC,0
very Good service,5,2026-07-31 07:45:14 UTC,0
super,5,2026-07-31 07:44:54 UTC,1
nice,5,2026-07-31 07:44:50 UTC,0
good,5,2026-07-31 07:44:02 UTC,0
Good,4,2026-07-31 07:43:37 UTC,0
very good sarvice,5,2026-07-31 07:42:55 UTC,0
nice,4,2026-07-31 07:41:29 UTC,0
most useful app,5,2026-07-31 07:38:44 UTC,0
by mistake i had entered the wrong adress they are not cancelling the order and making frustrating chats and message theese app ate not for oerson convenience they are a burden,1,2026-07-31 07:38:26 UTC,0
best,4,2026-07-31 07:37:58 UTC,0
good,5,2026-07-31 07:37:50 UTC,1
it's good 😊,5,2026-07-31 07:36:36 UTC,0
yes sure... it's very useful.,5,2026-07-31 07:36:31 UTC,0
good delivery,5,2026-07-31 07:35:24 UTC,0
very fast and good service provider,5,2026-07-31 07:30:59 UTC,0
incredible,5,2026-07-31 07:29:04 UTC,0
good,5,2026-07-31 07:26:38 UTC,0
good 👍,3,2026-07-31 07:26:28 UTC,0
good,5,2026-07-31 07:25:58 UTC,0
This is a very good app and fast delivery,5,2026-07-31 07:25:42 UTC,0
very good,5,2026-07-31 07:25:17 UTC,0
this app is very very good 👍,5,2026-07-31 07:25:06 UTC,0
Not Delivering Products on Time Always late,2,2026-07-31 07:24:52 UTC,0
super app immediate reached,5,2026-07-31 07:23:58 UTC,0
Thank you so much for opening blinkit I can order anything without hesitation and with reasonable prices... I thank the owner and the team .,5,2026-07-31 07:22:07 UTC,0
good,5,2026-07-31 07:20:37 UTC,0
best app,4,2026-07-31 07:19:22 UTC,0
the delivery person handed my items on 2nd floor instead of 4th floor,1,2026-07-31 07:18:34 UTC,0
slow service,1,2026-07-31 07:17:55 UTC,0
best,5,2026-07-31 07:15:58 UTC,0
Brilliant Services,5,2026-07-31 07:15:56 UTC,0
accha hai,4,2026-07-31 07:15:40 UTC,0
thank you,5,2026-07-31 07:15:01 UTC,0
often changing my location. didn't get my refund,1,2026-07-31 07:14:50 UTC,0
order time is very late,5,2026-07-31 07:14:47 UTC,1
"⭐️⭐️⭐️⭐️⭐️ Excellent App & Super Convenient! Blinkit is one of the most convenient apps for getting everyday essentials delivered quickly. The app is smooth, user-friendly, well-organized, and easy to navigate. Finding products, adding them to the cart, making payments, and tracking orders is all very simple. I really like the wide product selection, quick delivery, attractive offers, and hassle-free ordering experience.",5,2026-07-31 07:14:21 UTC,0
good,5,2026-07-31 07:12:25 UTC,0
great experience,5,2026-07-31 07:11:44 UTC,0
very fast and,5,2026-07-31 07:11:34 UTC,0
excellent 👍,5,2026-07-31 07:10:11 UTC,0
awesome service,5,2026-07-31 07:09:18 UTC,0
Best service,5,2026-07-31 07:08:51 UTC,0
bad service and delivery guy doesn't even come to the location and also the delivery guy number doesn't work to connect with them and the post paid order gets cancelled due to their own mistake and they charge ₹20 for the order cancellation. Meaning loss of money and time without getting the product.,1,2026-07-31 07:08:49 UTC,0
very convenient for Ladies like me who are working and no time for market.,5,2026-07-31 07:08:08 UTC,0
fast service and original same product thanks for blinkit app,5,2026-07-31 07:06:12 UTC,0
nice,4,2026-07-31 07:02:10 UTC,0
made my life so easy,5,2026-07-31 07:01:51 UTC,0
scam app they don't resolve the issue when you recieve bad item use Instamart insted,1,2026-07-31 07:01:49 UTC,0
very good 👍👍,5,2026-07-31 07:01:40 UTC,0
nice,5,2026-07-31 07:01:04 UTC,0
cheap service in Ch Sambhaji Nagar always had address issues,1,2026-07-31 06:59:20 UTC,0
very good,5,2026-07-31 06:59:06 UTC,0
good,4,2026-07-31 06:59:03 UTC,0
good,5,2026-07-31 06:58:24 UTC,0
good service 👍,4,2026-07-31 06:56:21 UTC,0
very convenient service. God bless quick commerce,5,2026-07-31 06:55:25 UTC,0
too good,5,2026-07-31 06:54:38 UTC,0
on time delivery,5,2026-07-31 06:54:09 UTC,0
lot of love,5,2026-07-31 06:53:34 UTC,0
Blinkit is a very good app but please give us the option of cash on delivery blinkit don't give cod option please blinkit ... overall blinkit is nice ..,5,2026-07-31 06:52:21 UTC,0
It's a good alternative to get the groceries delivered so fast in 8 mins.Especially when you are not able to go out to the market.,5,2026-07-31 06:52:15 UTC,0
excellent,5,2026-07-31 06:51:57 UTC,0
good service,4,2026-07-31 06:51:11 UTC,0
"very good, quick too.",5,2026-07-31 06:50:41 UTC,0
super services,5,2026-07-31 06:49:53 UTC,0
good,5,2026-07-31 06:49:26 UTC,0
good,5,2026-07-31 06:49:18 UTC,1
worst app,1,2026-07-31 06:48:18 UTC,0
"The price seems a bit high, but it is okay.",5,2026-07-31 06:47:09 UTC,0
good service 👍👍,5,2026-07-31 06:46:48 UTC,0
ok,5,2026-07-31 06:46:35 UTC,0
thanks but will arrived at time ..it to urgent,5,2026-07-31 06:46:05 UTC,0
Excellent. My suggestion despatch dry and wet items separately and check properly before despatch about fruits and vegetables,5,2026-07-31 06:45:53 UTC,0
👍👍👍,5,2026-07-31 06:45:37 UTC,0
very goooooodddddd,5,2026-07-31 06:45:18 UTC,0
very supportive and helpful for any time any were,5,2026-07-31 06:44:42 UTC,0
good,5,2026-07-31 06:42:17 UTC,0
"good, This service useful in emergency situations. thankyou for providing this delivery service 💐👍",5,2026-07-31 06:40:24 UTC,0
nice app,5,2026-07-31 06:39:58 UTC,0
valo,5,2026-07-31 06:39:44 UTC,0
thank you,5,2026-07-31 06:39:41 UTC,0
very good experience,5,2026-07-31 06:39:35 UTC,0
good,2,2026-07-31 06:39:26 UTC,0
surcharges is very high and given coupon code not able to ppy,1,2026-07-31 06:38:32 UTC,0
good,5,2026-07-31 06:36:55 UTC,0
Orders frequently arrive in 10 to 15 minutes.,5,2026-07-31 06:35:09 UTC,0
Good,5,2026-07-31 06:35:00 UTC,0
best,5,2026-07-31 06:34:48 UTC,0
helpful,5,2026-07-31 06:34:46 UTC,0
यहां से यहां सामान बहुत महंगा मिलता है जिसकी कीमत मार्केट में 70 रुपए है यहां पर 90-100 रुपए में मिलती है,1,2026-07-31 06:33:43 UTC,0
very frustrated the delivery agent vishal is rude not calling when reached even using angry using language and all stuff I am not using app again in my life ...,1,2026-07-31 06:32:39 UTC,0
good,5,2026-07-31 06:32:36 UTC,0
beneficial for houselady,5,2026-07-31 06:31:45 UTC,0
"the delivery partners don't even wait 2 seconds for approval via My gate, they start calling immediately!! very irritating",1,2026-07-31 06:31:03 UTC,0
"it's a nice app every grocery things is available in this app along with electronics, sports and more",5,2026-07-31 06:28:28 UTC,0
nice app,5,2026-07-31 06:28:25 UTC,0
excelent,5,2026-07-31 06:26:40 UTC,0
very good,1,2026-07-31 06:26:39 UTC,0
"have ordered items and payment got failed in the app. but amount deducted from my account. which is not refund back to my account even after 5 days. there is no customer care number for these issue. they have only email assistance, been sending issue in email they keep on asking same thing which does not happen in the app which is most success order# . have tried multiple times the order is failing and amount deduct from my account LOL",1,2026-07-31 06:26:23 UTC,0
great,5,2026-07-31 06:24:46 UTC,0
make it user friendly and more offers may given to customer,1,2026-07-31 06:24:10 UTC,0
nice 👍,5,2026-07-31 06:23:38 UTC,0
this app is sooo good,5,2026-07-31 06:23:37 UTC,0
good,4,2026-07-31 06:23:33 UTC,0
"blinkit please solve my problem and it is,that i don't need my order in 10 mintes it can be deliverd late but please available on my location and it is a request",5,2026-07-31 06:23:30 UTC,0
wonderful 😊,5,2026-07-31 06:23:07 UTC,0
i like it,2,2026-07-31 06:23:02 UTC,0
Good,5,2026-07-31 06:21:23 UTC,0
it is very fast and good,5,2026-07-31 06:21:08 UTC,0
great app for all products no any queries on time all Products delivered to your home,5,2026-07-31 06:18:19 UTC,0
good,5,2026-07-31 06:18:12 UTC,0
I mean good but can be better because of some features I can't give full,4,2026-07-31 06:16:35 UTC,0
nice,5,2026-07-31 06:16:00 UTC,0
good to purchase.. quick delivery good delivery boys too,5,2026-07-31 06:15:30 UTC,0
service is excellent,5,2026-07-31 06:15:02 UTC,0
"They manipulate the time i don't like this gesture , service is good!",3,2026-07-31 06:14:46 UTC,0
thank you blinkit,5,2026-07-31 06:13:39 UTC,0
To Much Helpfull app.,4,2026-07-31 06:13:26 UTC,0
"""A very good alternative when you are unable to reach local marketplace or you have to purchase something urgently and you have less time. Packaging is satisfactory. Products are mostly good with rare exceptions in the electronics category. However, it is no doubt expensive and majority products are overpriced. All in all, a savior when it comes to ordering things within time constraints or when you are just feeling lazy to go out.""",5,2026-07-31 06:13:05 UTC,0
Good,3,2026-07-31 06:11:49 UTC,0
very helpful and time saving,5,2026-07-31 06:09:43 UTC,0
good 👍,5,2026-07-31 06:08:57 UTC,0
really like this app,5,2026-07-31 06:08:50 UTC,0
ok nice,1,2026-07-31 06:08:34 UTC,0
good experience,5,2026-07-31 06:05:23 UTC,0
give more options when the cart is applying delivery charges for 1 or 2 rs difference amount,4,2026-07-31 06:01:02 UTC,0
fast delivery,4,2026-07-31 06:00:38 UTC,0
very good service,4,2026-07-31 05:59:39 UTC,0
nice,5,2026-07-31 05:59:39 UTC,0
I am very have to be honest It have many option of payment and have a good and very variation and availability So thank you,5,2026-07-31 05:59:16 UTC,0
good service,5,2026-07-31 05:58:48 UTC,0
vey helpful in emergency situations.,5,2026-07-31 05:58:19 UTC,0
service is good.Brands are standard brands. vegetables quantity is less compared to price.complaints menu is set according to company convenience.refund is not instant or sure.customer money is at risk.because it is through msgs only and the resolution provided by msg and closed with no option for customer.VERY VERY BAD SERVICE AND GARBAGE QUALITY DELIVERED TO DISPOSE OFF DAMAGED FOOD ITEMS.VERY RISKY PLATFORM,4,2026-07-31 05:56:15 UTC,0
best,5,2026-07-31 05:56:09 UTC,0
nice,5,2026-07-31 05:55:17 UTC,0
very nice blinkit aplikesan,5,2026-07-31 05:55:01 UTC,0
good,5,2026-07-31 05:54:47 UTC,0
one time use only,1,2026-07-31 05:54:12 UTC,0
super good 👍,5,2026-07-31 05:54:10 UTC,0
very nice product and fresh,5,2026-07-31 05:54:03 UTC,0
good 👍,5,2026-07-31 05:53:01 UTC,0
Delivery is very good.product are fresh and good.,4,2026-07-31 05:52:59 UTC,0
Extremely disappointing service My order was cancelled after waiting for almost an hour If you couldn’t fulfil the order you should have cancelled it immediately instead of wasting my time This is completely unacceptable and shows very poor customer service I will definitely think twice before ordering again this things I am not facing one time finally I am coming here to give you review worst app I'm never use again,1,2026-07-31 05:51:00 UTC,0
thankyou blinkit good service,4,2026-07-31 05:50:06 UTC,0
very good sarvice and fast delivery,5,2026-07-31 05:49:58 UTC,0
nice,5,2026-07-31 05:49:33 UTC,0
improve adresss change. it is confusing,4,2026-07-31 05:49:13 UTC,0
delivered seal opened product,1,2026-07-31 05:48:30 UTC,0
good 👍,4,2026-07-31 05:47:49 UTC,0
👍 nice,5,2026-07-31 05:45:21 UTC,0
nice 👍👍👍👍,5,2026-07-31 05:45:15 UTC,0
"return policy is not customer friendly, the customer care doesn't understand the issue",1,2026-07-31 05:45:02 UTC,0
for payment there should be direct barcode to pay from other phone,3,2026-07-31 05:45:00 UTC,0
great👍,5,2026-07-31 05:44:55 UTC,0
"Handling charges, not acceptable.",3,2026-07-31 05:44:30 UTC,0
good,5,2026-07-31 05:41:24 UTC,0
so good for lazy,5,2026-07-31 05:40:45 UTC,0
mast hai yaar ye app,1,2026-07-31 05:39:55 UTC,0
Ramprasad Banshal good 😊😊,4,2026-07-31 05:39:50 UTC,0
good app,5,2026-07-31 05:39:24 UTC,0
Awesome,5,2026-07-31 05:35:43 UTC,0
Charges extra,1,2026-07-31 05:35:09 UTC,0
scammer,1,2026-07-31 05:34:41 UTC,0
good profile 🙂,5,2026-07-31 05:34:40 UTC,0
i jst love it,5,2026-07-31 05:34:00 UTC,0
same market price no discount,3,2026-07-31 05:33:15 UTC,0
Pahli bar istemal kar rahe hain,5,2026-07-31 05:30:52 UTC,0
👍,5,2026-07-31 05:30:22 UTC,0
good,5,2026-07-31 05:28:58 UTC,0
one order being delivered in multiple parts is frustrating,4,2026-07-31 05:27:46 UTC,0
good 👍🏻,4,2026-07-31 05:25:07 UTC,0
good service,5,2026-07-31 05:24:54 UTC,0
very good 👏,5,2026-07-31 05:22:53 UTC,0
good,5,2026-07-31 05:20:40 UTC,0
best service,5,2026-07-31 05:20:11 UTC,0
vry fast service,4,2026-07-31 05:17:53 UTC,0
good 👍,5,2026-07-31 05:16:53 UTC,0
Excellent,5,2026-07-31 05:16:48 UTC,0
5 star service,4,2026-07-31 05:16:44 UTC,0
late service,1,2026-07-31 05:13:27 UTC,0
good,5,2026-07-31 05:12:09 UTC,0
good,5,2026-07-31 05:12:09 UTC,0
fast delivery super,5,2026-07-31 05:11:11 UTC,0
wonderful reason Immediately it comes!!,5,2026-07-31 05:11:06 UTC,0
super,5,2026-07-31 05:10:31 UTC,0
it's good,4,2026-07-31 05:10:23 UTC,0
Good,4,2026-07-31 05:10:12 UTC,0
very niceee 💗,5,2026-07-31 05:09:33 UTC,0
great!!*,5,2026-07-31 05:08:46 UTC,0
good,5,2026-07-31 05:07:44 UTC,0
super but improve in any cashback offers,4,2026-07-31 05:06:57 UTC,0
"easy option, & fastest order♥️",5,2026-07-31 05:06:09 UTC,0
good 👍,5,2026-07-31 05:04:57 UTC,0
bestt app,5,2026-07-31 05:04:53 UTC,0
thanks blinkit And delivery partner 👍,5,2026-07-31 05:04:02 UTC,0
good,5,2026-07-31 05:03:59 UTC,0
like this,4,2026-07-31 05:03:50 UTC,0
nice,5,2026-07-31 05:03:30 UTC,0
next level blinkit,5,2026-07-31 04:57:11 UTC,0
good,5,2026-07-31 04:55:55 UTC,0
very good but products is very close coltly 😃😃😃😘😍😇😊😎🥰😘🥰😛🥰😗🥰😛😍,5,2026-07-31 04:53:44 UTC,0
good,5,2026-07-31 04:53:10 UTC,0
Excellent service.,5,2026-07-31 04:52:08 UTC,0
Many a times milk packets delivered are damaged.,1,2026-07-31 04:51:38 UTC,0
good,5,2026-07-31 04:51:18 UTC,0
"Unfair refund policy, poor quality compare to Zepto and no responsibility of the delivered products.",1,2026-07-31 04:48:55 UTC,0
great service,5,2026-07-31 04:48:07 UTC,0
better experience,5,2026-07-31 04:44:31 UTC,0
amazing experience,5,2026-07-31 04:43:02 UTC,0
This app is best for ordering something in hurry and always a best service give to the customer,5,2026-07-31 04:41:04 UTC,0
super 👍🏻,5,2026-07-31 04:40:57 UTC,0
blinkit is loosing its standard... guys don't order from this app,1,2026-07-31 04:40:46 UTC,0
nice🤩,5,2026-07-31 04:39:41 UTC,0
very happy.,5,2026-07-31 04:35:06 UTC,0
"Great service, Amezing experience 👍",5,2026-07-31 04:34:51 UTC,0
The app is good but the minimum order value for free delivery is a little extra.,4,2026-07-31 04:33:54 UTC,0
fast,5,2026-07-31 04:32:52 UTC,0
poor quality product sell.,1,2026-07-31 04:32:40 UTC,0
good,2,2026-07-31 04:31:40 UTC,0
"Blinkit is very good. Extraordinary app. But the price and handling charges , Delivering charges are the same but they are taking both.",3,2026-07-31 04:31:01 UTC,0
it's too fresh veggies. so thank full for fresh veggies 👍,4,2026-07-31 04:30:24 UTC,0
good,5,2026-07-31 04:28:22 UTC,0
good very good 💯,5,2026-07-31 04:28:12 UTC,0
extreme level of delivery,3,2026-07-31 04:23:46 UTC,0
good product....,5,2026-07-31 04:21:20 UTC,0
no support for anything,1,2026-07-31 04:21:07 UTC,0
raised complaint that received pasta packet that was torn by mice. still neither got exchange not refund.,1,2026-07-31 04:20:31 UTC,0
प्लिज हिन्दी ऑप्शन भी रखे हमे अंग्रेजी थोड़ा कम समझ मे आता है,5,2026-07-31 04:20:27 UTC,0
I love way to diliver to blinkit,5,2026-07-31 04:20:08 UTC,0
👍🥲,5,2026-07-31 04:17:32 UTC,0
1 star isliye karte hain kyunki itni chijen mangane ke bad bhi Ham Koi discount coupon nahin milta,4,2026-07-31 04:17:01 UTC,0
good,5,2026-07-31 04:14:30 UTC,0
ok,4,2026-07-31 04:13:18 UTC,0
good,3,2026-07-31 04:12:38 UTC,0
this app does not have a save/favourites items option every time waste time searching for products.,2,2026-07-31 04:09:46 UTC,2
good,5,2026-07-31 04:08:45 UTC,0
good job,5,2026-07-31 04:07:46 UTC,0
everything is good,5,2026-07-31 04:05:27 UTC,0
fasting dilivery. Good 👍,5,2026-07-31 04:04:12 UTC,0
super,5,2026-07-31 04:00:40 UTC,0
good 😊,5,2026-07-31 03:59:59 UTC,0
nice,4,2026-07-31 03:59:33 UTC,0
suddenly you change your free delivery value 99 to 199 t,1,2026-07-31 03:59:01 UTC,0
best delivery app ever,5,2026-07-31 03:58:33 UTC,0
nice i shiuld get my delivery on time,5,2026-07-31 03:57:12 UTC,0
good,4,2026-07-31 03:56:05 UTC,0
less snacks findss still verities needed,3,2026-07-31 03:56:02 UTC,0
super,3,2026-07-31 03:55:56 UTC,0
best,5,2026-07-31 03:54:32 UTC,0
very good service,5,2026-07-31 03:54:14 UTC,0
nice,4,2026-07-31 03:53:05 UTC,0
best app hai,5,2026-07-31 03:52:10 UTC,0
nice,5,2026-07-31 03:50:54 UTC,0
old machine recived,1,2026-07-31 03:50:20 UTC,0
it nice the best app in the world 🌎 even if some times the bag broke and all the things got damaged and after some days I ordered and then I opened the bag then the soap bottle was leaking and all the items were of soap I will 6/10 is like the blinkit,5,2026-07-31 03:48:35 UTC,0
It's very Good 👍,5,2026-07-31 03:48:12 UTC,0
very nice 👍,5,2026-07-31 03:47:53 UTC,0
nice,5,2026-07-31 03:47:41 UTC,0
❤️,5,2026-07-31 03:47:05 UTC,0
best,5,2026-07-31 03:47:00 UTC,0
"pathetic service, I have recieved faulty product and they are following the replacement policy mentioned in the product page, instead they are saying go to the service center. please uninstall this app and do not order anything from them. cheaters.",1,2026-07-31 03:46:20 UTC,0
superrrrrrrrrrr....,5,2026-07-31 03:45:40 UTC,0
good service and polyatomic very good experience with Blinkit...,5,2026-07-31 03:45:34 UTC,0
good,5,2026-07-31 03:45:08 UTC,0
my best shopping aap,5,2026-07-31 03:43:23 UTC,0
good,5,2026-07-31 03:43:21 UTC,0
nicee,5,2026-07-31 03:42:38 UTC,0
good,5,2026-07-31 03:42:06 UTC,0
"Not good,I have ordered some items on 23rd July 26.Itms not delivered nor money refunded",2,2026-07-31 03:41:55 UTC,0
good,5,2026-07-31 03:41:26 UTC,0
good,5,2026-07-31 03:41:17 UTC,0
very helpful and good,5,2026-07-31 03:40:10 UTC,0
good experience every time,5,2026-07-31 03:40:08 UTC,0
i need to order heat protector spray but by mistake I hv ordered hair spray. it has 72 hrs replacement policy and I am requesting them but now they are denying that there is no provision of replacement.... this is very bad on their part.... i will never recommend blinkit to anyone.... these people are not helpful.... bad experience,1,2026-07-31 03:38:04 UTC,0
good,5,2026-07-31 03:36:19 UTC,0
good,5,2026-07-31 03:35:04 UTC,0
nice,5,2026-07-31 03:34:56 UTC,0
Best offers,5,2026-07-31 03:33:35 UTC,0
good,5,2026-07-31 03:33:16 UTC,0
good 👍,5,2026-07-31 03:32:25 UTC,0
very fast and reasonable,5,2026-07-31 03:32:12 UTC,0
Best product,5,2026-07-31 03:31:30 UTC,0
arrived at my home at just 5 minutes,5,2026-07-31 03:31:26 UTC,0
ok,5,2026-07-31 03:31:23 UTC,0
good,4,2026-07-31 03:31:05 UTC,0
good,2,2026-07-31 03:25:29 UTC,0
Very good app to purchase Everything and deliver all household items to the door steps with a smile within minutes.I am so happy with the service provided,5,2026-07-31 03:25:14 UTC,0
good 👍,4,2026-07-31 03:22:46 UTC,0
ये3से,1,2026-07-31 03:19:27 UTC,0
very good,5,2026-07-31 03:18:54 UTC,0
good,5,2026-07-31 03:16:10 UTC,0
fast and quick delivery,4,2026-07-31 03:13:06 UTC,0
best,5,2026-07-31 03:12:45 UTC,0
superb 👏,5,2026-07-31 03:10:28 UTC,0
please fast delivery,5,2026-07-31 03:09:31 UTC,0
worst app I was ordered a product and that product was damaged and the I returned back but amount have been debited to blinkit account only in promocode formate I have many times called them they didn't respond to my request also please don't install this app,1,2026-07-31 03:09:02 UTC,0
we r unable to call the delivery partner,1,2026-07-31 03:07:13 UTC,0
too costly but majboori hai....lot of charges,1,2026-07-31 03:06:37 UTC,0
𝙜𝙤𝙤𝙙,5,2026-07-31 03:06:01 UTC,0
"If you go to see this, if a person is alone then this app will prove to be very helpful for him because this app makes quick arrangements for buying goods from the market.",5,2026-07-31 03:04:05 UTC,0
excellent,5,2026-07-31 03:03:37 UTC,0
very nice app for short time minutes delivery,5,2026-07-31 03:02:57 UTC,0
good,5,2026-07-31 03:02:47 UTC,0
👍🏻👌🏻,5,2026-07-31 03:01:01 UTC,0
good,5,2026-07-31 03:00:39 UTC,0
it good it easy to order but the charges are to much after ordering like if I will order ₹17 milk and ₹50 coffee so it will take ₹122 - ₹150 !,4,2026-07-31 03:00:28 UTC,0
the service is very good 👍,5,2026-07-31 02:58:57 UTC,0
good,4,2026-07-31 02:58:52 UTC,0
ok,5,2026-07-31 02:56:57 UTC,0
great,1,2026-07-31 02:56:25 UTC,0
good,4,2026-07-31 02:55:27 UTC,0
goof,5,2026-07-31 02:55:20 UTC,0
it was too good and easy with blinkit,5,2026-07-31 02:52:45 UTC,0
the best delivery,5,2026-07-31 02:52:34 UTC,0
Best,5,2026-07-31 02:52:00 UTC,0
mast,4,2026-07-31 02:50:33 UTC,0
good,5,2026-07-31 02:49:18 UTC,0
good,5,2026-07-31 02:48:19 UTC,0
voice commands are so easy instead of typing for senior citizens like me. I am 82 years young. My hand shakes while typing. Hence I prefer voice commands to typing.,5,2026-07-31 02:46:46 UTC,0
wait,3,2026-07-31 02:46:04 UTC,0
good,5,2026-07-31 02:45:15 UTC,0
It's instant and good but some time it disappoints,4,2026-07-31 02:43:14 UTC,0
good,5,2026-07-31 02:42:38 UTC,0
free delivery not available,2,2026-07-31 02:42:21 UTC,0
👍,5,2026-07-31 02:39:01 UTC,0
"Best service, really fast and delivery person's are polite",5,2026-07-31 02:36:10 UTC,0
quality of Vegetables and electronics products could improve,4,2026-07-31 02:36:02 UTC,0
Very nice app,5,2026-07-31 02:33:49 UTC,0
Nice 🙂 facility 👍🏻,5,2026-07-31 02:31:07 UTC,0
vari good,5,2026-07-31 02:29:52 UTC,0
bast aap,5,2026-07-31 02:28:07 UTC,0
very bad app,1,2026-07-31 02:25:51 UTC,0
very bad not good waste of money,1,2026-07-31 02:25:21 UTC,0
good 👍,5,2026-07-31 02:25:09 UTC,0
Today I ordered Kamal kakadi and it's very bad and extremely dirty,1,2026-07-31 02:25:06 UTC,0
very very work full app,1,2026-07-31 02:24:31 UTC,0
it's good👍👍,4,2026-07-31 02:22:02 UTC,0
Helpful,4,2026-07-31 02:18:58 UTC,0
👍,5,2026-07-31 02:16:51 UTC,0
சூப்பர்,5,2026-07-31 02:15:45 UTC,0
ret bhut mahgi h discount kijiye,5,2026-07-31 02:15:24 UTC,0
good,3,2026-07-31 02:14:52 UTC,0
"very bad experience and most of the items missing, even though the products are out of stock, showing in the customer App, very ridiculous",1,2026-07-31 02:13:28 UTC,0
Would love more product options added later. Otherwise the app is very user-friendly and smooth.,4,2026-07-31 02:11:10 UTC,0
good job,5,2026-07-31 02:05:32 UTC,0
add an option for expected expiry date I faced this problem from past 1 year,1,2026-07-31 02:03:31 UTC,0
"product sahi me jaldi ate hai, or delivery man ka behaviour bhi bohot acha hota hai .. ❤️❤️❤️",5,2026-07-31 02:00:31 UTC,0
very good home survice,5,2026-07-31 02:00:10 UTC,0
good,4,2026-07-31 01:59:24 UTC,0
Good,5,2026-07-31 01:58:28 UTC,0
okay,5,2026-07-31 01:56:29 UTC,0
its prompt and quick service I enjoy ordering,5,2026-07-31 01:56:09 UTC,0
truly India's last minute app. thank you blinkit!!,5,2026-07-31 01:53:12 UTC,0
nice 👍,5,2026-07-31 01:52:08 UTC,0
Great but could have more variety,4,2026-07-31 01:46:39 UTC,1
"The fastest service you can get from them. Blinkit will come to your immense relief in the early morning when your local kirana shops are closed. Their commitment to timely service is a real thing, and most importantly, their service is rapidly spreading all over India. It's a great help for me, as I come from a very small town too.....👍",5,2026-07-31 01:40:39 UTC,0
ok,3,2026-07-31 01:38:13 UTC,0
good,5,2026-07-31 01:36:17 UTC,0
"Amazing experience when all shops close or having distance , blinkit is available.",5,2026-07-31 01:36:17 UTC,0
Day by day facing worst experience with blinkeit. Seriously if I face the delay again I'll uninstall Blinked and download zepto.,1,2026-07-31 01:34:16 UTC,0
good,5,2026-07-31 01:33:01 UTC,0
nice,4,2026-07-31 01:32:52 UTC,0
Apne aap order cancel karne wale,1,2026-07-31 01:30:47 UTC,0
waw super,1,2026-07-31 01:30:39 UTC,0
Excellent Service !!!,5,2026-07-31 01:23:14 UTC,0
The blinkit don't even follow the instructions.,2,2026-07-31 01:18:56 UTC,0
good,5,2026-07-31 01:18:23 UTC,0
good service,5,2026-07-31 01:18:15 UTC,0
good,4,2026-07-31 01:18:00 UTC,0
i stay in a small city. and i was not getting many items here. many good brands. now after blink it has come everything is available. and best part is it delivers in 8mins or early. so happy with the service,5,2026-07-31 01:11:08 UTC,0
best & fast service thanks.,5,2026-07-31 01:00:52 UTC,0
good 👍,5,2026-07-31 00:59:39 UTC,0
okay,5,2026-07-31 00:51:45 UTC,0
it's the greatest delivery app by far,5,2026-07-31 00:49:53 UTC,0
good sarvice,5,2026-07-31 00:49:03 UTC,0
nice,5,2026-07-31 00:47:44 UTC,0
super superb.,5,2026-07-31 00:43:45 UTC,0
super,5,2026-07-31 00:38:27 UTC,0
medicine and dr instant call with prescription is highly appreciable on 31st july 26,5,2026-07-31 00:37:20 UTC,0
Nice,5,2026-07-31 00:32:43 UTC,0
👍,5,2026-07-30 21:49:00 UTC,0
best service this app,5,2026-07-30 21:29:54 UTC,0
Worst,1,2026-07-30 21:26:23 UTC,0
this is a best platform for helping at night 3 to 4 am,5,2026-07-30 21:16:17 UTC,0
Delivery very fast 😚😚,5,2026-07-30 21:11:22 UTC,0
There is no offer in blinkit & extra charges in handling & newly added late fees charges.in my thought Instamart far better than blinkit.,1,2026-07-30 21:06:51 UTC,0
add too much extra charges zepto is best 👌 🩷,3,2026-07-30 21:06:51 UTC,0
thank you,5,2026-07-30 21:02:32 UTC,0
I wanna experience blinkit myself ....kindly avail the service in the town Goalpara of Assam,1,2026-07-30 21:00:25 UTC,0
worst service I have ever seen in my life,1,2026-07-30 20:59:31 UTC,0
nice,5,2026-07-30 20:57:51 UTC,0
good app 👍🏻,5,2026-07-30 20:43:25 UTC,0
THANK U 🙂,3,2026-07-30 20:38:20 UTC,0
please add amazon pay later for payment so that I can order more nearly 2000 plus am ordering from zepto last month so it's taking little bit more charge please integrate amazon pay later,4,2026-07-30 20:31:49 UTC,0
i don't liked blinkit service,1,2026-07-30 20:25:38 UTC,0
Items were missing from my order and customer support didn't even try to help me or address my issue they were just ending the chat saying customer support is hampered and the delivery partner had blocked my number. Very poor service won't advise anyone to use this app. They didn't even try. Worst service Blinkit.,1,2026-07-30 20:16:08 UTC,1
not getting response feedback is zero 100%,1,2026-07-30 20:05:09 UTC,0
nice,5,2026-07-30 20:03:55 UTC,0
Every time I was receive unfresh items in bakery products specially bread,1,2026-07-30 19:54:44 UTC,0
ree bhai correct time bhejta hai bhai i love you ree😘,5,2026-07-30 19:51:04 UTC,0
excellent,5,2026-07-30 19:49:31 UTC,0
it's very useful app 👍 and fast delivery and save the time😊,5,2026-07-30 19:48:58 UTC,0
well packed and late night support also awesome.. thanks to the blinkit team,5,2026-07-30 19:48:57 UTC,0
mega deta hai bohot,1,2026-07-30 19:48:50 UTC,0
"ordered chest mount and it was supposed to be universal size but the straps on the one I received is very tiny, aqsa from customer service wasn't helpful at all. blinkit couldn't resolve the issue, didn't value my time and money?!",2,2026-07-30 19:42:23 UTC,0
it was nice to work fast delivery u can purchase everything to be easy and fast 👍👍👍,5,2026-07-30 19:34:35 UTC,0
very worst payment method I try to 50 times ordering but payment method is nit working,1,2026-07-30 19:33:19 UTC,0
removed the ordered items and added delivery charge and late night fee and convince charge to show same billing amount,1,2026-07-30 19:32:41 UTC,0
good,5,2026-07-30 19:26:47 UTC,0
good,5,2026-07-30 19:24:28 UTC,0
"No doubt this app provides snacks, grocery, electronic and many other item in the time of 15 to 20 minutes. But,I heard the 5 star ambulance service of blinkit in zero fees! for that i wrote this review. Guys support and try this app.",5,2026-07-30 19:17:43 UTC,0
nise,5,2026-07-30 19:16:36 UTC,0
Very good,5,2026-07-30 19:16:26 UTC,0
best💙🫂,5,2026-07-30 19:15:22 UTC,0
no order received,1,2026-07-30 19:10:47 UTC,0
First it delivers damaged product and then it doesn't do the exchange even in urgency,1,2026-07-30 19:08:32 UTC,0
exilent,5,2026-07-30 19:08:15 UTC,0
this app is not interested because this app delevery charges is very high and bill is also high...😞,4,2026-07-30 19:05:33 UTC,0
not satisfied,1,2026-07-30 19:02:10 UTC,0
agar koi online pement na chalata ho to koi order nhi kar sakta 12 bje ke bad ya online na ho to 😡😡😡😡,1,2026-07-30 19:00:40 UTC,0
❤️,5,2026-07-30 19:00:16 UTC,0
dilivery wasted products,1,2026-07-30 18:59:38 UTC,0
good product quality and service is very fast,5,2026-07-30 18:59:30 UTC,0
great,3,2026-07-30 18:59:21 UTC,0
good,5,2026-07-30 18:58:03 UTC,0
fast delivery,5,2026-07-30 18:54:55 UTC,0
ok,5,2026-07-30 18:53:11 UTC,0
worst app i recommend not to use because money wasted customer service worst experience,1,2026-07-30 18:53:05 UTC,0
"Har problem ka solution, Blinkit.",5,2026-07-30 18:52:14 UTC,0
Experiencing bad service and quality of food products from the last few months and all you guys are doing is giving fake empathy. Blinkit is becoming pathetic day by day.,1,2026-07-30 18:45:59 UTC,0
nice 👍,5,2026-07-30 18:44:52 UTC,0
my order was not samene kux or order Kiya or mere pass aaya kux or h,1,2026-07-30 18:41:02 UTC,0
"Terrible experience! Placed an order at 11:06 PM, only for them to cancel it at 11:50 PM stating they couldn't complete it. This is completely ridiculous. If an order cannot be fulfilled, they should have the basic courtesy to inform the customer within 15 minutes instead of wasting nearly an hour. What were they even doing for 44 minutes? Completely unreliable service!",1,2026-07-30 18:37:25 UTC,0
nice,5,2026-07-30 18:37:01 UTC,0
Veer good AAP,5,2026-07-30 18:35:11 UTC,0
Nice 🥰,5,2026-07-30 18:34:25 UTC,0
Great and fast service,5,2026-07-30 18:33:21 UTC,0
best use and easy app face,4,2026-07-30 18:33:00 UTC,0
very bad service wrong product delever,1,2026-07-30 18:32:04 UTC,0
bad delivery,1,2026-07-30 18:25:13 UTC,0
Cool,5,2026-07-30 18:25:08 UTC,0
nice,5,2026-07-30 18:23:49 UTC,0
"firstly I want to thank, saravanan delivery sir , thank you so much for for kind at Tiruppur railway station saravanan sir in emergency sichwation I need ORS , fastly they delivered my order. thank you much . DATE- 30/07/2026",5,2026-07-30 18:20:51 UTC,0
printing ka kaam bhi chalu karo himmatnagar me,5,2026-07-30 18:20:01 UTC,0
❤️🙂,5,2026-07-30 18:19:50 UTC,0
good service,5,2026-07-30 18:16:58 UTC,0
best,5,2026-07-30 18:15:53 UTC,0
very good and fast service,5,2026-07-30 18:12:35 UTC,0
Good,5,2026-07-30 18:12:25 UTC,0
just waste,1,2026-07-30 18:12:13 UTC,0
"Good service, add more products and also price must me as low as your competitors like jio mart and dmart",4,2026-07-30 18:10:46 UTC,0
nice delivery but mid night in Near biharsharif delivery late,5,2026-07-30 18:10:39 UTC,0
good,5,2026-07-30 18:10:32 UTC,0
best,5,2026-07-30 18:10:12 UTC,0
best they do work hard,5,2026-07-30 18:09:09 UTC,0
👍👍👍,5,2026-07-30 18:07:04 UTC,0
"highly satisfied and best thing which I like in blinkit that,when ever I ordered medicines doctor called up immediately and ask for what you ordered tha medicine.. thankyou blinkit",5,2026-07-30 18:07:03 UTC,0
super fast delivery im happy,5,2026-07-30 18:07:02 UTC,0
good service,5,2026-07-30 18:06:51 UTC,0
very nice app,5,2026-07-30 18:06:38 UTC,0
Nice,5,2026-07-30 18:05:17 UTC,0
very fast delivery,5,2026-07-30 18:05:09 UTC,0
nice,3,2026-07-30 18:04:31 UTC,0
very good service,5,2026-07-30 18:03:23 UTC,0
nice,5,2026-07-30 18:01:00 UTC,0
now is because of cash on delivery,5,2026-07-30 18:00:39 UTC,0
helpful❤️,5,2026-07-30 17:59:31 UTC,0
ok,5,2026-07-30 17:59:23 UTC,0
delivery is very quick,5,2026-07-30 17:58:50 UTC,0
Good,4,2026-07-30 17:58:32 UTC,0
always 2-3% higher price than local or nearest shop,2,2026-07-30 17:55:13 UTC,0
"bad deliver executives, bad customer service, the reason for two star is availability in my area",2,2026-07-30 17:55:03 UTC,0
great,5,2026-07-30 17:54:51 UTC,0
great 👍,3,2026-07-30 17:54:04 UTC,0
calculation mistake Free delivery above 150,2,2026-07-30 17:54:00 UTC,0
good 👍,5,2026-07-30 17:52:37 UTC,0
Everything is perfect,5,2026-07-30 17:52:05 UTC,0
good,4,2026-07-30 17:51:10 UTC,0
nice service 👍,5,2026-07-30 17:50:04 UTC,0
🌹,5,2026-07-30 17:48:12 UTC,0
super app,4,2026-07-30 17:47:48 UTC,0
good service,5,2026-07-30 17:46:02 UTC,0
it should always be cost effecient compare to store but nowadays blinkit is even taking surge charges aswell 🥲,4,2026-07-30 17:45:39 UTC,0
nice delivery,4,2026-07-30 17:43:29 UTC,0
They All are scammers If you are searching a electroinc product the highly i un recommended the blink it I have ordered the blue tooth speaker worth of 1200Rs once I have opened The box the product is not at all Power on tried lot of methods the speaker is workless the have Sent the repair speaker twice I have connected with CC They are telling we can't on this issue Don't waste your money by ordering the electronic products in blink it waste of money waste of time worst customer care,1,2026-07-30 17:41:35 UTC,0
poor customer service,1,2026-07-30 17:40:09 UTC,0
good 👍,5,2026-07-30 17:40:07 UTC,0
good 😊,5,2026-07-30 17:39:48 UTC,0
very good,5,2026-07-30 17:38:54 UTC,0
best app forever 🤩,5,2026-07-30 17:38:13 UTC,0
thanku for your wishlist,5,2026-07-30 17:37:36 UTC,0
worst platform for purchase they charge more compared to other don't trust this blinkit,1,2026-07-30 17:36:00 UTC,0
"many time it's showing completely wrong timing, if it takes time then fine but don't show false timing.",3,2026-07-30 17:35:25 UTC,0
super fast delivered,5,2026-07-30 17:33:48 UTC,0
ok,5,2026-07-30 17:32:45 UTC,0
pahli bar Manga rahe hain aaega tab rating denge,2,2026-07-30 17:32:42 UTC,0
good,5,2026-07-30 17:31:35 UTC,0
Good,3,2026-07-30 17:31:31 UTC,0
Good app,5,2026-07-30 17:31:27 UTC,0
good,5,2026-07-30 17:30:58 UTC,0
best experience in blinkit,5,2026-07-30 17:30:18 UTC,0
Service is very good but one has to add too many things for getting free delivery .,5,2026-07-30 17:30:14 UTC,0
i have good experience but I wondered that recently I got expired material along with damage ... i loss my money...I will never use it.. I don't know why blink it charge for handling while not fulfill it,1,2026-07-30 17:29:59 UTC,0
great,5,2026-07-30 17:29:43 UTC,0
very fast delivery,5,2026-07-30 17:29:08 UTC,0
please bring the new harry Potter kinderjoy in stock my son wants it so badly and is talking about it day and night,5,2026-07-30 17:26:45 UTC,0
good 👍👍👍,5,2026-07-30 17:26:21 UTC,0
nice 👍🙂,5,2026-07-30 17:25:02 UTC,0
"Very helpful app, thanks",5,2026-07-30 17:24:08 UTC,0
Great service,4,2026-07-30 17:24:07 UTC,0
very nice,5,2026-07-30 17:23:28 UTC,0
Very helpful,4,2026-07-30 17:22:42 UTC,0
good,5,2026-07-30 17:22:21 UTC,0
good,5,2026-07-30 17:21:17 UTC,0
very nice 👍♥️,5,2026-07-30 17:20:52 UTC,0
good 👍,5,2026-07-30 17:20:25 UTC,0
good,5,2026-07-30 17:20:20 UTC,0
nice,5,2026-07-30 17:20:00 UTC,0
Good 👍,5,2026-07-30 17:18:08 UTC,0
order not taking,2,2026-07-30 17:17:47 UTC,0
nice,5,2026-07-30 17:17:46 UTC,0
bro I like this app to much and I love this app ❤️❤️😍 but when the cod (cash on delivery )got off soo i got sooo angry start to hate this app but when I ordered something soo this app win my heart,5,2026-07-30 17:17:38 UTC,0
ok,5,2026-07-30 17:17:25 UTC,0
DELIVER WILL SO FASTEST I LIKE IT THIS APP,5,2026-07-30 17:17:23 UTC,0
good time delivery,4,2026-07-30 17:17:17 UTC,0
good,5,2026-07-30 17:16:37 UTC,0
blinkit delivery app install h toh kya hum blinkit se kuch nhi manga sakte kya very bad service,1,2026-07-30 17:15:36 UTC,0
super fast delivery with careful hand's 😊😊,5,2026-07-30 17:14:43 UTC,0
good,5,2026-07-30 17:13:24 UTC,0
superb,5,2026-07-30 17:13:20 UTC,0
nice aap,5,2026-07-30 17:11:46 UTC,0
mast ha yaar,5,2026-07-30 17:11:32 UTC,0
really a great initiative getting groceries delivered in 10 minutes is a blessing,5,2026-07-30 17:10:35 UTC,0
ok ok,5,2026-07-30 17:08:40 UTC,0
it's good for daily life uses,4,2026-07-30 17:08:14 UTC,0
"very bad service, received my order tear, adulteration most of the food items, fssi should check, fine heavy money",1,2026-07-30 17:07:50 UTC,0
very good service,5,2026-07-30 17:07:36 UTC,0
refund nhi milta product bhi acha nhi ata hai mere paise 2400 refund nhi kare hai pls ya se order na kare,1,2026-07-30 17:06:22 UTC,0
nice and commitment to its time. I ordered in mid night and got delivered within time frame.. for me its very useful.. it always full fill my last minute need.. great service 👏,5,2026-07-30 17:05:22 UTC,0
ok,5,2026-07-30 17:04:02 UTC,0
nice,5,2026-07-30 17:03:49 UTC,0
good,5,2026-07-30 17:03:08 UTC,0
phle mera order nhi laya koi pata nhi kon tha vo,3,2026-07-30 17:02:22 UTC,0
nise app,4,2026-07-30 17:01:30 UTC,0
very good service,5,2026-07-30 17:00:50 UTC,1
good service,5,2026-07-30 17:00:32 UTC,0
Late delivery less amount they will show u currently unavailable delivery or like hing demand,1,2026-07-30 17:00:30 UTC,0
any time delivery when we need,4,2026-07-30 17:00:26 UTC,0
good,5,2026-07-30 17:00:14 UTC,0
it's time sever and we can get whatever we want at our door step,5,2026-07-30 17:00:14 UTC,0
ok,4,2026-07-30 16:59:16 UTC,0
very good 👍,5,2026-07-30 16:58:14 UTC,0
Convenience and quality,5,2026-07-30 16:57:56 UTC,0
cancellation should be allowed some times it's said payment failed so I ordered again now I have 2 same products,1,2026-07-30 16:57:34 UTC,0
Good,3,2026-07-30 16:56:33 UTC,0
thik thak hai,2,2026-07-30 16:54:28 UTC,0
good work,5,2026-07-30 16:54:15 UTC,0
fast delivery,5,2026-07-30 16:54:12 UTC,0
need some improvement,3,2026-07-30 16:53:58 UTC,0
good app but it does not have certain products this app is definitely better than others,4,2026-07-30 16:52:55 UTC,0
"Blinkit is a really good app but it takes a lot of money like if an object is of ₹50 but when you order with all the extra fees it will approximately become over ₹90. So, this the thing I don't like about blinkit but otherwise everything is very good.",3,2026-07-30 16:52:54 UTC,0
its good,4,2026-07-30 16:52:20 UTC,0
daily life made easy,4,2026-07-30 16:49:34 UTC,0
good!!!!!,5,2026-07-30 16:49:28 UTC,0
"speedy delivery app,like it.",5,2026-07-30 16:48:58 UTC,0
V Good,4,2026-07-30 16:48:23 UTC,0
first time order kiya hai dekhte hai kaisa ata hai,5,2026-07-30 16:47:31 UTC,0
Good,5,2026-07-30 16:47:04 UTC,0
very good and fast service but please maintain privacy on some product,5,2026-07-30 16:47:03 UTC,0
good,5,2026-07-30 16:46:31 UTC,0
very good 👍😊,5,2026-07-30 16:45:23 UTC,0
very nice 👌,5,2026-07-30 16:43:59 UTC,0
"I'm using this app and it really good and time saving if u can't reach supermarket... but from my few orders experience it's made me to write this review....is there a shortage of bags , coz spacially my products are coming fully wet in rain ... please blinkit fix this problem, if there no bags available please no need to accept orders",2,2026-07-30 16:43:24 UTC,0
best!!!,5,2026-07-30 16:43:08 UTC,0
awesome,5,2026-07-30 16:41:50 UTC,0
good,5,2026-07-30 16:41:49 UTC,0
good 😊 app,5,2026-07-30 16:41:47 UTC,0
choosing items are very easy and also delivered fast,4,2026-07-30 16:41:36 UTC,0
osm 🙂,5,2026-07-30 16:40:31 UTC,0
everything is nice but I think you should start accepting cash over 2000,5,2026-07-30 16:39:24 UTC,0
best 👌,5,2026-07-30 16:38:55 UTC,0
ok,1,2026-07-30 16:38:50 UTC,0
excellent,5,2026-07-30 16:38:13 UTC,0
sometimes they just play smart. i ordered two items . they sent both of them separately and charged handling charges .,2,2026-07-30 16:37:33 UTC,0
thik ha par mahngha ha,1,2026-07-30 16:36:42 UTC,0
whatever I want I get from blinkit,5,2026-07-30 16:36:20 UTC,0
too expensive,2,2026-07-30 16:36:11 UTC,0
osm work,5,2026-07-30 16:35:22 UTC,0
Good night fast service,4,2026-07-30 16:35:13 UTC,0
very good & fast service,5,2026-07-30 16:34:42 UTC,0
worst app when u want to return a damaged item delivered,1,2026-07-30 16:34:26 UTC,0
thank,5,2026-07-30 16:34:20 UTC,0
this app is to good if you purchase below 150 it will take delivery charge but if you purchase above 150 delivery charge will not take and I am very happy with this app you only set at your home and itme will come at your door steps,5,2026-07-30 16:33:35 UTC,0
everything was fine except for it didn't have things i expected and had unnecessary charges....,3,2026-07-30 16:33:06 UTC,0
good,5,2026-07-30 16:32:51 UTC,0
milk is useless,1,2026-07-30 16:31:39 UTC,0
best seller in india cuz they take exchange and refund if you have the problem,4,2026-07-30 16:31:21 UTC,0
good,5,2026-07-30 16:31:06 UTC,0
great,5,2026-07-30 16:30:41 UTC,0
good👍👍,5,2026-07-30 16:30:08 UTC,0
very good 😊,4,2026-07-30 16:29:41 UTC,0
I have better experience with blinket,4,2026-07-30 16:28:20 UTC,0
"I am very disappointed with my experience using Blinkit. The delivery was delayed, and the items I received were not in the expected condition. It was frustrating to deal with the issue because customer support did not provide a satisfactory solution. The app has potential, but the inconsistent service, poor order handling, and lack of timely assistance made the overall experience unpleasant. I hope these issues are addressed so customers can rely on the service in the future.",1,2026-07-30 16:28:05 UTC,0
nice,5,2026-07-30 16:27:23 UTC,0
Pl Ensure in items rain protection ok,5,2026-07-30 16:27:10 UTC,0
.ost of jewellery is out of stock in my area and many things are out of stock I don't when they will get in stock as I have also turned on notify me but still nothing. no doubt app is perfect about when the things are not there which are required makes me feel bad,3,2026-07-30 16:24:54 UTC,0
very help ful aap,5,2026-07-30 16:24:08 UTC,0
best service reliable products super fast delivery no regret so far,5,2026-07-30 16:24:05 UTC,0
Nice,5,2026-07-30 16:23:15 UTC,0
love you 🤟,5,2026-07-30 16:22:41 UTC,0
"For my case, almost every time, the delivery was very quick within 10 to 15min. super happy.",5,2026-07-30 16:21:39 UTC,0
good,5,2026-07-30 16:21:38 UTC,0
best of delivery in aall,5,2026-07-30 16:21:31 UTC,0
super mast,5,2026-07-30 16:21:10 UTC,0
good service,4,2026-07-30 16:20:12 UTC,0
fast,5,2026-07-30 16:19:14 UTC,0
bad products poor quality and price so high,1,2026-07-30 16:18:59 UTC,0
nice,5,2026-07-30 16:17:44 UTC,0
supar,5,2026-07-30 16:17:39 UTC,0
worst,1,2026-07-30 16:17:12 UTC,0
today expr experience is very poor and dilivery boy is very rude and abused word dilivery boy ne aaj drink kri hui thi,1,2026-07-30 16:16:31 UTC,0
good,4,2026-07-30 16:16:22 UTC,0
good,5,2026-07-30 16:15:14 UTC,0
good,5,2026-07-30 16:14:33 UTC,0
good,5,2026-07-30 16:12:27 UTC,0
good,4,2026-07-30 16:11:50 UTC,0
good,5,2026-07-30 16:09:11 UTC,0
well a very good experience 💯,5,2026-07-30 16:08:49 UTC,0
very good app for me,5,2026-07-30 16:08:35 UTC,0
good 👍,4,2026-07-30 16:08:03 UTC,0
best,5,2026-07-30 16:07:08 UTC,0
good,5,2026-07-30 16:06:45 UTC,0
first time use kr rhi abi to delevery hui nhi h but mne 5 star rating de di h i hope delivery achi ho,5,2026-07-30 16:06:09 UTC,0
I have ordered for the first time I hope it should arrive well and I thanks Blinkit That they save a lot of people's time,5,2026-07-30 16:05:42 UTC,0
woww,5,2026-07-30 16:04:46 UTC,0
amazing for last minute hustle,5,2026-07-30 16:04:23 UTC,0
good app,5,2026-07-30 16:04:18 UTC,0
nice,5,2026-07-30 16:02:51 UTC,0
Best hai,5,2026-07-30 16:02:36 UTC,0
good,4,2026-07-30 16:02:36 UTC,0
don't get a handle bag I got the items in my hands,2,2026-07-30 16:02:21 UTC,0
nice app 👍,5,2026-07-30 16:02:19 UTC,0
theek h beta,5,2026-07-30 16:01:50 UTC,0
badia app h kya soch k banae h bhai any time any item just watch and order,5,2026-07-30 16:00:54 UTC,0
Best service,5,2026-07-30 16:00:23 UTC,0
waww,5,2026-07-30 15:59:57 UTC,0
good service,5,2026-07-30 15:58:49 UTC,0
I am giving a three star because of a surge charge after 2 minutes they are saying that surge applicable so I don't like this policy remove this policy for rs 150 things we have to order more than 499 for removing the surge otherwise it is best I mean above the best,3,2026-07-30 15:58:46 UTC,0
fast delivery,5,2026-07-30 15:58:34 UTC,0
"Blinkit is good, but the worst thing is that they don't provide cash on delivery for many areas. It takes handling charges no matter how much you spent. it's a good but ok ok app",4,2026-07-30 15:58:15 UTC,0
good,4,2026-07-30 15:58:03 UTC,0
mast,3,2026-07-30 15:57:47 UTC,0
NOT RECEIVED ALL ITEMS,1,2026-07-30 15:56:04 UTC,0
very fast delivery i like it very much.,5,2026-07-30 15:55:51 UTC,0
Good 👍,5,2026-07-30 15:55:25 UTC,0
nice 👍,5,2026-07-30 15:55:11 UTC,0
good,5,2026-07-30 15:54:11 UTC,0
happy,5,2026-07-30 15:54:00 UTC,0
very good n fast,5,2026-07-30 15:53:13 UTC,0
very good app,5,2026-07-30 15:52:59 UTC,0
No response on several complaints and requests...this was the last order ....no customer care to resolve the issue.My hard-earned money still stuck,1,2026-07-30 15:52:54 UTC,0
good job 👍👍,5,2026-07-30 15:52:09 UTC,0
nice app,5,2026-07-30 15:51:19 UTC,0
z some times at an important situation it's showing that it is currently unavailable to our location 😕 other than that it is a good app,1,2026-07-30 15:51:00 UTC,0
ok,4,2026-07-30 15:50:57 UTC,0
good,5,2026-07-30 15:49:53 UTC,0
Very nice app,5,2026-07-30 15:49:49 UTC,0
Good service right time 😃😃,5,2026-07-30 15:49:40 UTC,0
bilkul hi kam time me delivery ho jata hai .thanks blinkit,5,2026-07-30 15:49:19 UTC,0
good 👍,4,2026-07-30 15:48:30 UTC,0
good,3,2026-07-30 15:47:06 UTC,0
very good 💯😊,5,2026-07-30 15:46:18 UTC,0
customer Support says You can Order Ciggerate from The Promo Code and Issued A Promo Code but After Giving Promocode He said Sorry Promo Code Was Not Used In Tabbacco Products. so why He issued a promo Code Then He says I can't do Anything Now. Such a unprofessional Behaviour to Treat Customer Who Pays For the Order. Your Agent don't even Know Your Policies How can they sit On Customer Support.,1,2026-07-30 15:45:45 UTC,0
"All the online groceries service have the same pattern. first they give the offer to make customers and then slowly once the customer starts relying on their service, all of sudden there is inlogical customer support for your concern. they don't bother if you have any issues with the order and in call or email simply you gets such a convenient reply - Thank you for getting in touch with us. We sincerely apologize for any inconvenience caused and so on... 😂",1,2026-07-30 15:45:45 UTC,0
nice working,5,2026-07-30 15:45:10 UTC,0
Best app,5,2026-07-30 15:44:51 UTC,0
very nice for good food,5,2026-07-30 15:44:32 UTC,0
Very good app .... thank you for all the time available for us,4,2026-07-30 15:44:15 UTC,0
they don't come on the acctuall place,2,2026-07-30 15:44:05 UTC,0
GOOD AND FAST SERVICE,5,2026-07-30 15:43:07 UTC,0
prices are a bit too high than usuals,4,2026-07-30 15:42:58 UTC,0
super fast,5,2026-07-30 15:40:12 UTC,0
"very costly, also the service charge of ₹9 is very high in Rajkot Gujarat.",1,2026-07-30 15:40:06 UTC,0
good,5,2026-07-30 15:39:28 UTC,0
BEST DELIVERY APP AND FAST DELIVERY AT ANY TIME,5,2026-07-30 15:39:15 UTC,0
nice app,5,2026-07-30 15:39:10 UTC,0
nice,5,2026-07-30 15:38:57 UTC,0
top good aap,4,2026-07-30 15:38:32 UTC,0
worst products dont buy i ordered i bang rice of 26 kgs its getting bad smell ofter cook old stock ofter reviews also no use dont use blinkit fruad selling product,1,2026-07-30 15:38:26 UTC,0
👍👍👍,5,2026-07-30 15:37:49 UTC,0
best,5,2026-07-30 15:37:22 UTC,0
very good,5,2026-07-30 15:37:19 UTC,1
good,5,2026-07-30 15:37:05 UTC,0
good,5,2026-07-30 15:36:43 UTC,0
good,5,2026-07-30 15:36:27 UTC,0
super for ordering,5,2026-07-30 15:36:17 UTC,0
stress-free quality services 👌,5,2026-07-30 15:36:07 UTC,0
good app,5,2026-07-30 15:36:00 UTC,0
blink ittt kamal haiii ...,5,2026-07-30 15:35:03 UTC,0
Very Good,5,2026-07-30 15:35:01 UTC,0
fast delivery thank you blinkit thank you for the delivery person,5,2026-07-30 15:34:35 UTC,0
delay order delivery not following map guide 🦮,1,2026-07-30 15:33:56 UTC,0
good,5,2026-07-30 15:33:43 UTC,0
fast service,5,2026-07-30 15:33:42 UTC,0
excellent,5,2026-07-30 15:33:36 UTC,0
very bad service not cancle policy,1,2026-07-30 15:33:35 UTC,0
"it's very good app , we can order anything and anytime",5,2026-07-30 15:33:32 UTC,0
very bad app,1,2026-07-30 15:33:31 UTC,0
toooooooooooo Quickkkkkkkkkkkkk💯,5,2026-07-30 15:32:37 UTC,0
some of the items are costly here compare to zepto,4,2026-07-30 15:31:12 UTC,0
nice app,5,2026-07-30 15:30:28 UTC,0
I love it because it came on time,5,2026-07-30 15:30:22 UTC,0
bht achcha hai nice,5,2026-07-30 15:30:01 UTC,0
excellent,5,2026-07-30 15:29:53 UTC,0
good 👍,5,2026-07-30 15:29:46 UTC,0
this Aap is amazing I'll order only three products in late night they delivered at just 10 to 12 minutes and give me a free moisturizer which is absolutely awesome 👌 👏 I love this aap for there fast delivery,5,2026-07-30 15:29:17 UTC,0
so good 😊😊,5,2026-07-30 15:29:12 UTC,0
All good,5,2026-07-30 15:28:58 UTC,0
very good shop blinkit,5,2026-07-30 15:28:40 UTC,0
ok,5,2026-07-30 15:27:24 UTC,0
good 👍,4,2026-07-30 15:26:16 UTC,0
best service best service 👍 plz this service start on my location Ipshit sweet home juna sathpati road near navodaya school road near bagicha from house palghar west,4,2026-07-30 15:25:36 UTC,0
good,4,2026-07-30 15:25:05 UTC,0
bad experience,1,2026-07-30 15:24:28 UTC,0
"very slow delivery, missing items, no proper response",1,2026-07-30 15:24:09 UTC,0
nice,5,2026-07-30 15:23:10 UTC,0
very quick delivery,5,2026-07-30 15:22:52 UTC,0
best,3,2026-07-30 15:22:17 UTC,0
best service ever seen,5,2026-07-30 15:20:11 UTC,0
it's good👍,4,2026-07-30 15:18:43 UTC,0
Very good Service,5,2026-07-30 15:18:42 UTC,0
This app is very good 😍😍 so iam giveing 5 star,5,2026-07-30 15:18:06 UTC,0
ok,3,2026-07-30 15:17:08 UTC,0
good,5,2026-07-30 15:16:58 UTC,0
good,5,2026-07-30 15:16:40 UTC,0
good working,5,2026-07-30 15:16:37 UTC,0
good 👍,5,2026-07-30 15:16:19 UTC,0
"I ordered Amul Rajbhog ice cream (1 liter) on July 21, 2026. The order was subsequently cancelled, and I was informed that the refund would be processed by the 28th.. however, it is now the 30th, and I still haven't received the refund. Meanwhile, Blinkit shows the refund as completed—how is that possible? To make matters worse, I cannot even find a helpline number to contact Blinkit for assistance. Other delivery apps are far better than this. very disappointed...",1,2026-07-30 15:15:32 UTC,0
very good delivery,5,2026-07-30 15:15:15 UTC,0
"There is no cash on delivery in this app, if we do not have online payment then how can we order anything, I have to order a lot of things but I face a lot of problems in making the payment.",1,2026-07-30 15:15:10 UTC,0
goooooooooooooooooood🫡🫡,5,2026-07-30 15:15:00 UTC,0
very happy 😊 😃 with blinket,5,2026-07-30 15:15:00 UTC,0
Not deserve any star so I don't like this app,1,2026-07-30 15:14:34 UTC,0
Awesome hai boss,5,2026-07-30 15:12:40 UTC,0
very good 👍. gives products at right time.,5,2026-07-30 15:12:31 UTC,0
very nice,5,2026-07-30 15:12:21 UTC,0
good,5,2026-07-30 15:11:57 UTC,0
soooooooooo convenient !!!!!!!!!,5,2026-07-30 15:10:47 UTC,0
good,5,2026-07-30 15:10:31 UTC,0
very helpful,5,2026-07-30 15:10:28 UTC,0
good service,5,2026-07-30 15:08:51 UTC,0
good,5,2026-07-30 15:08:47 UTC,0
very good,5,2026-07-30 15:06:23 UTC,0
very low price,5,2026-07-30 15:06:11 UTC,0
"blinkit store is 500 meter from my home no traffic nothing but takes 18 minute ever 20 minutes and will charge 50 rs and above ,blinkit is giving day by day bad service",1,2026-07-30 15:05:02 UTC,0
loveeeeeee ittttttttt,5,2026-07-30 15:04:37 UTC,0
very nice,5,2026-07-30 15:04:26 UTC,0
best,5,2026-07-30 15:04:23 UTC,0
blinkit delivery is not good items are rotten or not packed properly. it happens frequently,1,2026-07-30 15:04:17 UTC,0
very nice so much ✨☺️☺️☺️,5,2026-07-30 15:03:05 UTC,0
good 👍,5,2026-07-30 15:02:50 UTC,0
good 😊,5,2026-07-30 15:02:38 UTC,0
google map not recognised place easily,1,2026-07-30 15:02:12 UTC,0
awesome,5,2026-07-30 15:02:11 UTC,0
very good app you must try it 😊👍🏻👍🏻🥰,5,2026-07-30 15:02:01 UTC,0
Good service,5,2026-07-30 15:02:01 UTC,0
very very nice good 👍,5,2026-07-30 15:01:29 UTC,0
good,5,2026-07-30 15:01:23 UTC,0
you could give something free or complementary things or food items after ordering heavy things😀,4,2026-07-30 15:00:15 UTC,0
Good service,5,2026-07-30 14:58:43 UTC,0
ok,2,2026-07-30 14:57:34 UTC,0
very fast and good service,5,2026-07-30 14:56:44 UTC,0
good 👍,5,2026-07-30 14:56:35 UTC,0
👍,4,2026-07-30 14:56:16 UTC,0
🤗,3,2026-07-30 14:56:03 UTC,0
sabse accha ❤️ I'm loving itttt....,5,2026-07-30 14:56:03 UTC,0
nice,5,2026-07-30 14:55:08 UTC,0
blinkit photocopy delivery is too late,2,2026-07-30 14:55:02 UTC,0
something order is delayed for a long period of time,4,2026-07-30 14:53:34 UTC,0
good experience with blinkit,5,2026-07-30 14:53:21 UTC,0
"बहोत ही अच्छी सर्विस है, डिलिवर करने वाले भाई भी बहोत अच्छे हैं, damage product तुरंत बदल जाता है, बहोत ही अच्छा लगा मुझे, बस थोड़ा डिस्काउंट कम है, लोकल मार्केट से तो ठीक ही है, लेकिन और सभी फायदे भी है घर बैठे सामन, फ्री डिलिवर, डिस्काउंट भी अच्छा लगा ❤️❤️",5,2026-07-30 14:53:03 UTC,0
"They sell completely used makeup. This is my first time buying makeup from here, and it was already used. Their customer service is the worst, and I've even been threatened by customer care staff on a call. they are not supported by the customer",1,2026-07-30 14:52:57 UTC,0
it is very helpful for every one I am happy or it's product are also like flipkart i am happy I ordered 11to15 times,5,2026-07-30 14:52:51 UTC,0
Amazing experience with blinkit,5,2026-07-30 14:52:29 UTC,0
item deliver on time product in good condition,5,2026-07-30 14:51:48 UTC,0
best platform,5,2026-07-30 14:51:13 UTC,0
"सड़ा हुआ, बासी, और हर प्रोडक्ट वजन में कम । घटिया सर्विस है ।। कृपया कोई इस्तेमाल न करे ।",1,2026-07-30 14:50:37 UTC,0
very bad experience order cancel option on available after book order,1,2026-07-30 14:48:44 UTC,0
👍 good website,5,2026-07-30 14:48:37 UTC,0
good,5,2026-07-30 14:48:08 UTC,0
ok,5,2026-07-30 14:48:01 UTC,0
good,5,2026-07-30 14:47:49 UTC,0
made life much more easier .,5,2026-07-30 14:47:38 UTC,0
cod must be available below order 50 or 80 other' wise it will create problem if the bank surver is down,3,2026-07-30 14:47:29 UTC,0
nice,1,2026-07-30 14:47:11 UTC,0
It is very good app I used a timer it actually came in 10 min and have much more groceries I love this app,5,2026-07-30 14:46:29 UTC,0
nice aap,4,2026-07-30 14:46:00 UTC,0
good,5,2026-07-30 14:45:51 UTC,0
very supportive team and coordination,5,2026-07-30 14:45:40 UTC,0
brilliant services,5,2026-07-30 14:45:29 UTC,0
so good,5,2026-07-30 14:45:20 UTC,0
"first time I will be using this application, I am impressed that the selection required a customer choice",3,2026-07-30 14:45:06 UTC,0
"Payment on in hand Delivery,Must be Better..",4,2026-07-30 14:44:26 UTC,0
very low earning and no offer store closed 11pm offer time late night 2 pm but store closed 11pm,1,2026-07-30 14:43:16 UTC,1
last time sevier,5,2026-07-30 14:43:08 UTC,0
good apps,5,2026-07-30 14:42:34 UTC,0
very fast delivery...All products are very good...,5,2026-07-30 14:41:56 UTC,0
it's a great help when you are outside of your town...thnxxx blinkit,5,2026-07-30 14:41:52 UTC,0
Too good to be true And very convenient,5,2026-07-30 14:41:26 UTC,0
"Nice service,😊😊😊",5,2026-07-30 14:41:09 UTC,0
just awesome,5,2026-07-30 14:40:46 UTC,0
👍🏻,5,2026-07-30 14:40:30 UTC,0
Excellent service,5,2026-07-30 14:39:33 UTC,0
over all experience is good,4,2026-07-30 14:39:03 UTC,0
🙂💔,5,2026-07-30 14:38:30 UTC,0
super,5,2026-07-30 14:38:17 UTC,0
good,5,2026-07-30 14:37:25 UTC,0
your service is very good but price is more than jio mart,4,2026-07-30 14:37:03 UTC,0
good delivery service,5,2026-07-30 14:36:14 UTC,0
very good 👍,5,2026-07-30 14:35:56 UTC,0
very rude behaviour and delay in service,1,2026-07-30 14:35:41 UTC,0
ok,5,2026-07-30 14:35:32 UTC,0
Good 👍,5,2026-07-30 14:35:01 UTC,0
wows it's amazing 👏 😍,5,2026-07-30 14:34:11 UTC,0
bahut badiya he,5,2026-07-30 14:33:37 UTC,0
best app,4,2026-07-30 14:33:07 UTC,0
Very nice product quality,5,2026-07-30 14:33:02 UTC,0
very nice 🙂,5,2026-07-30 14:32:38 UTC,0
always delevering on time but some time it is delayed 👍,4,2026-07-30 14:31:58 UTC,0
Awesome ness + Faster,5,2026-07-30 14:31:02 UTC,0
cod not available in my number 😞,4,2026-07-30 14:30:51 UTC,0
"Thank you for demonstrating that ""customer support"" and ""customer resolution"" are apparently separate departments. My experience suggests that following policy has taken priority over applying basic judgment to solve a straightforward issue. If the current process prevents your support team from exercising common sense, it may be worth reviewing the policy rather than expecting customers to accept an avoidable poor experience. I hope this feedback reaches someone empowered to improve the system.",1,2026-07-30 14:29:51 UTC,0
good,5,2026-07-30 14:28:21 UTC,0
"Extremely disappointed with this app. Since yesterday, every time I try to place an order, it shows ""Currently unavailable. We can't accept your order right now due to high demand."" If you can't handle the demand, don't let customers spend time adding products to their cart. This is a terrible user experience. There is no proper explanation, no estimated time, and no solution provided. Please fix your servers or stop showing unavailable services. Very frustrating and a complete waste of time.",1,2026-07-30 14:27:44 UTC,1
Just getting additional 65 rupees charge from past few days anytime i try to order something,1,2026-07-30 14:27:41 UTC,0
👍,5,2026-07-30 14:27:25 UTC,0
charging very high for delivery,1,2026-07-30 14:27:21 UTC,0
it is nice and comfortable in returning as well,5,2026-07-30 14:26:06 UTC,0
nice experience,5,2026-07-30 14:25:08 UTC,0
"Amazing app! Super fast delivery, easy to use, and the products always arrive in good condition. Highly recommended!😊🤩",5,2026-07-30 14:23:59 UTC,0
good,5,2026-07-30 14:23:55 UTC,0
badhiya,5,2026-07-30 14:23:46 UTC,0
very nice,5,2026-07-30 14:23:03 UTC,0
customer service is never customer friendly. no election of return policy is considered even if it is blink it mistake,1,2026-07-30 14:23:02 UTC,0
good and simple,5,2026-07-30 14:22:58 UTC,0
ok,4,2026-07-30 14:22:49 UTC,0
thank you for your quick service,5,2026-07-30 14:21:08 UTC,0
"disgusting , cost showing 36 , at the time of checkout it's showing 94.",1,2026-07-30 14:19:36 UTC,0
good,5,2026-07-30 14:18:32 UTC,0
good,4,2026-07-30 14:18:12 UTC,0
the order was not cancel,1,2026-07-30 14:17:14 UTC,0
good app,4,2026-07-30 14:17:11 UTC,0
wrost customer support. delivery of product made in an open pouch with dirty and part missing of an item......delivery boy not listens your complaint and not even customer support as it works only from 9 to 7 and if you need urgently some product.....don't rely on this app....go to any shop nearby......wrost experience i had today.,1,2026-07-30 14:16:38 UTC,0
Absolutely excellent experience regarding quality of products and delivery.,5,2026-07-30 14:16:25 UTC,0
delivery boy are very rude and unbearable,1,2026-07-30 14:16:04 UTC,0
good service fast service,5,2026-07-30 14:13:24 UTC,0
nice 👍,4,2026-07-30 14:11:55 UTC,0
Thank you Blinkit,5,2026-07-30 14:11:02 UTC,0
super 💯,5,2026-07-30 14:10:54 UTC,0
"169 dikha rha tha price peanut ka , jab payment ki bari aayi to 171 , to rupay kis chij ka hai , delivery bhi free show kr rha h ,",1,2026-07-30 14:10:25 UTC,0
great,5,2026-07-30 14:10:08 UTC,0
best 🥰,5,2026-07-30 14:09:53 UTC,0
good,5,2026-07-30 14:09:52 UTC,0
"handling Price is high. and no offers. also prices are high compare to Swiggy Instamart, flipkart minutes",1,2026-07-30 14:07:22 UTC,0
it's a good job,5,2026-07-30 14:07:16 UTC,0
excellent service,5,2026-07-30 14:05:04 UTC,0
how to sell my product in blink it,4,2026-07-30 14:04:53 UTC,0
osm service 👍👍👍,5,2026-07-30 14:04:32 UTC,0
love this app,5,2026-07-30 14:04:28 UTC,0
fast delivery,4,2026-07-30 14:04:14 UTC,0
"fast delivery,,,,",5,2026-07-30 14:04:06 UTC,0
ok,5,2026-07-30 14:03:47 UTC,0
excellent service. Blinkit has made my life very easy,5,2026-07-30 14:03:38 UTC,0
good 👍,4,2026-07-30 14:03:31 UTC,0
wow 😲,5,2026-07-30 14:03:20 UTC,0
"just did the first order on the app so don't know how it will go, but the app's interface is good and easy to order",4,2026-07-30 14:03:07 UTC,0
best service provider,5,2026-07-30 14:03:04 UTC,0
very good delivery,5,2026-07-30 14:02:57 UTC,0
good app for shopping,5,2026-07-30 14:02:56 UTC,0
Love,5,2026-07-30 14:02:32 UTC,0
Good price,5,2026-07-30 14:02:31 UTC,0
very bad at silvassa,1,2026-07-30 14:00:04 UTC,0
very fast and superb app all items are fresh 💗❤️,5,2026-07-30 13:59:25 UTC,0
charge lete hai bhot or cash on bhi ni hai bhot bar to,1,2026-07-30 13:59:00 UTC,0
good service,5,2026-07-30 13:58:19 UTC,0
achhha h bss price high kr deta h kvi kvi,5,2026-07-30 13:58:13 UTC,0
⏩ fast,5,2026-07-30 13:58:04 UTC,0
helpful and best services,5,2026-07-30 13:58:03 UTC,0
good app,5,2026-07-30 13:57:31 UTC,0
Very nice platform,5,2026-07-30 13:57:28 UTC,0
nice app,5,2026-07-30 13:57:19 UTC,0
nice app and delivery person also nice way of talking,5,2026-07-30 13:56:27 UTC,0
It's really helpful and i love the fast delivery but there are some products that are not available here and blinkit doesn't provides any service here in bihar so you all gotta do better!,5,2026-07-30 13:56:06 UTC,0
zero costomer assisting...,1,2026-07-30 13:56:03 UTC,0
thanks blinkit,5,2026-07-30 13:54:34 UTC,1
customer service is 1000/10 😍😍,5,2026-07-30 13:53:59 UTC,0
best,5,2026-07-30 13:53:38 UTC,0
very nice,5,2026-07-30 13:51:59 UTC,0
good,4,2026-07-30 13:51:37 UTC,0
good,4,2026-07-30 13:51:20 UTC,0
v good,5,2026-07-30 13:50:57 UTC,0
Fraud people,1,2026-07-30 13:50:02 UTC,0
High demand charge of 30 rs is not acceptable,2,2026-07-30 13:49:15 UTC,0
my experience with blinkit has been exceptionally well.. thanks for the wonderful service!,5,2026-07-30 13:48:52 UTC,0
its very nice and good application,5,2026-07-30 13:48:03 UTC,1
gud,1,2026-07-30 13:47:27 UTC,0
good,5,2026-07-30 13:47:10 UTC,1
good,5,2026-07-30 13:46:47 UTC,0
delivery is good 😊,4,2026-07-30 13:46:33 UTC,0
amul milk was not fresh on warming the milk as soon as it was received it started curdling,1,2026-07-30 13:46:22 UTC,0
good,5,2026-07-30 13:45:12 UTC,1
best 👍🏻,5,2026-07-30 13:44:46 UTC,0
Nice,5,2026-07-30 13:43:30 UTC,0
nicee,5,2026-07-30 13:41:01 UTC,0
very nice,5,2026-07-30 13:40:56 UTC,0
very good,5,2026-07-30 13:40:18 UTC,0
dikhata kuchh hai aur bhj kuchh deta hai,1,2026-07-30 13:39:44 UTC,0
good,5,2026-07-30 13:39:39 UTC,0
very very nice my time is save,4,2026-07-30 13:37:57 UTC,0
THIS IS VERY GOOD APP THATS LIKE FOOD MEAL EVERYONE INSTALLED THIS APP,5,2026-07-30 13:37:49 UTC,0
Nice dilivery boy,5,2026-07-30 13:37:27 UTC,0
very fast and affordable,5,2026-07-30 13:37:03 UTC,0
good 👍,4,2026-07-30 13:37:00 UTC,0
overpriced,1,2026-07-30 13:36:12 UTC,0
👍,4,2026-07-30 13:35:53 UTC,0
sab kuch accha hai par discount nahi milta quantity Saman mangwane par,4,2026-07-30 13:35:31 UTC,0
so cute,5,2026-07-30 13:33:57 UTC,0
hedling charge high price to high,1,2026-07-30 13:33:24 UTC,0
best,5,2026-07-30 13:33:13 UTC,0
very good service,5,2026-07-30 13:32:48 UTC,0
very good service,5,2026-07-30 13:32:18 UTC,0
there were free gifts and superfast deliveries I love this app there were not any ads,5,2026-07-30 13:31:59 UTC,0
good service and product,5,2026-07-30 13:31:45 UTC,0
very good app,5,2026-07-30 13:31:22 UTC,0
showing before order 4 mins only but after order it will 20 mins,1,2026-07-30 13:31:21 UTC,0
"used to be good, now you've changed bro",1,2026-07-30 13:30:54 UTC,0
good,3,2026-07-30 13:30:34 UTC,0
nice but rate little bit less,5,2026-07-30 13:30:09 UTC,0
excellent discounts,5,2026-07-30 13:30:00 UTC,1
good,5,2026-07-30 13:29:58 UTC,0
I ordered some raisins once and they were black instead of their original colour and when i tried to return them they said they cannot help me with my request. Please try to fix your return system blinkit. Everything else in the app is actually VERY impressive. I use this app to order plenty of items and they come very fast.,4,2026-07-30 13:29:23 UTC,0
good,4,2026-07-30 13:29:04 UTC,0
excellent,4,2026-07-30 13:29:00 UTC,0
Mere oder return le gye par payment abhi tak nhi aaye,1,2026-07-30 13:28:30 UTC,0
ita my first order so far it is good to use let's see,5,2026-07-30 13:28:19 UTC,0
Best delivery app,5,2026-07-30 13:28:12 UTC,1
nice,5,2026-07-30 13:28:04 UTC,0
good,5,2026-07-30 13:26:50 UTC,0
good service any time 🙏🙏,5,2026-07-30 13:26:46 UTC,0
nice,5,2026-07-30 13:26:45 UTC,0
door step delivery without single call,5,2026-07-30 13:24:35 UTC,0
COD option is not available after i cancelled my order bad service bad app,1,2026-07-30 13:24:30 UTC,0
good,5,2026-07-30 13:23:56 UTC,0
Awesome services..,4,2026-07-30 13:23:14 UTC,1
very trusted app i am aprishiated,5,2026-07-30 13:23:11 UTC,0
ok,5,2026-07-30 13:21:53 UTC,0
convient n hassle free,5,2026-07-30 13:21:51 UTC,0
very useful app,5,2026-07-30 13:18:57 UTC,0
awesome 👍,5,2026-07-30 13:18:35 UTC,0
"accha app h easily har chij mil jati ghar pr baithe baithe, sath hi fresh chij milti h thanku hamari life ko thoda or aasan banane ke liye😇",5,2026-07-30 13:16:50 UTC,0
very good,5,2026-07-30 13:16:47 UTC,0
extremely good. and keeps getting better by the day!! 👍,5,2026-07-30 13:15:52 UTC,0
it is very nice app,5,2026-07-30 13:15:14 UTC,0
delevery on time 🙂,5,2026-07-30 13:15:03 UTC,0
delivers worst product,1,2026-07-30 13:14:27 UTC,0
superb,5,2026-07-30 13:14:08 UTC,0
good,5,2026-07-30 13:13:55 UTC,0
good service blinkit,5,2026-07-30 13:13:01 UTC,0
nice,5,2026-07-30 13:12:10 UTC,0
mast hai re baba😜,5,2026-07-30 13:11:48 UTC,0
"★☆ Very poor customer service I had to request an exchange for a mistaken order. The product was sealed and unused. But Blinkit customer care was not helpful at all. Responses are delayed, unclear.No proper resolution and no option to talk to a supervisor. Delivery is fast but support is terrible. Really disappointed. Please improve your customer service.",1,2026-07-30 13:10:31 UTC,0
wrust app,1,2026-07-30 13:10:12 UTC,0
very good aap Thank you much blinkit,5,2026-07-30 13:09:33 UTC,0
fantastic and super fast delivery 👌,5,2026-07-30 13:09:11 UTC,0
👌 excellent service,5,2026-07-30 13:08:47 UTC,0
best service all app,5,2026-07-30 13:08:37 UTC,0
excellent service,5,2026-07-30 13:06:51 UTC,0
late service,1,2026-07-30 13:05:12 UTC,0
PLEASE CHANGE FOR COD AMOUNT 🙏 CAN'T BUY IN 1500 LIMIT ...,1,2026-07-30 13:05:04 UTC,0
order in this area is pathetically delayed,2,2026-07-30 13:04:22 UTC,0
nice,5,2026-07-30 13:03:18 UTC,0
super 👌,5,2026-07-30 13:02:18 UTC,0
exlent,4,2026-07-30 13:01:56 UTC,0
"Customer service is worst here. There is no response on the enquiry on chatbox, and when contacted via mail, they have no resolution or answers regarding there damaged product delivery, even when thy especially mention 72 hours replacement available for the item. I have worst experience on this app. Please beware of their product and their services.",1,2026-07-30 13:01:06 UTC,0
good,5,2026-07-30 13:00:10 UTC,0
good job,5,2026-07-30 12:59:08 UTC,0
best,3,2026-07-30 12:59:04 UTC,0
best service.,5,2026-07-30 12:58:01 UTC,0
I am happy,5,2026-07-30 12:57:35 UTC,0
"Really very good and fast service, Keep it up with smiles 😊",5,2026-07-30 12:56:56 UTC,0
"Absolutely loved the service Lightning-fast delivery, excellent product quality, and a smooth ordering experience from start to finish. Blinkit never disappoints. Keep up the fantastic work",5,2026-07-30 12:56:45 UTC,0
very good,5,2026-07-30 12:56:27 UTC,0
Good,5,2026-07-30 12:54:50 UTC,0
okay good,3,2026-07-30 12:53:16 UTC,0
good,5,2026-07-30 12:52:55 UTC,0
Nice 👌 and so fast 🏃‍♀️,5,2026-07-30 12:52:45 UTC,0
the order has been delayed waay too much,1,2026-07-30 12:51:20 UTC,0
most best website no scams at all Loved so much😊☺️,5,2026-07-30 12:51:13 UTC,0
good,5,2026-07-30 12:50:54 UTC,0
Products are FIVE STAR & DELIVERED ON TIME. SOME OF YOUR DELIVERY EXECUTIVES ARE RUDE & NOT COOPERATIVE.,3,2026-07-30 12:49:10 UTC,1
good 👍😊,5,2026-07-30 12:47:26 UTC,1
good 👍,5,2026-07-30 12:45:10 UTC,0
Great app,5,2026-07-30 12:45:10 UTC,0
nice and helpful,5,2026-07-30 12:45:02 UTC,0
They don't send disposable spoons with items that actually require them—is one supposed to stick a finger in and eat it?,1,2026-07-30 12:44:18 UTC,1
good service,4,2026-07-30 12:44:12 UTC,0
Price too much but it's good,3,2026-07-30 12:44:00 UTC,0
why handling fee,1,2026-07-30 12:43:04 UTC,0
good,5,2026-07-30 12:41:27 UTC,0
not delivered to product 😠😡,1,2026-07-30 12:40:44 UTC,1
Good 👍,4,2026-07-30 12:39:56 UTC,1
nice,5,2026-07-30 12:39:38 UTC,0
great app♥️,5,2026-07-30 12:37:34 UTC,0
good,5,2026-07-30 12:36:38 UTC,0
very good app,5,2026-07-30 12:35:48 UTC,0
very good 👍🏻 👏🏻,5,2026-07-30 12:35:00 UTC,0
life saver,5,2026-07-30 12:34:45 UTC,0
good,1,2026-07-30 12:34:43 UTC,0
more difficult to find exact location 😕,4,2026-07-30 12:34:42 UTC,0
good,5,2026-07-30 12:33:29 UTC,0
mast,5,2026-07-30 12:33:12 UTC,0
good app,3,2026-07-30 12:32:59 UTC,0
good,4,2026-07-30 12:32:55 UTC,0
good service,5,2026-07-30 12:32:00 UTC,1
order fast kro,5,2026-07-30 12:31:35 UTC,0
good,5,2026-07-30 12:29:25 UTC,0
very nice,5,2026-07-30 12:28:40 UTC,0
good 👍,4,2026-07-30 12:26:13 UTC,0
'Help' is not accessible to the user easily. 30/July/2026. Still as hopeless as ever.,1,2026-07-30 12:25:48 UTC,0
best,4,2026-07-30 12:25:37 UTC,0
good service 👍😎,5,2026-07-30 12:25:32 UTC,0
all items are good 👍,5,2026-07-30 12:24:53 UTC,0
wow,5,2026-07-30 12:23:05 UTC,0
too exorbitant,1,2026-07-30 12:20:56 UTC,0
best sarvice,5,2026-07-30 12:18:27 UTC,0
customer support khrab hai,1,2026-07-30 12:18:01 UTC,0
wrong delivery,1,2026-07-30 12:16:45 UTC,0
very fast,5,2026-07-30 12:14:47 UTC,0
very good and fast delivery👍💗,5,2026-07-30 12:12:54 UTC,0
good but slightly costly,4,2026-07-30 12:11:26 UTC,0
"IT'S A VERY good app, the only problem is about the location sometimes I have to tell the location to the delivery boy several times good app nice app and the second problem is they aren't keeping the small packet like If I want to buy chips and I want a 10 rupee packet it's not available !!! it's not good challlooo baaki overall good",4,2026-07-30 12:11:19 UTC,0
very good experience 👌,5,2026-07-30 12:11:03 UTC,0
Good nice 👍🏻 👍🏻,5,2026-07-30 12:10:30 UTC,0
very quick and reliable service.,5,2026-07-30 12:10:19 UTC,0
good,5,2026-07-30 12:08:57 UTC,0
good 👍,5,2026-07-30 12:08:21 UTC,0
nice,5,2026-07-30 12:08:03 UTC,0
"Good,More use AI",5,2026-07-30 12:08:02 UTC,0
best e commerce company and you got under 30 min order products to order from Blinkit,5,2026-07-30 12:07:09 UTC,0
goodies really good website,5,2026-07-30 12:06:49 UTC,0
good,5,2026-07-30 12:06:08 UTC,0
ya log bat nahi sunta hai .enko bas apna order ki pardi rehti hai .,1,2026-07-30 12:04:43 UTC,0
Nice,4,2026-07-30 12:02:48 UTC,0
good,5,2026-07-30 12:02:18 UTC,0
best app,5,2026-07-30 12:01:08 UTC,0
ghatiya,1,2026-07-30 12:00:40 UTC,0
best best best best app,5,2026-07-30 12:00:08 UTC,0
happy,5,2026-07-30 11:58:57 UTC,0
good,5,2026-07-30 11:58:24 UTC,0
good service,5,2026-07-30 11:56:59 UTC,1
gud,5,2026-07-30 11:56:02 UTC,0
"exceptional service , thoroughly impressed.",5,2026-07-30 11:55:57 UTC,0
good 👍👍👍,5,2026-07-30 11:55:30 UTC,0
the app is so smooth and easily to take the order l love the app,5,2026-07-30 11:54:45 UTC,0
delivery timing is good 👍🏻,5,2026-07-30 11:54:16 UTC,0
super,1,2026-07-30 11:52:41 UTC,1
bad,1,2026-07-30 11:51:22 UTC,0
add more address in your app for right location,4,2026-07-30 11:50:40 UTC,0
very good 😊,4,2026-07-30 11:50:36 UTC,0
fraud and duplicate item send,1,2026-07-30 11:49:26 UTC,0
good,5,2026-07-30 11:47:41 UTC,0
worth it price! appreciable 😻🎀,5,2026-07-30 11:44:51 UTC,0
why always take handling charges 😞 bad,3,2026-07-30 11:44:37 UTC,0
item is so bad,1,2026-07-30 11:42:25 UTC,0
good,4,2026-07-30 11:40:55 UTC,0
Fastest & Genuine delivery app.,5,2026-07-30 11:39:08 UTC,0
cheep products they sell expiry products and also hides the expiry date,1,2026-07-30 11:36:52 UTC,0
very nice,5,2026-07-30 11:36:47 UTC,0
good,5,2026-07-30 11:35:58 UTC,0
super app,5,2026-07-30 11:34:59 UTC,0
good👍👍👍👍,5,2026-07-30 11:33:10 UTC,0
Noice,5,2026-07-30 11:31:22 UTC,0
it's very good 👍😊,5,2026-07-30 11:31:18 UTC,0
💯💯,5,2026-07-30 11:30:53 UTC,0
"Hi Blinkit team, I would like to suggest a new feature where customers can transfer money through the app and request delivery of physical cash to their doorstep for a service fee. This could help people who need emergency cash and cannot access an ATM. I believe this would be a valuable addition to your platform.",5,2026-07-30 11:29:59 UTC,0
very unhelpful on returns of products and refuse to take responsibility,1,2026-07-30 11:28:22 UTC,1
👌,5,2026-07-30 11:26:34 UTC,0
good,4,2026-07-30 11:26:11 UTC,0
good,5,2026-07-30 11:25:22 UTC,0
Cash on delivery not available,1,2026-07-30 11:22:22 UTC,0
"My experience with blinkit was nice, the delivery partners had a very polite behaviour and professional attitude, expect some (1-2), beyond that service was nice and fast, product came clean and the paper bags were also good. But in Srinagar, blinkit does have much options currently. And also it takes them a lot of time to restock items, hope this issues resolves in future.",4,2026-07-30 11:20:23 UTC,0
good 👍🏻😊,5,2026-07-30 11:20:01 UTC,0
best Groceries and service fast delivery,5,2026-07-30 11:18:15 UTC,0
good service 👍,5,2026-07-30 11:18:11 UTC,0
good,5,2026-07-30 11:18:03 UTC,0
good,5,2026-07-30 11:17:48 UTC,0
expire food,1,2026-07-30 11:17:32 UTC,0
👌🏻,5,2026-07-30 11:16:53 UTC,0
helpfull and great service.,5,2026-07-30 11:15:41 UTC,0
I am becoming lazzzyy.....,5,2026-07-30 11:15:39 UTC,0
all delivary no free,1,2026-07-30 11:15:28 UTC,0
good,4,2026-07-30 11:14:53 UTC,0
Very fast deu & Very nice Cwality I am very happy,5,2026-07-30 11:14:31 UTC,0
very good,5,2026-07-30 11:14:01 UTC,0
taking a surge amount every time,1,2026-07-30 11:12:23 UTC,0
very nice service,5,2026-07-30 11:12:06 UTC,0
Excellent,5,2026-07-30 11:12:03 UTC,0
nice,5,2026-07-30 11:11:47 UTC,0
good app,5,2026-07-30 11:11:45 UTC,0
"Do not send paper bags, send only plastic bags. You charged Delivery Charges Only. But other platforms charged many things and i have to make sure for any new charges for every order COD, rain, sun, water logging, congestion, traffic jam etc. Finally I uninstall all other platforms and have blinkit only",5,2026-07-30 11:11:22 UTC,0
good,5,2026-07-30 11:09:36 UTC,0
delivery is so good,4,2026-07-30 11:09:17 UTC,0
very good,5,2026-07-30 11:08:50 UTC,0
awesome delivery service... not even big countries like russia and usa have such a sped up service... thanks,5,2026-07-30 11:07:46 UTC,0
very 👍🏻 nice 🙂 app🌲,5,2026-07-30 11:07:35 UTC,0
"this aap was really good , I'm very satisfied with this aap 👍🏻",5,2026-07-30 11:07:18 UTC,0
😍,5,2026-07-30 11:06:16 UTC,0
deliveries were not accurate,1,2026-07-30 11:04:44 UTC,0
"I had a very disappointing experience with Blinkit. I ordered a boAt Stone 350 Pro Bluetooth Speaker, but I received a different Bluetooth speaker. I reported the issue immediately and shared all the requested photos and videos. Despite multiple follow-ups, my request for a replacement or refund was rejected after their investigation. Based on my experience, I would be very cautious about ordering electronic items from Blinkit until stronger customer protection measures, such as open-box verific",1,2026-07-30 11:03:55 UTC,0
good,4,2026-07-30 11:01:51 UTC,0
"My refund has still not been credited to my account, and I couldn't find any contact number for your support team. How will my issue be resolved? How can I get my refund back?",1,2026-07-30 11:01:50 UTC,0
GOOD EXPERIENCE,5,2026-07-30 11:01:09 UTC,0
no coupon apply,1,2026-07-30 10:58:35 UTC,0
Nothing To Say it's Word less,5,2026-07-30 10:57:48 UTC,0
good,5,2026-07-30 10:57:07 UTC,0
good,5,2026-07-30 10:56:32 UTC,0
Best,5,2026-07-30 10:56:07 UTC,0
good,5,2026-07-30 10:55:07 UTC,1
best experience,5,2026-07-30 10:54:37 UTC,0
exilent,5,2026-07-30 10:53:41 UTC,0
this is very helpful app,5,2026-07-30 10:53:08 UTC,0
"i have ordered a list of games and items for my niece on her birthday, I have paid 30 rs for gift packaging, but none of the items came gift wrapped. it's end the surprise. blinkit is earning money by these kinds of tricks.. so bad...will never use it now",1,2026-07-30 10:51:37 UTC,0
good,5,2026-07-30 10:50:22 UTC,0
zepto is way better,3,2026-07-30 10:50:00 UTC,0
GOod,5,2026-07-30 10:49:59 UTC,0
deliverey fast good product,4,2026-07-30 10:49:05 UTC,0
Good,5,2026-07-30 10:45:50 UTC,0
great platform,5,2026-07-30 10:45:04 UTC,0
delivery is never available when you actually need something.,1,2026-07-30 10:43:46 UTC,0
👍,5,2026-07-30 10:42:00 UTC,0
very good,5,2026-07-30 10:41:01 UTC,0
awesome 👌,5,2026-07-30 10:39:01 UTC,0
nice,5,2026-07-30 10:38:59 UTC,0
good app,5,2026-07-30 10:38:09 UTC,0
awesome,5,2026-07-30 10:36:08 UTC,0
amazing amazing app...1000prcnt satisfied...Ty blinkit😊,5,2026-07-30 10:35:23 UTC,0
good service,5,2026-07-30 10:33:46 UTC,0
Unimaginable fast door step reasonable service ever thought of .Especially good for senior citizens. My best wishes For the last few days unable to see balance and profile icon on the right top corner of the app. Reinstalled once but problem again after 2-3 days. Please help. Thanks,4,2026-07-30 10:32:30 UTC,0
og service 🫶🏻🤍,5,2026-07-30 10:32:07 UTC,0
best app,5,2026-07-30 10:30:36 UTC,0
"The delivery boy's behavior was appalling. I have a child at home, so my wife went to receive the order. Since she didn't have an online balance on her phone, she asked him to take a photo of the company's scanner and send it to me so I could make the payment online. The delivery boy retorted, ""If I had known this, I would have cancelled the order beforehand; I don't have that kind of time—you make the payment."" He kept asking inappropriate questions like, ""Why does your husband have to do it?""",1,2026-07-30 10:30:34 UTC,0
good,5,2026-07-30 10:30:04 UTC,0
okay,5,2026-07-30 10:29:55 UTC,0
products from this app are good but behaviour of delivery partner is so rude they don't have any sense or manners how to talk some of them are good in nature and behaviour some of them are so rude,1,2026-07-30 10:28:51 UTC,0
Very helpful 👌 ☺️,5,2026-07-30 10:27:49 UTC,0
good,4,2026-07-30 10:26:27 UTC,0
best last min app,5,2026-07-30 10:24:48 UTC,0
makes our work easier and less price than market value,5,2026-07-30 10:24:38 UTC,0
Blinkit was working in my area till last week but now it is showing as currently unavailable please fix this issue quickly as soon as possible,2,2026-07-30 10:23:46 UTC,0
Very easy and fast delivery process if you want something quickly. Love this!!,5,2026-07-30 10:23:01 UTC,0
bad,1,2026-07-30 10:22:54 UTC,0
good,1,2026-07-30 10:22:40 UTC,0
good,5,2026-07-30 10:20:13 UTC,0
good 👍,5,2026-07-30 10:19:43 UTC,0
prices are a bit high compared to different apps,4,2026-07-30 10:19:00 UTC,0
good,5,2026-07-30 10:17:31 UTC,0
nice,4,2026-07-30 10:17:26 UTC,0
good,3,2026-07-30 10:17:24 UTC,0
to much price hike in this platform,1,2026-07-30 10:17:07 UTC,0
good 👍🏻,4,2026-07-30 10:16:29 UTC,0
you donot give things in a packet,1,2026-07-30 10:15:16 UTC,0
very good,5,2026-07-30 10:14:24 UTC,0
good,5,2026-07-30 10:13:41 UTC,0
Good service,5,2026-07-30 10:13:03 UTC,0
Thanks For This Service,5,2026-07-30 10:12:12 UTC,0
Nice,5,2026-07-30 10:11:40 UTC,0
not delivered at my location,2,2026-07-30 10:10:55 UTC,0
बहुत ही घटिया और 420 भरा आपके कल आपके हाकर का व्यवहार. वह तीन आरेंज जूस के जगह पर दो आरेंज जूस और एक चुता हुआ मिक्स फ्रूट जूस 1 घंटे मे लेकर आया. हमसे बताया की हमारे पास दो ही आरेंज जूस उपलब्ध था. मै कहा की यह बात आडर डिलीवरी के पहले मुझे बतानी चाहिए. इस पर वह कोई सही जबाव नही दे पाया. कृपया हाकर पर अनुशासनात्मक कार्वाही कीजिए की भविष्य मे इस प्रकार का मनमानी नहीं कर सके.,5,2026-07-30 10:09:37 UTC,0
"Terrible interface! The app is really slow and the cart option doesn't expand up once you click on it. If you have added something in the cart, you need to spend 5 to 10 minutes looking for an option to open the cart again. App is really not user friendly! Update: Issue is with the application, not the order or service. Thanks!",1,2026-07-30 10:09:27 UTC,1
best app store,5,2026-07-30 10:09:16 UTC,0
Great!,5,2026-07-30 10:09:11 UTC,0
nice,4,2026-07-30 10:07:37 UTC,0
good,5,2026-07-30 10:07:27 UTC,0
good,5,2026-07-30 10:06:54 UTC,0
Good 👍,5,2026-07-30 10:06:44 UTC,0
very nice 👌,5,2026-07-30 10:06:14 UTC,0
good,5,2026-07-30 10:06:05 UTC,0
"Their delivery speed is faster than I thought, thanks Blinkit.",5,2026-07-30 10:03:55 UTC,0
Nice,5,2026-07-30 10:03:36 UTC,0
very good experience with blinkit,5,2026-07-30 10:02:53 UTC,0
don't take any handling fee It's costly for students and many more people plz consider this problem.,1,2026-07-30 10:02:31 UTC,0
very good,5,2026-07-30 10:01:27 UTC,0
very good service for blanket,5,2026-07-30 09:59:32 UTC,0
good,5,2026-07-30 09:57:00 UTC,0
good,5,2026-07-30 09:56:52 UTC,0
"I have ordered for the first time today. Let's see how the experience happens, what is the facility?",4,2026-07-30 09:56:51 UTC,0
good,5,2026-07-30 09:56:26 UTC,0
Very Good And best app for instant ordering without going anywhere thank you so much 🙏😉,5,2026-07-30 09:55:43 UTC,0
nice,5,2026-07-30 09:54:15 UTC,0
"very fast delivery, just like blink",5,2026-07-30 09:53:26 UTC,0
very good and fast service,5,2026-07-30 09:52:28 UTC,0
good,5,2026-07-30 09:52:20 UTC,0
"My experiences have been highly satisfying. As displayed, at the time of ordering, they deliver within that time - not once or twice, but every time. The quality of the products is also very good. Moreover, in case of any problems, their customer service responds promptly and the resolution is extremely fast.",5,2026-07-30 09:50:53 UTC,0
Outstanding,5,2026-07-30 09:50:25 UTC,0
Nice aap . . . .. . .... .. .,5,2026-07-30 09:50:12 UTC,0
very disappointed.. I order item.. and blinkit send very very low product sent.. and i returned.. but they refused...,1,2026-07-30 09:49:48 UTC,0
not good,1,2026-07-30 09:49:16 UTC,0
Excellent service,5,2026-07-30 09:48:41 UTC,0
very nice,5,2026-07-30 09:48:21 UTC,0
very useful for working and non working mothers,5,2026-07-30 09:48:20 UTC,0
Good,5,2026-07-30 09:46:31 UTC,0
very good 👍👍,5,2026-07-30 09:46:24 UTC,0
very helpful,5,2026-07-30 09:46:06 UTC,0
"I'd give zero stars if I could. order gets delayed often, sometimes by 45-50 mins. customer support is extremely unhelpful and you're forced to talk to an AI which doesn't understand the concern. better to get some alternative and not this.",1,2026-07-30 09:45:10 UTC,1
good,5,2026-07-30 09:42:54 UTC,0
good,5,2026-07-30 09:41:41 UTC,0
"agr app ek baar material purchase krr lenge to vo vapis nhi krte, agr glt material aa gya ho to..",1,2026-07-30 09:40:28 UTC,0
superb,5,2026-07-30 09:40:19 UTC,0
service is best,5,2026-07-30 09:39:43 UTC,0
Great.. best quality products,5,2026-07-30 09:38:28 UTC,0
jaldi aao bhaiya,5,2026-07-30 09:37:54 UTC,0
good,5,2026-07-30 09:37:01 UTC,0
very good 👍😊,5,2026-07-30 09:37:00 UTC,0
good,4,2026-07-30 09:35:17 UTC,0
good 👍,1,2026-07-30 09:34:46 UTC,0
good,5,2026-07-30 09:33:41 UTC,0
Very good service,5,2026-07-30 09:32:31 UTC,0
best app for best items,5,2026-07-30 09:30:26 UTC,0
good 👍,5,2026-07-30 09:29:58 UTC,0
Good,5,2026-07-30 09:28:53 UTC,0
it is good but not best 😌 i,4,2026-07-30 09:27:10 UTC,0
good,5,2026-07-30 09:26:55 UTC,0
good,4,2026-07-30 09:25:47 UTC,0
they dont give the change money ..and make the delivery so long many times ..and many times they say that they will give the change money on your blinkit app..but they don't give,2,2026-07-30 09:24:40 UTC,1
good,4,2026-07-30 09:24:23 UTC,0
"It is okay till the time you dont give a feedback or have a complaint. Rude customer care who shouts, zero understanding of customer service, and taking orders with advance payment and then cancel without informing!!! for me its only for absolutely umergency requirements which Big Basket, Instamart or Amazon Now can not deliver. otherwise a BIG NO to Blinkit.",1,2026-07-30 09:23:35 UTC,0
good,5,2026-07-30 09:22:42 UTC,0
good,5,2026-07-30 09:22:09 UTC,0
nice,5,2026-07-30 09:18:52 UTC,0
👍,5,2026-07-30 09:17:57 UTC,0
👍🙂 search,5,2026-07-30 09:17:04 UTC,0
Nice service,5,2026-07-30 09:16:13 UTC,0
nice,5,2026-07-30 09:15:20 UTC,0
"Very fast, These people come in any weather",5,2026-07-30 09:14:58 UTC,0
very good Very nice app,5,2026-07-30 09:14:55 UTC,0
very good service... 👌,4,2026-07-30 09:14:42 UTC,0
good,5,2026-07-30 09:14:06 UTC,0
Nice,4,2026-07-30 09:13:21 UTC,0
good,5,2026-07-30 09:12:55 UTC,0
good,5,2026-07-30 09:12:29 UTC,0
wow,5,2026-07-30 09:10:58 UTC,0
good,4,2026-07-30 09:10:42 UTC,0
thank you,5,2026-07-30 09:09:30 UTC,0
excellent,5,2026-07-30 09:08:48 UTC,0
excellent,5,2026-07-30 09:08:41 UTC,0
"Delivery is getting delayed since last few days, 40 minutes as per time",2,2026-07-30 09:07:51 UTC,1
What I like most is that they take consultation after ordering any pharmacy thing that's a very appreciative thing,5,2026-07-30 09:07:33 UTC,0
best 👍🏻,5,2026-07-30 09:07:04 UTC,0
"Liked...,an application.",5,2026-07-30 09:06:54 UTC,0
easy to order from anywhere....thnks blink it,5,2026-07-30 09:06:50 UTC,0
Good,5,2026-07-30 09:04:43 UTC,0
very nice and quick service thankyou blinkit soo much,5,2026-07-30 09:04:21 UTC,0
best app i love it 🌹,5,2026-07-30 09:04:01 UTC,0
thank you blinkit,5,2026-07-30 09:03:57 UTC,0
good like,1,2026-07-30 09:02:25 UTC,0
Good,5,2026-07-30 08:57:26 UTC,1
nice app thank for you 😊,5,2026-07-30 08:55:08 UTC,0
really its last minute app,5,2026-07-30 08:54:51 UTC,0
dilevery is good for me,5,2026-07-30 08:54:32 UTC,0
good,5,2026-07-30 08:53:47 UTC,0
ok,5,2026-07-30 08:52:42 UTC,0
very bad delivery boys always no change I hate,1,2026-07-30 08:52:30 UTC,0
Repeated complaints against the vendor at Haridwar is falling to deaf ears. No remedial action is being taken. Why are we paying you blinkit? Better to switch to zepto etc.,1,2026-07-30 08:51:14 UTC,0
good,5,2026-07-30 08:47:51 UTC,0
great 👍👍👍👍👍,5,2026-07-30 08:47:07 UTC,0
very good service,5,2026-07-30 08:45:35 UTC,0
nice,5,2026-07-30 08:45:19 UTC,0
rating is the too bad because your service is too worst charger cast,1,2026-07-30 08:42:20 UTC,0
Very good,5,2026-07-30 08:41:50 UTC,0
fantastic💗,5,2026-07-30 08:40:24 UTC,0
too late sarvice,1,2026-07-30 08:39:25 UTC,0
satisfy,5,2026-07-30 08:38:25 UTC,0
Very fast dilivery. keep it up,5,2026-07-30 08:38:16 UTC,0
sahi app hai kr sakte ho order pr,5,2026-07-30 08:37:29 UTC,0
perfect but be available at every location,4,2026-07-30 08:35:45 UTC,0
it's great app and their customers support system good 👍,3,2026-07-30 08:34:50 UTC,0
nice 🙂,5,2026-07-30 08:32:54 UTC,0
worst app,1,2026-07-30 08:31:34 UTC,0
good,5,2026-07-30 08:30:35 UTC,0
not fresh any food and anything i given 2 stars because faster del.....,2,2026-07-30 08:28:54 UTC,1
I've been using this app for a long time but few days ago they scammed me. So I bought a 4 in one data cable and it wasn't working properly then I raised a complaint in chat support and they said contact the brand for warranty and gave me e-mail and phone number of that brand but neither they replied not answered my call it's totally scam and I'm going to stop using blinkit forever and I wish it gets banned forever I'll keep praying that both pay for it.,1,2026-07-30 08:28:39 UTC,0
very fast,5,2026-07-30 08:25:52 UTC,0
blinkit very faster dilivery app and treated bhi hai nice good job 👍🏻,5,2026-07-30 08:25:31 UTC,0
this is very good 👍,5,2026-07-30 08:24:22 UTC,0
your service is amazing,5,2026-07-30 08:24:02 UTC,0
"I have worked there in blinkit and believe me there system may be advanced but the salary is so less . we got 58 rs for 6.5 km and this is for full travel. Also they only give one delivery for one person, 9/10 times. It's hilarious that when I tried to work doubled they block my account. even though I am working with pure honesty. The owner may say that delevery can be done under half or one hours. But customer still believes that there order is coming under 10 mins. they still use this trick.",1,2026-07-30 08:22:10 UTC,0
My first order on Blinkit let's see how they give the service,4,2026-07-30 08:21:51 UTC,0
amazing,5,2026-07-30 08:21:26 UTC,0
good 👍,5,2026-07-30 08:21:19 UTC,0
good,3,2026-07-30 08:21:14 UTC,0
nice,5,2026-07-30 08:20:30 UTC,0
it's very usefull for me,5,2026-07-30 08:20:19 UTC,0
COD Option Not Available,1,2026-07-30 08:18:23 UTC,0
good 👍,5,2026-07-30 08:17:18 UTC,0
Blinkit suggest animal products on serching vegan food.I am vegan .Blinkit confuse me .Why there is animal products on my feed.,1,2026-07-30 08:16:14 UTC,0
Good 👍,3,2026-07-30 08:15:30 UTC,0
nice,5,2026-07-30 08:13:11 UTC,0
"worst customer support. i am trying to complain about a faulty product i received but the customer service bot is asking me to take a video of the product, and blinkit's camera feature is not working. and it is not giving me an option to upload from my phone as well",1,2026-07-30 08:12:15 UTC,0
nice service,5,2026-07-30 08:11:23 UTC,0
great,5,2026-07-30 08:11:21 UTC,0
👍🏻👍🏻,2,2026-07-30 08:10:53 UTC,1
"Excellent service!! Super-fast delivery, neatly packed items, and everything arrived in perfect condition. Thank you.",5,2026-07-30 08:06:44 UTC,0
good,5,2026-07-30 08:05:07 UTC,0
good,5,2026-07-30 08:04:54 UTC,0
good,4,2026-07-30 08:03:18 UTC,0
👍,4,2026-07-30 08:01:04 UTC,0
✨💖,5,2026-07-30 08:00:59 UTC,0
very fast,5,2026-07-30 08:00:12 UTC,0
fast delivery 🙌,5,2026-07-30 08:00:00 UTC,0
unwanted charges on cancellation,1,2026-07-30 07:59:28 UTC,0
good,5,2026-07-30 07:58:52 UTC,0
your service is best service,5,2026-07-30 07:58:25 UTC,0
perfect,5,2026-07-30 07:58:21 UTC,0
nice,4,2026-07-30 07:58:08 UTC,0
best grocery app and only aap works in kashmir.,5,2026-07-30 07:57:46 UTC,0
Very fast delivery and the product is good,5,2026-07-30 07:56:09 UTC,0
nice,4,2026-07-30 07:54:16 UTC,0
very helpful app,5,2026-07-30 07:52:42 UTC,0
good,3,2026-07-30 07:51:24 UTC,0
good,5,2026-07-30 07:50:57 UTC,0
best app for many services,5,2026-07-30 07:49:13 UTC,0
good oooodd,4,2026-07-30 07:49:04 UTC,0
best app ever invented.. omg how fast is too fast 🏇🏻,5,2026-07-30 07:48:51 UTC,0
good,5,2026-07-30 07:48:21 UTC,0
good,4,2026-07-30 07:47:54 UTC,0
i didn't receive my order but showing delivered worst service want my refund,1,2026-07-30 07:47:38 UTC,0
fast,5,2026-07-30 07:46:37 UTC,0
good,5,2026-07-30 07:45:27 UTC,0
good,4,2026-07-30 07:42:18 UTC,0
Very good. Item arrived in a couple of minutes,5,2026-07-30 07:40:43 UTC,0
NISE,5,2026-07-30 07:39:39 UTC,0
very nice 🙂,5,2026-07-30 07:39:15 UTC,0
good service,5,2026-07-30 07:38:19 UTC,0
very good,5,2026-07-30 07:38:15 UTC,0
worst experience,1,2026-07-30 07:37:54 UTC,0
good,5,2026-07-30 07:34:17 UTC,0
nice,5,2026-07-30 07:34:14 UTC,0
it's my first order...,5,2026-07-30 07:33:14 UTC,0
👍,3,2026-07-30 07:33:00 UTC,0
useful,5,2026-07-30 07:32:45 UTC,0
It is good but you need to take less charges like handling charges that need to be reduced,4,2026-07-30 07:32:07 UTC,0
sometimes good items but sometimes expired & rotten items & if you complain sometimes they replace or send coupon but nowadays they ask complain in their email I'd which is long process.& if you return items often you can't order by cash,3,2026-07-30 07:32:07 UTC,0
bad,5,2026-07-30 07:32:00 UTC,0
good facility,4,2026-07-30 07:31:36 UTC,0
time to delivery is so great,5,2026-07-30 07:27:40 UTC,0
Good,5,2026-07-30 07:27:32 UTC,0
very gud,5,2026-07-30 07:26:55 UTC,0
nice product and pata nhi kyu show nhi ho raha me kese check Karu ki muje kya chahiye,5,2026-07-30 07:25:33 UTC,0
super,5,2026-07-30 07:25:24 UTC,0
good service,5,2026-07-30 07:24:02 UTC,0
send spoilt products and then steal your money,1,2026-07-30 07:23:21 UTC,0
extra payment charges levied while placing order,1,2026-07-30 07:22:24 UTC,0
nice,5,2026-07-30 07:21:21 UTC,0
good job,5,2026-07-30 07:19:02 UTC,0
okay,4,2026-07-30 07:18:50 UTC,0
"most of your delivery person are not dressed properly,most of them are coming with the dirty wearing always",1,2026-07-30 07:16:27 UTC,0
good,5,2026-07-30 07:15:25 UTC,0
it's very good quality and perfact timing and helpful and I like this app very much thanks to blinkit,5,2026-07-30 07:13:27 UTC,0
all good,5,2026-07-30 07:13:20 UTC,0
bekar AAP,1,2026-07-30 07:12:20 UTC,0
Excellent Service But should work on more orders,5,2026-07-30 07:12:19 UTC,0
I found Hot Wheels Ferrari SF90 Stradale at MRP ₹179/-. Dear Blinkit team Thank you 🤩🤩👍,5,2026-07-30 07:12:10 UTC,0
Great service,5,2026-07-30 07:11:40 UTC,0
bad experience items supplied are of below standard. I am stopping purchasing from blinking.,1,2026-07-30 07:11:25 UTC,0
very fast delivery and very excileemt dilivery,5,2026-07-30 07:07:06 UTC,0
delivery is up to time,5,2026-07-30 07:05:49 UTC,0
neic,5,2026-07-30 07:04:41 UTC,0
"excellent service, qualit y product",5,2026-07-30 07:04:36 UTC,0
good,5,2026-07-30 07:04:18 UTC,0
Nice,5,2026-07-30 07:03:42 UTC,0
Good,5,2026-07-30 07:02:42 UTC,0
very good,5,2026-07-30 07:02:11 UTC,0
best,4,2026-07-30 07:01:18 UTC,0
very useful and quick service,5,2026-07-30 07:01:09 UTC,0
Very amazing 👏. Delivery in few seconds 👌,5,2026-07-30 07:00:48 UTC,0
Nice app,5,2026-07-30 06:59:51 UTC,0
good,5,2026-07-30 06:59:37 UTC,0
best service,5,2026-07-30 06:57:19 UTC,0
good 👍,5,2026-07-30 06:56:36 UTC,0
good ui but handling charge is an issue for me,4,2026-07-30 06:56:19 UTC,0
good,5,2026-07-30 06:55:57 UTC,0
Free Delivery Above 199 Is Too Much Great App Tho Zepto Is Better,4,2026-07-30 06:55:47 UTC,0
not responding better result 😕,1,2026-07-30 06:55:34 UTC,0
I like this app because cod is available and delivery charges is free thankyou blinkit please aise hi rehna,2,2026-07-30 06:53:47 UTC,1
Good but rate is very high than others packing are v.good than others,5,2026-07-30 06:52:35 UTC,0
badiya app hai bhai bahut Ameer log hain blinkit vale,5,2026-07-30 06:50:20 UTC,0
if I recieve item in time than I will be very appreciate,5,2026-07-30 06:46:49 UTC,0
nice 🙂,5,2026-07-30 06:46:17 UTC,0
mydragon fruit was rotton,1,2026-07-30 06:46:03 UTC,0
excellent 👍,5,2026-07-30 06:45:32 UTC,0
very nice,5,2026-07-30 06:45:23 UTC,0
Easy and fast work.,4,2026-07-30 06:45:22 UTC,0
Super fast delivery! Got my order in just 4 minutes. Everything was fresh and well packed. Very convenient app with a smooth experience. Highly recommended!,5,2026-07-30 06:43:25 UTC,0
good service,5,2026-07-30 06:41:01 UTC,0
good,5,2026-07-30 06:39:56 UTC,0
gud👍🏻👍🏻,5,2026-07-30 06:38:14 UTC,0
😍😍😍,5,2026-07-30 06:37:56 UTC,0
"Placed the order. Paid for it. Waited for the delay. The order said ""arrived"" without arriving. ""Need help?"" Yes but for more than an hour no one was replying and the conversations kept closing themselves after each 15 minutes.",1,2026-07-30 06:37:34 UTC,0
Service is excellent...,5,2026-07-30 06:36:51 UTC,0
very nice service.,5,2026-07-30 06:32:52 UTC,0
ok,5,2026-07-30 06:32:24 UTC,0
"No problem, just deliver the order on time and everything is fine, now we provide good service.",5,2026-07-30 06:32:07 UTC,0
good,5,2026-07-30 06:31:44 UTC,0
no cancellation,1,2026-07-30 06:31:39 UTC,0
this app very very helpful to all emergency person....and this apps use provide all area in India....,4,2026-07-30 06:30:56 UTC,0
wow good best,5,2026-07-30 06:30:31 UTC,0
best experience but Product are lil bit costly as compare to other Shopping AAP,5,2026-07-30 06:29:46 UTC,0
Excellent Service... I never ever before experienced this kind of fast delivery service. thanks to blinkit team.,5,2026-07-30 06:29:38 UTC,0
"worst delivery partner s, they disappear with the order and customer support executive shakila is of no help",1,2026-07-30 06:27:22 UTC,0
very fast delivery,5,2026-07-30 06:25:38 UTC,0
good 👍👍,5,2026-07-30 06:25:38 UTC,0
fraud,1,2026-07-30 06:23:54 UTC,0
good,5,2026-07-30 06:23:53 UTC,0
good 👏,5,2026-07-30 06:15:47 UTC,0
Authentic and reliable store.,5,2026-07-30 06:14:54 UTC,0
👍👍👍,5,2026-07-30 06:14:50 UTC,0
price rate is ok but it's total is more than it is,1,2026-07-30 06:14:48 UTC,0
Good System for those who can't go out of house for buying very quick service and helpful. Thanks Blinkit making life Easier.,5,2026-07-30 06:14:36 UTC,0
good work,5,2026-07-30 06:12:55 UTC,1
excellent,5,2026-07-30 06:11:18 UTC,1
lovely,5,2026-07-30 06:09:06 UTC,0
"too bad, xerox/print services are not available!!!",1,2026-07-30 06:06:40 UTC,1
"best ,",5,2026-07-30 06:02:42 UTC,0
"I ordered coffee and chicken but received only the coffee, yet was charged Rs. 27/- as handling and service charges for this one item. This is truly a bad experience!! Imagine paying a surcharge of over 10% just for one item........, daylight robbery indeed!! Am not happy!!",1,2026-07-30 06:00:43 UTC,1
all good,5,2026-07-30 06:00:30 UTC,0
Good products... But delivery agent c onfuse about my location... Not thorough with location,4,2026-07-30 05:59:04 UTC,0
good handling and very affordable,5,2026-07-30 05:58:43 UTC,0
"blanket is better than any other app, the most important thing they have cash on delivery available, and I have also noticed that unavailable items on other applications are also available here ✨",5,2026-07-30 05:55:29 UTC,0
very very very very very very very very very very very very very very very very very very very very very very very very good 👍👍👍👍👍👍👍👍👍👍👍👍👍👍👍👍👍👍👍👍👍👍👍👍👍👍👍👌👌👌👌👌👌👌👌👌👌👌,5,2026-07-30 05:54:36 UTC,0
good,5,2026-07-30 05:54:03 UTC,0
blink it always does the job in every situation. the need of the hour. keep doing what u do best 👌,5,2026-07-30 05:51:44 UTC,0
great,4,2026-07-30 05:48:09 UTC,0
best,5,2026-07-30 05:47:45 UTC,0
👍😊😊😊,5,2026-07-30 05:47:32 UTC,0
gud service,5,2026-07-30 05:46:07 UTC,0
"""Make sure to give small cash change to the delivery staff.""",5,2026-07-30 05:45:14 UTC,0
ok,5,2026-07-30 05:45:03 UTC,0
Need to improve packing of items like milk packets because paper bag damaged quickly by keeping milk packets in it.,4,2026-07-30 05:44:08 UTC,0
blinkit service acchi hai but 15..20 rupye extra lete hai,3,2026-07-30 05:43:43 UTC,0
very good service and timing,5,2026-07-30 05:43:29 UTC,0
good 😊,3,2026-07-30 05:41:32 UTC,0
Amazing service,5,2026-07-30 05:40:12 UTC,0
nice job,5,2026-07-30 05:39:37 UTC,0
good,4,2026-07-30 05:37:38 UTC,0
after receive my order then I'll give you feedback 🙂,1,2026-07-30 05:36:07 UTC,0
sahi h but thoda expensive saman h normal shop k according,3,2026-07-30 05:34:02 UTC,0
Just love it 😀,5,2026-07-30 05:32:39 UTC,0
"This is a very bad company, there is no option to return items here.""This is how their staff makes fools of customers.""""Their staff tricks customers like this.""",1,2026-07-30 05:31:47 UTC,0
good,5,2026-07-30 05:31:46 UTC,0
why don't you guys use separate bags for edible and cosmetics,1,2026-07-30 05:31:07 UTC,0
nice,5,2026-07-30 05:30:52 UTC,0
best,5,2026-07-30 05:30:08 UTC,0
good 😊,5,2026-07-30 05:29:46 UTC,0
thankyou,3,2026-07-30 05:29:45 UTC,0
very good delivery,5,2026-07-30 05:29:39 UTC,0
it's very helpful in urgent need,5,2026-07-30 05:28:45 UTC,0
super,5,2026-07-30 05:28:44 UTC,0
bdiya. fine,5,2026-07-30 05:28:37 UTC,0
good,3,2026-07-30 05:28:01 UTC,0
nice and quick,5,2026-07-30 05:26:52 UTC,0
"I recently required several grocery items and gifts for my loved ones. After downloading three apps, I found Blinkit to be the most useful and reliable option, thanks to its extensive product range, competitive pricing, and efficient delivery services. I placed three orders within two days to fulfill all my needs and was highly satisfied with the experience. I wholeheartedly recommend Blinkit as the premier shopping app for grocery essentials.",5,2026-07-30 05:26:20 UTC,1
good,5,2026-07-30 05:26:15 UTC,0
everything at one place,5,2026-07-30 05:26:14 UTC,0
excellent app in metro cities,5,2026-07-30 05:26:11 UTC,0
Good 👍,5,2026-07-30 05:24:27 UTC,0
good,5,2026-07-30 05:23:06 UTC,1
super fast service,5,2026-07-30 05:21:26 UTC,0
so much best 😍,3,2026-07-30 05:20:44 UTC,0
ok 👌,5,2026-07-30 05:20:29 UTC,0
very good service,5,2026-07-30 05:20:03 UTC,0
Awesome....,5,2026-07-30 05:17:23 UTC,0
Ladies quick fix.,5,2026-07-30 05:15:52 UTC,0
very usefull this app,5,2026-07-30 05:15:17 UTC,0
time to deliver,5,2026-07-30 05:14:42 UTC,0
good,5,2026-07-30 05:14:14 UTC,0
Good,5,2026-07-30 05:11:22 UTC,0
nice,5,2026-07-30 05:10:51 UTC,0
it's was good e commerce app but the offer is not good like zepto,2,2026-07-30 05:10:31 UTC,1
Third class app and equally third class service.Take 40 mins to cancel the order.,1,2026-07-30 05:09:44 UTC,0
good job,5,2026-07-30 05:09:04 UTC,0
I liked the service here . They provide medical emergencies very quickly and food selection quite interesting. I recommend it that it should be trued once by everyone. The reason I gave it 4 star is sometimes when network is not there we don't get our cash refund,4,2026-07-30 05:08:28 UTC,0
good,5,2026-07-30 05:08:18 UTC,0
nice,5,2026-07-30 05:07:49 UTC,0
superstar 🤩,5,2026-07-30 05:07:25 UTC,0
fast delivery,5,2026-07-30 05:06:50 UTC,0
"copy is not good, it's page is rough",1,2026-07-30 05:06:06 UTC,0
good,5,2026-07-30 05:05:18 UTC,0
good service,5,2026-07-30 05:04:58 UTC,0
very fast delivery,5,2026-07-30 05:04:57 UTC,0
"what is the reason for handling charges, every week you guys are raising the handling charges......why ......and that too jabardasti",1,2026-07-30 05:04:53 UTC,0
thank you 👍👍,5,2026-07-30 05:04:02 UTC,0
nice to work,5,2026-07-30 05:03:54 UTC,1
very poor.pscket in open condition,1,2026-07-30 05:03:34 UTC,0
good service,5,2026-07-30 05:03:01 UTC,0
worst coustomer service,1,2026-07-30 05:02:40 UTC,0
best,5,2026-07-30 05:00:23 UTC,0
wrong items get delivered,1,2026-07-30 05:00:03 UTC,0
No offers,1,2026-07-30 04:59:16 UTC,0
nice,5,2026-07-30 04:58:32 UTC,0
very good,5,2026-07-30 04:58:27 UTC,0
easy to buy,5,2026-07-30 04:56:57 UTC,0
Nice,5,2026-07-30 04:56:34 UTC,0
awesome,5,2026-07-30 04:56:07 UTC,0
VERY NICE 👍🏻,5,2026-07-30 04:55:55 UTC,0
good,5,2026-07-30 04:55:28 UTC,0
nice,5,2026-07-30 04:54:39 UTC,0
best product or service,5,2026-07-30 04:54:17 UTC,0
👍,5,2026-07-30 04:54:16 UTC,0
good 👍,5,2026-07-30 04:52:16 UTC,0
I can get anything I want under 10 minutes,5,2026-07-30 04:52:01 UTC,0
good to review,4,2026-07-30 04:51:27 UTC,0
good,5,2026-07-30 04:50:42 UTC,0
good but they dont gives 9 rupees zone,5,2026-07-30 04:48:16 UTC,0
Excellent quality & service 👍,5,2026-07-30 04:45:58 UTC,0
very very goood app.,2,2026-07-30 04:45:19 UTC,0
"worst service and quality, there is just no end to the misery, chemicals and food packed in one bag twice in a row. lack of quality supervision and zero accountability 😕",1,2026-07-30 04:44:20 UTC,0
to much fast service,5,2026-07-30 04:41:25 UTC,0
good 👍,5,2026-07-30 04:40:29 UTC,0
Very good,5,2026-07-30 04:37:16 UTC,0
good service,5,2026-07-30 04:36:45 UTC,0
"brilliant service ,but give more credit card offers to apply",5,2026-07-30 04:35:55 UTC,0
super,5,2026-07-30 04:34:19 UTC,0
prices are high,1,2026-07-30 04:34:00 UTC,0
good,5,2026-07-30 04:33:08 UTC,0
good,5,2026-07-30 04:31:04 UTC,0
very nice,5,2026-07-30 04:30:46 UTC,0
good,5,2026-07-30 04:30:27 UTC,0
wow very dangerous 😳,5,2026-07-30 04:28:54 UTC,0
good,3,2026-07-30 04:28:52 UTC,0
Great ... Delivery n Quality n Offers,5,2026-07-30 04:28:43 UTC,0
Good 👍,1,2026-07-30 04:27:52 UTC,1
nice,5,2026-07-30 04:27:29 UTC,0
"Dear Blinkit Support, I am writing to raise a complaint regarding Order I ordered a B-type charging cable through the Blinkit app, but I received an iPhone charging cable instead. Within approximately 5 minutes of receiving the delivery, I immediately raised a return/replacement request through the app. Shortly thereafter, I received a call from your customer support team informing me that a return was not possible. Despite explaining that the wrong item had been delivered",1,2026-07-30 04:27:19 UTC,1
my order is 2 Watter bottole 1 letters and pay 47Rs but received in only 1 litter 1 bottol,1,2026-07-30 04:24:41 UTC,0
Best app,5,2026-07-30 04:24:03 UTC,0
super 💯,4,2026-07-30 04:23:46 UTC,0
good,5,2026-07-30 04:23:40 UTC,0
it's quick and simple please ask your delivery team to keep change,5,2026-07-30 04:23:15 UTC,0
bad.,1,2026-07-30 04:21:57 UTC,0
"ये app एक फालतू का App है। इसको कोई इंस्टॉल ना करे।अगर जो करे है उनसे अनुरोध है कि सिर्फ food item ही मंगवाए। क्योंकि ये Non-Responsible app है।कस्टमर केयर के नाम पर AI से मैसेज मैसेज खेलते रहिए। इसमें issue fix किया हुआ है,अपने तरफ से न कुछ बोल सकते हो और ना ही वो समझ सकता है।मैने एक पंखा मंगवाया था उसमें गड़बड़ी थी,ना ही exchange कर रहा है और ना ही return.यहां तक कि मैं पार्सल लेकर उस blinkit shop पर भी गया लेकिन कोई सुनने वाला नहीं।पहली बार कुछ मंगाया था।मेरे साथ धोखा हुआ है।other app best है",1,2026-07-30 04:19:15 UTC,0
this is very helpfull in daily life,5,2026-07-30 04:17:49 UTC,0
good 👍,5,2026-07-30 04:15:54 UTC,0
great,4,2026-07-30 04:15:37 UTC,0
nice,5,2026-07-30 04:14:07 UTC,0
bad experience,1,2026-07-30 04:13:59 UTC,0
good service but extra charge liyaa hai,4,2026-07-30 04:13:36 UTC,0
well,5,2026-07-30 04:12:07 UTC,0
nice,5,2026-07-30 04:12:06 UTC,0
good,5,2026-07-30 04:09:47 UTC,0
goood service,4,2026-07-30 04:09:27 UTC,0
very quick app,5,2026-07-30 04:07:53 UTC,0
good,5,2026-07-30 04:04:01 UTC,0
Great service,5,2026-07-30 04:01:01 UTC,0
good service,4,2026-07-30 03:59:49 UTC,1
well service,5,2026-07-30 03:59:46 UTC,0
Good,5,2026-07-30 03:59:36 UTC,0
useless...always delivery late...delivery person always avoids call...shame,1,2026-07-30 03:57:50 UTC,0
good,5,2026-07-30 03:56:34 UTC,0
very good ap,5,2026-07-30 03:55:19 UTC,0
best service,5,2026-07-30 03:54:41 UTC,0
good 👍,5,2026-07-30 03:52:54 UTC,0
very good,5,2026-07-30 03:49:20 UTC,0
I every time order from blink it only and this is my favourite app best app in the whole universe 🥰,5,2026-07-30 03:49:17 UTC,1
should remove the so called handling charge on every order like zepto... otherwise good,4,2026-07-30 03:44:54 UTC,0
good service,5,2026-07-30 03:43:29 UTC,0
good,4,2026-07-30 03:42:17 UTC,0
why we handling charges given,2,2026-07-30 03:41:01 UTC,0
vegetables are not getting fresh. The potatoes I order never cook properly or taste good.,1,2026-07-30 03:41:00 UTC,0
good 👍,1,2026-07-30 03:39:53 UTC,0
very bad,1,2026-07-30 03:39:38 UTC,0
good,5,2026-07-30 03:38:50 UTC,0
good for the daily need and fast delivery as your need,5,2026-07-30 03:38:47 UTC,0
The best app ever to ever buy from Blinkit,5,2026-07-30 03:36:18 UTC,0
fastest delivery,5,2026-07-30 03:35:01 UTC,0
good service,4,2026-07-30 03:34:43 UTC,0
good,5,2026-07-30 03:34:39 UTC,0
good service,5,2026-07-30 03:34:29 UTC,0
"Fqn MC app Giving The Grocery Worster Than Locals, The India Gate raw Rice I Bought From Blinkit its Really Disgusting And Also Faar More worst Than Ration Rice Distributed By Gov",1,2026-07-30 03:34:16 UTC,0
service charge bahut jyada hai worker Sahi bhi nahin rahte time per nahin aate Hain aur phone lagakar 10 bar pareshan karte Hain sabse pahle workeron per Dhyan Dena chahie,1,2026-07-30 03:31:30 UTC,0
good,5,2026-07-30 03:27:26 UTC,0
Best delivery app,5,2026-07-30 03:26:36 UTC,0
abhi use kar rahe use karen to pata chale bad mein,4,2026-07-30 03:26:20 UTC,0
super,5,2026-07-30 03:25:54 UTC,0
good,2,2026-07-30 03:25:49 UTC,0
good,5,2026-07-30 03:25:13 UTC,0
good service,5,2026-07-30 03:25:07 UTC,0
very good 👍🏻😊,5,2026-07-30 03:22:25 UTC,0
nice,5,2026-07-30 03:21:19 UTC,0
all items are good and delivery time is very less as compared to other apps,5,2026-07-30 03:19:53 UTC,0
Thieves of first order. First they cancel the order then they keep on pushing the refund to a later date. Better delivery experience from other apps. Don't recommend at all! If I could give you guys 0 Star again and again! and again and again they fail in customer service,1,2026-07-30 03:19:29 UTC,1
super fast,5,2026-07-30 03:17:51 UTC,0
must hai,5,2026-07-30 03:16:15 UTC,0
good service withan 15 minit my house,4,2026-07-30 03:15:04 UTC,0
very good,5,2026-07-30 03:14:54 UTC,0
asome,4,2026-07-30 03:14:37 UTC,0
very bad experience with Blinkit. Received Noise Pure Buds with missing left earbud. The box was already unsealed and the delivery executive took OTP before I could check the product. Support response was not helpful. This is unacceptable—expect better quality control and accountability.,1,2026-07-30 03:13:25 UTC,0
very good and fast delivery,5,2026-07-30 03:12:52 UTC,0
this is so fast,5,2026-07-30 03:07:27 UTC,0
price drop when we need it is not coming,5,2026-07-30 03:06:36 UTC,0
soo good,5,2026-07-30 03:06:13 UTC,0
ok,5,2026-07-30 03:04:07 UTC,0
Charging Both delivery and Handling charges.,1,2026-07-30 03:02:04 UTC,0
Ease of business !,5,2026-07-30 03:01:34 UTC,0
good 👍,5,2026-07-30 03:01:12 UTC,0
good start,5,2026-07-30 03:00:00 UTC,0
blinkit provides the fastest delivery of all the other shopping apps,4,2026-07-30 02:59:59 UTC,0
so so happy,5,2026-07-30 02:59:11 UTC,0
there is no help if things as ordered are not delivered complete. bad service,1,2026-07-30 02:57:24 UTC,0
prompt service,5,2026-07-30 02:57:00 UTC,0
Good 👍,5,2026-07-30 02:56:54 UTC,0
good,3,2026-07-30 02:53:06 UTC,0
good service,5,2026-07-30 02:51:18 UTC,0
poor service.....and no proper resolution of issues,1,2026-07-30 02:49:09 UTC,0
fast sarvice,5,2026-07-30 02:47:13 UTC,0
Good,5,2026-07-30 02:46:59 UTC,0
Very Good 😍,5,2026-07-30 02:45:39 UTC,0
ok,4,2026-07-30 02:39:15 UTC,0
on time delivery 🚚,5,2026-07-30 02:38:46 UTC,0
very bad price high,1,2026-07-30 02:38:37 UTC,0
the costumer care don't help mad no return or replace is available if it is available then also they do return or replace your order it better to order in Amazon and wait for 2 to 3 days,1,2026-07-30 02:37:17 UTC,0
good,5,2026-07-30 02:35:59 UTC,0
best price and servcs,5,2026-07-30 02:31:41 UTC,0
good,3,2026-07-30 02:29:35 UTC,0
It's okay for now,5,2026-07-30 02:29:09 UTC,0
Good,4,2026-07-30 02:28:28 UTC,0
good,5,2026-07-30 02:27:44 UTC,0
Japan level convenience 👌,5,2026-07-30 02:26:48 UTC,0
kush itam bahut costly hai,4,2026-07-30 02:22:46 UTC,0
good,5,2026-07-30 02:15:40 UTC,0
better ❤️❤️,5,2026-07-30 02:15:10 UTC,0
bahut hi achcha hai aur fast delivery,5,2026-07-30 02:12:19 UTC,0
wow 👌,5,2026-07-30 02:12:02 UTC,0
good,5,2026-07-30 02:07:29 UTC,0
good 👍,5,2026-07-30 02:06:35 UTC,0
grateful 🥰,3,2026-07-30 02:04:56 UTC,0
Nice experience,5,2026-07-30 02:03:56 UTC,0
good,5,2026-07-30 02:03:56 UTC,0
good,4,2026-07-30 02:01:49 UTC,0
Good,5,2026-07-30 02:00:41 UTC,0
superfast delivery,5,2026-07-30 01:54:03 UTC,0
good app,5,2026-07-30 01:52:49 UTC,0
exilent service,5,2026-07-30 01:51:54 UTC,0
good,4,2026-07-30 01:50:56 UTC,0
otp time is very less so pl increase otp time,4,2026-07-30 01:50:55 UTC,0
nice app for home delivery,5,2026-07-30 01:49:02 UTC,0
"they deliver defective articles don't not replace. reason they give is, they could not verify the defective articles. one should buy groceries only.",1,2026-07-30 01:48:03 UTC,0
good,5,2026-07-30 01:47:18 UTC,0
bed service,1,2026-07-30 01:43:28 UTC,0
good,3,2026-07-30 01:42:24 UTC,0
pahle jaisa aab delivery fast nhi rha hai bilinkit ka store pe hi bahut time lga deta hai or insaan ko burbak bnata hai ki sasta hai koi sasta nhi hai bhai sab bewkoof bna rha hai or paisa lut rha hai sab,1,2026-07-30 01:39:40 UTC,0
very good,5,2026-07-30 01:38:10 UTC,0
"monopoly near bagru, high convenience fee and delivery charges, bad behaviour from delivery partners",3,2026-07-30 01:32:01 UTC,0
doctor calling you after you've ordered a med is absolutely clinical for those staying alone,5,2026-07-30 01:31:53 UTC,0
I have been used this app last a year and this app is very useful and the material on time,5,2026-07-30 01:31:41 UTC,0
convenient,5,2026-07-30 01:30:16 UTC,0
best app,5,2026-07-30 01:21:46 UTC,0
great,5,2026-07-30 01:20:55 UTC,0
ok,5,2026-07-30 01:15:01 UTC,0
Print out's is good option,5,2026-07-30 01:11:15 UTC,0
not good customer support,1,2026-07-30 01:06:46 UTC,0
good yaar ☺️,5,2026-07-30 01:02:32 UTC,0
excellent and wonderful service Replacement is also faster,5,2026-07-30 01:02:24 UTC,1
I waited for my order from 15 minutes .....but in app shows your order will be dilevery in 9 minutes.....😞😞,3,2026-07-30 00:58:34 UTC,0
best service,5,2026-07-30 00:54:31 UTC,0
good,5,2026-07-30 00:49:26 UTC,0
makes life easy,5,2026-07-30 00:49:12 UTC,0
"System is nice but,....... Support is bad......",5,2026-07-30 00:47:24 UTC,0
fast delivery,5,2026-07-30 00:46:39 UTC,0
all.are good but price is very high 😭. thanks,4,2026-07-30 00:42:48 UTC,0
good,4,2026-07-30 00:39:59 UTC,0
very good,5,2026-07-30 00:35:15 UTC,0
good,5,2026-07-30 00:27:56 UTC,0
"Excellent app! It's easy to use, fast, and has a great user interface. Highly recommended.",5,2026-07-30 00:24:32 UTC,0
daily am order pintola prodecut mere lyi offer diya kro,5,2026-07-30 00:19:35 UTC,0
"best product, best offers , best grocery. I always love to buy with this app and I consider to my friends too.",5,2026-07-29 23:25:25 UTC,0
I love blinkit service,5,2026-07-29 23:12:50 UTC,0
sometimes the package foods i received are damp and unusable,1,2026-07-29 22:41:37 UTC,0
reduce hideen charge.. overall good services,4,2026-07-29 22:29:31 UTC,0
nice experience with blinkit.very useful in all the way,5,2026-07-29 22:28:15 UTC,0
good 👍,5,2026-07-29 22:26:43 UTC,0
"installed zepto saved 30% cash,blinking too costly,",1,2026-07-29 22:01:42 UTC,0
Good,5,2026-07-29 21:54:42 UTC,0
bht vuk lagisile emn rati khon je dibo ahibo dhoinobad,5,2026-07-29 21:52:30 UTC,0
very good job 👍,4,2026-07-29 21:40:11 UTC,0
welldone brother,5,2026-07-29 21:33:45 UTC,0
when we compare between zepto and blinkit .. pricing is a bit high .,3,2026-07-29 21:29:10 UTC,0
It's been long since I am using blinkit to be honest used to hate it at times the deliveries and support used to trick me but now I am very happy how they make sure queries are resolved and with best possible way and with quick solutions I hope this remains consistent Blinkit !!!,5,2026-07-29 21:23:14 UTC,0
Had the best experience ever. I was too happy by their service. really kaabil e tareef,5,2026-07-29 21:02:16 UTC,0
worst app and mangengement,1,2026-07-29 20:55:18 UTC,0
meri refund abhi tak nahi diya. so bad app . please don't used this app. this app is so bad .,1,2026-07-29 20:40:48 UTC,0
bad,1,2026-07-29 20:38:19 UTC,0
best service best delivery return policy very fast thanks 4 Blinkit partners,5,2026-07-29 20:28:29 UTC,0
Good servings.,5,2026-07-29 20:26:19 UTC,0
amazing this app really,5,2026-07-29 20:09:41 UTC,0
good,3,2026-07-29 20:04:17 UTC,0
nice,5,2026-07-29 20:02:55 UTC,0
good,5,2026-07-29 19:55:10 UTC,0
worst aap ever that I have used..they literally took my money and cancelled my order and haven't given me my money back and also deleted my order history of that cancelled order,1,2026-07-29 19:52:19 UTC,0
no coupons,1,2026-07-29 19:47:38 UTC,0
theek hi hai,5,2026-07-29 19:47:14 UTC,0
thanx ur deliveryy too fast,5,2026-07-29 19:26:49 UTC,0
"Blinkit is a great app for purchase fmcg product in your hand with in 15 minutes, Fast delivery go for it.",5,2026-07-29 19:26:03 UTC,0
nice ok,5,2026-07-29 19:22:58 UTC,0
Nice,5,2026-07-29 19:20:43 UTC,0
very good response,5,2026-07-29 19:12:20 UTC,0
very good app less charges very good,5,2026-07-29 19:06:00 UTC,0
thank you,2,2026-07-29 19:05:04 UTC,0
good,5,2026-07-29 19:04:49 UTC,0
pahle jaldi se delivery bhejo,5,2026-07-29 19:01:31 UTC,0
handling bag chart jyada lete ho,1,2026-07-29 18:59:23 UTC,0
blinkit is very good I m happy,4,2026-07-29 18:58:49 UTC,0
demge product only i have theme,1,2026-07-29 18:51:36 UTC,0
good,5,2026-07-29 18:50:42 UTC,0
best blinkit order now,5,2026-07-29 18:50:37 UTC,0
it's very good and help full to my family,5,2026-07-29 18:49:56 UTC,0
good,5,2026-07-29 18:49:41 UTC,0
best app for groceries and others,5,2026-07-29 18:49:07 UTC,0
thanks bhaiya,5,2026-07-29 18:48:17 UTC,0
why no scheduling feature available?,3,2026-07-29 18:47:41 UTC,0
🤮🤢,1,2026-07-29 18:45:09 UTC,0
"I like Blinkit service, always on time and anywhere in correct location. thanks",5,2026-07-29 18:43:49 UTC,0
ok,5,2026-07-29 18:43:09 UTC,0
super,5,2026-07-29 18:41:51 UTC,0
well done,5,2026-07-29 18:37:13 UTC,0
campny don't resolve chat and don't help,1,2026-07-29 18:36:26 UTC,0
good,5,2026-07-29 18:35:44 UTC,0
too much charge for the product for delivery and etc product rate 40 rs but I pay 98rs too bad,5,2026-07-29 18:33:21 UTC,0
not like it blinkit app 😡😡,1,2026-07-29 18:32:32 UTC,0
Nice 👍,5,2026-07-29 18:27:46 UTC,0
nice nice p,5,2026-07-29 18:27:34 UTC,0
good,5,2026-07-29 18:26:35 UTC,0
to good 😊👍,5,2026-07-29 18:26:13 UTC,0
nice,5,2026-07-29 18:25:39 UTC,0
nice experience,5,2026-07-29 18:25:28 UTC,0
worst return policy,1,2026-07-29 18:23:09 UTC,0
good,5,2026-07-29 18:21:56 UTC,0
good,5,2026-07-29 18:21:56 UTC,0
nice app❤️,5,2026-07-29 18:19:33 UTC,0
why not accept your delivery partner why delayed and failed and why not refund tips 😡😡,1,2026-07-29 18:18:42 UTC,0
👍 good job,4,2026-07-29 18:18:24 UTC,0
superb service life top easy 👌🏻👍🏻,5,2026-07-29 18:17:59 UTC,0
good,5,2026-07-29 18:17:44 UTC,0
Excellent ...........,5,2026-07-29 18:17:18 UTC,0
good,3,2026-07-29 18:17:07 UTC,0
good excellent,5,2026-07-29 18:15:59 UTC,0
Good service,5,2026-07-29 18:14:50 UTC,0
good 👍,5,2026-07-29 18:14:12 UTC,0
good,5,2026-07-29 18:12:40 UTC,0
good,5,2026-07-29 18:12:12 UTC,0
👍,5,2026-07-29 18:10:54 UTC,0
your delivery time to time very nice 🙂 good job 👍,5,2026-07-29 18:10:27 UTC,0
"one of the best grocery shopping 🛍 app in Patna [800011],Bihar",5,2026-07-29 18:09:02 UTC,0
good,5,2026-07-29 18:08:37 UTC,0
fast delivery,5,2026-07-29 18:08:09 UTC,0
5 star rating for free ambulance ❤️❤️,5,2026-07-29 18:07:36 UTC,0
good,5,2026-07-29 18:06:41 UTC,0
good,5,2026-07-29 18:06:21 UTC,0
good 😊,5,2026-07-29 18:05:56 UTC,0
ok,4,2026-07-29 18:04:20 UTC,0
good,5,2026-07-29 18:04:12 UTC,0
defected items,1,2026-07-29 18:03:33 UTC,0
good sevices,5,2026-07-29 18:03:07 UTC,0
very easy and fast delivery,5,2026-07-29 18:02:29 UTC,0
Super quick delivery and great packaging. Very satisfied with the service.,5,2026-07-29 18:02:13 UTC,0
exilent,5,2026-07-29 18:01:51 UTC,0
best,5,2026-07-29 17:59:50 UTC,0
A very nice platform ...for emergancy,5,2026-07-29 17:59:37 UTC,0
nice,5,2026-07-29 17:57:17 UTC,0
"worst app , delivered new pack but showing old pack in front image , never gone order from Blinkit. Worst experience ever flipkart or amazon will do better than this. Does not deserve even a star. May god close their store for forever",1,2026-07-29 17:56:33 UTC,0
fast and good delivery,5,2026-07-29 17:56:28 UTC,0
nice,5,2026-07-29 17:55:38 UTC,0
Nice,4,2026-07-29 17:55:19 UTC,0
😀😀😀,5,2026-07-29 17:55:19 UTC,0
good,5,2026-07-29 17:55:08 UTC,0
need i sing praises of blinkit,5,2026-07-29 17:54:33 UTC,0
good 👍👍,4,2026-07-29 17:52:29 UTC,0
good,3,2026-07-29 17:49:57 UTC,0
nice,5,2026-07-29 17:49:47 UTC,0
good,5,2026-07-29 17:49:21 UTC,0
"A very nice app,we can even get prints whatever the time may be.No need to be afraid of late night remembered things👏",5,2026-07-29 17:48:48 UTC,0
everything you need 👍🏻❤️,5,2026-07-29 17:47:42 UTC,0
"very slow service,please improve this",1,2026-07-29 17:47:10 UTC,0
Kya cheez bnayi h yaar . Medicines banao bina prescription ki toh turant doctor se bi connect kara dete. worth it app . must use,5,2026-07-29 17:47:09 UTC,0
good service,5,2026-07-29 17:46:30 UTC,0
thank you blinkit for late night delivery,5,2026-07-29 17:41:55 UTC,0
nice to get the thing within 10 min it's the perfect app,4,2026-07-29 17:40:38 UTC,0
fast and reponsive,5,2026-07-29 17:39:30 UTC,0
no any discount,3,2026-07-29 17:36:05 UTC,0
super fast delivered,5,2026-07-29 17:34:08 UTC,0
Nice pl,5,2026-07-29 17:34:07 UTC,0
great 👍😃,4,2026-07-29 17:33:28 UTC,0
it is good for any time,4,2026-07-29 17:33:00 UTC,0
exceptional 💫,5,2026-07-29 17:32:42 UTC,0
It's very good for urgent people when no one at home honestly loves the app my all time fav❤️❤️✨✨✨👍😚😚,5,2026-07-29 17:32:07 UTC,0
suuuuuper,5,2026-07-29 17:31:45 UTC,0
please deliver at late night on cod,5,2026-07-29 17:31:10 UTC,0
good,5,2026-07-29 17:30:44 UTC,0
great,5,2026-07-29 17:29:12 UTC,0
it's service is amazing 😍,5,2026-07-29 17:28:24 UTC,0
nice,5,2026-07-29 17:26:45 UTC,0
good,5,2026-07-29 17:25:01 UTC,0
nice app so fast delivery,5,2026-07-29 17:23:38 UTC,0
"Not supported for credit card payment, always declined",1,2026-07-29 17:22:52 UTC,0
fast service great blinkit,4,2026-07-29 17:22:32 UTC,0
very nice 👌,5,2026-07-29 17:21:40 UTC,0
good,4,2026-07-29 17:20:55 UTC,0
excellent app,5,2026-07-29 17:19:13 UTC,0
very good aap,5,2026-07-29 17:18:55 UTC,0
very useful I love is everything thing is their 🤩🤩,5,2026-07-29 17:18:23 UTC,0
good service,5,2026-07-29 17:18:16 UTC,0
this good 👍😊,5,2026-07-29 17:16:37 UTC,0
thank,5,2026-07-29 17:15:48 UTC,0
"Really A last minute app , Great experience Thank You",5,2026-07-29 17:15:06 UTC,0
very best grosry app,5,2026-07-29 17:13:46 UTC,0
ret mahanga ho raha hai,1,2026-07-29 17:13:00 UTC,0
pissa aapka bahud jada aata he offers doo plz request,1,2026-07-29 17:09:26 UTC,0
Better,5,2026-07-29 17:08:23 UTC,0
very great service,5,2026-07-29 17:07:52 UTC,0
this aap was amazing and always order on blinkit blinkit gives awesome items in pocket friendly prices 😎,5,2026-07-29 17:07:23 UTC,0
it is very good,5,2026-07-29 17:06:55 UTC,0
love u my darling blinkit,5,2026-07-29 17:05:23 UTC,0
superb,5,2026-07-29 17:05:17 UTC,0
mast,5,2026-07-29 17:04:55 UTC,0
nice,5,2026-07-29 17:03:58 UTC,0
good,5,2026-07-29 17:03:15 UTC,0
best delivery anytime,5,2026-07-29 17:03:15 UTC,0
superb performance elegant dear one,5,2026-07-29 17:02:32 UTC,0
very nice service,5,2026-07-29 17:02:01 UTC,0
nice app,5,2026-07-29 16:59:55 UTC,0
Life saviour 💗😭,5,2026-07-29 16:59:52 UTC,0
Very good,4,2026-07-29 16:59:43 UTC,0
on time delivery.,5,2026-07-29 16:59:00 UTC,0
nice,5,2026-07-29 16:58:49 UTC,0
good,5,2026-07-29 16:58:12 UTC,0
very nice 🙂,5,2026-07-29 16:58:02 UTC,0
best,5,2026-07-29 16:58:00 UTC,0
great,3,2026-07-29 16:56:44 UTC,0
bht Delivery charge hai,1,2026-07-29 16:55:53 UTC,0
blinkit has improved a lot. also has fast delivery,5,2026-07-29 16:54:11 UTC,0
nice,5,2026-07-29 16:53:55 UTC,0
good,5,2026-07-29 16:52:45 UTC,0
GOOD,5,2026-07-29 16:51:37 UTC,0
good 👍,3,2026-07-29 16:51:36 UTC,0
Good,5,2026-07-29 16:50:44 UTC,0
nothing more useful in urgent times,5,2026-07-29 16:50:35 UTC,0
nice,5,2026-07-29 16:48:20 UTC,0
user friendly,5,2026-07-29 16:48:08 UTC,0
fast,5,2026-07-29 16:47:26 UTC,0
surges charges always,1,2026-07-29 16:44:56 UTC,0
Great Service,5,2026-07-29 16:42:28 UTC,0
Fast And Superb,5,2026-07-29 16:42:18 UTC,0
Nice app,5,2026-07-29 16:42:08 UTC,0
good,5,2026-07-29 16:41:34 UTC,0
good,1,2026-07-29 16:40:06 UTC,0
Great experience always..,5,2026-07-29 16:39:58 UTC,0
good 👍,5,2026-07-29 16:35:45 UTC,0
Best,5,2026-07-29 16:35:19 UTC,0
ok,5,2026-07-29 16:34:42 UTC,0
hyy pls nawahshehr punjab me nhi open kro,5,2026-07-29 16:34:02 UTC,0
good,5,2026-07-29 16:33:53 UTC,0
first time my order using item come very bad experience and BIINKIT NOT USED APP,1,2026-07-29 16:33:52 UTC,0
this app is best for giving us things that are needed argently and the delivery partners are so sweet and humble,5,2026-07-29 16:33:49 UTC,0
good,5,2026-07-29 16:33:31 UTC,0
pathetic app,1,2026-07-29 16:31:29 UTC,0
Payment Failure on Paid Online Bill,1,2026-07-29 16:31:15 UTC,0
Good,5,2026-07-29 16:30:02 UTC,0
for fast service,5,2026-07-29 16:28:53 UTC,0
good,5,2026-07-29 16:28:08 UTC,0
no return anything,1,2026-07-29 16:27:59 UTC,0
good,5,2026-07-29 16:27:49 UTC,0
Blink had scammed me nearly 800 rps... I ordered the bulk items.. some of the items are missed.. customer care had initiated the refund.. but the delivery partners came to home and speaking rude with my mom and dad when I am not in the house... worst app I had used you ...... I would give you -100 rating for worst behavior with my parents,1,2026-07-29 16:27:42 UTC,0
good,5,2026-07-29 16:27:05 UTC,0
good service,5,2026-07-29 16:25:12 UTC,0
very good service,5,2026-07-29 16:24:49 UTC,0
many products to add for free delivery other apps are giving free delivery in 150 rs,2,2026-07-29 16:24:37 UTC,0
first delivery so that's why I am not creating a review,2,2026-07-29 16:24:07 UTC,0
very good 👍,5,2026-07-29 16:23:20 UTC,0
"it comes very quick and is faster than other brands like zepto and Instamart,first club 👍👍👍👍👍",5,2026-07-29 16:22:02 UTC,0
goog,5,2026-07-29 16:20:49 UTC,0
"This is the worst app, do not buy anything from here. I had ordered an item that looked different in the app, but a completely different one was delivered. And on this app, it's not even possible to connect with customer care—they just keep asking for images and in the end, they say everything is fine and they can't do anything",1,2026-07-29 16:20:34 UTC,0
good,3,2026-07-29 16:18:21 UTC,0
wow super my experience 😍🥰,5,2026-07-29 16:18:00 UTC,0
good👍,5,2026-07-29 16:17:46 UTC,0
good 👍,5,2026-07-29 16:17:45 UTC,0
delivery boy do not listen instructions.,3,2026-07-29 16:16:53 UTC,0
nice app,5,2026-07-29 16:16:47 UTC,0
Good App,5,2026-07-29 16:16:46 UTC,0
Nice dlevry,5,2026-07-29 16:16:43 UTC,0
Nice 👍🏻,5,2026-07-29 16:14:59 UTC,0
very bad . ordered ice cream which has melted at the time of delivery due to non availability of bag. Ice cream brought open,1,2026-07-29 16:14:50 UTC,0
good service,4,2026-07-29 16:14:43 UTC,0
bilkul bekar egg tute bheje,1,2026-07-29 16:14:28 UTC,0
very good app,5,2026-07-29 16:13:46 UTC,0
🙂👍🏻,5,2026-07-29 16:12:29 UTC,0
very relevant app,5,2026-07-29 16:11:16 UTC,0
nice game with a nice 💯 and fun ☺️,5,2026-07-29 16:11:05 UTC,0
worst experience. recently I purchased tata 1mg clinically validated digital blood pressure monitor but I received used item. I paid new machine but I received used machine and no exchange option in blinkit.,1,2026-07-29 16:10:29 UTC,0
very nice 👍👍👍👍 service Good,5,2026-07-29 16:10:01 UTC,0
Nice service,5,2026-07-29 16:09:45 UTC,0
"If an item was ordered by mistake, there is nothing wrong with asking for it to be changed. However, you are refusing to make the change and showing a very poor attitude toward your customers. Amazon is a million times better than you—Shame on you.",1,2026-07-29 16:08:26 UTC,0
ok,1,2026-07-29 16:07:53 UTC,0
Great experience.,5,2026-07-29 16:07:24 UTC,0
good 👍,5,2026-07-29 16:06:51 UTC,0
super,5,2026-07-29 16:06:45 UTC,0
I am not getting the spoon for the Matka ice cream. I am an order for guests How can I serve that? this is not the first time. it could happen three times. I feel very bad in front of my guest sorry 😟,3,2026-07-29 16:06:34 UTC,0
ok,5,2026-07-29 16:05:22 UTC,0
maze hi maze 😁,5,2026-07-29 16:05:09 UTC,0
super 👍,5,2026-07-29 16:04:58 UTC,0
wow nice 👍,5,2026-07-29 16:03:06 UTC,0
exylent good,5,2026-07-29 16:02:53 UTC,0
worsest service many times,1,2026-07-29 16:02:34 UTC,0
nice,5,2026-07-29 16:02:33 UTC,0
I have never expected this kind of response from The BLINKIT.. I am very disappointed.. 😔,1,2026-07-29 15:58:57 UTC,0
"Evening after wrong item is received, no resolution from customer service.",2,2026-07-29 15:58:52 UTC,0
wowww,5,2026-07-29 15:58:32 UTC,0
please blinkit Madhya Pradesh ke Vidisha Jile sironj mein bhi blanket chalana chahie,1,2026-07-29 15:58:28 UTC,0
My experience is better than I thought,4,2026-07-29 15:57:29 UTC,0
pls can u stop giving add in between the process of ordering things it will help a lot 🙂,3,2026-07-29 15:57:21 UTC,0
not good very very very bad,1,2026-07-29 15:56:25 UTC,0
"Very helpful in daily needs, Fast delivery",5,2026-07-29 15:56:01 UTC,0
good 👍,5,2026-07-29 15:55:11 UTC,0
finally wait over I'm glad now blinkit is in our town,5,2026-07-29 15:54:52 UTC,0
good 👍,5,2026-07-29 15:54:46 UTC,0
best in my city Raebareli,5,2026-07-29 15:53:19 UTC,0
abhi nahi,4,2026-07-29 15:53:13 UTC,0
Nice 👍,5,2026-07-29 15:53:01 UTC,0
"very helpful, thanks blinkit",5,2026-07-29 15:51:37 UTC,0
Good Service 👍🏻,5,2026-07-29 15:51:04 UTC,0
good,5,2026-07-29 15:50:46 UTC,0
yay,5,2026-07-29 15:50:39 UTC,0
no revads,3,2026-07-29 15:49:31 UTC,0
nice,5,2026-07-29 15:48:47 UTC,0
good service for me,5,2026-07-29 15:48:30 UTC,0
good,5,2026-07-29 15:48:20 UTC,0
thnaku for amazing experience,5,2026-07-29 15:47:22 UTC,0
very nice helped me so many times,5,2026-07-29 15:47:05 UTC,0
very nice,5,2026-07-29 15:46:56 UTC,0
good 👍,4,2026-07-29 15:46:19 UTC,0
nice,5,2026-07-29 15:45:19 UTC,0
Excellent 👌👌👌👌,5,2026-07-29 15:44:33 UTC,0
services kafi acchi hai i am satisfied 👍👍,5,2026-07-29 15:43:19 UTC,0
this is the best app for grocery and all the things,5,2026-07-29 15:43:07 UTC,0
best and fast delevery,5,2026-07-29 15:41:46 UTC,0
excellent,5,2026-07-29 15:40:57 UTC,0
good service,5,2026-07-29 15:39:28 UTC,0
good,5,2026-07-29 15:39:02 UTC,0
nice app,5,2026-07-29 15:38:36 UTC,0
best,5,2026-07-29 15:37:32 UTC,0
amazing delivery and fresh vegetables 👌 😋,5,2026-07-29 15:37:30 UTC,0
best service,5,2026-07-29 15:37:04 UTC,0
verry good app,5,2026-07-29 15:37:03 UTC,0
delivery late,1,2026-07-29 15:36:58 UTC,0
good product,5,2026-07-29 15:36:42 UTC,0
best e commerce platform ever,5,2026-07-29 15:36:22 UTC,0
gud,5,2026-07-29 15:35:46 UTC,0
Great job,5,2026-07-29 15:35:20 UTC,0
"“Really impressed with Blinkit! The delivery is super fast, products are fresh, and the app is very easy to use. I’ve ordered groceries, snacks, and daily essentials multiple times, and the experience has always been smooth. The delivery partners are polite and orders usually arrive before the expected time. Very convenient for busy schedules. Highly recommended!”",5,2026-07-29 15:35:03 UTC,12
very good,5,2026-07-29 15:35:03 UTC,0
super,5,2026-07-29 15:34:47 UTC,0
good useful app,5,2026-07-29 15:32:51 UTC,0
very good,5,2026-07-29 15:32:46 UTC,0
very good😊💯👍,5,2026-07-29 15:31:43 UTC,0
nice aap,5,2026-07-29 15:31:30 UTC,0
AMAZING . FAST FORWARD SERVICE,5,2026-07-29 15:31:26 UTC,0
it's really a last minute aap,5,2026-07-29 15:31:19 UTC,0
good,3,2026-07-29 15:31:13 UTC,0
timing is too late,1,2026-07-29 15:30:46 UTC,0
can't find the address and some products,1,2026-07-29 15:30:15 UTC,0
sabse best,5,2026-07-29 15:27:44 UTC,0
extra and imported items than other minute shops,5,2026-07-29 15:27:09 UTC,0
best in class,5,2026-07-29 15:25:09 UTC,0
💯,4,2026-07-29 15:25:06 UTC,0
"Do not order groceries especially telugu....all r marked dead wrong description says one u get another and all the pain to replace it with customer care... meanwhile at home "" cheppanu ga online lo sariga undav ani "" beating 🥲",1,2026-07-29 15:25:03 UTC,0
nice work 😀,4,2026-07-29 15:23:19 UTC,0
"⭐☆☆☆☆ Very disappointed with Blinkit. I received a broken trimmer and reported it within one hour with proof, but the customer support simply refused to help without giving any valid reason. I even sent emails, but still got no resolution. As a regular customer, I never expected such poor service. This experience has forced me to uninstall Blinkit and switch to Instamart. Extremely poor customer support.",1,2026-07-29 15:22:48 UTC,0
"Superb Experience & Lightning Fast! Review: Blinkit has completely transformed how I order everyday essentials! The delivery is incredibly fast, order tracking is smooth, and the items always arrive fresh and well-packaged. Absolutely super service every single time!",4,2026-07-29 15:22:25 UTC,0
nice 👌,5,2026-07-29 15:21:42 UTC,0
"Worst app, useless, looted money",1,2026-07-29 15:21:04 UTC,0
best for delivery,5,2026-07-29 15:20:40 UTC,0
nice 👍,3,2026-07-29 15:19:50 UTC,0
nice,5,2026-07-29 15:18:48 UTC,0
"mst ,much better than Swiggy Instamart at least order received at home not to go outside to waive hand and search for delivery boy and order",5,2026-07-29 15:18:25 UTC,0
delivery partner behaviour is good,5,2026-07-29 15:18:13 UTC,0
Best app forever',5,2026-07-29 15:18:05 UTC,0
very good,5,2026-07-29 15:16:32 UTC,0
great,5,2026-07-29 15:16:31 UTC,0
please avaliable cash on delivery i faced many difficulties to order things ....otherwise app is very convenient....,5,2026-07-29 15:16:21 UTC,0
best app,3,2026-07-29 15:15:06 UTC,0
quality was very good,4,2026-07-29 15:14:46 UTC,0
very poor service getting cancelled fees charge as order auto selected from your end,1,2026-07-29 15:14:45 UTC,0
very Nice,5,2026-07-29 15:14:09 UTC,0
it was 👍,5,2026-07-29 15:13:47 UTC,0
"I ordered some products through COD as my bank server was not working and my UPI was down. My order amount was Rs 141 and I tried paying the DP Rs 541 so that he could refund me Rs 400, alas, even they don't have that!!! Pathetic Service.",1,2026-07-29 15:13:23 UTC,0
excellent service,5,2026-07-29 15:09:18 UTC,0
nice,5,2026-07-29 15:09:13 UTC,0
good,5,2026-07-29 15:08:41 UTC,0
worst app,1,2026-07-29 15:08:14 UTC,0
worst in delivery time and iteams given by hands with out hand bag never choose it in tumkuru,1,2026-07-29 15:07:59 UTC,0
delivery person don't carry change,1,2026-07-29 15:07:55 UTC,0
very good,4,2026-07-29 15:07:48 UTC,0
On time delivery and good quality,5,2026-07-29 15:07:20 UTC,0
sometimes some products are missing but they give it later overall 👍,4,2026-07-29 15:07:20 UTC,0
paan corner not opening,1,2026-07-29 15:06:57 UTC,0
very useful in day to day domestic work,5,2026-07-29 15:05:31 UTC,0
Good,4,2026-07-29 15:04:37 UTC,0
hey user s ididnt received order and they didnt give my refund ammount = 1562₹ and the delivery man cancelled order no response from this froad app im going to file complaint consumer court dont use this app no safety for our online purchase and product s..... no customer care only ai app using this kind of apps,1,2026-07-29 15:04:23 UTC,0
how to change number but it was so 👍 good app 🥳🥳🤩🥰😍😘😚,5,2026-07-29 15:04:14 UTC,0
thank you,5,2026-07-29 15:03:45 UTC,0
very good service,4,2026-07-29 15:03:35 UTC,0
very good,5,2026-07-29 15:03:10 UTC,0
Good,4,2026-07-29 15:02:57 UTC,0
Excellent,5,2026-07-29 15:01:30 UTC,0
good 👍,5,2026-07-29 15:01:24 UTC,0
blink it must improve the quality of there sellers. some of the seller doing unethical selling like tampered packaging. Two separate packing like prices on lamination and products are different or missing,1,2026-07-29 15:00:52 UTC,0
v.good,5,2026-07-29 15:00:33 UTC,0
ಸೂಪರ್,5,2026-07-29 14:59:11 UTC,0
good,4,2026-07-29 14:58:44 UTC,0
Good service,5,2026-07-29 14:56:56 UTC,0
very nice service,5,2026-07-29 14:55:26 UTC,0
I Love Blinkit,5,2026-07-29 14:54:34 UTC,0
love,5,2026-07-29 14:54:08 UTC,0
good,5,2026-07-29 14:53:26 UTC,0
mast,5,2026-07-29 14:53:23 UTC,0
best,5,2026-07-29 14:51:28 UTC,0
its help full,5,2026-07-29 14:51:05 UTC,0
good,5,2026-07-29 14:49:52 UTC,0
outstanding creativity but wo thodi aur sasti ho jati to maza hi aa jata,5,2026-07-29 14:49:17 UTC,0
good,1,2026-07-29 14:48:41 UTC,0
vey High charges,1,2026-07-29 14:48:35 UTC,0
Nice app,5,2026-07-29 14:48:16 UTC,0
Good,5,2026-07-29 14:46:18 UTC,0
it's really nice,5,2026-07-29 14:46:16 UTC,0
fast delivery to good 👍,4,2026-07-29 14:45:44 UTC,0
on time delivery,4,2026-07-29 14:44:21 UTC,0
wonderful service,5,2026-07-29 14:43:25 UTC,0
ach nhi hai,1,2026-07-29 14:42:17 UTC,0
Nice service,5,2026-07-29 14:41:30 UTC,0
best app for bringing things earlier at home,5,2026-07-29 14:41:01 UTC,0
good 👍,5,2026-07-29 14:40:58 UTC,0
buhot acha ap he,5,2026-07-29 14:39:34 UTC,0
good continue the same upgrade the app according to customers need,5,2026-07-29 14:38:43 UTC,0
disputes resoluted promptly,5,2026-07-29 14:37:39 UTC,0
good,4,2026-07-29 14:36:45 UTC,0
"best for alsiii log example me,tum,aur voo",5,2026-07-29 14:36:22 UTC,0
service is good and fast.,3,2026-07-29 14:36:13 UTC,0
nice👍,5,2026-07-29 14:35:37 UTC,0
very good,4,2026-07-29 14:33:43 UTC,0
good,5,2026-07-29 14:32:11 UTC,0
Blinkit...❤️,5,2026-07-29 14:32:04 UTC,0
cancellation policy is very poor,1,2026-07-29 14:30:29 UTC,0
too much of extra charge,1,2026-07-29 14:30:07 UTC,0
very nice add service very good 👍,4,2026-07-29 14:29:11 UTC,0
ye mera first time tha jab mene blinkit use Kiya and it was amazing maine jo products order kiye the vo bhi kafi ache the or price bhi and dilivery boy bhi kafi humble tha ✨,5,2026-07-29 14:28:54 UTC,0
This is a nice app cuz it has everything I have been searching for where I didn't get in other app Like it's literally a friendly app ✨,5,2026-07-29 14:25:02 UTC,0
tooo expensive,1,2026-07-29 14:24:38 UTC,0
good service and safe and fast service,5,2026-07-29 14:22:41 UTC,0
very good and quick app all things are good here the quality of things is also good no product is damaged or broken even the print potion in this app is very good the prints are nice and clear,5,2026-07-29 14:22:06 UTC,0
thank u,5,2026-07-29 14:21:15 UTC,0
very nice app,5,2026-07-29 14:19:19 UTC,0
excellent,5,2026-07-29 14:18:50 UTC,0
blinkit is a very good app it was delivering in time everything I need,5,2026-07-29 14:18:32 UTC,0
best,5,2026-07-29 14:18:26 UTC,0
very worst delivery service,1,2026-07-29 14:18:19 UTC,0
great offer,4,2026-07-29 14:18:18 UTC,0
such a very best service ever,5,2026-07-29 14:18:06 UTC,0
very good application,5,2026-07-29 14:18:00 UTC,0
excellent service,5,2026-07-29 14:17:41 UTC,0
good,4,2026-07-29 14:17:26 UTC,0
to good for grocery appp,5,2026-07-29 14:17:04 UTC,0
super,5,2026-07-29 14:15:56 UTC,0
it's very fast delivery 🚚 by blinkit,5,2026-07-29 14:15:32 UTC,0
👍,3,2026-07-29 14:15:12 UTC,0
love from khan family,5,2026-07-29 14:13:54 UTC,0
ek no.,4,2026-07-29 14:13:46 UTC,0
we buy a chocolate price is 36 but it's charges is 91 rupees very bad,1,2026-07-29 14:13:09 UTC,0
good,5,2026-07-29 14:13:01 UTC,0
very nice,5,2026-07-29 14:12:21 UTC,0
"very useful for our urgent needs,thank you",5,2026-07-29 14:11:42 UTC,0
very good,5,2026-07-29 14:09:59 UTC,0
Jrurt ka saman to yaha hamesha out of stock rehta ha ya fr hota hi nhi hai baki sab thik hai,3,2026-07-29 14:09:45 UTC,0
very nice aap I also got free 🎁,5,2026-07-29 14:08:38 UTC,0
good app for quick delivery,4,2026-07-29 14:08:37 UTC,0
bahut delivery charge leta hai,3,2026-07-29 14:07:55 UTC,0
"this is the bestest online application... it's amazing.. and the service, unbelievable... ❤️",5,2026-07-29 14:06:10 UTC,0
very fast and very good product and delivery,5,2026-07-29 14:06:09 UTC,0
very good very nice,5,2026-07-29 14:05:10 UTC,0
very poor quality product sell blinkit and not refunded,1,2026-07-29 14:05:05 UTC,0
West quality and service 👑⭐💫,5,2026-07-29 14:04:55 UTC,0
free prescription from doctor. amazing!,5,2026-07-29 14:04:33 UTC,0
Nice,5,2026-07-29 14:02:20 UTC,0
Good 👍,5,2026-07-29 14:01:53 UTC,0
"the best way to order things,,🤌",5,2026-07-29 14:01:50 UTC,0
Good,5,2026-07-29 14:01:34 UTC,0
new,4,2026-07-29 14:01:00 UTC,0
Best hai. try it,4,2026-07-29 14:00:56 UTC,0
very good but no cod available in most of the things,5,2026-07-29 14:00:28 UTC,0
app bohot accha ha,5,2026-07-29 13:59:41 UTC,0
good,4,2026-07-29 13:56:57 UTC,0
no return policy,1,2026-07-29 13:56:27 UTC,0
amazing discount fastival offer nice blinkit,5,2026-07-29 13:56:08 UTC,0
Good but reduce some delivery charge,5,2026-07-29 13:55:26 UTC,0
good service,5,2026-07-29 13:54:26 UTC,0
good,5,2026-07-29 13:54:18 UTC,0
good,4,2026-07-29 13:53:28 UTC,0
weast blinkit rate over,1,2026-07-29 13:53:21 UTC,0
Excellent nice Services,5,2026-07-29 13:53:14 UTC,0
thankyu blinkit,5,2026-07-29 13:49:56 UTC,0
excellent!!,5,2026-07-29 13:49:21 UTC,0
good,5,2026-07-29 13:49:15 UTC,0
Yoohoo !,5,2026-07-29 13:48:57 UTC,0
very rude behavior of rider very bad experience,1,2026-07-29 13:48:40 UTC,0
worst product damage diya or coustomer support koi help nahi karta hai,1,2026-07-29 13:48:00 UTC,0
Excellent service 👍,5,2026-07-29 13:47:33 UTC,0
delivery boy and blinkit both have delivery issues . if you order it allready take wrong location and u pay extra for delivery your grocery,1,2026-07-29 13:47:31 UTC,0
super😍,5,2026-07-29 13:47:13 UTC,0
good,5,2026-07-29 13:47:03 UTC,0
deliver fresh product,5,2026-07-29 13:46:38 UTC,0
convenient and swift delivery. 👍👍,5,2026-07-29 13:46:24 UTC,0
Good Service and Delivery Time,5,2026-07-29 13:45:57 UTC,0
late delivery,1,2026-07-29 13:45:29 UTC,0
very good,5,2026-07-29 13:43:52 UTC,0
itss tooo nd tooo guud ✌️🫂,3,2026-07-29 13:43:38 UTC,0
Best service,5,2026-07-29 13:43:17 UTC,0
good 👍,5,2026-07-29 13:41:55 UTC,0
good,5,2026-07-29 13:41:48 UTC,0
Extra charges in the name of free delivery wth,3,2026-07-29 13:41:30 UTC,0
superb,5,2026-07-29 13:41:29 UTC,0
thanks for blinkit,4,2026-07-29 13:41:20 UTC,0
I loved the customer care.Thanks to tabyayya,5,2026-07-29 13:40:28 UTC,0
very good 👍 Work,5,2026-07-29 13:40:16 UTC,0
good 👍,5,2026-07-29 13:40:02 UTC,0
Very good 👍,5,2026-07-29 13:40:02 UTC,0
amazing experience,5,2026-07-29 13:39:43 UTC,0
high rate of product,2,2026-07-29 13:39:08 UTC,0
"The app deserves 5⭐, but your delivery partners are the reason I'm not giving it. The behavior of a 'FEW' delivery executives is completely unacceptable—rude, unprofessional, and disrespectful. Customer service doesn't end with the app; it ends at the doorstep. If you don't improve the quality and accountability of your delivery staff, you'll continue losing good ratings and valuable customers. Please take this issue seriously.",3,2026-07-29 13:36:53 UTC,0
good 👍,5,2026-07-29 13:36:31 UTC,0
good dilevery,5,2026-07-29 13:35:35 UTC,0
very good service,5,2026-07-29 13:34:23 UTC,0
blinking is very nice app,5,2026-07-29 13:31:49 UTC,0
thanks to the team who made this app🫡,5,2026-07-29 13:31:27 UTC,0
good 👍🏼,5,2026-07-29 13:30:46 UTC,0
wonderful experience 😀😀,5,2026-07-29 13:30:41 UTC,0
delivery very first,4,2026-07-29 13:30:25 UTC,0
Blinkit service is awesome. every time on time.,5,2026-07-29 13:29:56 UTC,0
nice 👍,5,2026-07-29 13:29:47 UTC,0
very good app. we get just everything within few minutes at our door step. I really like the service.,5,2026-07-29 13:29:28 UTC,0
overprice selling item this app 🤬😡😡😡,1,2026-07-29 13:29:24 UTC,0
superb experience ever,5,2026-07-29 13:29:11 UTC,0
good,1,2026-07-29 13:28:33 UTC,0
ok,5,2026-07-29 13:28:24 UTC,0
super fast delivery,5,2026-07-29 13:28:09 UTC,0
"you pork meat sell,....,",1,2026-07-29 13:26:10 UTC,0
👍,5,2026-07-29 13:24:30 UTC,0
loo baget loo price best option,5,2026-07-29 13:23:12 UTC,0
fastest,5,2026-07-29 13:23:06 UTC,0
"worst service, sent me expired food items and when complaint.. refused to replace or refund.... big fraud scam .... NOT RECOMMENDED FOR FOOD ITEMS.",1,2026-07-29 13:20:57 UTC,0
good,5,2026-07-29 13:20:25 UTC,0
all products are good and available to products and fast delivery safe money,5,2026-07-29 13:19:52 UTC,0
very nice delivery,5,2026-07-29 13:19:40 UTC,0
shows 12 min takes 20,1,2026-07-29 13:19:16 UTC,0
"best, super",5,2026-07-29 13:17:55 UTC,0
always convenient but nowadays support n all they don't even look out the genuine problem if a customer face,1,2026-07-29 13:17:38 UTC,0
bad expiration wrong product delivered,5,2026-07-29 13:16:41 UTC,0
small amount items not available,1,2026-07-29 13:16:16 UTC,0
badhiya,5,2026-07-29 13:15:47 UTC,0
price is more than original MRP and u also mention free delivery,2,2026-07-29 13:15:38 UTC,0
it becomes more expensive to buy cheap item,3,2026-07-29 13:14:55 UTC,0
"guys, please remove the feature where when I'm checking out an item for it details, it swipes to another item. please please, it's so damn irritating. please remove",1,2026-07-29 13:14:39 UTC,0
good,4,2026-07-29 13:12:27 UTC,0
😊,5,2026-07-29 13:11:43 UTC,0
good,4,2026-07-29 13:10:35 UTC,0
good,5,2026-07-29 13:10:08 UTC,0
nice app I like it,5,2026-07-29 13:08:11 UTC,0
nice n friendly,5,2026-07-29 13:08:03 UTC,0
nice,1,2026-07-29 13:06:42 UTC,0
this is good 👍,5,2026-07-29 13:06:37 UTC,0
❤️❤️❤️ rr,1,2026-07-29 13:05:18 UTC,0
🙏😭 thanks blinkit for fast delivery,5,2026-07-29 13:05:04 UTC,0
Any item expiry date is expired,1,2026-07-29 13:03:30 UTC,0
very fast service 😄 🫰🏻🩷❤️,5,2026-07-29 13:02:28 UTC,0
happy 😁,5,2026-07-29 13:00:27 UTC,0
## blinkit. why they are Charging handling fee always,3,2026-07-29 13:00:18 UTC,0
nice 👍,5,2026-07-29 13:00:16 UTC,0
nice,5,2026-07-29 13:00:02 UTC,0
iska delivery Sahi nahin Hai,4,2026-07-29 12:58:03 UTC,0
very convenient and hassle free,5,2026-07-29 12:56:50 UTC,0
the app is good but the charges are high,4,2026-07-29 12:56:11 UTC,0
Happy,3,2026-07-29 12:55:52 UTC,0
"Sometimes, Blinkit does not deliver us the items mentioned in the order summary but charge for that",2,2026-07-29 12:55:32 UTC,0
Good Gooder Goodest,5,2026-07-29 12:55:09 UTC,0
thank you blinkit,5,2026-07-29 12:54:23 UTC,0
good 😊,4,2026-07-29 12:52:36 UTC,0
VERY FAST DELIVEREY,5,2026-07-29 12:52:08 UTC,0
very bad service online payment n kare only cash warna Paisa cut jaata hai ata bhi nahi hai. mera payment nahi aya hai abhi tak sir,1,2026-07-29 12:51:05 UTC,0
very nice 😊😊😊😊❤️😍😍,5,2026-07-29 12:49:05 UTC,0
worst app misleading the customers about stock notification. after click for notification tab no notification by sms or whstsup for items.today cod not available,1,2026-07-29 12:46:29 UTC,0
Nice 👍,5,2026-07-29 12:43:49 UTC,0
Good to order during emergency time,4,2026-07-29 12:42:58 UTC,0
blinkit bahut kharab order deta hai hum ek bottle mangaya usme bottle futa hua nikla ..or order return v nhi leta hai .,1,2026-07-29 12:41:59 UTC,0
Good app,5,2026-07-29 12:41:26 UTC,0
I m sharing my experience after using from months that blinkit is having pathetic customer care service because they send you rotten items dirty package first of all they will not return and the most they won't accept and not apologize for that so people's continue buying but order COD and checked everything on your doorstep and if it's not ok don't receive,2,2026-07-29 12:41:11 UTC,0
delivery charges are to expensive 😭,3,2026-07-29 12:40:33 UTC,0
randomly got hit with a 30 rs surge charge,1,2026-07-29 12:38:11 UTC,0
ye log change nhi rakhte,1,2026-07-29 12:36:50 UTC,0
♥️,5,2026-07-29 12:36:01 UTC,0
👍🏻👍🏻,3,2026-07-29 12:35:29 UTC,0
nice app,5,2026-07-29 12:35:28 UTC,0
good,5,2026-07-29 12:33:36 UTC,0
nice,5,2026-07-29 12:33:11 UTC,0
nice app,5,2026-07-29 12:32:53 UTC,0
app is a very nice trustable app,5,2026-07-29 12:32:25 UTC,0
easy to way buy products.,5,2026-07-29 12:32:14 UTC,0
niche,4,2026-07-29 12:32:01 UTC,0
"mind blowing app , which give me proper facility to your house gate and very polite delivery staff and agent .... nice app i like it very much ... appreciate to all the blinkit team..for this valuable services",5,2026-07-29 12:31:35 UTC,0
Thank's For Expressive Delivery,5,2026-07-29 12:29:41 UTC,0
good,4,2026-07-29 12:29:20 UTC,0
good one,5,2026-07-29 12:28:45 UTC,0
dubble payment houi hai abhi refund nhi houi hai customer service very bad service,1,2026-07-29 12:28:38 UTC,0
Not available in my area so I order at my friend address Please make it available in my area soon,5,2026-07-29 12:28:25 UTC,0
v nice 👌,5,2026-07-29 12:28:15 UTC,0
very good customer service ❤️,5,2026-07-29 12:27:46 UTC,0
good app,5,2026-07-29 12:27:36 UTC,0
super app,5,2026-07-29 12:26:44 UTC,0
"no proper communication channel at all, you will not know unless you call and find out what's happening",1,2026-07-29 12:26:04 UTC,0
🤟,5,2026-07-29 12:25:27 UTC,0
This is a fabulous app but there is always hope for improvement and I've a complaint of sometimes getting coffee tetra packs without straws apart from this one thing everything else is fine,4,2026-07-29 12:25:23 UTC,0
they don't return items after delivery if product is not good,1,2026-07-29 12:24:33 UTC,0
fantastic service,5,2026-07-29 12:24:19 UTC,0
Excellent 👍,5,2026-07-29 12:23:44 UTC,0
excellent gud superb,5,2026-07-29 12:23:19 UTC,0
Fast delivery impressive🎉,4,2026-07-29 12:21:11 UTC,0
this app is the best,5,2026-07-29 12:20:45 UTC,0
🥳 thank you,5,2026-07-29 12:20:33 UTC,0
Excellent,5,2026-07-29 12:20:14 UTC,0
very good awesome quality and service is best.,5,2026-07-29 12:19:48 UTC,0
don't buy electronics from this platform. they say 7day replacement yet they don't stick to their words even when the product is faulty.,1,2026-07-29 12:18:57 UTC,0
prompt service good 😊,5,2026-07-29 12:18:07 UTC,0
one of the best item I get like groceries and other suppliments here...,5,2026-07-29 12:17:57 UTC,0
very good,4,2026-07-29 12:17:49 UTC,0
ok,5,2026-07-29 12:17:17 UTC,0
👍 good,5,2026-07-29 12:17:17 UTC,0
good 👍 to you ☺️,5,2026-07-29 12:17:08 UTC,0
really useful in times of emergencies,5,2026-07-29 12:16:42 UTC,0
best,5,2026-07-29 12:16:12 UTC,0
very Good,5,2026-07-29 12:14:39 UTC,0
Best choice,5,2026-07-29 12:13:51 UTC,0
Good service,5,2026-07-29 12:13:11 UTC,0
nice,4,2026-07-29 12:12:51 UTC,0
very good service,5,2026-07-29 12:12:34 UTC,0
price jyada ha market se,3,2026-07-29 12:11:19 UTC,0
ok fast delivery urgent,5,2026-07-29 12:10:48 UTC,0
amazing 👏 🤩,5,2026-07-29 12:10:13 UTC,0
very poor service,1,2026-07-29 12:09:37 UTC,0
good,5,2026-07-29 12:09:12 UTC,0
very good 😊,5,2026-07-29 12:07:55 UTC,0
very good application to buy any product,5,2026-07-29 12:07:11 UTC,0
they lie about estimated delivery all the time. say 10 mins and nothing even gets dispatched after 10 mins at least half the time,1,2026-07-29 12:06:13 UTC,0
GOOD RANGE AVAILABLE,5,2026-07-29 12:06:11 UTC,0
good app for groceries,5,2026-07-29 12:05:44 UTC,0
no change available always,1,2026-07-29 12:05:33 UTC,1
good experience,5,2026-07-29 12:05:21 UTC,0
good,4,2026-07-29 12:04:18 UTC,0
RS 30 chees ko 85 mai kyoo dei rha ho,2,2026-07-29 12:03:50 UTC,0
Good 👍,5,2026-07-29 11:59:56 UTC,0
verygood,5,2026-07-29 11:59:39 UTC,0
very usefull app,5,2026-07-29 11:58:41 UTC,0
good,5,2026-07-29 11:57:59 UTC,0
good,5,2026-07-29 11:57:34 UTC,0
nice application,5,2026-07-29 11:57:27 UTC,0
nice,5,2026-07-29 11:57:19 UTC,0
good,5,2026-07-29 11:57:10 UTC,0
App is good but the discounts on cards and UPI are limited now. not like they used to offer earlier. local retailers now give more discount than blinkit. so now we are thinking of moving out from the app to the local store.,4,2026-07-29 11:56:58 UTC,0
how to cancel order there is no option it shows,1,2026-07-29 11:56:53 UTC,0
thik thak,3,2026-07-29 11:56:12 UTC,0
good,4,2026-07-29 11:55:14 UTC,0
very good 👍👍👍,5,2026-07-29 11:54:46 UTC,0
excellent,3,2026-07-29 11:53:05 UTC,0
The delivery boy refused to come to the railway platform after reached the railway station,1,2026-07-29 11:52:06 UTC,0
good,3,2026-07-29 11:51:33 UTC,1
Good items And right time delivery but some problems never time cash on delivery close,5,2026-07-29 11:51:28 UTC,0
good,5,2026-07-29 11:50:35 UTC,0
badhiya kaam kar rahe ho blinkit ambulance very important for society,5,2026-07-29 11:50:03 UTC,0
good,5,2026-07-29 11:49:57 UTC,0
better the flipkart minutes 🙌,5,2026-07-29 11:46:43 UTC,0
good,4,2026-07-29 11:46:04 UTC,0
good,5,2026-07-29 11:45:37 UTC,0
I order goods in which I have ordered 5 kg * 2 sugar packets with some other stuff . society have 3 lifts but rider said paper bag given by blinkit is worn out so kindly come down . pooor service by Muzaffarnagar blinkit. store gave him small paper bag for 10 kg sugar and other stuff amounting more than 1200 rupees . My father who is senior citizen had to pick the order from parking of society where blinkit boy was there . Everyone must order amount of Rs. 100/- maximum above not from blinkit,1,2026-07-29 11:43:04 UTC,0
it's very good,5,2026-07-29 11:41:36 UTC,0
i rate this 10/10 the fastest delivery,5,2026-07-29 11:40:45 UTC,0
super fast,5,2026-07-29 11:39:32 UTC,0
very good,4,2026-07-29 11:39:29 UTC,0
one more thing happened I haven't received my refund it shows it's already done,1,2026-07-29 11:35:01 UTC,1
my first order i check this dilivery time,5,2026-07-29 11:32:42 UTC,0
Just don't get hyped by the returning facility cause it's very bad a damaged product returned will only give a coupon.,1,2026-07-29 11:31:53 UTC,0
Ye bht helpful application 🎀,5,2026-07-29 11:31:34 UTC,0
good,5,2026-07-29 11:30:52 UTC,0
Good product,5,2026-07-29 11:30:40 UTC,0
Good,5,2026-07-29 11:29:19 UTC,0
nice,5,2026-07-29 11:27:46 UTC,0
LOVE THIS APP TO BITS,5,2026-07-29 11:25:07 UTC,0
bahut achcha hai,5,2026-07-29 11:21:54 UTC,0
fast delivery,3,2026-07-29 11:20:59 UTC,0
very useful,4,2026-07-29 11:20:58 UTC,0
👍,5,2026-07-29 11:20:51 UTC,0
absolutely love their blinkit ambulance service such a helpful and needy thing,5,2026-07-29 11:20:09 UTC,0
gatiya app,1,2026-07-29 11:19:21 UTC,0
good,5,2026-07-29 11:18:49 UTC,0
Nice app,5,2026-07-29 11:17:58 UTC,0
v good 👍,5,2026-07-29 11:16:32 UTC,0
the app is really good ! very reliable. Happy with the service.,5,2026-07-29 11:14:40 UTC,0
good job 👏,4,2026-07-29 11:13:41 UTC,0
The ice cream completely melted so didn't feel like having one. it shd have been collected last before delivery.,2,2026-07-29 11:13:41 UTC,0
best,5,2026-07-29 11:12:06 UTC,0
fast delivery and good service,5,2026-07-29 11:06:52 UTC,0
nice,3,2026-07-29 11:06:31 UTC,0
good,4,2026-07-29 11:06:20 UTC,0
good,5,2026-07-29 11:05:14 UTC,0
very good experience,5,2026-07-29 11:05:04 UTC,0
good app,5,2026-07-29 11:04:55 UTC,0
good,5,2026-07-29 11:04:43 UTC,0
best,3,2026-07-29 11:04:35 UTC,0
exelent,5,2026-07-29 11:03:08 UTC,0
I have been using this app for sometime now and today the delivery guy didn't give my money full change back .This is not acceptable.,1,2026-07-29 11:02:54 UTC,0
I lost ₹350 on Blinkit due to the absence of a cancellation and refund policy,1,2026-07-29 11:01:12 UTC,0
nice,5,2026-07-29 11:00:58 UTC,0
great app,5,2026-07-29 11:00:13 UTC,0
This is good one,5,2026-07-29 10:59:51 UTC,0
"they're charging surge fees but won't deliver on time , they'll get money from customers and won't give refunds for inconvenience caused too, only apologise , nothing else. don't use this app",1,2026-07-29 10:59:00 UTC,0
nce app,5,2026-07-29 10:57:38 UTC,0
good service,5,2026-07-29 10:57:24 UTC,0
Nice 🙂👍🏻,5,2026-07-29 10:56:57 UTC,0
👍,5,2026-07-29 10:56:16 UTC,0
worst experience. all the delivery partners take tips forcefully,1,2026-07-29 10:54:44 UTC,0
good app,5,2026-07-29 10:54:42 UTC,0
very good,5,2026-07-29 10:52:42 UTC,0
Fantastic,5,2026-07-29 10:52:35 UTC,0
Nice,5,2026-07-29 10:51:56 UTC,0
mast aap hai 🫰🫰,5,2026-07-29 10:51:12 UTC,0
Excellent,4,2026-07-29 10:50:50 UTC,0
Excellent Service !!,5,2026-07-29 10:50:44 UTC,0
best for last time and best part is their free shipping delivery,4,2026-07-29 10:48:50 UTC,0
great app,5,2026-07-29 10:46:39 UTC,0
sometimes.. delay...,5,2026-07-29 10:46:16 UTC,0
very nice,5,2026-07-29 10:45:22 UTC,0
there is no cancellation,1,2026-07-29 10:44:34 UTC,0
I like it so much one time their was nothing in bag than I complained than I got my refund but it is very nice and I request you that please deliver in near Villages,5,2026-07-29 10:44:17 UTC,0
✨️✨️✨️✨️🤌🏻🤌🏻🤌🏻🤌🏻🥺,5,2026-07-29 10:44:14 UTC,0
awesome,5,2026-07-29 10:43:21 UTC,0
Very nice and good,5,2026-07-29 10:43:00 UTC,0
awesome 😎😎😎😎 Fast delivery 🚚🚚🚚,5,2026-07-29 10:42:09 UTC,0
v good,4,2026-07-29 10:41:28 UTC,0
nice,5,2026-07-29 10:41:27 UTC,0
great,5,2026-07-29 10:39:41 UTC,0
"It is so gooooooood app ,we can utilise our time.",4,2026-07-29 10:39:23 UTC,0
Good,2,2026-07-29 10:38:16 UTC,0
best,5,2026-07-29 10:36:48 UTC,0
worst virtual assistant,1,2026-07-29 10:35:57 UTC,0
its a nice 💯,5,2026-07-29 10:35:28 UTC,0
nice aap,2,2026-07-29 10:34:38 UTC,0
I'm waiting my order,5,2026-07-29 10:34:03 UTC,0
osm,5,2026-07-29 10:32:12 UTC,0
all good but decrease your delivery charges,4,2026-07-29 10:31:55 UTC,0
very nice and reliable source of goods.,5,2026-07-29 10:31:44 UTC,0
some new products should be added,4,2026-07-29 10:30:03 UTC,0
there are no cancellation policy at all,1,2026-07-29 10:27:20 UTC,0
good,5,2026-07-29 10:25:54 UTC,0
nice,5,2026-07-29 10:25:13 UTC,0
Nice 👍,4,2026-07-29 10:24:51 UTC,0
Good,5,2026-07-29 10:24:19 UTC,0
ok,5,2026-07-29 10:24:02 UTC,0
nice app,5,2026-07-29 10:23:48 UTC,0
good,5,2026-07-29 10:23:23 UTC,0
"good app, fastest delivery ever",5,2026-07-29 10:23:14 UTC,0
guys when I ever try the store is always unavailable,1,2026-07-29 10:22:53 UTC,0
Best Delivery App,5,2026-07-29 10:22:30 UTC,0
best delivery awesome products on time delivery quality products,5,2026-07-29 10:22:23 UTC,0
worse customer support and service,1,2026-07-29 10:21:38 UTC,0
order is little 🫩 late,1,2026-07-29 10:16:59 UTC,1
good,5,2026-07-29 10:16:50 UTC,0
good,5,2026-07-29 10:16:39 UTC,0
good 👍👍,5,2026-07-29 10:15:32 UTC,0
very nice,5,2026-07-29 10:14:11 UTC,0
such a nice app fast delivery,5,2026-07-29 10:13:20 UTC,0
the blinkit is very useful 👌 👍,5,2026-07-29 10:13:15 UTC,0
y so rude the bliket rider he didn't reach the location n making drama. over all the location it's just near from blinkit to my house. n he can't still catch up location n making drama. his name shakeel. after reached location i was right there i told him is it my order he said no.. n i said u called me ryt n on call ur was making drama. he was hiding it not showing who's order n i was about to leave he said yes it urs. what is this....please look forward into it,2,2026-07-29 10:13:10 UTC,0
good,5,2026-07-29 10:11:40 UTC,0
easy to get item,5,2026-07-29 10:11:23 UTC,0
good,5,2026-07-29 10:11:19 UTC,0
Good 👍🏻,4,2026-07-29 10:09:26 UTC,0
"Excellent service! Blinkit delivers groceries and daily essentials very quickly. The app is easy to use, products are usually fresh, and delivery partners are prompt. Great for last-minute shopping. Have to improve for refunds and replacements, but overall it's a convenient and reliable service.",5,2026-07-29 10:09:18 UTC,0
😊,5,2026-07-29 10:07:08 UTC,0
very bad the handling charges and delivery charges are to much can't order one single item because of handling charges and delivery charges.,1,2026-07-29 10:07:04 UTC,0
very fast deliveries,5,2026-07-29 10:07:03 UTC,0
lest try,5,2026-07-29 10:06:34 UTC,0
good 👍 👍 👍 👍 for easy find things fast delivery,5,2026-07-29 10:04:08 UTC,0
very good and prompt service,5,2026-07-29 10:02:20 UTC,0
nice,5,2026-07-29 10:02:06 UTC,0
good,5,2026-07-29 10:01:41 UTC,0
delivery charges are too high,4,2026-07-29 10:00:59 UTC,0
very useful,5,2026-07-29 10:00:02 UTC,0
10/10 app just reduce free delivery amount make it 99₹ from 199₹,5,2026-07-29 09:58:55 UTC,0
good,3,2026-07-29 09:58:30 UTC,0
it is full 10 out of 10 dude,5,2026-07-29 09:57:41 UTC,0
good,5,2026-07-29 09:56:16 UTC,0
is good,4,2026-07-29 09:55:30 UTC,0
Good,4,2026-07-29 09:54:50 UTC,0
zada hi paisa lete h,1,2026-07-29 09:54:20 UTC,0
"Unmatched Quality, Genius Design, and Total Game-Changer! ​I rarely leave reviews, but after using this kit consistently over the past few weeks, I felt compelled to share my experience. Simply put, this is hands-down one of the best investments I have ever made. From the moment the package arrived, it was clear that the creators put an immense amount of thought, care, and precision into every single detail. ​Unboxing & First Impressions ​The packaging alone deserves a five-star rating.",5,2026-07-29 09:47:51 UTC,0
brooo when i order milk they deliver it in the cardboard bag and it always torn apart as the milk is cold and have some water outside. please change ur bag while delivering milk and cold stuff,5,2026-07-29 09:47:48 UTC,0
ok,3,2026-07-29 09:46:26 UTC,0
god products I'm happy😊,3,2026-07-29 09:44:35 UTC,0
nice 😆,5,2026-07-29 09:43:39 UTC,0
ok,4,2026-07-29 09:43:37 UTC,0
"their customer service is very pathetic,they close the 7 day return window before time,they don't respond after completing the order,if the order is faulty, damaged,cheap then it's not their fault,it's your fault .",1,2026-07-29 09:42:33 UTC,0
"very rude delivery partner. he is refusing to come on location. very bad experience from blinkit, I never think so blinkit can do this. I am very disappointed.",1,2026-07-29 09:42:27 UTC,0
Very Good And fast service,5,2026-07-29 09:42:18 UTC,0
very bad service regarding product return I do not install this app and always send bad products I hv bad experience and install this app,1,2026-07-29 09:40:43 UTC,0
5 star,4,2026-07-29 09:37:40 UTC,0
it is verygood,4,2026-07-29 09:37:17 UTC,0
सबसे बेस्ट डिलीवरी,5,2026-07-29 09:37:08 UTC,0
good performance 💯,4,2026-07-29 09:36:33 UTC,0
Not working Blinkit In my fireboltt click 4g Smart watch,1,2026-07-29 09:35:28 UTC,0
better than other delivery apps,5,2026-07-29 09:34:11 UTC,0
fast delivery,5,2026-07-29 09:34:09 UTC,0
no cancle option bc,2,2026-07-29 09:33:07 UTC,0
good app,5,2026-07-29 09:31:54 UTC,0
satisfactory,5,2026-07-29 09:30:33 UTC,0
Items quality was very better then other online food apps,4,2026-07-29 09:28:59 UTC,0
good,5,2026-07-29 09:28:35 UTC,0
worst.Cheater.Will spread the word not to buy from your app.charged surcharge 30rs and handling fees 5 rs with giving me the break up invoice bill.,1,2026-07-29 09:28:05 UTC,0
need to add option which sell only healthy thing which dont contain harmful chemicals,3,2026-07-29 09:27:42 UTC,0
nice,5,2026-07-29 09:27:17 UTC,0
very bad experience please close the blinkit because you are selling experid items.i was order baby milk powder and I have received experid milk powder this is very bad ...,1,2026-07-29 09:26:51 UTC,0
best,5,2026-07-29 09:26:13 UTC,0
can t able to rate the orders first of all rude behaviour of driver,1,2026-07-29 09:25:57 UTC,0
Nice delivery,5,2026-07-29 09:23:54 UTC,0
😊👍👍,5,2026-07-29 09:23:46 UTC,0
good,5,2026-07-29 09:23:20 UTC,0
blinkit has no idea how to deliver frozen items... long way to go.,1,2026-07-29 09:23:09 UTC,0
Delivery agent not delivered at my place,1,2026-07-29 09:22:28 UTC,0
"Absolutely pathetic service. I ordered 2 chilled Diet Cokes, 1 chilled Pepsi, and 1 Amul Masti Chaas, but everything arrived warm. I requested a replacement, and Blinkit sent warm drinks again, with the Amul Masti Chaas missing. I returned the entire order, yet Blinkit refunded only ₹80 out of ₹170, even though I didn't keep or consume a single item. I'm still waiting for the remaining ₹90.Poor quality control, careless service, and an unacceptable refund process. This is how customers are treat",1,2026-07-29 09:22:20 UTC,0
excellent,5,2026-07-29 09:17:16 UTC,0
dekho tumari store ache h lekin me ak delivery partner hu aaj mera order ak buliding me aaya tha me vaha niche khada tha me bola me gila tha me nhi aa skta upar uske bad mene customer ko dubara call lgya aur customer bola tere ko tamij nhi h tere ko kis bat ka Paisa milta h aur to tu upar aakar dekar aa lekin me fir order ko dene jabarjasti gya bola upar aaja ya Sam tak vahi khada re nhi lunga fir me upar gya to customer ne mere ko damki di ki dubara buliding se bahar nhi Jane dunga.,5,2026-07-29 09:15:45 UTC,0
Thank you,5,2026-07-29 09:15:44 UTC,0
nice 👍 work,4,2026-07-29 09:15:32 UTC,0
best 👌,5,2026-07-29 09:13:36 UTC,0
best app,5,2026-07-29 09:12:41 UTC,0
good,5,2026-07-29 09:11:59 UTC,0
"blikit is good but there are some things. I didn't liked above them. such as if they don't have that particular item they don't show us before that the item is unavailable after placing the order and paying the amount they tell is that, that particular item is unavailable. and they take too much time for refund.",3,2026-07-29 09:10:58 UTC,1
love 😘,5,2026-07-29 09:09:33 UTC,0
Good app service use it,5,2026-07-29 09:09:00 UTC,0
nyc app,5,2026-07-29 09:08:13 UTC,0
superb,5,2026-07-29 09:08:09 UTC,0
service is good,5,2026-07-29 09:07:30 UTC,0
best 24*7,5,2026-07-29 09:06:07 UTC,0
good,5,2026-07-29 09:05:56 UTC,0
nice,5,2026-07-29 09:05:27 UTC,0
it is very expensive as compared to any other app,3,2026-07-29 09:05:26 UTC,0
best app,5,2026-07-29 09:03:51 UTC,0
Nice app. Always get clean packed product. delivery person is always humble,5,2026-07-29 09:02:25 UTC,0
God's 8,5,2026-07-29 09:00:40 UTC,0
W app ever!!,5,2026-07-29 08:59:34 UTC,0
supper thank you,5,2026-07-29 08:58:05 UTC,0
good,4,2026-07-29 08:55:49 UTC,0
awsome,5,2026-07-29 08:55:24 UTC,0
Really satisfied.... 🥰🥰🥰🥰,5,2026-07-29 08:51:46 UTC,0
good,5,2026-07-29 08:50:30 UTC,0
fast delivered,5,2026-07-29 08:50:17 UTC,0
delivery charges high,1,2026-07-29 08:49:59 UTC,0
Best application,5,2026-07-29 08:49:48 UTC,0
the orders take too much time these days broo wthh,2,2026-07-29 08:48:27 UTC,0
first time use no problem,5,2026-07-29 08:48:20 UTC,0
good 😊,5,2026-07-29 08:48:03 UTC,0
fantastic and affordable,5,2026-07-29 08:47:36 UTC,0
I bought something for 50 and got charged 140 lol,2,2026-07-29 08:47:35 UTC,0
good,5,2026-07-29 08:47:15 UTC,0
wonderful 👌👌👌👌👌👌,5,2026-07-29 08:46:59 UTC,0
great for today's time,5,2026-07-29 08:46:30 UTC,0
very good,5,2026-07-29 08:46:20 UTC,0
very good,5,2026-07-29 08:45:24 UTC,0
nice 🙂 but not available all items,5,2026-07-29 08:44:26 UTC,0
Very cheap service,1,2026-07-29 08:43:43 UTC,0
exilent,5,2026-07-29 08:41:31 UTC,0
very bad mangao kuch aata kuch or hai pkaya hua mango kcha dete hai paneer ke badle bs masala. milta hai,1,2026-07-29 08:39:47 UTC,0
good,1,2026-07-29 08:38:25 UTC,0
Very good service,5,2026-07-29 08:38:21 UTC,0
excellent,5,2026-07-29 08:38:20 UTC,0
no discount,2,2026-07-29 08:37:32 UTC,0
good,5,2026-07-29 08:37:29 UTC,0
good,5,2026-07-29 08:36:57 UTC,0
good,3,2026-07-29 08:36:56 UTC,0
delivery partner he nahi hai inke pass Bakwas hai App,1,2026-07-29 08:36:14 UTC,0
best app for grocery,5,2026-07-29 08:35:11 UTC,0
not fare deal,3,2026-07-29 08:33:41 UTC,0
great,5,2026-07-29 08:32:51 UTC,0
super,5,2026-07-29 08:30:02 UTC,0
nice,5,2026-07-29 08:29:57 UTC,0
Avoid Blinkit for electronics. They sell damaged or used items and deny replacements.,1,2026-07-29 08:29:28 UTC,0
good,5,2026-07-29 08:29:17 UTC,0
fantastic and awesome helpful app,5,2026-07-29 08:28:33 UTC,0
🎉🎉,5,2026-07-29 08:28:15 UTC,0
excellent on time delivery,5,2026-07-29 08:26:45 UTC,0
nice 💯,5,2026-07-29 08:25:54 UTC,0
Fast Service,5,2026-07-29 08:25:03 UTC,0
Good,4,2026-07-29 08:23:22 UTC,0
good,5,2026-07-29 08:22:39 UTC,0
niceee,5,2026-07-29 08:21:27 UTC,0
very bad experience third class service order placed kr skte ho but return or replace nahi me regular customer hu but ab is application ko uninstall kr raha hu maha ghatiya hai ye thukta hu is application pe,1,2026-07-29 08:19:05 UTC,0
nice,5,2026-07-29 08:12:59 UTC,0
not return order,1,2026-07-29 08:12:30 UTC,0
they sell expired product today when my order is not cash on delivery and now they are not helping even need help option is not working i tried to send photo and vedio i have photo and vedio of the product they are cheater and cheating 🇮🇳 no clue of returing my money,1,2026-07-29 08:12:04 UTC,0
wonderful experience,5,2026-07-29 08:10:55 UTC,0
bahut achcha hai,5,2026-07-29 08:09:38 UTC,0
Good Service,5,2026-07-29 08:09:00 UTC,0
good service & good product 👍🏻,5,2026-07-29 08:07:38 UTC,1
good 👍,5,2026-07-29 08:05:52 UTC,1
gud service,5,2026-07-29 08:05:15 UTC,1
good,5,2026-07-29 08:04:48 UTC,0
super,4,2026-07-29 08:04:15 UTC,0
give me damage product,1,2026-07-29 08:03:53 UTC,0
far better than others like zepto etc,5,2026-07-29 08:03:01 UTC,0
super,5,2026-07-29 08:02:47 UTC,0
so good,5,2026-07-29 08:02:16 UTC,0
thank you blink it,5,2026-07-29 08:02:08 UTC,0
❤️❤️❤️❤️,5,2026-07-29 07:58:51 UTC,0
bahut badhiya hai,5,2026-07-29 07:57:29 UTC,0
Nice so quick,5,2026-07-29 07:56:22 UTC,0
Good,5,2026-07-29 07:55:55 UTC,0
fabless,5,2026-07-29 07:55:22 UTC,0
good 👍,4,2026-07-29 07:54:41 UTC,0
really awesome,5,2026-07-29 07:54:02 UTC,0
this is amazing fastest delivery really good,5,2026-07-29 07:53:53 UTC,0
this is very useful app for old man and womens,4,2026-07-29 07:51:57 UTC,0
its a nice option for marketing,5,2026-07-29 07:51:00 UTC,0
gud,5,2026-07-29 07:50:25 UTC,0
quick,5,2026-07-29 07:50:22 UTC,0
good,5,2026-07-29 07:49:59 UTC,0
nice,5,2026-07-29 07:49:54 UTC,0
the best,5,2026-07-29 07:49:29 UTC,0
always good,1,2026-07-29 07:47:19 UTC,0
fake products selling,1,2026-07-29 07:47:08 UTC,0
best experience ever like I don't have to step out in emergency when guest comes it is so easy to order and not to step out for snacks or cold drink or any other things like I get all the things on time I loved it,5,2026-07-29 07:47:07 UTC,0
very poor service... order getting delayed and customer care executive is not available..,1,2026-07-29 07:47:02 UTC,0
nice 🙂,5,2026-07-29 07:46:23 UTC,0
good 💯,5,2026-07-29 07:46:08 UTC,0
fadu app ha order cancel karna tha keya ni 400rs ka order 350 vapis da dena chya cancel kar ka,1,2026-07-29 07:45:43 UTC,0
Chhotu Kumar good job,5,2026-07-29 07:44:16 UTC,0
good service..and delivery boy behave very good 😊 😊🥳🥳,5,2026-07-29 07:43:45 UTC,0
good,5,2026-07-29 07:43:31 UTC,0
Very pleased with the quality of your produce and the speed with which it is delivered home. Thank you for your service. It is much appreciated.,5,2026-07-29 07:42:45 UTC,0
grate service,4,2026-07-29 07:40:48 UTC,0
nice 👍,5,2026-07-29 07:40:29 UTC,0
work good if we use it in a proper way,5,2026-07-29 07:40:07 UTC,0
good aap,5,2026-07-29 07:39:31 UTC,0
Very Good Service 👍👍,5,2026-07-29 07:38:57 UTC,0
helpful thanks 🙏 for everything 🙏,5,2026-07-29 07:35:26 UTC,0
good service 💯,5,2026-07-29 07:34:17 UTC,0
good,5,2026-07-29 07:32:52 UTC,0
best,5,2026-07-29 07:31:22 UTC,0
delivery is so late of timing,3,2026-07-29 07:31:02 UTC,0
GREAT DAY,5,2026-07-29 07:27:26 UTC,0
nice app,5,2026-07-29 07:27:15 UTC,0
amazing. love it,5,2026-07-29 07:26:52 UTC,0
i love this app,5,2026-07-29 07:26:28 UTC,0
thank blinkit and staff,3,2026-07-29 07:26:01 UTC,0
good,2,2026-07-29 07:24:48 UTC,0
very poor quality. ice cream contener is broken,1,2026-07-29 07:23:55 UTC,0
very fast,5,2026-07-29 07:23:07 UTC,0
good aap,5,2026-07-29 07:21:31 UTC,0
no option for replacement for unused packed product. worst service,1,2026-07-29 07:21:29 UTC,0
"I have never experienced such poor customer support, especially from Riya. I reported a damaged item and provided everything they requested, including videos and photos. Despite doing everything they asked, they kept delaying the process instead of resolving the issue. It feels like they are just trying to waste customers' time. Because of this experience, I cannot recommend Blinkit. I would rather choose its competitors, as their customer service has been extremely disappointing.",1,2026-07-29 07:20:28 UTC,1
very nice app,5,2026-07-29 07:18:13 UTC,0
Good,5,2026-07-29 07:15:53 UTC,0
good,5,2026-07-29 07:09:12 UTC,0
good,5,2026-07-29 07:07:01 UTC,0
"I'm fully satisfied with the blinkit services, specifically for the cigarettes 🖤",5,2026-07-29 07:06:36 UTC,0
"excellent experience with blinkit in outstanding services & finest exquisite quality of absolute perfection in delivery services of all products and items of daily essential requirements within no time at all almost instantly and complete satisfaction guaranteed 24 × 7 at blinkit for all essential daily needs of all types which come to your imagination , i can feel the happiness at blinkit at my home sweet home in almost no time at all to my immense pleasure fulfillment & complete satisfaction✅",5,2026-07-29 07:05:59 UTC,0
bhut accha he bu cash on delivery b hona chahiye kisi ke pass cash hi ho wo kya kare,5,2026-07-29 07:04:08 UTC,0
awesome 👌,5,2026-07-29 07:03:41 UTC,0
good service,5,2026-07-29 07:03:03 UTC,0
good service 👍,5,2026-07-29 07:02:58 UTC,0
good,5,2026-07-29 07:02:57 UTC,0
best,5,2026-07-29 07:01:42 UTC,0
zepto is better,5,2026-07-29 07:00:57 UTC,0
this app is nice,5,2026-07-29 06:59:27 UTC,0
supar,5,2026-07-29 06:59:01 UTC,0
additional discounts no problem,1,2026-07-29 06:58:27 UTC,0
Best 👌 service,5,2026-07-29 06:58:06 UTC,0
excellent,5,2026-07-29 06:58:04 UTC,0
good quality,5,2026-07-29 06:57:08 UTC,0
excellent,5,2026-07-29 06:56:17 UTC,0
super,5,2026-07-29 06:56:17 UTC,0
good,5,2026-07-29 06:55:58 UTC,0
good,5,2026-07-29 06:55:53 UTC,0
ok,5,2026-07-29 06:55:05 UTC,0
short my delivery,5,2026-07-29 06:54:11 UTC,0
nice,5,2026-07-29 06:52:34 UTC,0
Great Service..,5,2026-07-29 06:52:13 UTC,0
Good Service,3,2026-07-29 06:50:24 UTC,0
good,5,2026-07-29 06:50:01 UTC,0
excellent,5,2026-07-29 06:50:01 UTC,0
nice,5,2026-07-29 06:49:24 UTC,0
🤗🤗,5,2026-07-29 06:48:43 UTC,0
amazing app,5,2026-07-29 06:47:55 UTC,0
good app..very useful when we in need,5,2026-07-29 06:47:50 UTC,0
good,4,2026-07-29 06:47:18 UTC,0
loved it,5,2026-07-29 06:47:18 UTC,0
outstanding...,5,2026-07-29 06:44:06 UTC,0
convenient,5,2026-07-29 06:43:26 UTC,0
Good 👍,5,2026-07-29 06:43:10 UTC,0
so nice,5,2026-07-29 06:40:54 UTC,0
good,4,2026-07-29 06:40:20 UTC,0
it is more convenient for me to get things. quick n fasted delivery,5,2026-07-29 06:38:41 UTC,0
good one,5,2026-07-29 06:37:28 UTC,0
best,5,2026-07-29 06:36:34 UTC,0
worst reliability,1,2026-07-29 06:36:11 UTC,0
Used to be really good. The last few months service has gone down so bad. Deliveries now take an average of 20 to 30 mins.,1,2026-07-29 06:35:43 UTC,0
very very good fast delivery 8 min wow nice 👍,5,2026-07-29 06:34:44 UTC,0
Good,5,2026-07-29 06:34:12 UTC,0
good,5,2026-07-29 06:33:49 UTC,0
very nice,5,2026-07-29 06:33:33 UTC,0
very service,5,2026-07-29 06:33:08 UTC,0
nice,5,2026-07-29 06:32:55 UTC,0
nice,5,2026-07-29 06:32:46 UTC,0
best,5,2026-07-29 06:31:18 UTC,0
Good,5,2026-07-29 06:30:53 UTC,0
good 👍,5,2026-07-29 06:30:15 UTC,0
nice service 👍👍,5,2026-07-29 06:28:53 UTC,0
good,5,2026-07-29 06:27:21 UTC,0
this site is very nice but it's prices are too high.,5,2026-07-29 06:26:07 UTC,0
UNTRUSTED SERVICE... BY YR BLINKIT MANAGEMENT,1,2026-07-29 06:25:29 UTC,1
nice,5,2026-07-29 06:25:00 UTC,0
"the products are bit overpriced, plus I used to love blinkit, it was so convenient but now they have increased the handling charge, like all other apps, which was not there, the price of handling charge is more than double the previous handling charges",3,2026-07-29 06:24:38 UTC,0
just ok..ok..,3,2026-07-29 06:23:59 UTC,0
very good and very fast delivery,3,2026-07-29 06:23:52 UTC,0
gud service,5,2026-07-29 06:23:21 UTC,0
❤️.,5,2026-07-29 06:23:06 UTC,0
good,4,2026-07-29 06:22:01 UTC,0
bhangaaaar hen,1,2026-07-29 06:20:22 UTC,0
fast delivery 🤗,4,2026-07-29 06:20:03 UTC,0
Very Good 😊😊,5,2026-07-29 06:18:25 UTC,0
Awesome nd fast delivery process 👍👍👍,5,2026-07-29 06:17:16 UTC,0
very poor services,1,2026-07-29 06:16:51 UTC,0
excellent,5,2026-07-29 06:16:42 UTC,0
Good platform for everything and help people to provide Ambulance 🚑 🙏,5,2026-07-29 06:16:22 UTC,0
good,5,2026-07-29 06:15:29 UTC,0
very nice app,5,2026-07-29 06:14:23 UTC,0
good l,4,2026-07-29 06:13:02 UTC,0
nise app,5,2026-07-29 06:11:25 UTC,0
good,5,2026-07-29 06:09:24 UTC,0
delivery is so so delay the delivery man always rest at the road delay the order repeatedly,1,2026-07-29 06:08:38 UTC,0
good,3,2026-07-29 06:08:13 UTC,0
GOOD,5,2026-07-29 06:07:38 UTC,0
"The company said it would refund the money within 2 hours if the item was returned, but the company never refunded any money.",1,2026-07-29 06:06:24 UTC,0
nice,5,2026-07-29 06:06:18 UTC,0
good,5,2026-07-29 06:05:07 UTC,0
super,5,2026-07-29 06:05:01 UTC,0
very good service. but sometimes it goes to another place,4,2026-07-29 06:03:15 UTC,0
nice,5,2026-07-29 06:02:37 UTC,0
very good app for online stuff it's trusted and they gave good prices and offers just bought the whole harry Potter pack,4,2026-07-29 06:02:23 UTC,0
very nice and comfortable thank you so much plz give more offers,5,2026-07-29 06:01:37 UTC,0
it can help in emergency thank you blinkit,5,2026-07-29 06:01:18 UTC,0
nice,5,2026-07-29 06:00:43 UTC,0
thank,5,2026-07-29 06:00:43 UTC,0
nice,5,2026-07-29 05:58:30 UTC,0
best,3,2026-07-29 05:58:26 UTC,1
it's an amazing app to use. I got good deals to order. I think now I'm going to be addicted,5,2026-07-29 05:56:44 UTC,0
very effective,5,2026-07-29 05:55:58 UTC,0
ગુડ,5,2026-07-29 05:55:11 UTC,0
I wish best and fastest delivery,5,2026-07-29 05:54:55 UTC,0
good service,5,2026-07-29 05:54:52 UTC,0
ye log bhot galat kerte ha mene order 690 rupees ka mangwaya or delevery boy ne mujhe 700 liye this is scam very bad app,1,2026-07-29 05:53:45 UTC,0
good,4,2026-07-29 05:52:06 UTC,0
good,5,2026-07-29 05:51:47 UTC,0
non customer cooperative behaviour order a product that was not as expected and quality is inadequate but customer support doesn't support and avoid providing the support I will appeal to people to avoid this app for good There have been so many incidents recently regarding this app,1,2026-07-29 05:51:12 UTC,0
very bad not serving this area👎🏻,1,2026-07-29 05:48:02 UTC,0
a good last minute delivery site,4,2026-07-29 05:46:55 UTC,0
gud job blinkit,5,2026-07-29 05:46:14 UTC,0
very good,5,2026-07-29 05:44:59 UTC,0
"everything is good but your cash on delivery options block in other devices in my hotel so please always on cash on delivery options so some time we choose other option insta Mart and big basket, because not available money every time in Bank account, thank you",5,2026-07-29 05:43:46 UTC,0
Nice,5,2026-07-29 05:42:19 UTC,0
Ekdum Mast app hai re! 👌🏼👍🏼,5,2026-07-29 05:41:42 UTC,0
good,5,2026-07-29 05:41:36 UTC,0
very good,1,2026-07-29 05:41:00 UTC,0
Best,5,2026-07-29 05:39:47 UTC,0
good service,4,2026-07-29 05:39:38 UTC,0
great app 👍,5,2026-07-29 05:37:55 UTC,0
hey blinkit i justt wanna say your product/iteam are very high money uh doesn't give uss discount.one product price are high its very difficult to buy any item in your shop .soo i just say suggested to you low/decrease the price of all product. if item is 500 yoou just showing us 1000 why? thiss all prices aree high and soo many issues yaar sometime your cash on delivery doesn't wroking and the high prices whyyy is thiss blinkit .its not good,1,2026-07-29 05:35:48 UTC,0
nice,5,2026-07-29 05:34:48 UTC,0
We are satisfied Yes I am satisfied,5,2026-07-29 05:34:45 UTC,0
superb job,5,2026-07-29 05:33:57 UTC,0
good 💯,5,2026-07-29 05:32:49 UTC,0
Good,5,2026-07-29 05:32:36 UTC,0
fasttt service and very polite delevery person 😉💓,5,2026-07-29 05:30:53 UTC,0
good 👍🏻,5,2026-07-29 05:30:07 UTC,0
"Blinkit has been a huge help for me. Whenever I need vegetables, fruits, or any grocery items urgently, Blinkit delivers them very quickly. The products are usually fresh and of good quality, and the service is reliable and convenient. It has saved me a lot of time and effort. The only downside is that sometimes the delivery or platform charges become a bit high, which can be difficult for a middle-class family. Overall, I’m happy with the service and would recommend Blinkit for its speed and c",5,2026-07-29 05:25:43 UTC,0
nice,5,2026-07-29 05:25:26 UTC,0
Very fast delivery,5,2026-07-29 05:24:58 UTC,0
very nice app for many items,5,2026-07-29 05:23:45 UTC,0
"very bad whenever I order pomegranate, Banana I always get rotten ones .. no fresh items got delivered",1,2026-07-29 05:21:02 UTC,0
good,5,2026-07-29 05:20:31 UTC,0
Good service 👍,5,2026-07-29 05:20:18 UTC,0
good 👍,5,2026-07-29 05:18:13 UTC,0
thank you 🙏☺️,5,2026-07-29 05:16:35 UTC,0
please add cash on delivery please,5,2026-07-29 05:15:30 UTC,0
Sometimes deliver wrong items,2,2026-07-29 05:14:06 UTC,0
best,5,2026-07-29 05:09:58 UTC,0
koi bhi chiz ache pack ho k ni milti hai maine kulcha ka packet mangvaya hai abhi wo bhi open packet aaya hai,1,2026-07-29 05:09:11 UTC,0
fast service,5,2026-07-29 05:08:01 UTC,0
just a wonderful app all you need is delivered at your door step,5,2026-07-29 05:04:47 UTC,0
best apps,5,2026-07-29 05:03:12 UTC,0
oder cancel ka option nhi deta h ye saman bhi kafi mehga deta h,1,2026-07-29 05:02:22 UTC,0
not good for electronic products,1,2026-07-29 05:01:41 UTC,0
good service,5,2026-07-29 05:01:20 UTC,0
"return option is not there, I bought a product which is not functioning correctly raised a concern not useful. wasted",1,2026-07-29 05:01:07 UTC,0
ok app,4,2026-07-29 04:58:38 UTC,0
good,5,2026-07-29 04:56:20 UTC,0
prompt action as after blink of an eye excellent 👌,5,2026-07-29 04:55:23 UTC,0
good,5,2026-07-29 04:54:58 UTC,1
It has nice,5,2026-07-29 04:54:04 UTC,0
good,5,2026-07-29 04:49:50 UTC,0
nice,4,2026-07-29 04:47:42 UTC,0
y all the package s so dirty worst service,1,2026-07-29 04:47:34 UTC,0
I have very good experience with blinkit executives as well as customer care support. I had talked with Aabidaa who is very polite and co- operative. Thank you very much for your kind help,5,2026-07-29 04:46:20 UTC,0
good,5,2026-07-29 04:45:02 UTC,0
so happy bat so thanks,5,2026-07-29 04:44:13 UTC,0
it's really good and there product paking is also nice it would be very nice and helpful for us without any difficulties we have purchase anything thanku blinkit,5,2026-07-29 04:43:57 UTC,0
helping app,5,2026-07-29 04:43:24 UTC,0
brilliant,5,2026-07-29 04:42:39 UTC,0
it's very bad app and there coustmer support is so bad don't use this,1,2026-07-29 04:42:08 UTC,0
it's exciting,5,2026-07-29 04:41:59 UTC,0
"received unhygenic products , overall details are not mentioned, sometime they delivered expired products. ek dum bakwas",1,2026-07-29 04:41:12 UTC,0
good doorstep delivery by blinkit,5,2026-07-29 04:40:59 UTC,0
Fake offers and high rate from other apps like from zepto,1,2026-07-29 04:40:56 UTC,0
thanks for make this app,5,2026-07-29 04:40:39 UTC,0
Very Nice,5,2026-07-29 04:38:47 UTC,0
good,5,2026-07-29 04:38:45 UTC,0
very Good Service I like it',5,2026-07-29 04:36:59 UTC,0
good,5,2026-07-29 04:36:01 UTC,0
very good,5,2026-07-29 04:35:46 UTC,0
vry good sarvice,5,2026-07-29 04:35:37 UTC,0
perfect,5,2026-07-29 04:33:48 UTC,0
very good,5,2026-07-29 04:33:46 UTC,0
"Worst support , they will just check issue at high level and say Customer is at mistake and not them or their agents. It was very easy for them to say the customer is wrong but not think twice before checking their side. Their support is very limited and all ai which irritates more.",1,2026-07-29 04:33:22 UTC,0
nice,5,2026-07-29 04:33:01 UTC,0
very good service. but return policy is difficult. thanku blinkit,4,2026-07-29 04:32:48 UTC,0
good,3,2026-07-29 04:28:19 UTC,1
good 👍,5,2026-07-29 04:28:02 UTC,0
nice,3,2026-07-29 04:27:04 UTC,1
excellent service,5,2026-07-29 04:27:03 UTC,0
good 👍🏻,5,2026-07-29 04:25:07 UTC,0
nice 👍,5,2026-07-29 04:23:47 UTC,0
👍,4,2026-07-29 04:23:02 UTC,0
please cash on delivery hamesha available rakho,4,2026-07-29 04:22:52 UTC,0
good,4,2026-07-29 04:21:10 UTC,0
superb,5,2026-07-29 04:21:07 UTC,0
good,5,2026-07-29 04:20:58 UTC,0
good,5,2026-07-29 04:20:23 UTC,0
wipe pack is dirty kindly replace,1,2026-07-29 04:19:50 UTC,0
good 👍,5,2026-07-29 04:19:43 UTC,0
gud service,4,2026-07-29 04:19:07 UTC,0
it's helpful and saving aur time so thank you blinkit,5,2026-07-29 04:17:01 UTC,0
every time delivery is late,1,2026-07-29 04:15:45 UTC,0
wow,5,2026-07-29 04:14:57 UTC,0
Good,4,2026-07-29 04:14:48 UTC,0
good,5,2026-07-29 04:14:12 UTC,0
no happy,5,2026-07-29 04:13:59 UTC,0
"only for groceries, don't go for print ,, charged me 400 for 100 pages received only 50",1,2026-07-29 04:13:40 UTC,0
to late delevery,1,2026-07-29 04:12:02 UTC,0
Excellent 👌👍,5,2026-07-29 04:10:09 UTC,0
good app,4,2026-07-29 04:07:32 UTC,0
good,5,2026-07-29 04:07:21 UTC,0
amazing,5,2026-07-29 04:06:27 UTC,0
so nice service,5,2026-07-29 04:06:14 UTC,0
rly good app and service,5,2026-07-29 04:05:57 UTC,0
good service,5,2026-07-29 04:05:48 UTC,0
payment methors,4,2026-07-29 04:04:34 UTC,0
just awesome,5,2026-07-29 04:04:31 UTC,0
nice 👍 app,5,2026-07-29 04:02:42 UTC,0
Always works for me ...good delivery ppl n on time has not disappointed me till now.Thank you to all especially delivery ppl.,5,2026-07-29 03:59:44 UTC,0
not a flawless app Some products have their listed price more than double the MRP...which is then given 50% off and people buy it considering the offer but effectively they pay full price without realising the trick. such items have thousands of false positive reviews & u can't view the real reviews on the product page.one such product Arabian dates by wonderland(MRP 99₹ listed price 185₹ blinkit sells @₹100). many more are also there highly unethical and unprofessional by blinkit.,1,2026-07-29 03:59:32 UTC,0
excellent 🌹,5,2026-07-29 03:57:41 UTC,0
Good Experience,5,2026-07-29 03:55:42 UTC,0
My First Blinkit Order,4,2026-07-29 03:54:57 UTC,0
great 👍,5,2026-07-29 03:54:29 UTC,0
best,5,2026-07-29 03:51:59 UTC,0
one of the best last time apps😉🛴. helped many a times,4,2026-07-29 03:51:55 UTC,0
time Bach jata h and samaan turant aa jata h,5,2026-07-29 03:51:15 UTC,0
too long time,2,2026-07-29 03:50:00 UTC,0
super app🎀💞✨,4,2026-07-29 03:49:53 UTC,0
ఫాస్ట్ డెలివరీ సూపర్ 👍,5,2026-07-29 03:48:59 UTC,0
app which helps me when i am low even printout essentials,5,2026-07-29 03:48:03 UTC,0
Good one. Always helpful,5,2026-07-29 03:47:51 UTC,0
Nice app,4,2026-07-29 03:46:33 UTC,0
Good 👍,5,2026-07-29 03:46:09 UTC,0
delivery servise was good..but my ordered milk was bursted while boiled,3,2026-07-29 03:46:04 UTC,1
nice,5,2026-07-29 03:45:43 UTC,0
"Best instant delivery app, no extra charges ,delivery is within 7 minutes . If you are in hurry and can't go to shop Blinkit is the best option .You can get all products A-Z ,all daily essentials, even you can order phone, TV , PS5!! and they'll deliver within an hour .Best experience with Blinkit so far ,just go for it!",5,2026-07-29 03:45:28 UTC,0
"⭐⭐⭐⭐⭐ I am very satisfied with Blinkit’s service. The delivery was quick, the products were fresh and well-packed, and everything arrived exactly as ordered. The app is easy to use, and the overall experience has been smooth and reliable. Thank you to the Blinkit team for providing such excellent service. Keep up the great work",5,2026-07-29 03:45:17 UTC,0
very good,5,2026-07-29 03:44:36 UTC,0
super,5,2026-07-29 03:44:16 UTC,0
good delivery and fast,5,2026-07-29 03:43:16 UTC,0
good,4,2026-07-29 03:41:50 UTC,0
very useful application. I just love it.,5,2026-07-29 03:41:41 UTC,0
very easy and convenient to order. Fast delivery of good quality products.,5,2026-07-29 03:37:19 UTC,0
"More charges , Like the product cost is low price, But they added most of Handling charges, Bag charges, Delivery charges, It's much more expensive than the product cost ... if we urgently have to go to a nearby store,they will also add the same amount of charges if the distances is 2km and 100metres also they add the same charges why...? I don't know if taking too much I will one product (it's cost is 72 Rs they adding what u know Handling charges(5) Bag (30) Delivery (30) Total=(137)",3,2026-07-29 03:37:05 UTC,1
10 minutes,5,2026-07-29 03:35:29 UTC,0
delevery fast hai lekin add to Cart karne par paise bahut hi jayada badh jata hai,4,2026-07-29 03:34:24 UTC,0
good,5,2026-07-29 03:34:14 UTC,0
very nice,5,2026-07-29 03:33:26 UTC,0
fingers automatically choose Blinkit to order something.....,5,2026-07-29 03:32:49 UTC,0
good,4,2026-07-29 03:32:41 UTC,0
good,5,2026-07-29 03:31:11 UTC,0
good,5,2026-07-29 03:30:44 UTC,0
delivery amount high,1,2026-07-29 03:30:15 UTC,0
good👍👍👍,5,2026-07-29 03:29:59 UTC,0
nice,5,2026-07-29 03:29:28 UTC,0
very good service,5,2026-07-29 03:26:42 UTC,0
very nice app,5,2026-07-29 03:26:34 UTC,0
excellent delivery very fast and product so good,5,2026-07-29 03:26:30 UTC,0
good,5,2026-07-29 03:26:28 UTC,0
good 👍,5,2026-07-29 03:25:48 UTC,0
nice market,4,2026-07-29 03:24:01 UTC,0
awesome service,5,2026-07-29 03:23:14 UTC,0
so fast,5,2026-07-29 03:19:09 UTC,0
good,5,2026-07-29 03:19:06 UTC,0
app is not good,1,2026-07-29 03:18:59 UTC,0
Good for everyone,5,2026-07-29 03:18:40 UTC,0
😊 good and very fast,5,2026-07-29 03:18:13 UTC,0
very good,5,2026-07-29 03:17:49 UTC,0
fast delivery 🤑🤑🤑🤑🤑🤑🤑🤑🤑🤑🤑🤑🤑🤑🤑🤑🤑🤑🤑🤑🤑🤑🤑🤑🤑🤑🤑🤑🤑,5,2026-07-29 03:16:31 UTC,0
good 👍 service,3,2026-07-29 03:15:50 UTC,1
👍,1,2026-07-29 03:14:47 UTC,0
sometimes payment get cancelled and refund is not there,3,2026-07-29 03:14:28 UTC,0
best aap,5,2026-07-29 03:13:55 UTC,0
👍 Best,5,2026-07-29 03:13:53 UTC,0
very nice 👍,5,2026-07-29 03:12:54 UTC,0
good experience,5,2026-07-29 03:12:36 UTC,0
thank you so much discount,5,2026-07-29 03:11:55 UTC,0
good,5,2026-07-29 03:11:42 UTC,0
very happy and fast delivery,3,2026-07-29 03:10:48 UTC,1
very very good delivery,5,2026-07-29 03:03:57 UTC,0
price should be reduced for all items,4,2026-07-29 03:02:15 UTC,0
very good service and fast delivery,5,2026-07-29 03:01:16 UTC,0
Good 🤩,5,2026-07-29 03:01:06 UTC,0
superb experience,5,2026-07-29 02:59:30 UTC,0
"best service,fast service 👍",5,2026-07-29 02:58:11 UTC,0
excellent app 👌,5,2026-07-29 02:57:40 UTC,0
I appreciate Blinkit's free Ambulance service for the masses. Hence I have shifted all my purchases to Blinkit. That is how I feel I am contributing to the noble cause. Vijay Sthalekar,5,2026-07-29 02:57:37 UTC,0
slow service,1,2026-07-29 02:56:38 UTC,0
good,5,2026-07-29 02:56:18 UTC,0
good,4,2026-07-29 02:55:15 UTC,0
"The option to edit an existing address is no more available, looks like a bug",1,2026-07-29 02:54:05 UTC,0
very good delivery app,5,2026-07-29 02:53:35 UTC,0
good,4,2026-07-29 02:51:58 UTC,0
very good,5,2026-07-29 02:51:14 UTC,0
this app is amazing as it works when you don't have time to go out and buy stuff you need..,5,2026-07-29 02:50:44 UTC,0
nice,4,2026-07-29 02:50:11 UTC,0
ok,4,2026-07-29 02:49:25 UTC,0
fabulous 👌,5,2026-07-29 02:46:27 UTC,0
good work,4,2026-07-29 02:45:49 UTC,0
good,5,2026-07-29 02:44:58 UTC,0
"bad service, worst delivery partner",1,2026-07-29 02:42:07 UTC,0
Making lives easier ... love Blinkit,5,2026-07-29 02:41:13 UTC,0
ok,1,2026-07-29 02:39:00 UTC,0
excellent service,4,2026-07-29 02:37:35 UTC,0
good 👍,5,2026-07-29 02:36:03 UTC,0
good,5,2026-07-29 02:33:18 UTC,0
good to use,5,2026-07-29 02:26:52 UTC,0
"Misleading, There's no window where I can speak about product malfunction.... seriously even after paying over price there's no service",1,2026-07-29 02:26:22 UTC,0
good,5,2026-07-29 02:25:15 UTC,0
👍,4,2026-07-29 02:25:08 UTC,0
good,5,2026-07-29 02:23:31 UTC,0
bad resolution to simple problems. hate customer experience with them,1,2026-07-29 02:22:07 UTC,0
fast service,5,2026-07-29 02:22:01 UTC,0
Good,5,2026-07-29 02:20:41 UTC,0
Delivery in time.,5,2026-07-29 02:20:16 UTC,0
superb,5,2026-07-29 02:19:34 UTC,0
excellent service,5,2026-07-29 02:17:56 UTC,0
good,5,2026-07-29 02:17:37 UTC,0
good,5,2026-07-29 02:14:37 UTC,0
best,5,2026-07-29 02:12:30 UTC,0
late delevery without any reason,1,2026-07-29 02:12:21 UTC,0
Good,2,2026-07-29 02:10:41 UTC,0
good services,5,2026-07-29 02:09:57 UTC,0
good,5,2026-07-29 02:08:59 UTC,0
this app is not so as they show ...,2,2026-07-29 02:08:47 UTC,0
gud,4,2026-07-29 02:06:32 UTC,0
good service,5,2026-07-29 02:05:43 UTC,0
very bad system and delivery,1,2026-07-29 02:05:12 UTC,0
"Nice job, 👍👍",5,2026-07-29 02:04:10 UTC,0
Very good and well organised app. But should include more offers for regular buyers.,5,2026-07-29 02:01:22 UTC,0
Excellent Service and very economical prices,5,2026-07-29 02:01:16 UTC,0
nice,5,2026-07-29 01:59:18 UTC,0
❣️,5,2026-07-29 01:58:09 UTC,0
so bad wrong products recived 👎🏻,1,2026-07-29 01:58:03 UTC,0
good,5,2026-07-29 01:56:49 UTC,0
amazing,5,2026-07-29 01:56:11 UTC,0
you give More expensive items and also do not give the tip added by the consumer for Gig workers. It is shameful.,1,2026-07-29 01:54:39 UTC,0
keep it up 👍,5,2026-07-29 01:54:37 UTC,0
good,5,2026-07-29 01:54:22 UTC,0
good,5,2026-07-29 01:50:43 UTC,0
Good App Good service,5,2026-07-29 01:50:32 UTC,0
I should receive fast,4,2026-07-29 01:42:13 UTC,1
நன்றாக உள்ளது,5,2026-07-29 01:41:18 UTC,0
good and fast services,4,2026-07-29 01:40:37 UTC,0
good,5,2026-07-29 01:40:04 UTC,0
stupid cx service sending an email @your support is not helpful,1,2026-07-29 01:36:27 UTC,0
very good but delivery charge bhot hai ise accha flipkart minutes hai,5,2026-07-29 01:34:29 UTC,0
very nice 👍,5,2026-07-29 01:34:23 UTC,0
good delivery and it the comes under 5 min,4,2026-07-29 01:31:51 UTC,0
is very nice 👍👍👍👍,5,2026-07-29 01:24:12 UTC,0
very efficient,5,2026-07-29 01:22:31 UTC,0
charging extra 5 rs.. and delivery is always late...,1,2026-07-29 01:21:01 UTC,0
on time delivery,5,2026-07-29 01:16:30 UTC,0
good,5,2026-07-29 01:10:15 UTC,0
good,5,2026-07-29 01:02:01 UTC,0
blinkit not provided door step delivery and delivery person not talk to manors,2,2026-07-29 00:45:34 UTC,0
achi service h,5,2026-07-29 00:43:07 UTC,0
Excellent service always,5,2026-07-29 00:37:37 UTC,0
good,5,2026-07-29 00:33:09 UTC,0
good delivery,5,2026-07-29 00:32:08 UTC,0
baby 🍼,5,2026-07-29 00:24:45 UTC,1
good 👍🏽😊,5,2026-07-28 23:06:28 UTC,0
good 👍,5,2026-07-28 22:17:47 UTC,0
lovely at 3.15am service,5,2026-07-28 21:59:32 UTC,0
nice,3,2026-07-28 21:23:30 UTC,1
good,5,2026-07-28 21:20:46 UTC,0
good job,5,2026-07-28 21:06:08 UTC,0
good,5,2026-07-28 21:00:23 UTC,0
so poor service,1,2026-07-28 20:57:12 UTC,0
nice 👍,5,2026-07-28 20:44:20 UTC,0
not good app,1,2026-07-28 20:41:43 UTC,0
exceptional,5,2026-07-28 20:37:30 UTC,0
Except for the late night fee and handling fee everything is best. They too want some profits so it's totally fine ❤️🥰,5,2026-07-28 20:30:53 UTC,0
super good,5,2026-07-28 20:25:29 UTC,0
very good 👍😊😊😊👍👍👍,5,2026-07-28 20:23:44 UTC,0
best service 🐕‍🦺,5,2026-07-28 20:18:37 UTC,0
very good and great,5,2026-07-28 20:18:27 UTC,0
good service,5,2026-07-28 20:10:08 UTC,0
worst experience no help,1,2026-07-28 20:06:32 UTC,0
beste,3,2026-07-28 20:06:21 UTC,1
"A big platform like Blinket but our experience here has been very bad every time. Whenever we order any of our personal items, we always find that it is opened, broken or already used and this is not our first experience. We have received many such orders before this also. Why do the store owners do this, it is a matter of great shame. make sure personal things hamesha personal hi Rahe 😡👎🏻 every time worst experience",1,2026-07-28 20:05:51 UTC,0
👍 nice,5,2026-07-28 20:04:14 UTC,0
the best appp,5,2026-07-28 19:59:23 UTC,0
"wowww app , I am really love blinkit fast and safe application ever 😍",5,2026-07-28 19:58:12 UTC,0
very good customer care service,5,2026-07-28 19:55:18 UTC,0
gst and delivery charges are high,1,2026-07-28 19:51:11 UTC,0
Good,5,2026-07-28 19:44:19 UTC,0
very good service 😃😃 very good customer care 👍🏻,5,2026-07-28 19:41:58 UTC,0
good service,5,2026-07-28 19:30:42 UTC,0
literally the delevery was expecting the time in if fAst as,5,2026-07-28 19:28:10 UTC,0
super,5,2026-07-28 19:27:10 UTC,0
good,5,2026-07-28 19:22:13 UTC,0
accha,5,2026-07-28 19:21:31 UTC,0
My particular experience with ordering ice creams from blinkit has always been bad whenever I order ice cream cones from flipkart they are always chewy and never crunchy. I don't know what is the exact issue with the dark stores or storage facilities or maybe the stock is old I don't know.,1,2026-07-28 19:21:14 UTC,0
what is problem why you don't let the app open if I don't let the background wifi scanning. disabling it the app doesn't work. What kind of cache is this.,1,2026-07-28 19:19:10 UTC,0
Okay,2,2026-07-28 19:17:31 UTC,0
"just the worst experience first you show me that the store is open, only to tell me later that my order has been cancelled after having me waiting for 45 minutes that too multiple occasions then assisting agent also like can't do anything at least have some accountability",1,2026-07-28 19:17:18 UTC,0
good one,5,2026-07-28 19:16:02 UTC,0
fast sarvice,4,2026-07-28 19:08:39 UTC,0
very fast service,5,2026-07-28 19:08:26 UTC,0
emergency tha isliye right book kara per Kisi Ne accept nahin kara yahan taki Maine ismein rs 100 bhi dene ke liye taiyar tha fir bhi right accept nahin 😡,1,2026-07-28 19:08:17 UTC,0
good,5,2026-07-28 19:01:55 UTC,0
good 👍,5,2026-07-28 18:57:01 UTC,0
High Price and Unprofessional delivery boy,1,2026-07-28 18:46:19 UTC,0
superb service,5,2026-07-28 18:42:42 UTC,0
his says dilivery charge as free but his chargeble on 35 rs in 1km . its very bad,1,2026-07-28 18:40:07 UTC,0
not good,1,2026-07-28 18:33:22 UTC,0
worst app slow and delivery is pathetic,1,2026-07-28 18:32:51 UTC,0
Great option to purchasing groceries and other items smartly.,5,2026-07-28 18:32:51 UTC,0
it is the best app on play store,5,2026-07-28 18:30:18 UTC,0
late assign rider,1,2026-07-28 18:28:16 UTC,0
"bad experiance for Return ,& refund, they all are illetrate & without common scence person, they follosh team came for return of amul taza opened boiled fata hua doodh ...without any carry bag",1,2026-07-28 18:28:11 UTC,0
Awful experience with blink it these days.,1,2026-07-28 18:26:19 UTC,0
superb,5,2026-07-28 18:22:32 UTC,0
delivery partner app glithc,1,2026-07-28 18:20:38 UTC,0
blinkit is a Good app for Shopping at home it for easy on order 🙂 and thanks to blinkit team partner's.,5,2026-07-28 18:20:11 UTC,0
good,5,2026-07-28 18:19:00 UTC,0
gud,4,2026-07-28 18:15:09 UTC,0
Iam very Thankful for late night delivery and your partners are polite and respectful and please keep it very well,5,2026-07-28 18:15:03 UTC,0
good service 👍🏻,5,2026-07-28 18:14:55 UTC,0
ok ok hai time se aa jate hai,5,2026-07-28 18:12:40 UTC,0
"Fast, safe delivery service initiated in DHULE CITY, MAHARASHTRA, welcome Blinkit.",5,2026-07-28 18:12:17 UTC,0
this aap is so use full,5,2026-07-28 18:05:57 UTC,0
good,5,2026-07-28 18:05:13 UTC,0
👍,5,2026-07-28 18:04:57 UTC,0
Thankful Service..,5,2026-07-28 18:03:54 UTC,0
nice👌❤️ delivery,5,2026-07-28 18:03:28 UTC,0
gud work form your Rider's,5,2026-07-28 18:03:20 UTC,0
nice🤩,5,2026-07-28 18:03:19 UTC,0
nice 🙂,5,2026-07-28 18:01:17 UTC,0
Add cancel option,2,2026-07-28 17:59:44 UTC,0
Blinkit - waqt bewaqt sabka sahara😀,5,2026-07-28 17:58:32 UTC,0
Nice,4,2026-07-28 17:56:47 UTC,0
best,5,2026-07-28 17:56:16 UTC,0
good,3,2026-07-28 17:53:56 UTC,1
very nice,5,2026-07-28 17:51:28 UTC,0
very annoying,2,2026-07-28 17:48:37 UTC,0
wow ante wow,5,2026-07-28 17:44:36 UTC,0
outstanding 😍,5,2026-07-28 17:44:00 UTC,0
Groceries delivered at your door step with discounted price.,5,2026-07-28 17:43:51 UTC,0
too many additional charges,1,2026-07-28 17:42:23 UTC,0
excellent good person fast delivery good behaviour delivery partner freese vegetable and fruit affordable,5,2026-07-28 17:40:50 UTC,0
Nice,5,2026-07-28 17:40:38 UTC,0
worst app ever,1,2026-07-28 17:39:32 UTC,0
good,5,2026-07-28 17:39:29 UTC,0
Great Service,5,2026-07-28 17:38:27 UTC,0
veri confusing address,4,2026-07-28 17:37:45 UTC,0
unprofessional delivery guys hired and they loot extra money from clients. Pathetic experience with delivery guys,1,2026-07-28 17:34:59 UTC,0
good,5,2026-07-28 17:34:05 UTC,0
"This app is awesome and nice 👍🏻👍🏻 app service is good the app is unbelievable and good service is fast, reliable and awesome i am really so happy 😀😀",5,2026-07-28 17:33:58 UTC,0
best sarvice,5,2026-07-28 17:33:40 UTC,0
superb experience,5,2026-07-28 17:33:24 UTC,0
excellent service,5,2026-07-28 17:32:51 UTC,0
good service,5,2026-07-28 17:32:16 UTC,0
super,5,2026-07-28 17:31:49 UTC,0
experience 👏,1,2026-07-28 17:31:37 UTC,0
helpfull,4,2026-07-28 17:31:32 UTC,0
where is my order after payment,1,2026-07-28 17:31:16 UTC,0
awesome#very FAST DELIVERY 🚚,5,2026-07-28 17:29:43 UTC,0
great 👍,5,2026-07-28 17:29:38 UTC,0
very good 👍,5,2026-07-28 17:27:36 UTC,0
Good service,5,2026-07-28 17:27:19 UTC,0
I want to cancel my order,1,2026-07-28 17:26:37 UTC,0
superb service Sira ya,5,2026-07-28 17:26:09 UTC,0
offer not available any time,2,2026-07-28 17:25:11 UTC,0
delivery partner not received my order,1,2026-07-28 17:24:42 UTC,0
good job,5,2026-07-28 17:24:33 UTC,0
So honestly this app is very good and this app helps us a lot in our daily life...,4,2026-07-28 17:23:38 UTC,0
"very good service, Problem resolves quickly, newly added Dr call for prescription also helpful.",5,2026-07-28 17:23:18 UTC,0
Nice service experience,5,2026-07-28 17:22:29 UTC,0
very promt,5,2026-07-28 17:22:18 UTC,0
good,5,2026-07-28 17:21:15 UTC,0
nice 🙂🙂,5,2026-07-28 17:20:45 UTC,0
Good,4,2026-07-28 17:19:28 UTC,0
to good 👍,5,2026-07-28 17:19:16 UTC,0
best hehe,5,2026-07-28 17:18:35 UTC,0
fantastic,4,2026-07-28 17:18:13 UTC,0
Hi I am facing issues in using blinkit I have reinstalled also. the search tab is not working and even it is not showing my login name and other details,3,2026-07-28 17:17:54 UTC,1
it's very easy to order,5,2026-07-28 17:14:24 UTC,0
good,5,2026-07-28 17:13:08 UTC,0
good,5,2026-07-28 17:11:58 UTC,0
good 👍,5,2026-07-28 17:10:47 UTC,0
Bad customer service. Spillage and packaging issues occuring more often after the app has become popular. Dirty products also delivered from warehouses.,1,2026-07-28 17:09:46 UTC,0
d good 👍🏻👍🏻👍🏻,5,2026-07-28 17:09:05 UTC,0
very good,5,2026-07-28 17:08:06 UTC,0
good,5,2026-07-28 17:07:04 UTC,0
very good,5,2026-07-28 17:07:01 UTC,0
good,5,2026-07-28 17:07:00 UTC,0
excellent services,5,2026-07-28 17:06:54 UTC,0
good,5,2026-07-28 17:06:16 UTC,0
delivery time ♥️,5,2026-07-28 17:06:14 UTC,0
thank u,5,2026-07-28 17:05:48 UTC,0
nice app,5,2026-07-28 17:04:58 UTC,0
absolutely sensational!,5,2026-07-28 17:03:16 UTC,0
nice👍👍👍,5,2026-07-28 17:02:18 UTC,0
it's a so usefull app but order charge is too much if you buy your groceries so many that it's so usefull.,5,2026-07-28 17:02:17 UTC,0
"Hello Blinkit Team, I am a resident of Bezera, Kamrup, Assam (PIN: 781121), near Bezera–Balikuchi Road. Many people in our area would like to use Blinkit, but the service is not available here. Please consider expanding Blinkit to Bezera (781121). We would really appreciate having quick grocery and daily essentials delivery in our area. Thank you for your consideration.",1,2026-07-28 17:01:06 UTC,0
op amzing,5,2026-07-28 17:01:03 UTC,0
good,5,2026-07-28 17:00:41 UTC,0
❤️👍,4,2026-07-28 16:58:33 UTC,0
delivery on time,5,2026-07-28 16:58:09 UTC,0
best,5,2026-07-28 16:57:53 UTC,0
"worst constumer service ,they srwed my first order and never gonna order again",1,2026-07-28 16:57:39 UTC,0
Best app,5,2026-07-28 16:57:19 UTC,0
good app,4,2026-07-28 16:56:46 UTC,0
good but give a cash back 200,5,2026-07-28 16:54:54 UTC,0
received wrong item,1,2026-07-28 16:54:49 UTC,0
nice,5,2026-07-28 16:53:05 UTC,0
absolutely an amazing aap for people like us who always think at the last moment.,5,2026-07-28 16:52:18 UTC,0
achi service h,5,2026-07-28 16:51:25 UTC,0
nice 👍,5,2026-07-28 16:50:52 UTC,0
cut twice my money unable to contact customer care .,1,2026-07-28 16:48:24 UTC,0
the delivery person doesn't deliver at desired address,1,2026-07-28 16:47:39 UTC,0
excellent service,5,2026-07-28 16:47:26 UTC,0
nice,5,2026-07-28 16:46:04 UTC,0
good,3,2026-07-28 16:45:54 UTC,1
"delivery is fast and delivery guys are also very respectful in my town,but please increase the products list and variety. still Many day to day use products are missing in your list. my hometown is Ichalkaranji",4,2026-07-28 16:45:50 UTC,0
👍,5,2026-07-28 16:44:17 UTC,0
best,5,2026-07-28 16:43:47 UTC,0
good 👍,4,2026-07-28 16:42:49 UTC,0
good,5,2026-07-28 16:42:22 UTC,0
good service,4,2026-07-28 16:42:15 UTC,0
got scamed 2 times,2,2026-07-28 16:41:19 UTC,0
good,5,2026-07-28 16:39:57 UTC,0
Akshay Kumar good ji very good 💯,5,2026-07-28 16:38:55 UTC,0
good,5,2026-07-28 16:38:52 UTC,1
Good,5,2026-07-28 16:38:28 UTC,0
good,5,2026-07-28 16:38:05 UTC,0
very nice app for instant delivery system more than instamart or zepto,5,2026-07-28 16:36:07 UTC,0
good,5,2026-07-28 16:35:14 UTC,0
ok good,4,2026-07-28 16:34:58 UTC,0
"so far i.e. upto placing order and making what I can say is it's not just customer satisfaction, it's customer ecstasy.",5,2026-07-28 16:34:50 UTC,0
I frequently use this to get instant missing items. super,5,2026-07-28 16:34:15 UTC,0
this app is very good app for get item,5,2026-07-28 16:33:01 UTC,0
ok,3,2026-07-28 16:32:20 UTC,1
good,4,2026-07-28 16:31:12 UTC,0
good,5,2026-07-28 16:28:16 UTC,0
pahle istemal karo FIR Vishwas karo,3,2026-07-28 16:24:08 UTC,1
good,5,2026-07-28 16:24:04 UTC,0
Blink it provides wrong time to get the delivery. it showed 15 minutes after 15 minutes they show 12 minutes. why can't you show the actual time. it may be urgency for someone he will choose need to order from you or not.,1,2026-07-28 16:23:27 UTC,0
blinkit delivery partners are arguing with the customer and they are very rude with the customers and their worst ever I have seen because the scene on the social media page also or any trusted online website but the blinked delivery partner is the worst I have ever seen because of the delivery partner the blanket has getting the baddest review ever from my side,1,2026-07-28 16:22:03 UTC,0
Quick n Easy,5,2026-07-28 16:19:07 UTC,0
nice performance,5,2026-07-28 16:19:04 UTC,0
very good,4,2026-07-28 16:18:21 UTC,0
good 🥰🤌🏼🎀,5,2026-07-28 16:17:48 UTC,0
They add products to cart that we don't want and deny return. If you are using the app very careful before placing an order.,1,2026-07-28 16:16:04 UTC,0
very good,5,2026-07-28 16:15:50 UTC,0
good service,5,2026-07-28 16:15:30 UTC,0
"best app we love it ,",5,2026-07-28 16:15:16 UTC,0
Deliver everything in time 👍,5,2026-07-28 16:14:01 UTC,0
good service,5,2026-07-28 16:13:13 UTC,0
Nice sarvice,5,2026-07-28 16:11:43 UTC,0
great,1,2026-07-28 16:11:38 UTC,0
I have ordered grapes 🍇 400 grms . but I received only 178 grms,1,2026-07-28 16:10:47 UTC,0
very good sarvice,5,2026-07-28 16:10:15 UTC,0
it is used full app I give 5 star rate,5,2026-07-28 16:09:50 UTC,0
👍🏼,5,2026-07-28 16:09:32 UTC,0
I love this app,4,2026-07-28 16:08:59 UTC,0
coming things very late 😔 and getting wrong product i ordered maggi of pack 6 but I got only one of the pack of 6 and one is pack of 4 even there is no option for cancellation worst experience with blinkit,1,2026-07-28 16:08:23 UTC,0
good,5,2026-07-28 16:08:03 UTC,0
very fast and easy way to order,5,2026-07-28 16:07:57 UTC,0
best,4,2026-07-28 16:07:26 UTC,0
varey good,5,2026-07-28 16:07:18 UTC,0
it's right time to deliver,5,2026-07-28 16:06:00 UTC,0
nice,5,2026-07-28 16:05:57 UTC,0
"Your efficient service, good product & quick delivery service, I am satisfied & I expect the same service in the near future",5,2026-07-28 16:05:02 UTC,0
good,4,2026-07-28 16:04:27 UTC,0
best,5,2026-07-28 16:04:26 UTC,0
best app and always timely delivery,5,2026-07-28 16:03:39 UTC,0
good,5,2026-07-28 16:03:17 UTC,0
It was very much nice and easy to accommodate with and fast service. I use it every day and never been a time to regret it . nice service.,5,2026-07-28 16:02:29 UTC,0
good service,5,2026-07-28 16:02:27 UTC,0
whenever I order always one thing is missing and every time they make excuses 😕,1,2026-07-28 16:01:41 UTC,0
worst service,1,2026-07-28 16:01:27 UTC,0
love this app,5,2026-07-28 16:00:31 UTC,0
very very good 👍😊 delivery boys are also good,5,2026-07-28 16:00:22 UTC,0
great,5,2026-07-28 15:59:51 UTC,0
very nice blinkit making customer Happy,3,2026-07-28 15:59:50 UTC,1
good service but charges too high for lowest price product,5,2026-07-28 15:59:46 UTC,0
good 😊,4,2026-07-28 15:59:38 UTC,0
lt is to good app,5,2026-07-28 15:58:47 UTC,0
ok,5,2026-07-28 15:57:35 UTC,0
good,2,2026-07-28 15:57:02 UTC,0
great 👍👍👍👍 👍 👍 👍 👍,5,2026-07-28 15:54:35 UTC,0
best in industry,5,2026-07-28 15:53:57 UTC,0
good,5,2026-07-28 15:53:49 UTC,0
very nice,5,2026-07-28 15:53:23 UTC,0
worst,1,2026-07-28 15:53:15 UTC,0
the people who work in this company was very good,5,2026-07-28 15:52:02 UTC,0
thank you for delivery in 10 minutes 🙏,5,2026-07-28 15:47:16 UTC,0
👍,5,2026-07-28 15:45:46 UTC,0
Good,5,2026-07-28 15:45:44 UTC,0
Real one,5,2026-07-28 15:44:20 UTC,0
prompt services,4,2026-07-28 15:44:12 UTC,0
coupons are not that good,3,2026-07-28 15:43:42 UTC,1
"Review Toh dena chaunga lekin usse pehle Mein ye bolna, chaunga, ki itni raat ko aagar Koi order, karte Hain Toh. Please ladkiyon se delivery Mat karvaya karijiye, larkiyon, se delivery karwana achha nahin lagata itni. Raat ko ladke log bhej dijiya kariye, wo Koi dikkat, nahin, hai, samaj kesa h ap samjh skte ho .",4,2026-07-28 15:42:52 UTC,0
already my oder upi payment refund pending,4,2026-07-28 15:42:38 UTC,0
Very helpful,5,2026-07-28 15:42:34 UTC,0
such a pathetic service #blinkit provide. you support only knows to copy paste. I don't know if there is any human sitting to resolve the issue. i think for such a small issue i need to write up to NCH.,1,2026-07-28 15:42:13 UTC,0
best,5,2026-07-28 15:42:10 UTC,0
good experience 🫠👌,5,2026-07-28 15:40:56 UTC,0
Maggie acchi deta hai,5,2026-07-28 15:40:36 UTC,0
"order water melon 🍈 got very bad quality, request you all not to order any food product there are just delivery lowest quality food product it's health concern issue and there is No one to listen very bad , also can Share picture and blinkit invoice.",1,2026-07-28 15:40:21 UTC,0
I like it and it is very helpful,5,2026-07-28 15:39:30 UTC,0
fast delivery,5,2026-07-28 15:38:36 UTC,0
great and fast delivery of your daily needs,5,2026-07-28 15:38:11 UTC,0
it was very good 😊,5,2026-07-28 15:37:28 UTC,0
Bad Delivery I oeder Hot water pillow but charger not given,1,2026-07-28 15:36:14 UTC,0
good service,5,2026-07-28 15:35:29 UTC,0
Good option for shopping,5,2026-07-28 15:34:04 UTC,0
good,5,2026-07-28 15:34:01 UTC,0
good,5,2026-07-28 15:33:52 UTC,0
good,5,2026-07-28 15:33:34 UTC,0
bhout accha hai service sunder hai,5,2026-07-28 15:33:17 UTC,0
good,5,2026-07-28 15:33:16 UTC,0
waiting for delivery,5,2026-07-28 15:32:40 UTC,0
They will not provide the free items which they displayed. after delivery they will tell that the store manager refused to take free item and also he said please raise ticket you wilm get refund. while seeking need a help from app simply chatted for 1 hours with out any solutions. They simple write the mesage i apologize for the same.,1,2026-07-28 15:32:05 UTC,0
nice aap of blinkit,5,2026-07-28 15:31:50 UTC,0
great app,5,2026-07-28 15:29:23 UTC,0
very good,5,2026-07-28 15:29:00 UTC,0
Best service,5,2026-07-28 15:28:57 UTC,0
good job,5,2026-07-28 15:28:24 UTC,0
I like the fact that they care about privacy enough to delete the files after ordering ... responsible and good 🙂✨🙌,4,2026-07-28 15:28:20 UTC,0
very good,5,2026-07-28 15:27:43 UTC,0
good,5,2026-07-28 15:27:35 UTC,0
awsam,3,2026-07-28 15:27:16 UTC,1
great,5,2026-07-28 15:27:04 UTC,0
good 👍,5,2026-07-28 15:26:42 UTC,0
It is a really good app but I am not satisfied because in most of areas they are not able to provide services which makes it really hard because of this I am forced to order the delivery in a different location then pick it from there which makes the app useless. I hope they expand their services.,1,2026-07-28 15:26:05 UTC,0
good 👍🏻,5,2026-07-28 15:25:45 UTC,0
"everything is good but the charges are unnecessary delivery charges, handling charges, or pta ni kya kya",2,2026-07-28 15:25:32 UTC,0
nice,5,2026-07-28 15:24:52 UTC,0
extra charge add and price to much high other app,1,2026-07-28 15:24:33 UTC,0
it's lagging. can't even call the delivery person. It's new in our area. Still it's not fair to give such service.,1,2026-07-28 15:24:22 UTC,0
super service 👌 👏,5,2026-07-28 15:24:04 UTC,0
very nice service,5,2026-07-28 15:23:56 UTC,0
super,3,2026-07-28 15:23:40 UTC,1
nice 👍🏻,3,2026-07-28 15:22:36 UTC,1
"best app for fast deliveries and is rapidly expanding in many cities , only 1-2 times it has got problems , otherwise it is good",5,2026-07-28 15:21:13 UTC,0
I love you blanket ❤️ this is popular,4,2026-07-28 15:20:40 UTC,0
no offers,1,2026-07-28 15:20:16 UTC,1
worst app and worst service,1,2026-07-28 15:19:56 UTC,0
good service,5,2026-07-28 15:19:01 UTC,0
good rides,5,2026-07-28 15:18:31 UTC,0
"Only one stock available was showing for a birthday gift, i ordered because i wanted to present it to someone on their birthday. but the packing box was old and the product was broken. is this a kind of service i should rate? Seems u people are shameless to pack a broken product",1,2026-07-28 15:18:02 UTC,0
noise app,5,2026-07-28 15:17:43 UTC,0
theek hai,4,2026-07-28 15:16:15 UTC,0
nice,5,2026-07-28 15:15:38 UTC,0
Good service 👍,4,2026-07-28 15:14:51 UTC,0
great app thank you blinkit,5,2026-07-28 15:13:51 UTC,0
good service,5,2026-07-28 15:12:38 UTC,0
Maybe Blinkit Needs To Sponsor me will take less than 3000 and even sponsor them in a video and a short,5,2026-07-28 15:12:26 UTC,0
useful to home work,5,2026-07-28 15:11:52 UTC,0
👍 good service,5,2026-07-28 15:09:48 UTC,0
good 👍,4,2026-07-28 15:09:15 UTC,0
good,2,2026-07-28 15:09:12 UTC,0
good,5,2026-07-28 15:08:37 UTC,0
delivery too fast,5,2026-07-28 15:05:50 UTC,0
good work and beheavier very nice 👍,5,2026-07-28 15:04:19 UTC,0
very nice and good app,5,2026-07-28 15:03:50 UTC,0
shows delivered in 15 minutes from past 20 minutes,1,2026-07-28 15:03:00 UTC,0
Nice,5,2026-07-28 15:02:53 UTC,0
good,5,2026-07-28 15:00:23 UTC,0
nice,5,2026-07-28 14:59:58 UTC,0
return is very difficult,1,2026-07-28 14:59:51 UTC,0
nice performance,5,2026-07-28 14:58:42 UTC,0
good 👍,5,2026-07-28 14:57:45 UTC,0
nice,5,2026-07-28 14:57:20 UTC,0
nice service,5,2026-07-28 14:56:58 UTC,0
nice 👍👍,5,2026-07-28 14:56:13 UTC,0
very good,5,2026-07-28 14:55:48 UTC,0
very fast service..👍,5,2026-07-28 14:55:46 UTC,0
best app,5,2026-07-28 14:54:56 UTC,0
good,4,2026-07-28 14:53:52 UTC,0
good,5,2026-07-28 14:52:59 UTC,0
so grateful,5,2026-07-28 14:52:20 UTC,0
good,5,2026-07-28 14:51:06 UTC,0
very poor paking and delay service,1,2026-07-28 14:50:16 UTC,0
good app for home products,5,2026-07-28 14:48:47 UTC,0
good,5,2026-07-28 14:48:44 UTC,0
Very useful 👌,5,2026-07-28 14:48:26 UTC,0
Mera problm koi sun hi nhi rha h koi customer care number hi nhi h khan apne problm ko btaye,1,2026-07-28 14:48:06 UTC,0
do work very smoothly,5,2026-07-28 14:47:36 UTC,0
nice application &good deliver boy 😀,5,2026-07-28 14:47:35 UTC,0
it's my first order so I am waiting My order,2,2026-07-28 14:47:20 UTC,0
nice,5,2026-07-28 14:46:48 UTC,0
nice,5,2026-07-28 14:46:21 UTC,0
ok,5,2026-07-28 14:45:38 UTC,0
Great 👍🏻,5,2026-07-28 14:45:27 UTC,0
good,5,2026-07-28 14:45:21 UTC,0
super,5,2026-07-28 14:45:10 UTC,0
not bad,1,2026-07-28 14:45:04 UTC,0
very nice app,5,2026-07-28 14:44:28 UTC,0
ok,5,2026-07-28 14:43:59 UTC,0
nice,5,2026-07-28 14:43:58 UTC,0
I really like it. I will recommend this for everything 👌,5,2026-07-28 14:43:46 UTC,0
Very Unique Offers And Way Of Presention..🫂🐒,5,2026-07-28 14:42:31 UTC,0
superb,5,2026-07-28 14:41:54 UTC,0
always good Working,5,2026-07-28 14:40:45 UTC,0
good,4,2026-07-28 14:40:01 UTC,0
this is good and very helpfulful app for sudden need.... thank you,5,2026-07-28 14:38:11 UTC,0
"very bad, not for poor people",1,2026-07-28 14:37:47 UTC,0
wow,4,2026-07-28 14:37:41 UTC,0
prize was so high,1,2026-07-28 14:37:16 UTC,0
Great,4,2026-07-28 14:36:39 UTC,0
👍,5,2026-07-28 14:35:22 UTC,0
nice 👍,5,2026-07-28 14:34:25 UTC,0
good but in my grandfather's account they Blacklisted because I cancelled my order cause I was not Willing to take the free items,5,2026-07-28 14:34:23 UTC,0
good service,5,2026-07-28 14:32:59 UTC,0
cery good,5,2026-07-28 14:32:30 UTC,0
lovely that app,5,2026-07-28 14:30:05 UTC,0
nice job,4,2026-07-28 14:28:58 UTC,0
Please make Cash On Delivery Available,4,2026-07-28 14:27:05 UTC,0
good,5,2026-07-28 14:26:52 UTC,0
prices are too high,1,2026-07-28 14:26:40 UTC,0
Best Delivery app,5,2026-07-28 14:25:21 UTC,0
good,5,2026-07-28 14:25:00 UTC,0
ok,1,2026-07-28 14:24:22 UTC,0
good,3,2026-07-28 14:23:49 UTC,1
good service,5,2026-07-28 14:23:35 UTC,0
good,5,2026-07-28 14:23:31 UTC,0
best grocery shopping app. their delivery service is soo god.😍😍😍🩷,5,2026-07-28 14:23:19 UTC,0
excellent 👌👍,5,2026-07-28 14:22:27 UTC,0
good 👍,5,2026-07-28 14:21:56 UTC,0
good experience and 👍🙂,4,2026-07-28 14:21:52 UTC,0
good,5,2026-07-28 14:21:52 UTC,0
good,1,2026-07-28 14:21:03 UTC,0
good,5,2026-07-28 14:20:50 UTC,0
Too Good,5,2026-07-28 14:20:05 UTC,0
Good To See Blinkit In Dhule,5,2026-07-28 14:20:01 UTC,0
vare nice 👌,5,2026-07-28 14:19:35 UTC,0
superb,4,2026-07-28 14:18:41 UTC,0
best,5,2026-07-28 14:15:14 UTC,0
worst app I'll never seen they are sending fake product and damaged products and also not responding to customers and also didn't give refund to customers,1,2026-07-28 14:15:13 UTC,0
good,5,2026-07-28 14:14:58 UTC,0
good experience 🙂,5,2026-07-28 14:14:44 UTC,0
excellent work,5,2026-07-28 14:14:14 UTC,0
very nice ap,4,2026-07-28 14:13:44 UTC,0
very bad answer from the staff.i order mozerela chese ea 119. but they can't provide...it's order cancelled from blinkit ...and they diduct 20 rs from my paid money....if they cancel the order then why they diduct the money ...also phone operators also don't want to talk...she discanate the phone. while i talking .....blinkit company is only for making money don't want to make business and respect from coustomer..before I order from zomato and others but they don't behave like this,1,2026-07-28 14:13:34 UTC,1
very good,5,2026-07-28 14:13:25 UTC,0
super,1,2026-07-28 14:13:19 UTC,0
good service,5,2026-07-28 14:11:31 UTC,0
last delivery he cam 40 min late he waste my time then also blinkit not have any composition,1,2026-07-28 14:11:17 UTC,0
good service,5,2026-07-28 14:11:13 UTC,0
very good,5,2026-07-28 14:11:05 UTC,0
good,4,2026-07-28 14:10:22 UTC,0
very nice,5,2026-07-28 14:09:35 UTC,0
good app 👍,5,2026-07-28 14:09:21 UTC,0
👍,5,2026-07-28 14:08:33 UTC,0
nice app for ordering things online,5,2026-07-28 14:08:05 UTC,0
nice,4,2026-07-28 14:08:02 UTC,0
Best fast delivery app 👍,5,2026-07-28 14:08:00 UTC,0
instant delivery,5,2026-07-28 14:07:46 UTC,0
good,5,2026-07-28 14:06:40 UTC,0
good service,4,2026-07-28 14:05:50 UTC,0
An excellent app which provides every thing in minutes . Especially their free ambulance 🚑 service.,5,2026-07-28 14:05:28 UTC,0
poor service,1,2026-07-28 14:05:23 UTC,0
This aap is very good,4,2026-07-28 14:04:45 UTC,0
Fast and Exonomical Rates with Plenty of options and Fast Delivery,5,2026-07-28 14:04:41 UTC,0
best,5,2026-07-28 14:03:39 UTC,0
Excellent Service.Item delivered my door step.,5,2026-07-28 14:02:54 UTC,0
Good Service,5,2026-07-28 14:02:22 UTC,0
the delivery fast this the best delivery app,5,2026-07-28 14:01:50 UTC,0
ok,5,2026-07-28 14:01:32 UTC,0
they delivered me wrong product,1,2026-07-28 14:01:31 UTC,0
great,5,2026-07-28 14:01:12 UTC,0
every app is defined by its customer service. Yours is useless when human take command. you have no regards for loyalty of your customers. People have to wait for significant period for seeking support. completely useless,1,2026-07-28 14:00:22 UTC,0
If there's a free gift with the order then the option should be there whether the customer wants it . Chances are vegan customers won't go for meat/milk/honey based products.The same error happened this time.,3,2026-07-28 13:59:12 UTC,3
good delivery service,5,2026-07-28 13:57:50 UTC,0
best,5,2026-07-28 13:57:39 UTC,0
Good 👍😊,4,2026-07-28 13:57:37 UTC,0
exilent,5,2026-07-28 13:57:19 UTC,0
good,5,2026-07-28 13:56:46 UTC,0
exc,1,2026-07-28 13:55:58 UTC,0
very good 👍🏻,5,2026-07-28 13:55:12 UTC,0
good,3,2026-07-28 13:54:58 UTC,1
5 🌟 🤩,5,2026-07-28 13:53:05 UTC,0
it's a better option,5,2026-07-28 13:53:00 UTC,0
good,3,2026-07-28 13:53:00 UTC,1
good👍😊💯 so help ful,5,2026-07-28 13:52:53 UTC,0
excellent,5,2026-07-28 13:52:46 UTC,0
I love blinkit to order grocery and other things,5,2026-07-28 13:52:35 UTC,0
good service,4,2026-07-28 13:52:31 UTC,0
Dirty goods delivered without carry bags but handling charges applies,1,2026-07-28 13:52:03 UTC,0
"as compared to zepto, you are adding surge charges, rain charges, handling charges, and sometimes your minimum order amount is also high, I'm frustrated with this service. improve your service and don't add additional charges",1,2026-07-28 13:51:58 UTC,0
customer friendly,5,2026-07-28 13:49:29 UTC,0
good service,5,2026-07-28 13:47:40 UTC,0
Satisfactory Service in Jorhat .,5,2026-07-28 13:47:33 UTC,0
ok,4,2026-07-28 13:47:26 UTC,0
best,5,2026-07-28 13:44:49 UTC,0
good,4,2026-07-28 13:44:15 UTC,0
nice,5,2026-07-28 13:43:56 UTC,0
"they offer free gifts but they don't deliver ,a fraud app ,",1,2026-07-28 13:43:30 UTC,0
good,4,2026-07-28 13:42:56 UTC,0
very good service,4,2026-07-28 13:42:51 UTC,0
very bad delivery charges,1,2026-07-28 13:42:32 UTC,0
marvelous I'm very happy to shopping the last minute hero,5,2026-07-28 13:41:13 UTC,0
nice but rate of delivery is very much,5,2026-07-28 13:40:42 UTC,0
"Hello, my Cash on Delivery option has been unavailable for several months on my Blinkit account. Please check my account and let me know why COD is not available and if it can be enabled....",4,2026-07-28 13:39:38 UTC,0
best,4,2026-07-28 13:39:31 UTC,0
good,5,2026-07-28 13:39:02 UTC,0
expiry product bejta hai blinkit,1,2026-07-28 13:37:08 UTC,0
good app,5,2026-07-28 13:36:33 UTC,0
werry nice,5,2026-07-28 13:35:20 UTC,0
charging high prize in app Above product price,3,2026-07-28 13:35:00 UTC,1
good 👍,5,2026-07-28 13:32:49 UTC,0
😊,5,2026-07-28 13:32:39 UTC,0
no offer on blinkit,3,2026-07-28 13:30:50 UTC,1
very good,5,2026-07-28 13:29:44 UTC,0
very g00d,5,2026-07-28 13:29:35 UTC,0
nice app,5,2026-07-28 13:29:02 UTC,0
good,5,2026-07-28 13:28:18 UTC,0
Good deliver fastly and safe,5,2026-07-28 13:28:01 UTC,0
bed support,2,2026-07-28 13:27:46 UTC,0
good,5,2026-07-28 13:27:36 UTC,0
good,5,2026-07-28 13:27:33 UTC,0
nice aap,5,2026-07-28 13:26:55 UTC,0
very nice,5,2026-07-28 13:25:19 UTC,0
good service 👍,5,2026-07-28 13:25:08 UTC,0
there is price difference in products you can separately ask for delivering charges but keep products mrp same as market,4,2026-07-28 13:23:10 UTC,0
good job 👍,5,2026-07-28 13:22:51 UTC,0
wow nice,5,2026-07-28 13:22:05 UTC,0
good,5,2026-07-28 13:21:25 UTC,0
Good services,5,2026-07-28 13:20:15 UTC,0
good,5,2026-07-28 13:19:37 UTC,0
nice,5,2026-07-28 13:17:41 UTC,0
bhaiii tum log use kro mst ha but me ek or review funga after my order,5,2026-07-28 13:17:10 UTC,0
this app is so bad i don't want to buy anything form this they can't give our refund back,1,2026-07-28 13:17:04 UTC,0
very bad there is no check ....atall,1,2026-07-28 13:16:56 UTC,0
good 👍,4,2026-07-28 13:16:49 UTC,0
very Good 😊,4,2026-07-28 13:16:48 UTC,0
you charge too much for rain surge and handling charges inline zepto,2,2026-07-28 13:15:53 UTC,0
Superb yaar Super se bhi Upar wala service,5,2026-07-28 13:15:00 UTC,0
awesome app,5,2026-07-28 13:14:59 UTC,0
"the delivery was not probided on timeand when raised a complaint they closed the chat by saying it was delivered and no call service , worst app and no proper customer service.",1,2026-07-28 13:14:26 UTC,0
great app,5,2026-07-28 13:12:35 UTC,0
best option,5,2026-07-28 13:12:24 UTC,0
good,4,2026-07-28 13:12:07 UTC,0
very good,5,2026-07-28 13:11:22 UTC,0
very bad service,1,2026-07-28 13:11:05 UTC,0
👍,4,2026-07-28 13:09:09 UTC,0
great,5,2026-07-28 13:09:05 UTC,0
well,5,2026-07-28 13:08:36 UTC,0
i ordered groceries from this app n it's not delivered to me and in the app it's showing its delivered before time... i m complaining bt there is no response from there end.... will nt suggest anyone to buy from this app,1,2026-07-28 13:08:29 UTC,0
good service,4,2026-07-28 13:08:26 UTC,0
good service,5,2026-07-28 13:08:21 UTC,0
suberb service,5,2026-07-28 13:08:06 UTC,0
good,3,2026-07-28 13:06:56 UTC,1
The delivery partners are very polite and well-behaved.,5,2026-07-28 13:05:54 UTC,0
very good,5,2026-07-28 13:05:02 UTC,0
very good service,5,2026-07-28 13:04:54 UTC,0
good,5,2026-07-28 13:04:47 UTC,0
it's totally great app,5,2026-07-28 13:04:05 UTC,0
good 😊,5,2026-07-28 13:03:42 UTC,0
very fast service,4,2026-07-28 13:03:12 UTC,0
delivery charges are not there with blinkit good product great price,5,2026-07-28 13:03:00 UTC,0
fraud company,1,2026-07-28 13:02:08 UTC,0
good,5,2026-07-28 13:00:56 UTC,0
good,5,2026-07-28 13:00:35 UTC,0
The Delivery was exactly delivered at the specific time and everything came neat and tidy,5,2026-07-28 12:59:23 UTC,0
veri nice super duper,5,2026-07-28 12:58:52 UTC,0
rates high no discounts no offers,1,2026-07-28 12:58:10 UTC,0
i ordered ice cream and it became water.... unable to eat,1,2026-07-28 12:58:01 UTC,0
best,5,2026-07-28 12:57:17 UTC,0
It's a good app but in rainy season bags/ paper bags get toren or somethings won't be available but that's okay because app is very good,4,2026-07-28 12:57:15 UTC,0
very nice,5,2026-07-28 12:57:13 UTC,0
worst servicing not having change....and unnecessary bills like extra charges were taking,1,2026-07-28 12:56:42 UTC,0
good 👍🏻👍🏻,5,2026-07-28 12:56:38 UTC,0
good,5,2026-07-28 12:55:30 UTC,0
very good,5,2026-07-28 12:53:24 UTC,0
goo app mat download Karo isko,1,2026-07-28 12:52:59 UTC,0
Good service,5,2026-07-28 12:52:54 UTC,0
Super,4,2026-07-28 12:52:42 UTC,0
nice 👍🏻,5,2026-07-28 12:52:39 UTC,0
fast delivery very good 👍,4,2026-07-28 12:52:28 UTC,0
good,5,2026-07-28 12:52:16 UTC,0
very poor delivery. Firstly it was shown that the order is coming in 7 min and suddenly it turned to 20 mins,1,2026-07-28 12:50:54 UTC,0
add option change a contact no,5,2026-07-28 12:50:49 UTC,1
India's last minute app is good enough for instant things,5,2026-07-28 12:50:39 UTC,0
very good very 😊,5,2026-07-28 12:50:07 UTC,0
super,5,2026-07-28 12:49:57 UTC,0
very good app,5,2026-07-28 12:49:00 UTC,0
good,5,2026-07-28 12:47:30 UTC,0
best under minutes app in india🎉,5,2026-07-28 12:46:42 UTC,0
good,5,2026-07-28 12:46:25 UTC,0
good,5,2026-07-28 12:45:12 UTC,0
zero civics sense in your delivery partner don't we know how to talk and behave rudly,1,2026-07-28 12:45:07 UTC,0
best,5,2026-07-28 12:44:06 UTC,0
Very much helpful app delivers every thing on time easy to handle and all BUT sometimes they don't accept the money change through coins or just deliver the wrong order,3,2026-07-28 12:43:46 UTC,1
It is the best grocery delivery app. Blinkit provides a very quick service and never fails.,5,2026-07-28 12:43:28 UTC,0
Outstanding service.,5,2026-07-28 12:42:49 UTC,0
This app deserve 5 ⭐️⭐️⭐️⭐️⭐️ rating.,5,2026-07-28 12:40:47 UTC,0
nice,5,2026-07-28 12:40:09 UTC,0
faster than my internet 😯,5,2026-07-28 12:39:00 UTC,0
"very rude behaviour delivery boy , don't like",1,2026-07-28 12:38:19 UTC,0
nice,5,2026-07-28 12:37:17 UTC,0
nice,5,2026-07-28 12:37:09 UTC,0
very good service.thanks,5,2026-07-28 12:36:24 UTC,0
veey slow delivery,3,2026-07-28 12:36:18 UTC,1
The blinkit app is the worst app I have ordered one ice cream jar delivered free but next day I have ordered snacks then it includes the delivery charges and it says the delivery is free your first ten order,1,2026-07-28 12:35:39 UTC,0
bohut hi ghatiya barsati thi fati hue ayi thi,1,2026-07-28 12:35:29 UTC,0
"I ordered one lifelong brand 'hot bag' for my cervical pain. I received without power cord. so if I try to chat with customer support team in app. Simply my chat is closing,says mail us the problem. Poor Customer support from blinkit. So,should I wait for their reply, and pause my pain upto their reply. If they give reply also its says sorry for inconvenience, next time we try to not make this mistake. Without Power cord how can I use the hot bag. Very Poor service from blinkit.",1,2026-07-28 12:35:29 UTC,0
SUPERFAST 👍,5,2026-07-28 12:35:15 UTC,0
big basket is giving 150 off on first order but blinkit only 50 very bad,1,2026-07-28 12:34:40 UTC,0
good,5,2026-07-28 12:33:55 UTC,0
love it,5,2026-07-28 12:33:48 UTC,0
fastest service in the city,5,2026-07-28 12:31:59 UTC,0
best,5,2026-07-28 12:30:17 UTC,0
I think its a lot more afordable than other delivery apps. But I think the availability to a lot of places is limited when compared. Good app 👍🏻,4,2026-07-28 12:29:48 UTC,0
very worst customer care Not proper verification,1,2026-07-28 12:29:36 UTC,0
the delivery boys always argue and their behaviour is very bad. but truly have to say blinkit is India's last minute all,2,2026-07-28 12:28:50 UTC,0
late delivery,1,2026-07-28 12:28:23 UTC,0
do not receive my product,1,2026-07-28 12:28:10 UTC,0
its good app they come under 59 minutes i like it 👌 😌 😏 😋 ☺️ 😎,4,2026-07-28 12:25:43 UTC,0
super,5,2026-07-28 12:25:42 UTC,0
good,5,2026-07-28 12:25:24 UTC,0
good app for groceries,5,2026-07-28 12:23:12 UTC,0
i have a good experience and the suppertive exe. Geeta mam is very helpful,5,2026-07-28 12:22:57 UTC,0
this is little expensive then other apps but it is good,5,2026-07-28 12:22:45 UTC,0
"Excellent experience with Blinkit! The delivery was incredibly fast, the products were fresh and well-packed, and everything arrived exactly as ordered. The app is easy to use, and the delivery partner was polite and professional. It's very convenient for last-minute grocery and household needs. Highly recommended for anyone looking for quick and reliable service!",5,2026-07-28 12:22:36 UTC,0
Blinkit service is third quality.,1,2026-07-28 12:19:57 UTC,0
nice 👍,5,2026-07-28 12:17:05 UTC,0
good,4,2026-07-28 12:17:03 UTC,0
nice.convenient,5,2026-07-28 12:13:39 UTC,0
oso bad,1,2026-07-28 12:12:29 UTC,0
awesome,5,2026-07-28 12:11:30 UTC,0
delivery time is good,5,2026-07-28 12:10:16 UTC,0
super,5,2026-07-28 12:10:06 UTC,0
it has made everything so convenient for day to day life couldn't be more happy,5,2026-07-28 12:09:59 UTC,0
great,5,2026-07-28 12:09:49 UTC,0
app is good but it is really expensive in small town and delivery charges,1,2026-07-28 12:07:50 UTC,0
very good app for everything thank you ❤️💕,5,2026-07-28 12:07:12 UTC,0
👍😊,5,2026-07-28 12:07:10 UTC,0
too bad,1,2026-07-28 12:07:07 UTC,0
👏,1,2026-07-28 12:05:11 UTC,0
nice 👍,5,2026-07-28 12:04:41 UTC,0
excellent,5,2026-07-28 12:04:13 UTC,0
delivery partner was good,5,2026-07-28 12:04:08 UTC,0
best,5,2026-07-28 12:03:50 UTC,0
naw odar dilevarye,5,2026-07-28 12:03:23 UTC,0
they should give cod as an option in my area,3,2026-07-28 12:02:58 UTC,0
Super,5,2026-07-28 12:02:54 UTC,0
worst,1,2026-07-28 12:01:39 UTC,0
i love this app and i always order everything I want for myself and my loved once from u most trusted and with very good service 💓🥹,5,2026-07-28 12:01:35 UTC,0
don't give free items,2,2026-07-28 12:01:00 UTC,0
good,5,2026-07-28 11:59:36 UTC,0
fast delivery,5,2026-07-28 11:59:28 UTC,0
nice,5,2026-07-28 11:58:31 UTC,0
it's good app 👍,5,2026-07-28 11:58:11 UTC,0
ok,1,2026-07-28 11:58:07 UTC,0
good,5,2026-07-28 11:58:04 UTC,0
very nice app hai,5,2026-07-28 11:57:53 UTC,0
ok,5,2026-07-28 11:57:51 UTC,0
good,1,2026-07-28 11:56:56 UTC,0
nice experience nd fast delivry,5,2026-07-28 11:55:21 UTC,0
deliver at door step,3,2026-07-28 11:52:51 UTC,0
excellent💯👍👏,5,2026-07-28 11:52:50 UTC,0
it doesn't gives change but the delivery is fastest,4,2026-07-28 11:51:56 UTC,0
best products best delivery. For payment Google pay comes by default there should be payment options and in that meno gpay cash on delivery should appear.also add preferred delivery partner option if possible.,3,2026-07-28 11:51:55 UTC,5
VERY GOOD :),5,2026-07-28 11:51:42 UTC,0
ok,5,2026-07-28 11:51:22 UTC,0
good,4,2026-07-28 11:51:07 UTC,0
nice,4,2026-07-28 11:51:01 UTC,0
fast delivery,5,2026-07-28 11:49:54 UTC,1
on time delivery,4,2026-07-28 11:45:47 UTC,0
best last time app.. good offers and best Ux and UI.. 👍,5,2026-07-28 11:45:40 UTC,0
most excellent app in the world 😇,5,2026-07-28 11:44:32 UTC,0
good,5,2026-07-28 11:44:24 UTC,0
👍,5,2026-07-28 11:44:13 UTC,0
okay,5,2026-07-28 11:43:17 UTC,0
payment option should be more easy by phone pe also,4,2026-07-28 11:42:34 UTC,0
Very useful. as mom of 3 months old baby its very helpful for me.,5,2026-07-28 11:41:48 UTC,0
Good,5,2026-07-28 11:36:36 UTC,0
very good for everything👍🏻🤘🏻❤️,5,2026-07-28 11:35:12 UTC,0
fast service,5,2026-07-28 11:34:02 UTC,0
good👍👍👍,5,2026-07-28 11:32:54 UTC,0
Exillelent ! till date,4,2026-07-28 11:30:48 UTC,0
best,5,2026-07-28 11:30:13 UTC,0
okay 👌👌👍👍,5,2026-07-28 11:29:29 UTC,0
"I,m very happy with the blinkit service",5,2026-07-28 11:26:29 UTC,0
good,4,2026-07-28 11:26:01 UTC,0
good services but pipe not given tetra pack,5,2026-07-28 11:25:50 UTC,0
👌🏻,5,2026-07-28 11:24:43 UTC,0
nice app,4,2026-07-28 11:24:42 UTC,0
👌,5,2026-07-28 11:23:47 UTC,0
good,5,2026-07-28 11:23:03 UTC,0
ok,5,2026-07-28 11:22:56 UTC,0
excellent service,5,2026-07-28 11:20:58 UTC,0
10 on 10 app,5,2026-07-28 11:20:15 UTC,0
ok,4,2026-07-28 11:20:03 UTC,0
bad product and fraud,1,2026-07-28 11:19:36 UTC,0
nice nice,5,2026-07-28 11:18:51 UTC,0
address option is very difficult to put the address always asking to put the address correctly,1,2026-07-28 11:18:19 UTC,0
"No delivery partners. No response in App, only useless bots.",1,2026-07-28 11:17:59 UTC,0
plz change your packing system if needed plz add packing charges,2,2026-07-28 11:16:48 UTC,0
👍,5,2026-07-28 11:16:30 UTC,0
"Not Happy with Blinkit Service. ""Delivered"" in the Blinkit app, even though I have not received the order. Despite repeatedly trying to contact your customer support through the app, I have received no response or resolution. This lack of customer service is extremely disappointing. It is unacceptable that an order can be marked as delivered without being handed over to the customer, and that there is no timely support or refund process. This has caused significant inconvenience.",1,2026-07-28 11:16:20 UTC,1
"one of the worst delivery app till date their delivery partners are ill mannered and very impatient I just told one delivery guy to wait and return my money back but instead of returning back he ran away like a coward and stole my money, absolutely ridiculous support team instead of giving me money they just initially a promo code .Never order anything from this store ,poor service",1,2026-07-28 11:16:14 UTC,0
good for delivery like you blinkit,5,2026-07-28 11:16:05 UTC,0
the best app because it gives health and pocket friendly prices for anyone..Thanks for comming in faridkot,5,2026-07-28 11:15:24 UTC,0
expired products.,1,2026-07-28 11:13:46 UTC,0
Nice.,5,2026-07-28 11:12:48 UTC,0
super 😍,5,2026-07-28 11:12:16 UTC,0
very nice,3,2026-07-28 11:12:15 UTC,0
good 👍🏻,5,2026-07-28 11:12:06 UTC,0
🥳,5,2026-07-28 11:11:46 UTC,0
awesome 👍🏻,5,2026-07-28 11:07:57 UTC,0
😊,5,2026-07-28 11:07:43 UTC,0
great app....,5,2026-07-28 11:07:09 UTC,0
good like it's so good morning,5,2026-07-28 11:07:05 UTC,0
good,5,2026-07-28 11:07:04 UTC,0
it will come fast,5,2026-07-28 11:07:02 UTC,0
very good service,5,2026-07-28 11:06:08 UTC,0
need more offers,5,2026-07-28 11:04:44 UTC,0
good,5,2026-07-28 11:02:55 UTC,0
excellent,5,2026-07-28 11:02:28 UTC,0
sooooo good delivery 🤌🏻🥀,5,2026-07-28 11:01:25 UTC,0
nice app to order things,5,2026-07-28 11:01:13 UTC,0
"worst delivery partner,, before when it was new their service was amazing but now a whole trash.",1,2026-07-28 11:00:01 UTC,0
damage loose pkt or bahut ganda pkt tha or sara khula hua tha veet ka pkt,1,2026-07-28 10:56:00 UTC,0
nice,5,2026-07-28 10:55:54 UTC,0
nice,5,2026-07-28 10:52:59 UTC,0
ok hai,5,2026-07-28 10:52:51 UTC,0
good service,5,2026-07-28 10:52:34 UTC,0
sometimes it's very poor quality stuff. things r missing. we need to follow up. it's very irritating,2,2026-07-28 10:52:02 UTC,0
mujhe koi discount nahi milta Hai,5,2026-07-28 10:51:11 UTC,0
good,4,2026-07-28 10:50:47 UTC,0
good,1,2026-07-28 10:49:45 UTC,0
delay in query revert,1,2026-07-28 10:47:36 UTC,0
niceeeeeee,5,2026-07-28 10:47:26 UTC,0
superb ✨,5,2026-07-28 10:47:05 UTC,0
gud service,5,2026-07-28 10:46:56 UTC,0
good 👍🏻,4,2026-07-28 10:43:46 UTC,0
ultimate fast delivery,5,2026-07-28 10:43:39 UTC,0
best,5,2026-07-28 10:43:35 UTC,0
"I love the blinkit,,,but additional fee on the products look bit dissaapointed...",4,2026-07-28 10:42:48 UTC,0
unsatisfied,1,2026-07-28 10:41:53 UTC,0
good job 👍,3,2026-07-28 10:40:44 UTC,1
today I ordered some items from blinkit as usual.. but today's order I got a product which is empty... there is only a box,4,2026-07-28 10:39:50 UTC,0
you cnt even cancel order sometimes,1,2026-07-28 10:39:08 UTC,0
"Very good service, products, fast service",5,2026-07-28 10:38:40 UTC,0
good,5,2026-07-28 10:38:16 UTC,0
good,4,2026-07-28 10:38:14 UTC,0
good,4,2026-07-28 10:37:44 UTC,0
very worst experience ever in a bread packet s,1,2026-07-28 10:37:34 UTC,0
Very Good,5,2026-07-28 10:36:35 UTC,0
"I had a bad day, payment portal failed randomly, I needed that item urgently, and I don't have COD option too. forced to pay using upi, the payment failed and now I have to wait 3-5 days, l app.",1,2026-07-28 10:36:30 UTC,0
on time delivery by highly civilized delivery personnwl,5,2026-07-28 10:34:56 UTC,0
always feeling like a king make a wish and they just complit in 15 minutes,5,2026-07-28 10:34:53 UTC,0
very bad service as they charged extra for booking .,5,2026-07-28 10:34:26 UTC,0
superb App..very smooth functioning and reliable products,5,2026-07-28 10:33:45 UTC,0
the best service in the world,5,2026-07-28 10:32:20 UTC,0
"a delivery person was arrogant and rude . even after complaint in support no update, no message, no credibility. what is this blinkit",1,2026-07-28 10:31:43 UTC,0
superb app,5,2026-07-28 10:30:47 UTC,0
good,5,2026-07-28 10:30:34 UTC,0
very good platform for instant delivery,5,2026-07-28 10:29:07 UTC,0
good 👍,5,2026-07-28 10:27:30 UTC,0
very easy sir,5,2026-07-28 10:26:55 UTC,0
Did not receive all the products I paid for(online payment),1,2026-07-28 10:26:54 UTC,0
good,3,2026-07-28 10:26:47 UTC,1
This app is for what if it cannot service in my area (biswanath chariali🤣),1,2026-07-28 10:25:31 UTC,0
too much late order. give that deliver the items in 8 minute and then delivered order in 20 to 30 minutes blinkts too late but product are god but there is no coupon or free delivery only give unnecessarily charge .....,2,2026-07-28 10:24:35 UTC,0
"MULTIGRAIN BREAD is packed dated 23.07.2026 , not satisfied, I will avoid blinkit",1,2026-07-28 10:24:21 UTC,0
good,5,2026-07-28 10:23:47 UTC,0
woww,5,2026-07-28 10:22:41 UTC,0
ambulance blinkit ki hi ho. time pe to aayega.,5,2026-07-28 10:22:03 UTC,0
"I am a fan of blinkit, how to use extra money, in good work wow, like ambulance service so many more coming. good app amazing service, next level.",5,2026-07-28 10:21:36 UTC,0
more items not available in this app ...try to stock all items,3,2026-07-28 10:21:11 UTC,0
ok,1,2026-07-28 10:20:50 UTC,1
prices are high for more commodities through this platform,5,2026-07-28 10:19:39 UTC,0
wow nice nice good app,5,2026-07-28 10:19:01 UTC,0
good app easy for daily use,5,2026-07-28 10:17:06 UTC,0
very very good,5,2026-07-28 10:16:34 UTC,0
worst customer service I am trying from 2 days to get help but no one is helping only chatbot gave reply and stuck on assigning you a assistant,1,2026-07-28 10:15:16 UTC,0
best App,5,2026-07-28 10:13:59 UTC,0
it is very fast and easy to,5,2026-07-28 10:13:46 UTC,0
very good service,5,2026-07-28 10:13:14 UTC,0
good,5,2026-07-28 10:12:00 UTC,0
"Very disappointed with Blinkit. My order was delivered with a missing item (Cadbury Dairy Milk Mini Treats worth ₹149). I reported it immediately and even tried calling the delivery partner, but received no response. Blinkit rejected my complaint based only on internal records without providing any evidence that the item was packed or delivered. After multiple follow-ups and no fair resolution, I had to escalate the matter to the National Consumer Helpline. Poor customer support.",1,2026-07-28 10:11:12 UTC,0
super,5,2026-07-28 10:10:59 UTC,0
Good,5,2026-07-28 10:10:39 UTC,0
very bad experience because 2 time I ordered blinkit delivered rong and defective product,1,2026-07-28 10:10:34 UTC,0
Always comes with the last second help,5,2026-07-28 10:10:01 UTC,0
good,5,2026-07-28 10:09:40 UTC,0
very fast service and good 🥑🥝,5,2026-07-28 10:08:51 UTC,0
good service,5,2026-07-28 10:08:49 UTC,0
it is helpful,4,2026-07-28 10:07:26 UTC,0
good,5,2026-07-28 10:06:29 UTC,0
excellent service 👍,5,2026-07-28 10:05:56 UTC,0
"Default This is extremely disappointing. This is not the first time I have faced this issue with Blinkit. I ordered Fortune Rozana Gold Basmati Rice expecting good-quality, full-length grains, but I received rice with a large number of broken grains. Despite reporting the issue with clear details, my complaint was not resolved. As a customer, I expect quality products and fair customer support. Ignoring genuine quality issues and refusing to provide a proper resolution is unacceptable. I have",1,2026-07-28 10:05:26 UTC,0
good,4,2026-07-28 10:05:01 UTC,0
good service,5,2026-07-28 10:04:54 UTC,0
best app,5,2026-07-28 10:02:35 UTC,0
i love this app,5,2026-07-28 10:01:36 UTC,0
very good app,5,2026-07-28 10:01:22 UTC,0
order procecc is easy,5,2026-07-28 10:00:29 UTC,0
👌👌👌,5,2026-07-28 10:00:08 UTC,0
very good 👍,5,2026-07-28 09:59:42 UTC,0
nyc service,5,2026-07-28 09:59:11 UTC,0
"great , fast delivery, wish more items were added",4,2026-07-28 09:58:42 UTC,0
very good,5,2026-07-28 09:57:56 UTC,0
super,5,2026-07-28 09:57:19 UTC,0
"want to suggest, try to deliver product neat and clean where manufacturing date is clearly visible",2,2026-07-28 09:55:29 UTC,0
bad app . bad customer service,1,2026-07-28 09:55:18 UTC,0
nice 🙂,5,2026-07-28 09:54:22 UTC,0
very fast service 🐕‍🦺,5,2026-07-28 09:53:01 UTC,0
good 😊,5,2026-07-28 09:52:49 UTC,0
door tak nhi laye,1,2026-07-28 09:51:14 UTC,0
it's so good thank you❤,5,2026-07-28 09:51:13 UTC,0
nice delivery app,5,2026-07-28 09:51:05 UTC,0
this very good,5,2026-07-28 09:50:51 UTC,0
"Blinkit is really a amazing app, everytime.they give easy refunds and instant response to resolve my problem💗😭",5,2026-07-28 09:46:36 UTC,0
payment is too much,5,2026-07-28 09:45:58 UTC,1
good,4,2026-07-28 09:45:50 UTC,0
best app for everyone,5,2026-07-28 09:44:51 UTC,0
very nice work 👍🏻😃,5,2026-07-28 09:44:35 UTC,0
thank you,5,2026-07-28 09:43:44 UTC,0
good,5,2026-07-28 09:43:20 UTC,0
customer care service is not available so payment query is not managed.my payment is done but item is not delivered.what is the process of return My payment.,3,2026-07-28 09:40:59 UTC,1
little bit costly,4,2026-07-28 09:40:35 UTC,0
all item not good,1,2026-07-28 09:39:20 UTC,0
good and fast,4,2026-07-28 09:36:41 UTC,0
great😃,5,2026-07-28 09:35:13 UTC,0
Easy and Fast,5,2026-07-28 09:33:44 UTC,0
Goog,5,2026-07-28 09:32:35 UTC,0
Good services,4,2026-07-28 09:31:57 UTC,0
. thank you 😊,5,2026-07-28 09:31:41 UTC,0
ok -ok,4,2026-07-28 09:31:13 UTC,0
excellent app 😃,5,2026-07-28 09:30:23 UTC,0
nice app,5,2026-07-28 09:30:05 UTC,0
Good,4,2026-07-28 09:29:41 UTC,0
not good experience. i placed order of spine gourd and also pay for that but in order not received fully. i complained for that but didn't get solution. worst application. i share my order id by mail. resolve my complain.,1,2026-07-28 09:27:51 UTC,0
best service,5,2026-07-28 09:27:10 UTC,0
best app ...deliver in mints ..👍🏻,5,2026-07-28 09:26:47 UTC,0
poor quality products and no response from the customer support,1,2026-07-28 09:26:13 UTC,0
the app is good but there is one problem that it is not free delivery tell me not at the items still 199 but there should be rs 100 that would be more suitable,4,2026-07-28 09:25:42 UTC,0
good,5,2026-07-28 09:24:08 UTC,0
very nice,5,2026-07-28 09:23:49 UTC,0
Good,4,2026-07-28 09:23:22 UTC,0
Best app 👌,5,2026-07-28 09:22:03 UTC,0
good,3,2026-07-28 09:21:56 UTC,1
very good,5,2026-07-28 09:20:35 UTC,0
way too much delay,1,2026-07-28 09:19:37 UTC,0
nyc❤️,5,2026-07-28 09:18:37 UTC,0
nice service,5,2026-07-28 09:16:48 UTC,0
good,5,2026-07-28 09:16:24 UTC,0
why always cod is not available on the app 😡😡😡😡😡😡😡😡😡😐,1,2026-07-28 09:16:18 UTC,0
Excellent,5,2026-07-28 09:14:44 UTC,0
i love blinkit but it is not available in my city please get you make it available .,4,2026-07-28 09:14:30 UTC,0
Very helpful,5,2026-07-28 09:14:17 UTC,0
Overall experience is ok .But once they sent me a 1 Litre detergent which had only 400 ml .They offered replacement but thats not the point .Icaught it bcoz it felt light .,3,2026-07-28 09:12:20 UTC,1
amazing 😍,5,2026-07-28 09:11:50 UTC,0
is areaa me store mere se 1 km dur he fir bhi delivery nahi dete man chahe order available or man chahe order unavailable kitne din se request kr raha hu lekin koi sollution nahi he isse achha big basket,1,2026-07-28 09:11:01 UTC,0
blink it take extra money for making an excuses 3rd class app,1,2026-07-28 09:09:35 UTC,0
good,5,2026-07-28 09:08:57 UTC,0
👍🏻🙂 nice,5,2026-07-28 09:06:01 UTC,0
Great effort by mirayam & blinkit team in delivery of food to a poor and deserving girl in Jharkhand kudos to you,5,2026-07-28 09:05:32 UTC,0
Very Nice Services,5,2026-07-28 09:05:15 UTC,0
best experience low price in very nice product I buy guitar from blinkit,5,2026-07-28 09:03:58 UTC,0
good,5,2026-07-28 09:02:39 UTC,0
nice,5,2026-07-28 09:02:25 UTC,0
very mast h mazaaa aa jayga saman kharid ke itni jldi delivery,5,2026-07-28 08:59:38 UTC,0
very bad service,1,2026-07-28 08:58:28 UTC,0
"charge more, expensive, take extra unnecessary charges",1,2026-07-28 08:57:27 UTC,0
what the app is this never visit in exact location,1,2026-07-28 08:56:47 UTC,0
made life easier,4,2026-07-28 08:56:26 UTC,0
NICE 🙂,5,2026-07-28 08:56:25 UTC,0
good,5,2026-07-28 08:55:33 UTC,0
Best 👍💯,5,2026-07-28 08:55:28 UTC,0
👍🏻,5,2026-07-28 08:54:59 UTC,0
nice nice,5,2026-07-28 08:54:49 UTC,0
good service blinkit,4,2026-07-28 08:54:04 UTC,0
ok,3,2026-07-28 08:53:13 UTC,1
this is one of the best delivery app come in 10 minute,5,2026-07-28 08:50:54 UTC,0
ok,5,2026-07-28 08:50:08 UTC,0
good,5,2026-07-28 08:50:00 UTC,0
mera order ni receive hua or pese cut gye,1,2026-07-28 08:48:03 UTC,0
good 👍,5,2026-07-28 08:47:27 UTC,0
okay,2,2026-07-28 08:46:37 UTC,0
good app,5,2026-07-28 08:46:36 UTC,0
good,5,2026-07-28 08:46:20 UTC,0
best app for ever,5,2026-07-28 08:37:48 UTC,0
always ready and quick,5,2026-07-28 08:36:37 UTC,0
nice 👍,5,2026-07-28 08:35:01 UTC,0
but don't shows best and cheapest price,4,2026-07-28 08:34:02 UTC,0
extra leta h,1,2026-07-28 08:33:26 UTC,0
good,5,2026-07-28 08:32:13 UTC,0
very good. 👍,5,2026-07-28 08:30:02 UTC,0
easy to order,5,2026-07-28 08:29:57 UTC,0
they send me spillage items and when I try to complaint they didn't assign a support executive for one hr still waiting for there response,1,2026-07-28 08:29:18 UTC,0
good service,5,2026-07-28 08:28:31 UTC,0
good 👍,5,2026-07-28 08:27:19 UTC,0
ok,2,2026-07-28 08:26:35 UTC,0
Quick delivery Polite support team Variety of products,5,2026-07-28 08:23:19 UTC,0
best,5,2026-07-28 08:22:58 UTC,0
good 👍,5,2026-07-28 08:22:26 UTC,0
mast,5,2026-07-28 08:21:12 UTC,0
"last minute app, doing fab, rate is little high but everything is available",5,2026-07-28 08:17:03 UTC,0
absolutely night service,5,2026-07-28 08:16:35 UTC,0
👍,5,2026-07-28 08:16:06 UTC,0
not delivered properly...items were leaking.. all items got leaked and not good...,1,2026-07-28 08:15:50 UTC,0
good,5,2026-07-28 08:15:08 UTC,0
fast delivery,5,2026-07-28 08:14:47 UTC,0
first time check your service,3,2026-07-28 08:14:26 UTC,1
"Very fast delivery,everything of need is available",5,2026-07-28 08:13:32 UTC,0
good,5,2026-07-28 08:13:19 UTC,0
👍,5,2026-07-28 08:12:27 UTC,0
order missing more please check before you receive the order neither you cannot get money,1,2026-07-28 08:10:37 UTC,0
great app from great people with great services,5,2026-07-28 08:10:05 UTC,0
fast delivery,5,2026-07-28 08:09:42 UTC,0
bad,1,2026-07-28 08:09:21 UTC,0
one of the worst app they are something that i didn't even order and also they didn't give me what i ordered and they say they can't resolve this issue seriously i want my replacements and refunddddddddddddddd,1,2026-07-28 08:08:42 UTC,0
I luv it🙌,5,2026-07-28 08:08:29 UTC,0
nice 👍,5,2026-07-28 08:07:35 UTC,0
very fast and good behaviour of delivery man,5,2026-07-28 08:07:03 UTC,0
great,4,2026-07-28 08:06:38 UTC,0
very good service,5,2026-07-28 08:06:10 UTC,0
good,5,2026-07-28 08:05:50 UTC,0
good service,5,2026-07-28 08:04:45 UTC,0
sometimes order change or damaged,4,2026-07-28 08:04:32 UTC,0
u could Add some medical things and can make it as a 10 min amazon,4,2026-07-28 08:04:31 UTC,0
super,5,2026-07-28 08:04:20 UTC,0
good work bu blinkit,5,2026-07-28 08:04:03 UTC,0
very good service and fast delivery,5,2026-07-28 08:03:06 UTC,0
good,5,2026-07-28 08:02:41 UTC,0
good,5,2026-07-28 08:02:07 UTC,0
super fast delivery of quality items.,5,2026-07-28 08:01:26 UTC,0
best dilevery app,5,2026-07-28 08:01:25 UTC,0
This platform always provides lesser quantity than stated in its app. Never order fruits and vegetables from Blinkit. If you reach their customer care they will ask you to weigh and give proof like customer is supposed to keep weighing machine in their house,1,2026-07-28 08:00:07 UTC,0
❤️✨,5,2026-07-28 07:59:49 UTC,0
"worst customer service product not replacing and refund, money waste blinkit products, don't buy from blinkit",1,2026-07-28 07:59:44 UTC,0
ULTIMATE PRODUCT & ULTIMATE DISCOUNT PRICE,5,2026-07-28 07:59:08 UTC,0
Greater than expected,4,2026-07-28 07:58:36 UTC,0
Very fast delivery and very awesome thank you blinkit app today I order second time very fast delivery thank you so much blinkit,5,2026-07-28 07:56:46 UTC,0
blinkit is very good work and right time delivered your product.,5,2026-07-28 07:56:04 UTC,0
"like your service, really very helpful this 10 min service. one suggestion you dont need to give big paper bag. i can directly collect my stuff from your delivery man.",5,2026-07-28 07:54:11 UTC,0
good,5,2026-07-28 07:53:29 UTC,0
Mohd Ramzan 👍,5,2026-07-28 07:51:34 UTC,0
Too Bad experience also customer care not responding positively,1,2026-07-28 07:51:06 UTC,0
"Mera money account se cut gaya,order nahi hua ,money refunded nahi hua , 5 - 7 working day se jyada ho gya ,kiya refund nahi hota hai blinkit pe , next time se aap use nahi karunga ,very disappointed, ordered fail wala aap se remove ho gaya hai,jo order hua received kiye wahi sirf show kar raha hai",1,2026-07-28 07:50:22 UTC,0
this app is very fast delivery,5,2026-07-28 07:49:02 UTC,0
"as the first time the buyer ordered a boatt c-c charger with adapter and received only cable, delivery person is not taking responsibility, and help and support is totally missing, this feels like a scam to me",1,2026-07-28 07:49:01 UTC,0
good 👍,5,2026-07-28 07:48:35 UTC,0
super,5,2026-07-28 07:48:27 UTC,0
ok ok,4,2026-07-28 07:48:10 UTC,0
bahut badhiya,5,2026-07-28 07:47:47 UTC,0
"abhi kya review dene ka inko, sab ek jaiseeeEe h😂😂",1,2026-07-28 07:45:17 UTC,0
just WOW,5,2026-07-28 07:45:05 UTC,0
💯,5,2026-07-28 07:43:54 UTC,0
best,5,2026-07-28 07:42:52 UTC,0
very good,5,2026-07-28 07:42:38 UTC,0
veerrry ggggggoooooodddddddd,5,2026-07-28 07:41:28 UTC,0
"Yes helpful app in this monsoon no other apps delivered any more products but blinkit is still in the field in this situation, but his Dilevry partner is so liaer he don't deliver the product, he stolen my product",5,2026-07-28 07:40:02 UTC,0
wrong item received but body ready to listen,1,2026-07-28 07:39:38 UTC,0
very nice thnx blinkit to provide service at home❤️,5,2026-07-28 07:39:06 UTC,0
very good,5,2026-07-28 07:37:01 UTC,0
kharab sade huye vegetables delivery,2,2026-07-28 07:36:26 UTC,1
best delivery app ever 🫶🏻,5,2026-07-28 07:33:39 UTC,0
very nice and trusted,5,2026-07-28 07:33:17 UTC,0
Awesome interface and service experience,5,2026-07-28 07:32:26 UTC,0
fast Dilevery parsal,4,2026-07-28 07:30:54 UTC,0
very nice,4,2026-07-28 07:30:18 UTC,0
nice,4,2026-07-28 07:30:12 UTC,0
good,5,2026-07-28 07:29:42 UTC,0
i am impressed 💯😁,5,2026-07-28 07:27:52 UTC,0
don't help any Time,1,2026-07-28 07:27:45 UTC,0
Good,4,2026-07-28 07:24:11 UTC,0
amazing app and services,5,2026-07-28 07:24:11 UTC,0
really good service,5,2026-07-28 07:22:47 UTC,0
"Bought an item at 29, ended up paying 89 for the product. 2km distance and charging 30 rupees for delivery, 20 for small cart charges and 10 rupees for handling charges. is there not any percentage of the product price to apply these charges? i orefer to uninstall once the order is delivered.",1,2026-07-28 07:22:34 UTC,0
best,5,2026-07-28 07:20:52 UTC,0
good but give gift on my birthday dx,4,2026-07-28 07:20:51 UTC,0
"They never refunded for the wrong product delivery ,returned also but still no refund 👎👎. Disappointing . UNINSTALLED.",1,2026-07-28 07:20:17 UTC,0
very disappointed with the return policy of this app I have ordered 100 plus products on this app but I wanted to return one product but they will not do it 100 excuses against state very disappointed and so uninstalling it,1,2026-07-28 07:19:59 UTC,0
very good 😊,5,2026-07-28 07:18:46 UTC,0
best app. 😚😚,5,2026-07-28 07:18:03 UTC,0
"costing compare to other platforms, hidden charges always lies with chor blinkit",1,2026-07-28 07:16:30 UTC,0
good,4,2026-07-28 07:15:06 UTC,0
good,5,2026-07-28 07:14:34 UTC,0
sometimes quality not good and it's very difficult to return it. when it's not good you should make arrangement to take back on the spot of delivery,3,2026-07-28 07:13:58 UTC,1
very nice 👍🏻👍🏻👍🏻,5,2026-07-28 07:13:46 UTC,0
good service 👍,5,2026-07-28 07:13:33 UTC,0
Good,4,2026-07-28 07:12:55 UTC,0
the best app for ordering....easy to order and fast delivery,5,2026-07-28 07:12:26 UTC,0
good,5,2026-07-28 07:11:58 UTC,0
good,5,2026-07-28 07:11:05 UTC,0
so fast,5,2026-07-28 07:08:45 UTC,0
"getting delivered in last minute is something to be appreciated, I really liked ur services like well packed without plastic used and safely delivered on time or sometimes earlier. delivery agents deserve to be thankful for their services. Thank you🙌🏻",4,2026-07-28 07:06:08 UTC,0
bhut axa app hai,5,2026-07-28 07:03:34 UTC,0
very good👍,5,2026-07-28 07:03:05 UTC,0
good,5,2026-07-28 07:02:42 UTC,0
This is the best,5,2026-07-28 07:02:09 UTC,0
super,5,2026-07-28 07:01:18 UTC,0
some time never come at door step,4,2026-07-28 07:00:59 UTC,0
worst behavior of your delivery partner very worst means very worst I was try to cancle the order but it won't if it is like this how can we order again in your store very worst I will never purchase anything from you,1,2026-07-28 06:56:02 UTC,0
for instance delivery but very expensives,4,2026-07-28 06:55:09 UTC,0
🤩,4,2026-07-28 06:54:00 UTC,0
this is amazing,5,2026-07-28 06:53:34 UTC,0
Different variety and different sizes of products not available.,1,2026-07-28 06:53:17 UTC,0
good,5,2026-07-28 06:51:27 UTC,0
nice app,5,2026-07-28 06:51:04 UTC,0
good,5,2026-07-28 06:49:18 UTC,0
They deliver the wrong product and then stall when it comes to the return process.,1,2026-07-28 06:48:42 UTC,0
nice,5,2026-07-28 06:48:19 UTC,0
excellent service,5,2026-07-28 06:46:48 UTC,0
Items and especially the delivery boy both are too good. thank you for such prompt services. keep it up. Radhe Radhe,5,2026-07-28 06:41:27 UTC,0
no doubt this app is realy nice but the prices of groceries is expensive comparing with other apps because so much of charges are there and not only charges but many things are expensive for no reason than other apps,4,2026-07-28 06:41:11 UTC,0
good,4,2026-07-28 06:40:58 UTC,0
excellent,5,2026-07-28 06:39:42 UTC,0
very bad experience with customer care everyone should try unother aap,1,2026-07-28 06:39:16 UTC,0
good sevice a,5,2026-07-28 06:39:12 UTC,0
nice🤩,5,2026-07-28 06:37:50 UTC,0
lightening speed delivery..,5,2026-07-28 06:37:00 UTC,0
👍👍👍,5,2026-07-28 06:36:14 UTC,0
just blink it 🤗 and you will receive whatever you want 💕,5,2026-07-28 06:36:13 UTC,0
good app,5,2026-07-28 06:36:06 UTC,0
nice when ur are needed,5,2026-07-28 06:35:22 UTC,0
excellent service,5,2026-07-28 06:33:56 UTC,0
good,4,2026-07-28 06:33:06 UTC,0
excellent 👌👌👌👌,5,2026-07-28 06:31:58 UTC,0
nice,5,2026-07-28 06:31:15 UTC,0
good,5,2026-07-28 06:29:20 UTC,0
better than others,5,2026-07-28 06:28:53 UTC,0
good,2,2026-07-28 06:27:35 UTC,0
delivery charges is very high,5,2026-07-28 06:26:12 UTC,0
nice work for blinkit,5,2026-07-28 06:25:37 UTC,0
thanks for blinkit,5,2026-07-28 06:25:00 UTC,0
Good 👍,5,2026-07-28 06:23:28 UTC,0
very good sarvice,5,2026-07-28 06:22:52 UTC,0
This is very good,5,2026-07-28 06:21:20 UTC,0
mast sarvice fast delivery 5 star rating,5,2026-07-28 06:20:05 UTC,0
🥰,2,2026-07-28 06:16:56 UTC,0
Best app for fastest delivery available on playstore unlike jiomart which crashes regularly blinkit never does I used to order things which are very necessary at the point of time and it never dissappointed me. A big thanks from me to the developers and delivery persons.,5,2026-07-28 06:16:56 UTC,0
nice,5,2026-07-28 06:16:55 UTC,0
man other websites give damaged product but blinkit does not it is very good but they increased the amount to get free delivery very goood,5,2026-07-28 06:16:06 UTC,0
viraj residency near by,5,2026-07-28 06:15:22 UTC,0
good,5,2026-07-28 06:14:02 UTC,0
ok,1,2026-07-28 06:10:21 UTC,0
शानदार,5,2026-07-28 06:07:37 UTC,0
good ui,5,2026-07-28 06:07:35 UTC,0
rude delivery personel,3,2026-07-28 06:06:21 UTC,1
worst app did not deliver all items and also they did not refund my money. don't order bulk items from this app.,1,2026-07-28 06:05:27 UTC,0
good,5,2026-07-28 06:03:52 UTC,0
nice app 🙂👍,5,2026-07-28 06:03:03 UTC,0
super,5,2026-07-28 06:02:31 UTC,0
good,5,2026-07-28 06:02:25 UTC,0
This Company Service is Best For emergency BEAUTIFUL App,5,2026-07-28 06:00:35 UTC,0
fast service,5,2026-07-28 05:59:34 UTC,0
good,5,2026-07-28 05:59:20 UTC,0
very bad . because I order something less is coming and we are paying for that items 😞 bad experience,2,2026-07-28 05:59:15 UTC,0
ok,5,2026-07-28 05:58:37 UTC,0
very good app,5,2026-07-28 05:58:12 UTC,0
it's really good,5,2026-07-28 05:57:33 UTC,0
nice 👍👍👍👍👍👍👍👍👍👍,5,2026-07-28 05:57:16 UTC,0
best,5,2026-07-28 05:56:30 UTC,0
very good service 👍,5,2026-07-28 05:55:58 UTC,0
promoting offers through third party app and not giving cashback as mentioned,1,2026-07-28 05:54:18 UTC,0
"It's good that you're providing service to the public, but there should also be an option to return goods that don't deliver, otherwise, the customer's trust will be lost, and this isn't good for business. I love blanket But the service needs to be better.",1,2026-07-28 05:54:12 UTC,0
good,5,2026-07-28 05:51:12 UTC,0
good job for bli plnkit people,5,2026-07-28 05:51:05 UTC,0
nice,3,2026-07-28 05:51:04 UTC,1
"I placed a COD order for ice cream worth ₹302. At the time of delivery, I tried paying online via Google Pay. The payment initially showed as failed, so I paid ₹302 in cash to the delivery partner. However, two payments of ₹302 were deducted via Google Pay from my brother's account. I have received the refund for one, but the second payment of ₹302 is still not refunded. Since I already paid in cash, please process the refund for this extra Google Pay transaction as soon as possible",1,2026-07-28 05:50:10 UTC,0
Nice 👍 hai,5,2026-07-28 05:49:10 UTC,0
good delivery,4,2026-07-28 05:48:23 UTC,0
excellent service,5,2026-07-28 05:46:58 UTC,0
too good,5,2026-07-28 05:46:13 UTC,0
good,3,2026-07-28 05:45:48 UTC,1
this is the best but it took 12 rupees handling charge which I do not understand why ?,5,2026-07-28 05:45:03 UTC,0
good 👍🏻,5,2026-07-28 05:44:21 UTC,0
thik thak,5,2026-07-28 05:44:21 UTC,0
dry fruits items is not fresh & heavy cost,1,2026-07-28 05:43:41 UTC,0
🤘🏾,5,2026-07-28 05:41:16 UTC,0
They will mention 7 days replacement in the product page but after ordering and when product does not work they will not provide replacement. scamming people. even after providing video proof they are not ready to provide replacement. scam service.,1,2026-07-28 05:40:31 UTC,0
👌👌,5,2026-07-28 05:38:27 UTC,0
nice 👍,5,2026-07-28 05:36:33 UTC,0
pure product nhi bhejata missing rahata hai ab kabhi nhi mangaungi,1,2026-07-28 05:35:52 UTC,0
it's Good 😊 I am Happy With Blenkint,5,2026-07-28 05:35:23 UTC,0
This is very useful app,5,2026-07-28 05:35:07 UTC,0
good,4,2026-07-28 05:33:12 UTC,0
the services are so poor products are missing with even payment is full,1,2026-07-28 05:32:37 UTC,1
good ☺️,1,2026-07-28 05:32:16 UTC,0
price thoda jada le liya,5,2026-07-28 05:31:46 UTC,0
"too much expensive ( amazon now, zepto are better than blinkit)",1,2026-07-28 05:29:56 UTC,0
Nice 👍,5,2026-07-28 05:29:36 UTC,0
good 👍,5,2026-07-28 05:29:06 UTC,0
very good 💯,5,2026-07-28 05:28:55 UTC,0
good,3,2026-07-28 05:27:44 UTC,1
gud,4,2026-07-28 05:27:31 UTC,0
👍 good,5,2026-07-28 05:27:16 UTC,0
very good service,5,2026-07-28 05:25:51 UTC,0
good service near my home,4,2026-07-28 05:23:23 UTC,0
good,5,2026-07-28 05:22:14 UTC,0
it app is very easy to order but. I have ordered one c type connector but it's not working when i try to exchange that problem their is no option in this app and i wrote mails also they didn't resolve my issue if you want order any electronic thinks don't order others app better than this they provide return and exchange and refund also if product is not good in this add every time need to write a mail if product is not good this not good app time wast money also waste.offically uninstalling app,2,2026-07-28 05:20:43 UTC,1
good,3,2026-07-28 05:20:20 UTC,1
bad,1,2026-07-28 05:19:47 UTC,0
waste customer support ... simply looting money,1,2026-07-28 05:19:34 UTC,1
very good 😊😊😊😊😊😊😊 very very happy 😊😊😊,5,2026-07-28 05:18:39 UTC,0
App works smoothly. Delivery is quick.,5,2026-07-28 05:17:43 UTC,0
it's very is very good but that you order something it cannot be cancelled,4,2026-07-28 05:15:15 UTC,0
this is best aap India's fastest delivery aap 👍,5,2026-07-28 05:14:35 UTC,0
ok,5,2026-07-28 05:13:36 UTC,0
very nice ☺️,5,2026-07-28 05:12:34 UTC,0
nice 👍👍,5,2026-07-28 05:11:35 UTC,0
very good,5,2026-07-28 05:11:24 UTC,0
very good service,5,2026-07-28 05:11:21 UTC,0
One thing I dont like about delivery is that the delivery persons do not wear helmet. Blinkit should make it mandatory for delivery persons to wear helmet while delivery.,3,2026-07-28 05:10:43 UTC,1
i ordered chicken on blikit they are fully expired all expired items sending blinkit dont use The App costomor support Closing chat without resolving my solution my child food poisoning after etan chicken now at hospital dont oder at blinkit place High charges also place go market and buy,1,2026-07-28 05:10:13 UTC,0
good,5,2026-07-28 05:09:59 UTC,0
first time order,4,2026-07-28 05:07:31 UTC,0
Nice,5,2026-07-28 05:06:29 UTC,0
very good app blinkit,5,2026-07-28 05:06:15 UTC,0
good👍,5,2026-07-28 05:05:40 UTC,0
fooling people by posting wrong quantities of product. customer support is also very poor,1,2026-07-28 05:04:59 UTC,0
good 😊,5,2026-07-28 05:04:55 UTC,0
this is a nice app very best to order,5,2026-07-28 05:04:47 UTC,0
bahut hi aacha,4,2026-07-28 05:03:58 UTC,0
"This app is bad, they don't take any accountability, so I ordered olive oil for my family staying in my hometown and I stay at a different place. So now they delivered the order without the cap of the bottle. My family shared images but there is no option to upload images on the customer support channel. I even mailed them the pictures and asked for a replacement but they said they can't do anything. So the final result - I have deleted my account.",1,2026-07-28 05:01:42 UTC,0
good service,3,2026-07-28 05:01:23 UTC,1
thenks,5,2026-07-28 05:00:05 UTC,0
it provide us damage old used products it's not worth it is very poor app I recommended do not download it stall my money,1,2026-07-28 04:59:52 UTC,0
it is a very nice app.. i am very satisfied 😊😊,5,2026-07-28 04:59:41 UTC,0
good 👍,5,2026-07-28 04:59:24 UTC,0
Saviour,5,2026-07-28 04:59:19 UTC,0
The delivery is instant fast and I truly like their services..The riders are also very familiar.. A thing I would recommend is that you should focus on particular uniforms for the delivery guys ...overall it's a great choice for me..I will be glad if you'll include more and more options..I highly recommend this ...and you all are doing a great job...I'll Keep BLINKING ♥️.. Highly recommended...✨💫 Thank you 💫✨🥰..,5,2026-07-28 04:59:15 UTC,0
good app for rainy season & other emergencies,5,2026-07-28 04:58:48 UTC,0
bad,1,2026-07-28 04:57:22 UTC,0
excellent,5,2026-07-28 04:56:50 UTC,0
very nyc,5,2026-07-28 04:56:00 UTC,0
good,5,2026-07-28 04:51:45 UTC,0
good 👍,4,2026-07-28 04:49:26 UTC,0
Excellent,5,2026-07-28 04:48:05 UTC,0
please check before product missing and items is there box in 4 pcs available but girls take 2 pcs take box check and take money no return no response company,1,2026-07-28 04:47:46 UTC,0
Bast For Gym person because a lots of protein intact just do anything in a blinkit,5,2026-07-28 04:46:35 UTC,0
good service,5,2026-07-28 04:45:22 UTC,0
Don't buy any product from Blinkit they are totally unprofessional. They don't know how to retain there loyal customer,1,2026-07-28 04:44:48 UTC,0
Good Deleviry System,4,2026-07-28 04:43:42 UTC,0
good,5,2026-07-28 04:43:22 UTC,0
great experience shopping with blinkit,5,2026-07-28 04:43:21 UTC,0
fantastic,5,2026-07-28 04:42:26 UTC,0
good,5,2026-07-28 04:41:16 UTC,0
wonderful app,5,2026-07-28 04:39:24 UTC,0
too much good,5,2026-07-28 04:38:39 UTC,0
poor customer service. i have to pay two times for the same item 😠😠😠😠,1,2026-07-28 04:38:31 UTC,0
good,5,2026-07-28 04:37:33 UTC,0
nice,5,2026-07-28 04:36:57 UTC,0
good aap,5,2026-07-28 04:36:15 UTC,0
excellent,5,2026-07-28 04:34:23 UTC,0
Nic,5,2026-07-28 04:34:06 UTC,0
good sarvice,5,2026-07-28 04:33:59 UTC,0
best,5,2026-07-28 04:33:54 UTC,0
very good 👍,5,2026-07-28 04:33:23 UTC,0
they don't have change anytime then pls cancel the cash option,1,2026-07-28 04:30:21 UTC,0
thank,4,2026-07-28 04:29:40 UTC,0
Fast and accurate door to door delivery,5,2026-07-28 04:29:04 UTC,0
superb on dot service.,5,2026-07-28 04:28:35 UTC,0
good and fast delivery,5,2026-07-28 04:26:35 UTC,0
super,4,2026-07-28 04:25:37 UTC,0
excellent,5,2026-07-28 04:25:08 UTC,0
very fast,5,2026-07-28 04:23:49 UTC,0
we have paid money but not got the items which were ordered,1,2026-07-28 04:22:52 UTC,0
good,5,2026-07-28 04:22:28 UTC,0
great service experience,5,2026-07-28 04:22:19 UTC,0
Fast service 👌🏻👍🏻,5,2026-07-28 04:20:10 UTC,0
quick service,5,2026-07-28 04:19:46 UTC,0
service is too good,5,2026-07-28 04:18:41 UTC,0
good 👍,5,2026-07-28 04:15:55 UTC,0
nice 👍,5,2026-07-28 04:14:57 UTC,0
thik,5,2026-07-28 04:14:41 UTC,0
Fast delivery,5,2026-07-28 04:14:03 UTC,0
Good,5,2026-07-28 04:14:03 UTC,0
"Blinkit proves it all!!! My busy work schedule and my accommodation, too away from nearby shops, which don't have groceries of my preference, Blinkit provides what I wish, within the specified time. Thank you Blinkit Team Mehsana..",5,2026-07-28 04:13:56 UTC,0
too good and fast,5,2026-07-28 04:12:58 UTC,0
best,5,2026-07-28 04:10:34 UTC,0
very fast,5,2026-07-28 04:09:56 UTC,0
ok,5,2026-07-28 04:09:23 UTC,0
worst experience ever,1,2026-07-28 04:08:03 UTC,0
Things are available but costly,4,2026-07-28 04:05:20 UTC,0
satisfied service by blinkit,5,2026-07-28 04:05:10 UTC,0
good,5,2026-07-28 04:04:56 UTC,0
fine,4,2026-07-28 04:03:48 UTC,0
Fast Service,5,2026-07-28 04:03:41 UTC,0
good app services,5,2026-07-28 04:03:35 UTC,0
ok,4,2026-07-28 04:03:16 UTC,0
good,4,2026-07-28 04:02:27 UTC,0
good services,5,2026-07-28 04:01:07 UTC,0
good,4,2026-07-28 03:59:50 UTC,0
amazing and so good all fresh. I feel so go on go at your door step in no minutes. love Blinkit very convenient,5,2026-07-28 03:57:59 UTC,0
thank you for everything.,5,2026-07-28 03:56:13 UTC,0
very nice and fast delivery,5,2026-07-28 03:55:16 UTC,0
price high,4,2026-07-28 03:55:04 UTC,0
very nice work,5,2026-07-28 03:54:22 UTC,0
too expensive,2,2026-07-28 03:48:05 UTC,0
very great app. For when we forget to bring gifts etc it's perfect. But I gave 4 stars 🌟 because it just prevents from leaving the house but it is a great app for elderly people,4,2026-07-28 03:47:33 UTC,0
good,4,2026-07-28 03:46:35 UTC,0
its very helpful app I wish ke y sb city's me available ho kuch place ese h jha ye ab tk nhi phoch pai pls blanket do something,5,2026-07-28 03:45:57 UTC,0
good sarvice,5,2026-07-28 03:43:09 UTC,0
nice,4,2026-07-28 03:42:43 UTC,0
Too expensive,4,2026-07-28 03:41:13 UTC,0
ek number service hai,5,2026-07-28 03:41:11 UTC,0
very useful,5,2026-07-28 03:40:29 UTC,0
fast delivery,4,2026-07-28 03:39:57 UTC,0
very nice,2,2026-07-28 03:39:53 UTC,0
nice 👍🏻,5,2026-07-28 03:38:17 UTC,0
very Quick service,5,2026-07-28 03:38:06 UTC,0
good,5,2026-07-28 03:36:27 UTC,0
sending faulty goods with fake promises to be replaced in 7 days after the complaint they need to video in the chat box or their system doesn't work for uploading video very bad experience with blinkit.,1,2026-07-28 03:34:31 UTC,0
very good,5,2026-07-28 03:34:22 UTC,0
Fastest delivery service in our city.👏👏👍👍🇮🇳,5,2026-07-28 03:33:15 UTC,0
best service and timeing is very perfect,5,2026-07-28 03:32:33 UTC,0
v good,5,2026-07-28 03:31:06 UTC,0
nicee aap,5,2026-07-28 03:27:10 UTC,0
The delivery was delayed around half an hour.,1,2026-07-28 03:26:15 UTC,0
ok,2,2026-07-28 03:26:11 UTC,0
good,5,2026-07-28 03:25:45 UTC,0
good service,5,2026-07-28 03:25:35 UTC,0
very fast,5,2026-07-28 03:25:22 UTC,0
lovely,5,2026-07-28 03:25:19 UTC,0
nice 👍,5,2026-07-28 03:23:58 UTC,0
very nice 🙂,4,2026-07-28 03:23:09 UTC,0
very poor service...we order one thing and they deliver something else,1,2026-07-28 03:21:58 UTC,0
good,5,2026-07-28 03:15:58 UTC,0
Good,5,2026-07-28 03:15:28 UTC,0
good,5,2026-07-28 03:15:08 UTC,0
Fantastic 🤩,5,2026-07-28 03:13:42 UTC,0
grear work,5,2026-07-28 03:10:47 UTC,0
you are not providing offers to be applied mentioning can be applied once. Multiple times payment options should be there,2,2026-07-28 03:10:42 UTC,0
good app if you have mo8,4,2026-07-28 03:10:31 UTC,0
"Blinkit is genuinely one of the best things to have happened. I may not know the people behind it, but the way the business is built and the service it delivers reflects remarkable thoughtfulness, humility, and care. If Blinkit were a person, I'd see someone who leads with innovation and intelligence while always putting people first. Every interaction feels inclusive, personalized, and deeply customer-centric, making it seem as though the goal is to improve people's lives rather than profit.",5,2026-07-28 03:07:47 UTC,0
good 👍,5,2026-07-28 03:06:53 UTC,0
Good 👍,4,2026-07-28 03:01:33 UTC,0
very late service but good quality of things,4,2026-07-28 02:59:59 UTC,0
"Mother Dairy cow Milk recieved same day expiry kab se blinkit se milk use karna suru kiya hai. No one hearing my voice. kuch bhi feedback me likho no action, no any change by blinkit.",3,2026-07-28 02:59:25 UTC,1
good delivery service ❤️,4,2026-07-28 02:59:24 UTC,0
very good,5,2026-07-28 02:58:43 UTC,0
"Great app,quick delivery, amazing quality products 👌",5,2026-07-28 02:58:34 UTC,0
"very helpful But some things, like pet clothes, are not available on Blinkit.",5,2026-07-28 02:56:06 UTC,0
Nice,4,2026-07-28 02:55:45 UTC,0
good,5,2026-07-28 02:55:23 UTC,0
super,5,2026-07-28 02:54:45 UTC,0
good,5,2026-07-28 02:50:52 UTC,0
The service is good but pricesvare definitely higher than other players in the grocery delivery segment.,3,2026-07-28 02:49:54 UTC,1
Emargency delivery. Good support. Value for money & Friendly attitude.,5,2026-07-28 02:47:38 UTC,0
worst service I have order flavour of kiwi I get tango in creatine,1,2026-07-28 02:46:27 UTC,0
good services,5,2026-07-28 02:43:57 UTC,0
wow,5,2026-07-28 02:40:15 UTC,0
good,5,2026-07-28 02:39:26 UTC,0
not good 👎,1,2026-07-28 02:36:59 UTC,0
nice app,5,2026-07-28 02:36:42 UTC,0
good,5,2026-07-28 02:36:09 UTC,0
I'm so happy😊,5,2026-07-28 02:35:38 UTC,0
Some items are left out and some are in reduced weight example Vegetables you tell it is half kg but weight is 300 gms please dont cheat the consumer,2,2026-07-28 02:32:31 UTC,0
good service,5,2026-07-28 02:29:04 UTC,0
super,5,2026-07-28 02:28:01 UTC,0
very good,5,2026-07-28 02:27:56 UTC,0
woooooooow,4,2026-07-28 02:25:54 UTC,0
Excellent,5,2026-07-28 02:25:32 UTC,0
besttttt experience just download it and useee fast nd furious orderr bestt of all time thank youu,5,2026-07-28 02:21:10 UTC,0
"Fruits and vegetables items are useless and poor quality, price are very high as market price.",1,2026-07-28 02:20:54 UTC,0
good service,4,2026-07-28 02:20:24 UTC,0
handling charge nahi lgana chahiye,4,2026-07-28 02:17:57 UTC,0
good,5,2026-07-28 02:17:53 UTC,0
nice,5,2026-07-28 02:15:50 UTC,0
not available in my area pls blinkit available your app in our. area,1,2026-07-28 02:13:23 UTC,0
Exceptional convenience,4,2026-07-28 02:13:04 UTC,0
"They deliver products very late, delivery partners stops at some place, deliberately delivering late orders.",1,2026-07-28 02:12:30 UTC,0
okkk,5,2026-07-28 02:10:13 UTC,0
very useful app for urgent needs👍😍,4,2026-07-28 02:10:02 UTC,0
"Grocery service is top notch but hat's off for the Ambulance service from Blinkit, keep up the good work.",5,2026-07-28 02:09:48 UTC,0
good,5,2026-07-28 02:08:24 UTC,0
very nice 👍,5,2026-07-28 02:06:10 UTC,0
nice,4,2026-07-28 02:05:47 UTC,0
good,5,2026-07-28 02:04:46 UTC,0
"blinkit is really a last minute saver app , it is the best and fast online delivery app , all the things will arrive fresh and neatly packed with maintaining the best cleanliness , thank you",5,2026-07-28 02:03:47 UTC,0
delivered in fast delivery staff is very humble,5,2026-07-28 01:59:18 UTC,0
deli er boy 600 total bill I have given two 500 notes change he is not giving or he is balance amt to my gpay and orguing with me in the morning morning,1,2026-07-28 01:58:59 UTC,0
good,2,2026-07-28 01:57:46 UTC,0
thank you,5,2026-07-28 01:55:37 UTC,0
nice,4,2026-07-28 01:55:00 UTC,0
lot of cancels and refunds take 7 days at least,4,2026-07-28 01:52:11 UTC,0
good,5,2026-07-28 01:49:37 UTC,1
he is best grosriye delivery app free delivery,5,2026-07-28 01:49:15 UTC,0
problem hai,1,2026-07-28 01:48:12 UTC,0
"guyz Don't buy anything from blinkit. they only provide rotten things and then they don't have any option open for customer for resolution. better use Bigbasket, flipkart,jio mart and other delivery. they are 1000 times better than this. there is no option to give ZERO star else I could have given that.",1,2026-07-28 01:43:20 UTC,0
okay,3,2026-07-28 01:42:27 UTC,1
piz reduce the price of item,4,2026-07-28 01:41:24 UTC,0
weri easy to use iam soo happy,5,2026-07-28 01:40:08 UTC,0
ok,4,2026-07-28 01:39:50 UTC,0
good,5,2026-07-28 01:38:39 UTC,0
good,5,2026-07-28 01:38:27 UTC,0
good,4,2026-07-28 01:37:15 UTC,0
"I received my earbuds order from Chembur via Blinkit. Both earbuds appear to be the same side, so they do not fit properly in the charging case. Also, the earbuds were loose in a plastic packet instead of being placed correctly inside the charging caseorder the ear buds both are same ears and fitting in shell the buds has came in plastic not in shell it is from chembur blinkit",1,2026-07-28 01:36:28 UTC,0
Great! I like how functional this app is.,5,2026-07-28 01:36:16 UTC,0
very good,5,2026-07-28 01:34:09 UTC,0
gud,5,2026-07-28 01:33:34 UTC,0
easy to buy,5,2026-07-28 01:32:45 UTC,0
good,5,2026-07-28 01:30:47 UTC,0
bad,1,2026-07-28 01:27:52 UTC,0
outstanding,5,2026-07-28 01:27:38 UTC,0
good service,5,2026-07-28 01:20:28 UTC,0
Quick and best app,5,2026-07-28 01:19:54 UTC,0
ok,5,2026-07-28 01:11:53 UTC,0
nice,5,2026-07-28 01:11:22 UTC,0
best products,5,2026-07-28 01:06:12 UTC,0
User friendly. can be a little more competetive,5,2026-07-28 00:55:26 UTC,0
best app...,5,2026-07-28 00:51:27 UTC,0
rain charge is taken 20rs but rain is not there in my area,1,2026-07-28 00:44:41 UTC,0
nice 👍🙂,4,2026-07-28 00:32:35 UTC,0
Thank you!,5,2026-07-28 00:31:42 UTC,0
BLINKIT SAVE MY LIFE WHEN I WAS SUFFERING FROM HUNGER U SAVE ME 😢❤️🥺,5,2026-07-28 00:25:28 UTC,0
delivery charges are high,4,2026-07-28 00:25:24 UTC,0
కొంచెం మంచి కూరగాయలు పంపించండి ఫ్రూట్స్ గాని ఇలా కూరగాయలు గాని కొంచెం క్వాలిటీ ఉండట్లేదు నెక్స్ట్ వచ్చేసి ఒకదాంట్లో రేటు పెంచుతున్నారు తగ్గిస్తున్నారు ఎవరైనా బ్యాగ్ కి మినిమం ఫైవ్ రుపీస్ తీసుకుంటే బెటర్ మిగతా వ్యాపులు అంతే తీసుకుంటున్నాను,4,2026-07-28 00:04:15 UTC,0
not good experience bakwas h ye app delivery delay h bohot problem h isme,1,2026-07-28 00:02:14 UTC,0
Nice aap,5,2026-07-27 23:54:45 UTC,0
nice,5,2026-07-27 23:52:12 UTC,0
return karna hai,1,2026-07-27 23:06:23 UTC,0
very good 💯,5,2026-07-27 22:52:01 UTC,0
I like it,5,2026-07-27 22:27:25 UTC,0
achha hai aap,5,2026-07-27 21:27:41 UTC,0
handling charges are very high. No customer support to make complaints about after delivery issues.,1,2026-07-27 21:21:04 UTC,0
"Some innovations make life easier. Others save lives.A heartfelt thank you to the entire Blinkit Ambulance team for showing up when every second mattered.Your speed, professionalism, and compassion gave us hope in one of our most difficult moments.A special appreciation to Albinder Dhindsa for the vision behind Blinkit's 10-minute ambulance service. This isn't just innovation—it's a lifeline for countless families.Thank you for proving that the fastest delivery can also be the most meaningful.",5,2026-07-27 20:56:40 UTC,0
Bahot Khatarnaak Log He 2 Baze Raat Me DELIVERY Karte Hain inko To Medicine Bhi Delver Karna Chahiye Aur Ambulance Services Shuru Karna Chahiye,5,2026-07-27 20:54:26 UTC,0
good,5,2026-07-27 20:48:09 UTC,0
"it's one of the most convenient apps ever. But I had one suggestion, it would be great if we could have scheduled delivery options so it becomes even more convenient. kudos to the team for their constant efforts!",5,2026-07-27 20:27:20 UTC,0
worst experiance my refund is not credited in my acccount but blinkit shows refund is complete where is my money ?? dont buy,1,2026-07-27 20:21:10 UTC,0
best,5,2026-07-27 20:19:19 UTC,0
blinkit per scam ho raha hai main sabse request Karta Hun Ki is app per koi bhi Saman Na Le return ki guarantee lete hain per yah return nahin lete aapse yah baat bhi nahin karenge aur baat karenge to aapko bhi jakar rakhenge main sach mein Kah Raha Hun Main abhi tak Apne rs 2000 is app per koi bhi app mat Apne paise kharab karne ho to please chalaea per bahut ganda scam ho raha hai yaar,1,2026-07-27 20:18:19 UTC,0
very good 👍,5,2026-07-27 20:14:10 UTC,0
rain sergu kaun leta hai bhai,1,2026-07-27 19:55:30 UTC,0
awesome 💯,5,2026-07-27 19:49:04 UTC,0
best aap,5,2026-07-27 19:47:06 UTC,0
good performance..,4,2026-07-27 19:36:46 UTC,0
so good,5,2026-07-27 19:35:33 UTC,0
no office,1,2026-07-27 19:33:43 UTC,0
good,5,2026-07-27 19:28:42 UTC,0
instamart se sahi hai but ek dikkat hai blinkit mai nutrujona fash wash kafi cheej nhi milti hai istamart mai 12 baje ke bad kuch nhi milta,5,2026-07-27 19:28:28 UTC,0
super,5,2026-07-27 19:27:18 UTC,0
great...awesome service specially medicine very easy and convenient.,5,2026-07-27 19:25:52 UTC,0
good,5,2026-07-27 19:23:20 UTC,0
good,5,2026-07-27 19:11:14 UTC,0
nice,5,2026-07-27 19:11:01 UTC,0
no response bad blinkit,1,2026-07-27 19:08:44 UTC,0
"Emergency: Heavy Rain 🌧️ Solution: Blinkit ☔ Unknown location + Heavy Rain = No Problem! 😎 Kuch hi der me Raincoat doorstep par! 😂🚀 Aaj laga Blinkit sirf convenience nahi, emergency partner bhi hai! 💛",5,2026-07-27 19:07:02 UTC,0
good,5,2026-07-27 19:03:06 UTC,0
"blinkit will charge you for anything like handling charge, surge charge or late night charge etc!! they never delivered on time..nor did they handle the order properly... deleting this app ..the worst",1,2026-07-27 19:01:28 UTC,0
gooood🚘,5,2026-07-27 18:57:56 UTC,0
nice,5,2026-07-27 18:56:36 UTC,0
worst delivery experience,1,2026-07-27 18:55:19 UTC,0
good,5,2026-07-27 18:54:33 UTC,0
very nice and good 😊😊😊😊,5,2026-07-27 18:48:58 UTC,0
best apps,5,2026-07-27 18:46:23 UTC,0
nic service n very helpfull..,5,2026-07-27 18:45:18 UTC,0
very good delivery partner,4,2026-07-27 18:44:27 UTC,0
fast and super quality,5,2026-07-27 18:43:00 UTC,0
good,5,2026-07-27 18:38:51 UTC,0
too much delay,1,2026-07-27 18:34:30 UTC,0
ek no.,5,2026-07-27 18:34:14 UTC,0
fast delivery,4,2026-07-27 18:34:07 UTC,0
bhadiya,5,2026-07-27 18:33:18 UTC,0
not bad,4,2026-07-27 18:31:32 UTC,0
Good,5,2026-07-27 18:30:24 UTC,0
best app rn even ambulance services are provided,5,2026-07-27 18:29:13 UTC,0
very faster delivery,5,2026-07-27 18:28:44 UTC,0
superb,5,2026-07-27 18:28:44 UTC,0
good,5,2026-07-27 18:28:41 UTC,0
good,5,2026-07-27 18:28:25 UTC,0
superb,5,2026-07-27 18:28:08 UTC,0
really helpful,5,2026-07-27 18:25:00 UTC,0
🤙,5,2026-07-27 18:21:59 UTC,0
"I lovetheir service,....itsmy all time fav day or night....",5,2026-07-27 18:21:19 UTC,0
On time,5,2026-07-27 18:17:31 UTC,0
very poor service..cid available but delivery foes not return any cash to owner,2,2026-07-27 18:16:59 UTC,0
good,5,2026-07-27 18:14:01 UTC,0
good service,5,2026-07-27 18:11:24 UTC,0
worst app worst experience they are sending expired products. don't buy.,1,2026-07-27 18:10:24 UTC,0
"the app is quite expensive, as compared to other similar platforms, same product is given at a higher price although the quality of fruits is good, but still the high prices cannot be afforded by everyone.",3,2026-07-27 18:08:48 UTC,1
super,5,2026-07-27 18:08:03 UTC,0
"It's the best app to order your grocery items or fruits and vegetables, if their is any problem with your order then it literally resolves it efficiently.",5,2026-07-27 18:07:38 UTC,0
very convenient at odd timings,4,2026-07-27 18:06:51 UTC,0
thank you so much blinket is very nice app,5,2026-07-27 18:05:55 UTC,0
good service,4,2026-07-27 18:05:36 UTC,0
very poor service,1,2026-07-27 18:05:21 UTC,0
superb,5,2026-07-27 18:04:56 UTC,0
supertt work 👩🏻‍💻,5,2026-07-27 18:04:30 UTC,0
good,5,2026-07-27 18:03:03 UTC,0
Really loved it 😍,5,2026-07-27 18:02:19 UTC,0
ok,5,2026-07-27 18:01:31 UTC,0
nice,4,2026-07-27 18:01:25 UTC,0
nice,5,2026-07-27 17:57:16 UTC,0
nice work,5,2026-07-27 17:57:00 UTC,0
very very fast,5,2026-07-27 17:55:25 UTC,0
fast and reliable,5,2026-07-27 17:54:53 UTC,0
Best,5,2026-07-27 17:54:47 UTC,0
"Quick response team.. great going , never loose your trusted one.",5,2026-07-27 17:54:28 UTC,0
sirf sirf duplicate sirf sirf duplicate sirf sirf duplicate all product,1,2026-07-27 17:53:46 UTC,0
excellent,5,2026-07-27 17:53:00 UTC,0
Very useful app,5,2026-07-27 17:52:24 UTC,0
the store is just 980 m away from my home i ordered too many things many times sometimes i got freebies with the orders the delivery is fast reliable and it never let down thank you blinkit and blinkit delivery partners,5,2026-07-27 17:52:13 UTC,0
not bad this is very good app,5,2026-07-27 17:50:44 UTC,0
good app,5,2026-07-27 17:48:40 UTC,0
👍,5,2026-07-27 17:48:24 UTC,0
very nice app,5,2026-07-27 17:47:52 UTC,0
Best service 🥰,5,2026-07-27 17:46:24 UTC,0
super,3,2026-07-27 17:46:03 UTC,1
best,5,2026-07-27 17:45:35 UTC,0
"pathetic experience. Despite paying for the order, some or the other item is missing and there is no customer support. The automated response and AI are of no help. just get rid of the customer support and at this point because whatever you are offering is useless. it's not support. it's just ""trouble the customer""",1,2026-07-27 17:43:40 UTC,0
super,5,2026-07-27 17:43:36 UTC,0
good,5,2026-07-27 17:42:17 UTC,0
blinkit Is a very convenient app. it's very good for daily essential.,4,2026-07-27 17:41:14 UTC,0
Good,5,2026-07-27 17:40:20 UTC,0
nice,5,2026-07-27 17:39:25 UTC,0
super blinkit within 5 minutes lo delevery complete chesthunaru,5,2026-07-27 17:39:16 UTC,0
fast delivery,5,2026-07-27 17:38:34 UTC,0
super,5,2026-07-27 17:38:02 UTC,0
very good,5,2026-07-27 17:37:46 UTC,0
best h yaar,5,2026-07-27 17:37:29 UTC,0
always charge more and more handing and platform fees each time on each order,1,2026-07-27 17:37:01 UTC,0
nice 😊,5,2026-07-27 17:36:51 UTC,0
good,5,2026-07-27 17:36:51 UTC,0
not as seen in image,1,2026-07-27 17:35:56 UTC,0
good,5,2026-07-27 17:35:05 UTC,0
wonderful experience,5,2026-07-27 17:32:50 UTC,0
as expected,5,2026-07-27 17:32:27 UTC,0
always share incorrect order,2,2026-07-27 17:32:21 UTC,0
good,5,2026-07-27 17:31:37 UTC,0
it's very good I like very much,5,2026-07-27 17:31:21 UTC,0
good,5,2026-07-27 17:31:00 UTC,0
brand acga bahut hai,4,2026-07-27 17:30:57 UTC,0
Sirf Dublycat Maal he iske paas bhi ise load mat karo,1,2026-07-27 17:30:21 UTC,0
best hai,5,2026-07-27 17:30:07 UTC,0
trusted app,5,2026-07-27 17:29:05 UTC,0
on time order,5,2026-07-27 17:23:41 UTC,0
good 👍,5,2026-07-27 17:23:15 UTC,0
i have selected 3 article which one Free product but free product not received. this is not good for customer point of view.,1,2026-07-27 17:21:58 UTC,0
first i firstly orderd for more than 3 then the cancel my order after accept and refund place for 3-4 business day very cheap service don't order.,1,2026-07-27 17:21:41 UTC,0
it's to be good experience every time,5,2026-07-27 17:20:59 UTC,0
good,5,2026-07-27 17:20:32 UTC,0
good,5,2026-07-27 17:20:28 UTC,0
Blinkit use cold storage stores to deliver rotten and expired products don't ever trust them for your family health. They even manipulated labels to alter manufacturing dates and expiry dates. In india they knew they could easily get away with such malpractice. Don't rate them just for convenience and quick delivery. Quality and authenticity of products are not reliable.,1,2026-07-27 17:19:15 UTC,0
very useful app. I hope you give me more discount 😅 after the review 😂,5,2026-07-27 17:17:55 UTC,0
I Love Your Service Now Thank You,5,2026-07-27 17:17:28 UTC,0
pleasant,5,2026-07-27 17:17:01 UTC,0
very good service,5,2026-07-27 17:15:11 UTC,0
well it was good app to order groceries,4,2026-07-27 17:15:09 UTC,0
good,5,2026-07-27 17:14:04 UTC,0
good 👍,5,2026-07-27 17:13:50 UTC,0
nice app to use,5,2026-07-27 17:13:14 UTC,0
old stock item delivered sometimes,1,2026-07-27 17:11:04 UTC,0
it's good I enjoy the delivery drivers are the best .today experience was my best experience I got delivery from deepak he was the best devilery partner till today .i really appreciate his work,5,2026-07-27 17:10:49 UTC,0
worst experience,1,2026-07-27 17:10:44 UTC,0
very late service at my region,1,2026-07-27 17:09:44 UTC,0
good sarvice,4,2026-07-27 17:08:49 UTC,0
excellent,5,2026-07-27 17:08:26 UTC,0
worst chat support,1,2026-07-27 17:08:07 UTC,0
best,5,2026-07-27 17:08:03 UTC,0
all best,5,2026-07-27 17:06:38 UTC,0
really usefull app with great customer support good job blinkit,5,2026-07-27 17:06:37 UTC,0
best,5,2026-07-27 17:06:06 UTC,0
Happy,5,2026-07-27 17:06:02 UTC,0
good,5,2026-07-27 17:05:49 UTC,0
good service,5,2026-07-27 17:05:46 UTC,0
every thing is ok,5,2026-07-27 17:05:11 UTC,0
bakwas,1,2026-07-27 17:02:28 UTC,0
jadi vejo,2,2026-07-27 17:02:13 UTC,0
good 👍,5,2026-07-27 17:01:55 UTC,0
uhhh,5,2026-07-27 17:01:24 UTC,0
this app is very good,5,2026-07-27 17:00:53 UTC,0
I think that it is a fastest delivery that I have seen👍👍👍👍,5,2026-07-27 16:59:54 UTC,0
Great,5,2026-07-27 16:59:42 UTC,0
all time when i ordered i received it really with in time,5,2026-07-27 16:58:03 UTC,0
very nice product 😃,5,2026-07-27 16:57:35 UTC,0
good,5,2026-07-27 16:57:03 UTC,0
I have ordered a product for ₹60 but when I'm seeing the total amount it's showing ₹115. Like they are charging a very high amount for delivery charge and others. Thus I am requesting to all of you that donot order anything from this app. In my opinion this is the worst app I have seen.,1,2026-07-27 16:55:49 UTC,0
Wonderful,5,2026-07-27 16:55:45 UTC,0
good app,5,2026-07-27 16:54:49 UTC,0
"Blinkit's service is absolutely terrible. I have been a customer for two years and have purchased many items, but my recent experience was awful. On July 27, 2026, I ordered products worth ₹2,500, including a pair of Noise earbuds; the sound quality was poor, and the fit caused ear pain. I requested a return—even offering to exchange them for a more expensive model—but their service was so bad that they flatly refused the return. So, everyone should think twice before shopping with Blinkit.",1,2026-07-27 16:53:48 UTC,0
customer service support is not good,1,2026-07-27 16:53:31 UTC,0
very good app..... 🫶,5,2026-07-27 16:53:24 UTC,0
excellent,5,2026-07-27 16:53:01 UTC,0
It's a good app for everyone 👍👍⭐⭐⭐⭐⭐,5,2026-07-27 16:52:20 UTC,0
Always fast delivery,5,2026-07-27 16:51:01 UTC,0
blinkit is actually the best and the service is really good and trustworthy!!!,5,2026-07-27 16:50:38 UTC,0
100percent like blinkit but didn't like delevery partner in mumbra city they are very rude and cancellations are high always they want to do cancel the order by customer they call and say plz cancel kro mam bhot andar hai dur hai other cities partners are best,5,2026-07-27 16:50:35 UTC,0
best any time service. 👍,5,2026-07-27 16:50:02 UTC,0
good packing,2,2026-07-27 16:50:01 UTC,0
I ordered first time on this app now very fast delivery and good packaging..,5,2026-07-27 16:49:41 UTC,0
good,5,2026-07-27 16:49:11 UTC,0
The medicine delivwey and doctor consultation us too good feature,5,2026-07-27 16:47:15 UTC,0
slow delivery,3,2026-07-27 16:46:33 UTC,1
good,5,2026-07-27 16:46:18 UTC,0
Good,5,2026-07-27 16:45:27 UTC,0
"Hi! Would have suggested this app to others but not anymore, cause as mentioned by the government the delivery app is not suppose to charge any additional extra fees but BLINKIT is doing so, whereas I only wanted 2 products but BLINKIT is charging extra i.e My total product price cost ₹191/- +where the app is charging me Handling charge₹5/- +Delivery Charge ₹30/- So My grand total comes to ₹226/- I would like this issue to be resolved or else I have to raise this concern is the Consumer forum",2,2026-07-27 16:42:20 UTC,0
amazing i was really happy for this service,5,2026-07-27 16:41:49 UTC,0
yas,4,2026-07-27 16:41:22 UTC,0
good,4,2026-07-27 16:41:16 UTC,0
Very good fast delivery appp,5,2026-07-27 16:40:45 UTC,0
very good sarvice,5,2026-07-27 16:39:57 UTC,0
👍👍👍,5,2026-07-27 16:39:40 UTC,0
bekar service he lutate he ye log order b pura nai krte juthe he mene 3 ltr milk mangaya tha or unhone 1 ltr hi diya or pese b return nai krna he unko bekar log he,1,2026-07-27 16:38:42 UTC,0
bad,1,2026-07-27 16:38:25 UTC,0
fruits me milawat kyo karte hai yadi tin mango magate hai to tino tin quality ke kyo kharab hota phal bhi pack kardete hai kwality ka khyal rakhe,3,2026-07-27 16:38:17 UTC,1
I love blinkit,5,2026-07-27 16:38:12 UTC,0
Best instant delivery,4,2026-07-27 16:37:41 UTC,0
good,5,2026-07-27 16:37:38 UTC,0
good,5,2026-07-27 16:37:23 UTC,0
👍,5,2026-07-27 16:35:18 UTC,0
India's fastest app,5,2026-07-27 16:33:41 UTC,0
helped me when I needed the most mainly for taking printouts for assignments 😅👍,5,2026-07-27 16:31:53 UTC,0
free delivery ke naam par cheat krte ho aap log,1,2026-07-27 16:31:02 UTC,0
good,5,2026-07-27 16:30:23 UTC,0
very good service,5,2026-07-27 16:29:58 UTC,0
True companion,5,2026-07-27 16:28:51 UTC,0
💔,1,2026-07-27 16:28:19 UTC,0
good,5,2026-07-27 16:27:56 UTC,0
It was one of the best platforms. Some delivery boys are a bit problematic.,4,2026-07-27 16:27:07 UTC,0
good 👍,5,2026-07-27 16:26:06 UTC,0
it's good 👍🏻,4,2026-07-27 16:23:44 UTC,0
very useful,5,2026-07-27 16:23:11 UTC,0
very good service,5,2026-07-27 16:22:58 UTC,0
it best delivery app I have ever seen,5,2026-07-27 16:22:05 UTC,0
good work Blinkit all staff,5,2026-07-27 16:21:34 UTC,0
diffrent item in the pocket,1,2026-07-27 16:19:15 UTC,0
delivery charges kam karo,3,2026-07-27 16:18:00 UTC,1
Customer care support very nice.,5,2026-07-27 16:17:44 UTC,0
good,5,2026-07-27 16:17:24 UTC,0
we are very unpleasant with the delivery boy.. No blinkit carry bag with boy rudely replied Carry bags are usually out of stock by the evening.,1,2026-07-27 16:16:58 UTC,0
thank,4,2026-07-27 16:16:46 UTC,0
good service 💯,5,2026-07-27 16:14:39 UTC,0
very worst experience,1,2026-07-27 16:12:12 UTC,0
good 💯,5,2026-07-27 16:12:03 UTC,0
taking too long time for order placement,3,2026-07-27 16:11:32 UTC,1
thanks for your help,5,2026-07-27 16:11:28 UTC,0
👌👌,3,2026-07-27 16:11:04 UTC,0
v good app,5,2026-07-27 16:10:59 UTC,0
ok,5,2026-07-27 16:09:47 UTC,0
Good app easy convinient Groceries,5,2026-07-27 16:09:29 UTC,0
average,1,2026-07-27 16:09:27 UTC,0
good service,5,2026-07-27 16:08:47 UTC,0
worst delivery app,1,2026-07-27 16:08:38 UTC,0
good one,5,2026-07-27 16:08:33 UTC,0
in time,5,2026-07-27 16:05:04 UTC,0
fast delivery 🚚,5,2026-07-27 16:02:36 UTC,0
very good,3,2026-07-27 16:02:21 UTC,0
nice,3,2026-07-27 16:01:45 UTC,0
best app for shopping,5,2026-07-27 16:01:12 UTC,0
my experience with blinkit is very good I used this app since very long,5,2026-07-27 16:00:10 UTC,0
best food services app💗,5,2026-07-27 16:00:04 UTC,0
Happy 😇,5,2026-07-27 15:59:57 UTC,0
bad experience,1,2026-07-27 15:59:55 UTC,0
good,5,2026-07-27 15:59:50 UTC,0
"Customer care executives are mannerless. sometimes they do send products without any seal, after raising complaint they don't bother to resolve",1,2026-07-27 15:59:10 UTC,0
Good,5,2026-07-27 15:59:08 UTC,0
Rotten orange,1,2026-07-27 15:59:03 UTC,0
Awesome experi,4,2026-07-27 15:58:40 UTC,0
awesome delivery and experience,5,2026-07-27 15:57:44 UTC,0
very nice,5,2026-07-27 15:56:58 UTC,0
wow I just like the fast delivery and cheapest items like I m ording from Amazon Flipkart like every item blinkit have phone smart watch and all electronics 🫡🫡🫡,5,2026-07-27 15:56:20 UTC,0
delivery partners doesnt want come at. door step.,2,2026-07-27 15:55:58 UTC,0
good,5,2026-07-27 15:54:37 UTC,0
nice,5,2026-07-27 15:54:09 UTC,0
super,5,2026-07-27 15:53:37 UTC,0
there is no policy for cancellations,1,2026-07-27 15:53:29 UTC,0
5star,5,2026-07-27 15:53:19 UTC,0
good,5,2026-07-27 15:53:15 UTC,0
Just love it,5,2026-07-27 15:51:25 UTC,0
good,5,2026-07-27 15:50:39 UTC,0
this aap is not good at all low coustomer helping,1,2026-07-27 15:50:19 UTC,0
nice app for last minute,5,2026-07-27 15:49:36 UTC,0
ok,5,2026-07-27 15:48:50 UTC,0
good 👍,5,2026-07-27 15:47:43 UTC,0
nice,5,2026-07-27 15:47:40 UTC,0
ooo.,4,2026-07-27 15:47:23 UTC,0
gave bad product and refuse to refund,1,2026-07-27 15:46:47 UTC,0
perfect,5,2026-07-27 15:46:22 UTC,0
very nice,5,2026-07-27 15:45:33 UTC,0
nice,5,2026-07-27 15:45:05 UTC,0
very easy and fast delivery,5,2026-07-27 15:43:48 UTC,0
"good items, fast delivery.",5,2026-07-27 15:42:33 UTC,0
fast delivery,5,2026-07-27 15:42:22 UTC,0
good,5,2026-07-27 15:41:27 UTC,0
it's very fast and good app we orders many things and they delivered very fast in minutes thank you blinkit,5,2026-07-27 15:41:24 UTC,0
oki,4,2026-07-27 15:41:09 UTC,0
nice,5,2026-07-27 15:41:01 UTC,0
Always on time n the most trusted. Wish to see discounts on special days or weekend on fruits n desserts.,5,2026-07-27 15:39:48 UTC,0
good colity,5,2026-07-27 15:39:34 UTC,0
good,5,2026-07-27 15:37:39 UTC,0
sabse ghatia app in the whole universe,1,2026-07-27 15:36:08 UTC,0
All good,5,2026-07-27 15:34:34 UTC,0
good,5,2026-07-27 15:34:10 UTC,0
fast delivery good 👍,5,2026-07-27 15:33:54 UTC,0
Service first,5,2026-07-27 15:31:54 UTC,0
looting people,1,2026-07-27 15:31:35 UTC,0
good service,3,2026-07-27 15:31:21 UTC,1
best app for fast delivery,5,2026-07-27 15:31:11 UTC,0
sometimes they send rough vegetable stop it,3,2026-07-27 15:30:47 UTC,1
Good and prompt service rendering in our area. keep it up.,5,2026-07-27 15:29:29 UTC,0
good app,5,2026-07-27 15:29:24 UTC,0
"I had a very disappointing experience with Blinkit. I ordered fresh vegetables, but the quality was very poor. The vegetables were not fresh and looked old, with some already starting to spoil. This is not what I expected from a quick grocery delivery service. I hope Blinkit improves its quality checks before delivering products to customers.",1,2026-07-27 15:29:10 UTC,0
Delivery too Delayed,1,2026-07-27 15:27:22 UTC,0
good quality,5,2026-07-27 15:27:10 UTC,0
good,5,2026-07-27 15:26:49 UTC,0
good service,5,2026-07-27 15:26:17 UTC,0
"super speed delivery, very use full, i use regularly Thank you Blinkit.",5,2026-07-27 15:26:12 UTC,0
"everythings fine but the paper bag, it's not strong enough to cary few heavy items and not more than one bag is given to lift that weight",3,2026-07-27 15:26:06 UTC,1
good,5,2026-07-27 15:26:03 UTC,0
good,3,2026-07-27 15:25:56 UTC,1
okk,4,2026-07-27 15:24:24 UTC,0
good,5,2026-07-27 15:23:03 UTC,0
good 👍,5,2026-07-27 15:21:41 UTC,0
very good experience of placing order but I don't have experience of customers help desk,5,2026-07-27 15:21:39 UTC,0
👍,5,2026-07-27 15:21:13 UTC,0
The app is very best I like it thanks to Blinkit I really like the app🤗😊😇,5,2026-07-27 15:20:51 UTC,0
👍,5,2026-07-27 15:19:50 UTC,0
nice,1,2026-07-27 15:19:31 UTC,0
best app,5,2026-07-27 15:18:45 UTC,0
Very Good,5,2026-07-27 15:18:38 UTC,0
best packing and safe product,5,2026-07-27 15:18:11 UTC,0
ok,5,2026-07-27 15:18:07 UTC,0
simple payment,1,2026-07-27 15:17:28 UTC,0
it's best in emergency at our place,5,2026-07-27 15:16:56 UTC,0
fast and easy,5,2026-07-27 15:14:54 UTC,0
good 👍,5,2026-07-27 15:14:22 UTC,0
"I love blink it service, unexpected bahut hi jaldi Mera order delivered Ho gaela",5,2026-07-27 15:13:59 UTC,0
good services nice faster services,5,2026-07-27 15:08:48 UTC,0
great,5,2026-07-27 15:08:29 UTC,0
in first order you get cash on delivery and in second we don't get cash on delivery and the product is 125 it convert into 210. 🤢🤮,1,2026-07-27 15:08:29 UTC,0
"Only delivery guy was rude, rest was good",5,2026-07-27 15:08:24 UTC,0
super,5,2026-07-27 15:08:21 UTC,0
very good service,5,2026-07-27 15:08:14 UTC,0
peak,5,2026-07-27 15:07:22 UTC,0
all is good but the help feature isn't that much helpful. I bought an umbrella which came faulty and then when I reported about it I says something went wrong the whole timeee😭😭😭.... curse yuo blinkit,3,2026-07-27 15:06:30 UTC,1
Support for customers and options in it are not satisfactory,2,2026-07-27 15:05:50 UTC,0
good job,3,2026-07-27 15:05:48 UTC,1
cod not available,1,2026-07-27 15:04:44 UTC,0
good 👍,5,2026-07-27 15:04:41 UTC,0
fast time po☺️,4,2026-07-27 15:04:35 UTC,0
I love it for fast delivery 👍😊,5,2026-07-27 15:04:03 UTC,0
takes hidden delivery charges,1,2026-07-27 15:04:00 UTC,0
nice,5,2026-07-27 15:03:52 UTC,0
good,1,2026-07-27 15:03:34 UTC,0
Make abhi eggs available back again at my location (Bhavnagar) or I'll uninstall blinkit in next 30 days,1,2026-07-27 15:03:33 UTC,0
very good,5,2026-07-27 15:03:00 UTC,0
very good service,5,2026-07-27 15:02:55 UTC,0
the delivery boy is not delivered on my current location he called me 1 km or more than 1 km from my location Ahmednagar is a good location for blink it,1,2026-07-27 15:01:43 UTC,0
good,3,2026-07-27 15:01:32 UTC,1
The App is so good,5,2026-07-27 15:01:19 UTC,0
"I had ordered eggs worth 311 rupees, I order from blinkit most of the time but today when I had ordered 30 tray eggs the eggs were visiblygone day with bugs and rotten eggs, this is not the first time too as I had once the same this when I order. I had even reached the coaster care AI and it gave me 311 rupees worth of bloody coupons, not even refunding me properly. poor experienceand quality.",1,2026-07-27 15:01:18 UTC,0
good,3,2026-07-27 15:01:15 UTC,1
very good app fast service,5,2026-07-27 14:59:57 UTC,0
nice service,5,2026-07-27 14:59:30 UTC,0
very very slow 😞,1,2026-07-27 14:59:02 UTC,0
some times it take too much time to open,3,2026-07-27 14:58:58 UTC,1
good,3,2026-07-27 14:57:49 UTC,1
Time r wron,1,2026-07-27 14:57:28 UTC,0
🤩nice :) 1000000/1000000 good💯,5,2026-07-27 14:57:28 UTC,0
very bad exp,1,2026-07-27 14:57:01 UTC,0
amzing,5,2026-07-27 14:56:34 UTC,0
3rd class delivery time 😞,1,2026-07-27 14:56:23 UTC,0
good,5,2026-07-27 14:55:46 UTC,0
Good service,5,2026-07-27 14:55:36 UTC,0
it's useful but diet Coke is not always available 😕😭🥀 which is my fav ..! -owners daughter..!,4,2026-07-27 14:53:48 UTC,0
nice,5,2026-07-27 14:53:10 UTC,0
good,5,2026-07-27 14:52:17 UTC,0
good,5,2026-07-27 14:51:35 UTC,0
good,3,2026-07-27 14:50:49 UTC,0
let delivery,1,2026-07-27 14:48:51 UTC,0
"Timely service, reliable always.",5,2026-07-27 14:48:44 UTC,0
Really better than other apps quick services,5,2026-07-27 14:47:48 UTC,0
fine,4,2026-07-27 14:47:46 UTC,0
ok,5,2026-07-27 14:47:42 UTC,0
nicear...😊☺️,5,2026-07-27 14:47:40 UTC,0
good experience you get a free consultation with doctor when you have to order any medicines I feel thankful for this app .,5,2026-07-27 14:47:06 UTC,0
